schema_version,input_attempt_id,input_timestamp_ns,transaction_id,window_id,graph_version,ordering_version,noise_model_version,linpoint_version,output_timestamp_ns,stage,status,wall_ms,reason
uwb-imu-pl/gate-d-diagnostics/v16,1,50000000,1,1,1,1,1,1,50000000,"prepare","EXECUTED",0.27536500000000003,""
uwb-imu-pl/gate-d-diagnostics/v16,1,50000000,1,1,1,1,1,1,50000000,"integrity_window","EXECUTED",0.67904200000000003,""
uwb-imu-pl/gate-d-diagnostics/v16,1,50000000,1,1,1,1,1,1,50000000,"window_boundary_provenance","EXECUTED",0.17288300000000001,""
uwb-imu-pl/gate-d-diagnostics/v16,1,50000000,1,1,1,1,1,1,50000000,"window_factor_linearization_whitening","EXECUTED",0.058175999999999999,""
uwb-imu-pl/gate-d-diagnostics/v16,1,50000000,1,1,1,1,1,1,50000000,"window_dense_assembly","EXECUTED",0.0034129999999999998,""
uwb-imu-pl/gate-d-diagnostics/v16,1,50000000,1,1,1,1,1,1,50000000,"window_svd","EXECUTED",0.27802100000000002,""
uwb-imu-pl/gate-d-diagnostics/v16,1,50000000,1,1,1,1,1,1,50000000,"window_normal_equations","EXECUTED",0.0048260000000000004,""
uwb-imu-pl/gate-d-diagnostics/v16,1,50000000,1,1,1,1,1,1,50000000,"window_llt_state_solves","EXECUTED",0.0097490000000000007,""
uwb-imu-pl/gate-d-diagnostics/v16,1,50000000,1,1,1,1,1,1,50000000,"window_fingerprint","EXECUTED",0.10338700000000001,""
uwb-imu-pl/gate-d-diagnostics/v16,1,50000000,1,1,1,1,1,1,50000000,"all_in_detector","EXECUTED",0.040993000000000002,""
uwb-imu-pl/gate-d-diagnostics/v16,1,50000000,1,1,1,1,1,1,50000000,"current_sensitivity","EXECUTED",0.048148000000000003,""
uwb-imu-pl/gate-d-diagnostics/v16,1,50000000,1,1,1,1,1,1,50000000,"model_generation","EXECUTED",1.1888049999999999,""
uwb-imu-pl/gate-d-diagnostics/v16,1,50000000,1,1,1,1,1,1,50000000,"historical_sensitivity","EXECUTED",0,""
uwb-imu-pl/gate-d-diagnostics/v16,1,50000000,1,1,1,1,1,1,50000000,"hypothesis_evidence","EXECUTED",2.193676,"effective_dimensions=1:30,2:144,3:0,other:0;context_bytes=29552;worker_blocks=4"
uwb-imu-pl/gate-d-diagnostics/v16,1,50000000,1,1,1,1,1,1,50000000,"health_actions","EXECUTED",0.17007900000000001,""
uwb-imu-pl/gate-d-diagnostics/v16,1,50000000,1,1,1,1,1,1,50000000,"hypothesis_audit","SKIPPED",,"disabled by output.write_hypothesis_evidence"
uwb-imu-pl/gate-d-diagnostics/v16,1,50000000,1,1,1,1,1,1,50000000,"base_factorization","EXECUTED",0.018858,""
uwb-imu-pl/gate-d-diagnostics/v16,1,50000000,1,1,1,1,1,1,50000000,"shared_cache","EXECUTED",0.00085899999999999995,""
uwb-imu-pl/gate-d-diagnostics/v16,1,50000000,1,1,1,1,1,1,50000000,"candidate_evaluation","EXECUTED",5.7172650000000003,"rank=1;dense=0;stream_protocol=2;stream_batches=1;stream_batch_capacity=1;stream_peak_batch_actions=1;stream_peak_resident_evaluated_actions=1;stream_peak_batch_full_proofs=1;stream_retained_full_candidates=0;stream_retained_full_proofs=0;stream_full_action_heavy_copy=0;stream_complete=1;stream_fde_preproof_selected_action=0;stream_fde_preproof_status=RISK_BUDGET_INVALID;stream_main_arena_action_full_proofs=0;stream_action_proof_retention=NORMAL_TWO_PASS_O_B_PLUS_ONE;stream_winner_recompute=0;stream_winner_recompute_test_seam=0"
uwb-imu-pl/gate-d-diagnostics/v16,1,50000000,1,1,1,1,1,1,50000000,"fde_decision","EXECUTED",0.197077,""
uwb-imu-pl/gate-d-diagnostics/v16,1,50000000,1,1,1,1,1,1,50000000,"candidate_audit","EXECUTED",0.012925000000000001,"ACTION_REJECTION_FUNNEL_V2:1=REJECT_RISK_CLOSURE"
uwb-imu-pl/gate-d-diagnostics/v16,1,50000000,1,1,1,1,1,1,50000000,"commit","EXECUTED",0.41792000000000001,""
uwb-imu-pl/gate-d-diagnostics/v16,1,50000000,1,1,1,1,1,1,50000000,"state_audit","EXECUTED",0.000214,""
uwb-imu-pl/gate-d-diagnostics/v16,1,50000000,1,1,1,1,1,1,50000000,"finalize_commit_audit","EXECUTED",0.062097000000000013,"excludes separately timed commit/discard/state audit"
uwb-imu-pl/gate-d-diagnostics/v16,1,50000000,1,1,1,1,1,1,50000000,"discard","SKIPPED",,"upstream gate did not reach stage"
uwb-imu-pl/gate-d-diagnostics/v16,1,50000000,1,1,1,1,1,1,50000000,"core_total","EXECUTED",11.113517,""
uwb-imu-pl/gate-d-diagnostics/v16,2,100000000,2,2,2,1,1,2,100000000,"prepare","EXECUTED",0.21971099999999999,""
uwb-imu-pl/gate-d-diagnostics/v16,2,100000000,2,2,2,1,1,2,100000000,"integrity_window","EXECUTED",1.1502300000000001,""
uwb-imu-pl/gate-d-diagnostics/v16,2,100000000,2,2,2,1,1,2,100000000,"window_boundary_provenance","EXECUTED",0.13421,""
uwb-imu-pl/gate-d-diagnostics/v16,2,100000000,2,2,2,1,1,2,100000000,"window_factor_linearization_whitening","EXECUTED",0.085583999999999993,""
uwb-imu-pl/gate-d-diagnostics/v16,2,100000000,2,2,2,1,1,2,100000000,"window_dense_assembly","EXECUTED",0.0044949999999999999,""
uwb-imu-pl/gate-d-diagnostics/v16,2,100000000,2,2,2,1,1,2,100000000,"window_svd","EXECUTED",0.635494,""
uwb-imu-pl/gate-d-diagnostics/v16,2,100000000,2,2,2,1,1,2,100000000,"window_normal_equations","EXECUTED",0.0072700000000000004,""
uwb-imu-pl/gate-d-diagnostics/v16,2,100000000,2,2,2,1,1,2,100000000,"window_llt_state_solves","EXECUTED",0.016316000000000001,""
uwb-imu-pl/gate-d-diagnostics/v16,2,100000000,2,2,2,1,1,2,100000000,"window_fingerprint","EXECUTED",0.185449,""
uwb-imu-pl/gate-d-diagnostics/v16,2,100000000,2,2,2,1,1,2,100000000,"all_in_detector","EXECUTED",0.023191,""
uwb-imu-pl/gate-d-diagnostics/v16,2,100000000,2,2,2,1,1,2,100000000,"current_sensitivity","EXECUTED",0.058577999999999998,""
uwb-imu-pl/gate-d-diagnostics/v16,2,100000000,2,2,2,1,1,2,100000000,"model_generation","EXECUTED",2.2884709999999999,""
uwb-imu-pl/gate-d-diagnostics/v16,2,100000000,2,2,2,1,1,2,100000000,"historical_sensitivity","EXECUTED",0.011826,""
uwb-imu-pl/gate-d-diagnostics/v16,2,100000000,2,2,2,1,1,2,100000000,"hypothesis_evidence","EXECUTED",3.0682800000000001,"effective_dimensions=1:52,2:488,3:96,other:0;context_bytes=107168;worker_blocks=4"
uwb-imu-pl/gate-d-diagnostics/v16,2,100000000,2,2,2,1,1,2,100000000,"health_actions","EXECUTED",0.17338400000000001,""
uwb-imu-pl/gate-d-diagnostics/v16,2,100000000,2,2,2,1,1,2,100000000,"hypothesis_audit","SKIPPED",,"disabled by output.write_hypothesis_evidence"
uwb-imu-pl/gate-d-diagnostics/v16,2,100000000,2,2,2,1,1,2,100000000,"base_factorization","EXECUTED",0.015708,""
uwb-imu-pl/gate-d-diagnostics/v16,2,100000000,2,2,2,1,1,2,100000000,"shared_cache","EXECUTED",0.00069499999999999998,""
uwb-imu-pl/gate-d-diagnostics/v16,2,100000000,2,2,2,1,1,2,100000000,"candidate_evaluation","EXECUTED",218.98410799999999,"rank=1;dense=0;stream_protocol=2;stream_batches=1;stream_batch_capacity=1;stream_peak_batch_actions=1;stream_peak_resident_evaluated_actions=1;stream_peak_batch_full_proofs=1;stream_retained_full_candidates=0;stream_retained_full_proofs=0;stream_full_action_heavy_copy=0;stream_complete=1;stream_fde_preproof_selected_action=0;stream_fde_preproof_status=RISK_BUDGET_INVALID;stream_main_arena_action_full_proofs=0;stream_action_proof_retention=NORMAL_TWO_PASS_O_B_PLUS_ONE;stream_winner_recompute=0;stream_winner_recompute_test_seam=0"
uwb-imu-pl/gate-d-diagnostics/v16,2,100000000,2,2,2,1,1,2,100000000,"fde_decision","EXECUTED",0.48686600000000002,""
uwb-imu-pl/gate-d-diagnostics/v16,2,100000000,2,2,2,1,1,2,100000000,"candidate_audit","EXECUTED",0.010085999999999999,"ACTION_REJECTION_FUNNEL_V2:1=REJECT_RISK_CLOSURE"
uwb-imu-pl/gate-d-diagnostics/v16,2,100000000,2,2,2,1,1,2,100000000,"commit","EXECUTED",0.60955099999999995,""
uwb-imu-pl/gate-d-diagnostics/v16,2,100000000,2,2,2,1,1,2,100000000,"state_audit","EXECUTED",0.000223,""
uwb-imu-pl/gate-d-diagnostics/v16,2,100000000,2,2,2,1,1,2,100000000,"finalize_commit_audit","EXECUTED",0.27300000000000002,"excludes separately timed commit/discard/state audit"
uwb-imu-pl/gate-d-diagnostics/v16,2,100000000,2,2,2,1,1,2,100000000,"discard","SKIPPED",,"upstream gate did not reach stage"
uwb-imu-pl/gate-d-diagnostics/v16,2,100000000,2,2,2,1,1,2,100000000,"core_total","EXECUTED",227.46683400000001,""
uwb-imu-pl/gate-d-diagnostics/v16,3,150000000,3,3,3,1,1,3,150000000,"prepare","EXECUTED",0.26865899999999998,""
uwb-imu-pl/gate-d-diagnostics/v16,3,150000000,3,3,3,1,1,3,150000000,"integrity_window","EXECUTED",1.8922570000000001,""
uwb-imu-pl/gate-d-diagnostics/v16,3,150000000,3,3,3,1,1,3,150000000,"window_boundary_provenance","EXECUTED",0.1358,""
uwb-imu-pl/gate-d-diagnostics/v16,3,150000000,3,3,3,1,1,3,150000000,"window_factor_linearization_whitening","EXECUTED",0.123026,""
uwb-imu-pl/gate-d-diagnostics/v16,3,150000000,3,3,3,1,1,3,150000000,"window_dense_assembly","EXECUTED",0.0094450000000000003,""
uwb-imu-pl/gate-d-diagnostics/v16,3,150000000,3,3,3,1,1,3,150000000,"window_svd","EXECUTED",1.102249,""
uwb-imu-pl/gate-d-diagnostics/v16,3,150000000,3,3,3,1,1,3,150000000,"window_normal_equations","EXECUTED",0.013088000000000001,""
uwb-imu-pl/gate-d-diagnostics/v16,3,150000000,3,3,3,1,1,3,150000000,"window_llt_state_solves","EXECUTED",0.018065999999999999,""
uwb-imu-pl/gate-d-diagnostics/v16,3,150000000,3,3,3,1,1,3,150000000,"window_fingerprint","EXECUTED",0.33059699999999997,""
uwb-imu-pl/gate-d-diagnostics/v16,3,150000000,3,3,3,1,1,3,150000000,"all_in_detector","EXECUTED",0.028212999999999998,""
uwb-imu-pl/gate-d-diagnostics/v16,3,150000000,3,3,3,1,1,3,150000000,"current_sensitivity","EXECUTED",0.073233999999999994,""
uwb-imu-pl/gate-d-diagnostics/v16,3,150000000,3,3,3,1,1,3,150000000,"model_generation","EXECUTED",4.67136,""
uwb-imu-pl/gate-d-diagnostics/v16,3,150000000,3,3,3,1,1,3,150000000,"historical_sensitivity","EXECUTED",0.020118999999999998,""
uwb-imu-pl/gate-d-diagnostics/v16,3,150000000,3,3,3,1,1,3,150000000,"hypothesis_evidence","EXECUTED",16.129352999999998,"effective_dimensions=1:74,2:1024,3:288,other:0;context_bytes=233168;worker_blocks=4"
uwb-imu-pl/gate-d-diagnostics/v16,3,150000000,3,3,3,1,1,3,150000000,"health_actions","EXECUTED",0.30225299999999999,""
uwb-imu-pl/gate-d-diagnostics/v16,3,150000000,3,3,3,1,1,3,150000000,"hypothesis_audit","SKIPPED",,"disabled by output.write_hypothesis_evidence"
uwb-imu-pl/gate-d-diagnostics/v16,3,150000000,3,3,3,1,1,3,150000000,"base_factorization","EXECUTED",0.030147,""
uwb-imu-pl/gate-d-diagnostics/v16,3,150000000,3,3,3,1,1,3,150000000,"shared_cache","EXECUTED",0.001351,""
uwb-imu-pl/gate-d-diagnostics/v16,3,150000000,3,3,3,1,1,3,150000000,"candidate_evaluation","EXECUTED",45.590245000000003,"rank=1;dense=0;stream_protocol=2;stream_batches=1;stream_batch_capacity=1;stream_peak_batch_actions=1;stream_peak_resident_evaluated_actions=1;stream_peak_batch_full_proofs=1;stream_retained_full_candidates=0;stream_retained_full_proofs=0;stream_full_action_heavy_copy=0;stream_complete=1;stream_fde_preproof_selected_action=0;stream_fde_preproof_status=RISK_BUDGET_INVALID;stream_main_arena_action_full_proofs=0;stream_action_proof_retention=NORMAL_TWO_PASS_O_B_PLUS_ONE;stream_winner_recompute=0;stream_winner_recompute_test_seam=0"
uwb-imu-pl/gate-d-diagnostics/v16,3,150000000,3,3,3,1,1,3,150000000,"fde_decision","EXECUTED",1.19729,""
uwb-imu-pl/gate-d-diagnostics/v16,3,150000000,3,3,3,1,1,3,150000000,"candidate_audit","EXECUTED",0.01209,"ACTION_REJECTION_FUNNEL_V2:1=REJECT_RISK_CLOSURE"
uwb-imu-pl/gate-d-diagnostics/v16,3,150000000,3,3,3,1,1,3,150000000,"commit","EXECUTED",0.55961899999999998,""
uwb-imu-pl/gate-d-diagnostics/v16,3,150000000,3,3,3,1,1,3,150000000,"state_audit","EXECUTED",0.00022599999999999999,""
uwb-imu-pl/gate-d-diagnostics/v16,3,150000000,3,3,3,1,1,3,150000000,"finalize_commit_audit","EXECUTED",0.5307900000000001,"excludes separately timed commit/discard/state audit"
uwb-imu-pl/gate-d-diagnostics/v16,3,150000000,3,3,3,1,1,3,150000000,"discard","SKIPPED",,"upstream gate did not reach stage"
uwb-imu-pl/gate-d-diagnostics/v16,3,150000000,3,3,3,1,1,3,150000000,"core_total","EXECUTED",71.388002999999998,""
uwb-imu-pl/gate-d-diagnostics/v16,4,200000000,4,4,4,1,1,4,200000000,"prepare","EXECUTED",0.35238900000000001,""
uwb-imu-pl/gate-d-diagnostics/v16,4,200000000,4,4,4,1,1,4,200000000,"integrity_window","EXECUTED",2.7938369999999999,""
uwb-imu-pl/gate-d-diagnostics/v16,4,200000000,4,4,4,1,1,4,200000000,"window_boundary_provenance","EXECUTED",0.14230200000000001,""
uwb-imu-pl/gate-d-diagnostics/v16,4,200000000,4,4,4,1,1,4,200000000,"window_factor_linearization_whitening","EXECUTED",0.152001,""
uwb-imu-pl/gate-d-diagnostics/v16,4,200000000,4,4,4,1,1,4,200000000,"window_dense_assembly","EXECUTED",0.011811,""
uwb-imu-pl/gate-d-diagnostics/v16,4,200000000,4,4,4,1,1,4,200000000,"window_svd","EXECUTED",1.6768700000000001,""
uwb-imu-pl/gate-d-diagnostics/v16,4,200000000,4,4,4,1,1,4,200000000,"window_normal_equations","EXECUTED",0.028493999999999998,""
uwb-imu-pl/gate-d-diagnostics/v16,4,200000000,4,4,4,1,1,4,200000000,"window_llt_state_solves","EXECUTED",0.028438000000000001,""
uwb-imu-pl/gate-d-diagnostics/v16,4,200000000,4,4,4,1,1,4,200000000,"window_fingerprint","EXECUTED",0.53535600000000005,""
uwb-imu-pl/gate-d-diagnostics/v16,4,200000000,4,4,4,1,1,4,200000000,"all_in_detector","EXECUTED",0.027237999999999998,""
uwb-imu-pl/gate-d-diagnostics/v16,4,200000000,4,4,4,1,1,4,200000000,"current_sensitivity","EXECUTED",0.081222000000000003,""
uwb-imu-pl/gate-d-diagnostics/v16,4,200000000,4,4,4,1,1,4,200000000,"model_generation","EXECUTED",8.408456000000001,""
uwb-imu-pl/gate-d-diagnostics/v16,4,200000000,4,4,4,1,1,4,200000000,"historical_sensitivity","EXECUTED",0.028112999999999999,""
uwb-imu-pl/gate-d-diagnostics/v16,4,200000000,4,4,4,1,1,4,200000000,"hypothesis_evidence","EXECUTED",29.894667999999999,"effective_dimensions=1:96,2:1752,3:576,other:0;context_bytes=407552;worker_blocks=4"
uwb-imu-pl/gate-d-diagnostics/v16,4,200000000,4,4,4,1,1,4,200000000,"health_actions","EXECUTED",0.54549300000000001,""
uwb-imu-pl/gate-d-diagnostics/v16,4,200000000,4,4,4,1,1,4,200000000,"hypothesis_audit","SKIPPED",,"disabled by output.write_hypothesis_evidence"
uwb-imu-pl/gate-d-diagnostics/v16,4,200000000,4,4,4,1,1,4,200000000,"base_factorization","EXECUTED",0.048284000000000001,""
uwb-imu-pl/gate-d-diagnostics/v16,4,200000000,4,4,4,1,1,4,200000000,"shared_cache","EXECUTED",0.0013110000000000001,""
uwb-imu-pl/gate-d-diagnostics/v16,4,200000000,4,4,4,1,1,4,200000000,"candidate_evaluation","EXECUTED",91.175335000000004,"rank=1;dense=0;stream_protocol=2;stream_batches=1;stream_batch_capacity=1;stream_peak_batch_actions=1;stream_peak_resident_evaluated_actions=1;stream_peak_batch_full_proofs=1;stream_retained_full_candidates=0;stream_retained_full_proofs=0;stream_full_action_heavy_copy=0;stream_complete=1;stream_fde_preproof_selected_action=0;stream_fde_preproof_status=RISK_BUDGET_INVALID;stream_main_arena_action_full_proofs=0;stream_action_proof_retention=NORMAL_TWO_PASS_O_B_PLUS_ONE;stream_winner_recompute=0;stream_winner_recompute_test_seam=0"
uwb-imu-pl/gate-d-diagnostics/v16,4,200000000,4,4,4,1,1,4,200000000,"fde_decision","EXECUTED",2.157127,""
uwb-imu-pl/gate-d-diagnostics/v16,4,200000000,4,4,4,1,1,4,200000000,"candidate_audit","EXECUTED",0.013965999999999999,"ACTION_REJECTION_FUNNEL_V2:1=REJECT_RISK_CLOSURE"
uwb-imu-pl/gate-d-diagnostics/v16,4,200000000,4,4,4,1,1,4,200000000,"commit","EXECUTED",0.64946499999999996,""
uwb-imu-pl/gate-d-diagnostics/v16,4,200000000,4,4,4,1,1,4,200000000,"state_audit","EXECUTED",0.00035,""
uwb-imu-pl/gate-d-diagnostics/v16,4,200000000,4,4,4,1,1,4,200000000,"finalize_commit_audit","EXECUTED",0.8542900000000001,"excludes separately timed commit/discard/state audit"
uwb-imu-pl/gate-d-diagnostics/v16,4,200000000,4,4,4,1,1,4,200000000,"discard","SKIPPED",,"upstream gate did not reach stage"
uwb-imu-pl/gate-d-diagnostics/v16,4,200000000,4,4,4,1,1,4,200000000,"core_total","EXECUTED",137.129931,""
uwb-imu-pl/gate-d-diagnostics/v16,5,250000000,5,5,5,1,1,5,250000000,"prepare","EXECUTED",0.41338999999999998,""
uwb-imu-pl/gate-d-diagnostics/v16,5,250000000,5,5,5,1,1,5,250000000,"integrity_window","EXECUTED",3.7446630000000001,""
uwb-imu-pl/gate-d-diagnostics/v16,5,250000000,5,5,5,1,1,5,250000000,"window_boundary_provenance","EXECUTED",0.15107899999999999,""
uwb-imu-pl/gate-d-diagnostics/v16,5,250000000,5,5,5,1,1,5,250000000,"window_factor_linearization_whitening","EXECUTED",0.181919,""
uwb-imu-pl/gate-d-diagnostics/v16,5,250000000,5,5,5,1,1,5,250000000,"window_dense_assembly","EXECUTED",0.019539000000000001,""
uwb-imu-pl/gate-d-diagnostics/v16,5,250000000,5,5,5,1,1,5,250000000,"window_svd","EXECUTED",2.1790370000000001,""
uwb-imu-pl/gate-d-diagnostics/v16,5,250000000,5,5,5,1,1,5,250000000,"window_normal_equations","EXECUTED",0.113578,""
uwb-imu-pl/gate-d-diagnostics/v16,5,250000000,5,5,5,1,1,5,250000000,"window_llt_state_solves","EXECUTED",0.037783999999999998,""
uwb-imu-pl/gate-d-diagnostics/v16,5,250000000,5,5,5,1,1,5,250000000,"window_fingerprint","EXECUTED",0.74804300000000001,""
uwb-imu-pl/gate-d-diagnostics/v16,5,250000000,5,5,5,1,1,5,250000000,"all_in_detector","EXECUTED",0.030655000000000002,""
uwb-imu-pl/gate-d-diagnostics/v16,5,250000000,5,5,5,1,1,5,250000000,"current_sensitivity","EXECUTED",0.096277000000000001,""
uwb-imu-pl/gate-d-diagnostics/v16,5,250000000,5,5,5,1,1,5,250000000,"model_generation","EXECUTED",12.704517000000001,""
uwb-imu-pl/gate-d-diagnostics/v16,5,250000000,5,5,5,1,1,5,250000000,"historical_sensitivity","EXECUTED",0.034846000000000002,""
uwb-imu-pl/gate-d-diagnostics/v16,5,250000000,5,5,5,1,1,5,250000000,"hypothesis_evidence","EXECUTED",49.438676999999998,"effective_dimensions=1:118,2:2672,3:960,other:0;context_bytes=630320;worker_blocks=4"
uwb-imu-pl/gate-d-diagnostics/v16,5,250000000,5,5,5,1,1,5,250000000,"health_actions","EXECUTED",0.82230999999999999,""
uwb-imu-pl/gate-d-diagnostics/v16,5,250000000,5,5,5,1,1,5,250000000,"hypothesis_audit","SKIPPED",,"disabled by output.write_hypothesis_evidence"
uwb-imu-pl/gate-d-diagnostics/v16,5,250000000,5,5,5,1,1,5,250000000,"base_factorization","EXECUTED",0.067222000000000004,""
uwb-imu-pl/gate-d-diagnostics/v16,5,250000000,5,5,5,1,1,5,250000000,"shared_cache","EXECUTED",0.001487,""
uwb-imu-pl/gate-d-diagnostics/v16,5,250000000,5,5,5,1,1,5,250000000,"candidate_evaluation","EXECUTED",146.15189100000001,"rank=1;dense=0;stream_protocol=2;stream_batches=1;stream_batch_capacity=1;stream_peak_batch_actions=1;stream_peak_resident_evaluated_actions=1;stream_peak_batch_full_proofs=1;stream_retained_full_candidates=0;stream_retained_full_proofs=0;stream_full_action_heavy_copy=0;stream_complete=1;stream_fde_preproof_selected_action=0;stream_fde_preproof_status=RISK_BUDGET_INVALID;stream_main_arena_action_full_proofs=0;stream_action_proof_retention=NORMAL_TWO_PASS_O_B_PLUS_ONE;stream_winner_recompute=0;stream_winner_recompute_test_seam=0"
uwb-imu-pl/gate-d-diagnostics/v16,5,250000000,5,5,5,1,1,5,250000000,"fde_decision","EXECUTED",3.1105900000000002,""
uwb-imu-pl/gate-d-diagnostics/v16,5,250000000,5,5,5,1,1,5,250000000,"candidate_audit","EXECUTED",0.014352,"ACTION_REJECTION_FUNNEL_V2:1=REJECT_RISK_CLOSURE"
uwb-imu-pl/gate-d-diagnostics/v16,5,250000000,5,5,5,1,1,5,250000000,"commit","EXECUTED",0.61471699999999996,""
uwb-imu-pl/gate-d-diagnostics/v16,5,250000000,5,5,5,1,1,5,250000000,"state_audit","EXECUTED",0.00023599999999999999,""
uwb-imu-pl/gate-d-diagnostics/v16,5,250000000,5,5,5,1,1,5,250000000,"finalize_commit_audit","EXECUTED",1.1058180000000002,"excludes separately timed commit/discard/state audit"
uwb-imu-pl/gate-d-diagnostics/v16,5,250000000,5,5,5,1,1,5,250000000,"discard","SKIPPED",,"upstream gate did not reach stage"
uwb-imu-pl/gate-d-diagnostics/v16,5,250000000,5,5,5,1,1,5,250000000,"core_total","EXECUTED",218.46263400000001,""
uwb-imu-pl/gate-d-diagnostics/v16,6,300000000,6,6,6,1,1,6,300000000,"prepare","EXECUTED",0.54073499999999997,""
uwb-imu-pl/gate-d-diagnostics/v16,6,300000000,6,6,6,1,1,6,300000000,"integrity_window","EXECUTED",5.6291010000000004,""
uwb-imu-pl/gate-d-diagnostics/v16,6,300000000,6,6,6,1,1,6,300000000,"window_boundary_provenance","EXECUTED",0.15779699999999999,""
uwb-imu-pl/gate-d-diagnostics/v16,6,300000000,6,6,6,1,1,6,300000000,"window_factor_linearization_whitening","EXECUTED",0.22837099999999999,""
uwb-imu-pl/gate-d-diagnostics/v16,6,300000000,6,6,6,1,1,6,300000000,"window_dense_assembly","EXECUTED",0.027113999999999999,""
uwb-imu-pl/gate-d-diagnostics/v16,6,300000000,6,6,6,1,1,6,300000000,"window_svd","EXECUTED",3.0771839999999999,""
uwb-imu-pl/gate-d-diagnostics/v16,6,300000000,6,6,6,1,1,6,300000000,"window_normal_equations","EXECUTED",0.114763,""
uwb-imu-pl/gate-d-diagnostics/v16,6,300000000,6,6,6,1,1,6,300000000,"window_llt_state_solves","EXECUTED",0.115497,""
uwb-imu-pl/gate-d-diagnostics/v16,6,300000000,6,6,6,1,1,6,300000000,"window_fingerprint","EXECUTED",1.4635469999999999,""
uwb-imu-pl/gate-d-diagnostics/v16,6,300000000,6,6,6,1,1,6,300000000,"all_in_detector","EXECUTED",0.042814999999999999,""
uwb-imu-pl/gate-d-diagnostics/v16,6,300000000,6,6,6,1,1,6,300000000,"current_sensitivity","EXECUTED",0.15981899999999999,""
uwb-imu-pl/gate-d-diagnostics/v16,6,300000000,6,6,6,1,1,6,300000000,"model_generation","EXECUTED",18.621519000000003,""
uwb-imu-pl/gate-d-diagnostics/v16,6,300000000,6,6,6,1,1,6,300000000,"historical_sensitivity","EXECUTED",0.045957999999999999,""
uwb-imu-pl/gate-d-diagnostics/v16,6,300000000,6,6,6,1,1,6,300000000,"hypothesis_evidence","EXECUTED",81.373508999999999,"effective_dimensions=1:140,2:3784,3:1440,other:0;context_bytes=901472;worker_blocks=4"
uwb-imu-pl/gate-d-diagnostics/v16,6,300000000,6,6,6,1,1,6,300000000,"health_actions","EXECUTED",1.12262,""
uwb-imu-pl/gate-d-diagnostics/v16,6,300000000,6,6,6,1,1,6,300000000,"hypothesis_audit","SKIPPED",,"disabled by output.write_hypothesis_evidence"
uwb-imu-pl/gate-d-diagnostics/v16,6,300000000,6,6,6,1,1,6,300000000,"base_factorization","EXECUTED",0.081204999999999999,""
uwb-imu-pl/gate-d-diagnostics/v16,6,300000000,6,6,6,1,1,6,300000000,"shared_cache","EXECUTED",0.0013240000000000001,""
uwb-imu-pl/gate-d-diagnostics/v16,6,300000000,6,6,6,1,1,6,300000000,"candidate_evaluation","EXECUTED",239.765299,"rank=1;dense=0;stream_protocol=2;stream_batches=1;stream_batch_capacity=1;stream_peak_batch_actions=1;stream_peak_resident_evaluated_actions=1;stream_peak_batch_full_proofs=1;stream_retained_full_candidates=0;stream_retained_full_proofs=0;stream_full_action_heavy_copy=0;stream_complete=1;stream_fde_preproof_selected_action=0;stream_fde_preproof_status=RISK_BUDGET_INVALID;stream_main_arena_action_full_proofs=0;stream_action_proof_retention=NORMAL_TWO_PASS_O_B_PLUS_ONE;stream_winner_recompute=0;stream_winner_recompute_test_seam=0"
uwb-imu-pl/gate-d-diagnostics/v16,6,300000000,6,6,6,1,1,6,300000000,"fde_decision","EXECUTED",4.4499329999999997,""
uwb-imu-pl/gate-d-diagnostics/v16,6,300000000,6,6,6,1,1,6,300000000,"candidate_audit","EXECUTED",0.019650000000000001,"ACTION_REJECTION_FUNNEL_V2:1=REJECT_RISK_CLOSURE"
uwb-imu-pl/gate-d-diagnostics/v16,6,300000000,6,6,6,1,1,6,300000000,"commit","EXECUTED",0.70419200000000004,""
uwb-imu-pl/gate-d-diagnostics/v16,6,300000000,6,6,6,1,1,6,300000000,"state_audit","EXECUTED",0.00024699999999999999,""
uwb-imu-pl/gate-d-diagnostics/v16,6,300000000,6,6,6,1,1,6,300000000,"finalize_commit_audit","EXECUTED",1.8825299999999998,"excludes separately timed commit/discard/state audit"
uwb-imu-pl/gate-d-diagnostics/v16,6,300000000,6,6,6,1,1,6,300000000,"discard","SKIPPED",,"upstream gate did not reach stage"
uwb-imu-pl/gate-d-diagnostics/v16,6,300000000,6,6,6,1,1,6,300000000,"core_total","EXECUTED",354.585622,""
uwb-imu-pl/gate-d-diagnostics/v16,7,350000000,7,7,7,1,1,7,350000000,"prepare","EXECUTED",0.63629100000000005,""
uwb-imu-pl/gate-d-diagnostics/v16,7,350000000,7,7,7,1,1,7,350000000,"integrity_window","EXECUTED",6.4510949999999996,""
uwb-imu-pl/gate-d-diagnostics/v16,7,350000000,7,7,7,1,1,7,350000000,"window_boundary_provenance","EXECUTED",0.18998699999999999,""
uwb-imu-pl/gate-d-diagnostics/v16,7,350000000,7,7,7,1,1,7,350000000,"window_factor_linearization_whitening","EXECUTED",0.49876500000000001,""
uwb-imu-pl/gate-d-diagnostics/v16,7,350000000,7,7,7,1,1,7,350000000,"window_dense_assembly","EXECUTED",0.037484999999999997,""
uwb-imu-pl/gate-d-diagnostics/v16,7,350000000,7,7,7,1,1,7,350000000,"window_svd","EXECUTED",3.6156169999999999,""
uwb-imu-pl/gate-d-diagnostics/v16,7,350000000,7,7,7,1,1,7,350000000,"window_normal_equations","EXECUTED",0.090322,""
uwb-imu-pl/gate-d-diagnostics/v16,7,350000000,7,7,7,1,1,7,350000000,"window_llt_state_solves","EXECUTED",0.089936000000000002,""
uwb-imu-pl/gate-d-diagnostics/v16,7,350000000,7,7,7,1,1,7,350000000,"window_fingerprint","EXECUTED",1.3754040000000001,""
uwb-imu-pl/gate-d-diagnostics/v16,7,350000000,7,7,7,1,1,7,350000000,"all_in_detector","EXECUTED",0.038198999999999997,""
uwb-imu-pl/gate-d-diagnostics/v16,7,350000000,7,7,7,1,1,7,350000000,"current_sensitivity","EXECUTED",0.14011699999999999,""
uwb-imu-pl/gate-d-diagnostics/v16,7,350000000,7,7,7,1,1,7,350000000,"model_generation","EXECUTED",27.583632999999999,""
uwb-imu-pl/gate-d-diagnostics/v16,7,350000000,7,7,7,1,1,7,350000000,"historical_sensitivity","EXECUTED",0.050418000000000004,""
uwb-imu-pl/gate-d-diagnostics/v16,7,350000000,7,7,7,1,1,7,350000000,"hypothesis_evidence","EXECUTED",115.25338499999999,"effective_dimensions=1:162,2:5088,3:2016,other:0;context_bytes=1221008;worker_blocks=4"
uwb-imu-pl/gate-d-diagnostics/v16,7,350000000,7,7,7,1,1,7,350000000,"health_actions","EXECUTED",1.4997659999999999,""
uwb-imu-pl/gate-d-diagnostics/v16,7,350000000,7,7,7,1,1,7,350000000,"hypothesis_audit","SKIPPED",,"disabled by output.write_hypothesis_evidence"
uwb-imu-pl/gate-d-diagnostics/v16,7,350000000,7,7,7,1,1,7,350000000,"base_factorization","EXECUTED",0.103353,""
uwb-imu-pl/gate-d-diagnostics/v16,7,350000000,7,7,7,1,1,7,350000000,"shared_cache","EXECUTED",0.0016509999999999999,""
uwb-imu-pl/gate-d-diagnostics/v16,7,350000000,7,7,7,1,1,7,350000000,"candidate_evaluation","EXECUTED",351.73445400000003,"rank=1;dense=0;stream_protocol=2;stream_batches=1;stream_batch_capacity=1;stream_peak_batch_actions=1;stream_peak_resident_evaluated_actions=1;stream_peak_batch_full_proofs=1;stream_retained_full_candidates=0;stream_retained_full_proofs=0;stream_full_action_heavy_copy=0;stream_complete=1;stream_fde_preproof_selected_action=0;stream_fde_preproof_status=RISK_BUDGET_INVALID;stream_main_arena_action_full_proofs=0;stream_action_proof_retention=NORMAL_TWO_PASS_O_B_PLUS_ONE;stream_winner_recompute=0;stream_winner_recompute_test_seam=0"
uwb-imu-pl/gate-d-diagnostics/v16,7,350000000,7,7,7,1,1,7,350000000,"fde_decision","EXECUTED",8.0121789999999997,""
uwb-imu-pl/gate-d-diagnostics/v16,7,350000000,7,7,7,1,1,7,350000000,"candidate_audit","EXECUTED",0.024988,"ACTION_REJECTION_FUNNEL_V2:1=REJECT_RISK_CLOSURE"
uwb-imu-pl/gate-d-diagnostics/v16,7,350000000,7,7,7,1,1,7,350000000,"commit","EXECUTED",1.1835199999999999,""
uwb-imu-pl/gate-d-diagnostics/v16,7,350000000,7,7,7,1,1,7,350000000,"state_audit","EXECUTED",0.00027500000000000002,""
uwb-imu-pl/gate-d-diagnostics/v16,7,350000000,7,7,7,1,1,7,350000000,"finalize_commit_audit","EXECUTED",4.0396650000000003,"excludes separately timed commit/discard/state audit"
uwb-imu-pl/gate-d-diagnostics/v16,7,350000000,7,7,7,1,1,7,350000000,"discard","SKIPPED",,"upstream gate did not reach stage"
uwb-imu-pl/gate-d-diagnostics/v16,7,350000000,7,7,7,1,1,7,350000000,"core_total","EXECUTED",516.94863899999996,""
uwb-imu-pl/gate-d-diagnostics/v16,8,400000000,8,8,8,1,1,8,400000000,"prepare","EXECUTED",0.74663800000000002,""
uwb-imu-pl/gate-d-diagnostics/v16,8,400000000,8,8,8,1,1,8,400000000,"integrity_window","EXECUTED",9.7482150000000001,""
uwb-imu-pl/gate-d-diagnostics/v16,8,400000000,8,8,8,1,1,8,400000000,"window_boundary_provenance","EXECUTED",0.169543,""
uwb-imu-pl/gate-d-diagnostics/v16,8,400000000,8,8,8,1,1,8,400000000,"window_factor_linearization_whitening","EXECUTED",0.36029800000000001,""
uwb-imu-pl/gate-d-diagnostics/v16,8,400000000,8,8,8,1,1,8,400000000,"window_dense_assembly","EXECUTED",0.044207999999999997,""
uwb-imu-pl/gate-d-diagnostics/v16,8,400000000,8,8,8,1,1,8,400000000,"window_svd","EXECUTED",6.0046200000000001,""
uwb-imu-pl/gate-d-diagnostics/v16,8,400000000,8,8,8,1,1,8,400000000,"window_normal_equations","EXECUTED",0.30503599999999997,""
uwb-imu-pl/gate-d-diagnostics/v16,8,400000000,8,8,8,1,1,8,400000000,"window_llt_state_solves","EXECUTED",0.13958300000000001,""
uwb-imu-pl/gate-d-diagnostics/v16,8,400000000,8,8,8,1,1,8,400000000,"window_fingerprint","EXECUTED",2.0154190000000001,""
uwb-imu-pl/gate-d-diagnostics/v16,8,400000000,8,8,8,1,1,8,400000000,"all_in_detector","EXECUTED",0.065227999999999994,""
uwb-imu-pl/gate-d-diagnostics/v16,8,400000000,8,8,8,1,1,8,400000000,"current_sensitivity","EXECUTED",0.23489099999999999,""
uwb-imu-pl/gate-d-diagnostics/v16,8,400000000,8,8,8,1,1,8,400000000,"model_generation","EXECUTED",37.944758,""
uwb-imu-pl/gate-d-diagnostics/v16,8,400000000,8,8,8,1,1,8,400000000,"historical_sensitivity","EXECUTED",0.075027999999999997,""
uwb-imu-pl/gate-d-diagnostics/v16,8,400000000,8,8,8,1,1,8,400000000,"hypothesis_evidence","EXECUTED",172.888229,"effective_dimensions=1:184,2:6584,3:2688,other:0;context_bytes=1588928;worker_blocks=4"
uwb-imu-pl/gate-d-diagnostics/v16,8,400000000,8,8,8,1,1,8,400000000,"health_actions","EXECUTED",1.9898070000000001,""
uwb-imu-pl/gate-d-diagnostics/v16,8,400000000,8,8,8,1,1,8,400000000,"hypothesis_audit","SKIPPED",,"disabled by output.write_hypothesis_evidence"
uwb-imu-pl/gate-d-diagnostics/v16,8,400000000,8,8,8,1,1,8,400000000,"base_factorization","EXECUTED",0.19742100000000001,""
uwb-imu-pl/gate-d-diagnostics/v16,8,400000000,8,8,8,1,1,8,400000000,"shared_cache","EXECUTED",0.0015399999999999999,""
uwb-imu-pl/gate-d-diagnostics/v16,8,400000000,8,8,8,1,1,8,400000000,"candidate_evaluation","EXECUTED",502.66468900000001,"rank=1;dense=0;stream_protocol=2;stream_batches=1;stream_batch_capacity=1;stream_peak_batch_actions=1;stream_peak_resident_evaluated_actions=1;stream_peak_batch_full_proofs=1;stream_retained_full_candidates=0;stream_retained_full_proofs=0;stream_full_action_heavy_copy=0;stream_complete=1;stream_fde_preproof_selected_action=0;stream_fde_preproof_status=RISK_BUDGET_INVALID;stream_main_arena_action_full_proofs=0;stream_action_proof_retention=NORMAL_TWO_PASS_O_B_PLUS_ONE;stream_winner_recompute=0;stream_winner_recompute_test_seam=0"
uwb-imu-pl/gate-d-diagnostics/v16,8,400000000,8,8,8,1,1,8,400000000,"fde_decision","EXECUTED",9.0625820000000008,""
uwb-imu-pl/gate-d-diagnostics/v16,8,400000000,8,8,8,1,1,8,400000000,"candidate_audit","EXECUTED",0.032459000000000002,"ACTION_REJECTION_FUNNEL_V2:1=REJECT_RISK_CLOSURE"
uwb-imu-pl/gate-d-diagnostics/v16,8,400000000,8,8,8,1,1,8,400000000,"commit","EXECUTED",0.892683,""
uwb-imu-pl/gate-d-diagnostics/v16,8,400000000,8,8,8,1,1,8,400000000,"state_audit","EXECUTED",0.00040900000000000002,""
uwb-imu-pl/gate-d-diagnostics/v16,8,400000000,8,8,8,1,1,8,400000000,"finalize_commit_audit","EXECUTED",3.6838839999999999,"excludes separately timed commit/discard/state audit"
uwb-imu-pl/gate-d-diagnostics/v16,8,400000000,8,8,8,1,1,8,400000000,"discard","SKIPPED",,"upstream gate did not reach stage"
uwb-imu-pl/gate-d-diagnostics/v16,8,400000000,8,8,8,1,1,8,400000000,"core_total","EXECUTED",740.42568400000005,""
uwb-imu-pl/gate-d-diagnostics/v16,9,450000000,9,9,9,1,1,9,450000000,"prepare","EXECUTED",0.79150100000000001,""
uwb-imu-pl/gate-d-diagnostics/v16,9,450000000,9,9,9,1,1,9,450000000,"integrity_window","EXECUTED",10.781731000000001,""
uwb-imu-pl/gate-d-diagnostics/v16,9,450000000,9,9,9,1,1,9,450000000,"window_boundary_provenance","EXECUTED",0.16404099999999999,""
uwb-imu-pl/gate-d-diagnostics/v16,9,450000000,9,9,9,1,1,9,450000000,"window_factor_linearization_whitening","EXECUTED",0.392065,""
uwb-imu-pl/gate-d-diagnostics/v16,9,450000000,9,9,9,1,1,9,450000000,"window_dense_assembly","EXECUTED",0.056327000000000002,""
uwb-imu-pl/gate-d-diagnostics/v16,9,450000000,9,9,9,1,1,9,450000000,"window_svd","EXECUTED",6.7348840000000001,""
uwb-imu-pl/gate-d-diagnostics/v16,9,450000000,9,9,9,1,1,9,450000000,"window_normal_equations","EXECUTED",0.21488299999999999,""
uwb-imu-pl/gate-d-diagnostics/v16,9,450000000,9,9,9,1,1,9,450000000,"window_llt_state_solves","EXECUTED",0.088553999999999994,""
uwb-imu-pl/gate-d-diagnostics/v16,9,450000000,9,9,9,1,1,9,450000000,"window_fingerprint","EXECUTED",2.2537889999999998,""
uwb-imu-pl/gate-d-diagnostics/v16,9,450000000,9,9,9,1,1,9,450000000,"all_in_detector","EXECUTED",0.058037999999999999,""
uwb-imu-pl/gate-d-diagnostics/v16,9,450000000,9,9,9,1,1,9,450000000,"current_sensitivity","EXECUTED",0.22248899999999999,""
uwb-imu-pl/gate-d-diagnostics/v16,9,450000000,9,9,9,1,1,9,450000000,"model_generation","EXECUTED",51.577818000000001,""
uwb-imu-pl/gate-d-diagnostics/v16,9,450000000,9,9,9,1,1,9,450000000,"historical_sensitivity","EXECUTED",0.082602000000000009,""
uwb-imu-pl/gate-d-diagnostics/v16,9,450000000,9,9,9,1,1,9,450000000,"hypothesis_evidence","EXECUTED",231.57169500000001,"effective_dimensions=1:206,2:8272,3:3456,other:0;context_bytes=2005232;worker_blocks=4"
uwb-imu-pl/gate-d-diagnostics/v16,9,450000000,9,9,9,1,1,9,450000000,"health_actions","EXECUTED",2.1537039999999998,""
uwb-imu-pl/gate-d-diagnostics/v16,9,450000000,9,9,9,1,1,9,450000000,"hypothesis_audit","SKIPPED",,"disabled by output.write_hypothesis_evidence"
uwb-imu-pl/gate-d-diagnostics/v16,9,450000000,9,9,9,1,1,9,450000000,"base_factorization","EXECUTED",0.15124299999999999,""
uwb-imu-pl/gate-d-diagnostics/v16,9,450000000,9,9,9,1,1,9,450000000,"shared_cache","EXECUTED",0.001279,""
uwb-imu-pl/gate-d-diagnostics/v16,9,450000000,9,9,9,1,1,9,450000000,"candidate_evaluation","EXECUTED",674.36015899999995,"rank=1;dense=0;stream_protocol=2;stream_batches=1;stream_batch_capacity=1;stream_peak_batch_actions=1;stream_peak_resident_evaluated_actions=1;stream_peak_batch_full_proofs=1;stream_retained_full_candidates=0;stream_retained_full_proofs=0;stream_full_action_heavy_copy=0;stream_complete=1;stream_fde_preproof_selected_action=0;stream_fde_preproof_status=RISK_BUDGET_INVALID;stream_main_arena_action_full_proofs=0;stream_action_proof_retention=NORMAL_TWO_PASS_O_B_PLUS_ONE;stream_winner_recompute=0;stream_winner_recompute_test_seam=0"
uwb-imu-pl/gate-d-diagnostics/v16,9,450000000,9,9,9,1,1,9,450000000,"fde_decision","EXECUTED",11.015446000000001,""
uwb-imu-pl/gate-d-diagnostics/v16,9,450000000,9,9,9,1,1,9,450000000,"candidate_audit","EXECUTED",0.040645000000000001,"ACTION_REJECTION_FUNNEL_V2:1=REJECT_RISK_CLOSURE"
uwb-imu-pl/gate-d-diagnostics/v16,9,450000000,9,9,9,1,1,9,450000000,"commit","EXECUTED",1.075628,""
uwb-imu-pl/gate-d-diagnostics/v16,9,450000000,9,9,9,1,1,9,450000000,"state_audit","EXECUTED",0.00039100000000000002,""
uwb-imu-pl/gate-d-diagnostics/v16,9,450000000,9,9,9,1,1,9,450000000,"finalize_commit_audit","EXECUTED",5.1798260000000003,"excludes separately timed commit/discard/state audit"
uwb-imu-pl/gate-d-diagnostics/v16,9,450000000,9,9,9,1,1,9,450000000,"discard","SKIPPED",,"upstream gate did not reach stage"
uwb-imu-pl/gate-d-diagnostics/v16,9,450000000,9,9,9,1,1,9,450000000,"core_total","EXECUTED",989.31119200000001,""
uwb-imu-pl/gate-d-diagnostics/v16,10,500000000,10,10,10,1,1,10,500000000,"prepare","EXECUTED",1.0042610000000001,""
uwb-imu-pl/gate-d-diagnostics/v16,10,500000000,10,10,10,1,1,10,500000000,"integrity_window","EXECUTED",12.505655000000001,""
uwb-imu-pl/gate-d-diagnostics/v16,10,500000000,10,10,10,1,1,10,500000000,"window_boundary_provenance","EXECUTED",0.17761199999999999,""
uwb-imu-pl/gate-d-diagnostics/v16,10,500000000,10,10,10,1,1,10,500000000,"window_factor_linearization_whitening","EXECUTED",0.43058099999999999,""
uwb-imu-pl/gate-d-diagnostics/v16,10,500000000,10,10,10,1,1,10,500000000,"window_dense_assembly","EXECUTED",0.068784999999999999,""
uwb-imu-pl/gate-d-diagnostics/v16,10,500000000,10,10,10,1,1,10,500000000,"window_svd","EXECUTED",7.6569560000000001,""
uwb-imu-pl/gate-d-diagnostics/v16,10,500000000,10,10,10,1,1,10,500000000,"window_normal_equations","EXECUTED",0.27207900000000002,""
uwb-imu-pl/gate-d-diagnostics/v16,10,500000000,10,10,10,1,1,10,500000000,"window_llt_state_solves","EXECUTED",0.1052,""
uwb-imu-pl/gate-d-diagnostics/v16,10,500000000,10,10,10,1,1,10,500000000,"window_fingerprint","EXECUTED",2.7506750000000002,""
uwb-imu-pl/gate-d-diagnostics/v16,10,500000000,10,10,10,1,1,10,500000000,"all_in_detector","EXECUTED",0.047049000000000001,""
uwb-imu-pl/gate-d-diagnostics/v16,10,500000000,10,10,10,1,1,10,500000000,"current_sensitivity","EXECUTED",0.17646200000000001,""
uwb-imu-pl/gate-d-diagnostics/v16,10,500000000,10,10,10,1,1,10,500000000,"model_generation","EXECUTED",60.260826000000002,""
uwb-imu-pl/gate-d-diagnostics/v16,10,500000000,10,10,10,1,1,10,500000000,"historical_sensitivity","EXECUTED",0.123477,""
uwb-imu-pl/gate-d-diagnostics/v16,10,500000000,10,10,10,1,1,10,500000000,"hypothesis_evidence","EXECUTED",305.38277900000003,"effective_dimensions=1:228,2:10152,3:4320,other:0;context_bytes=2469920;worker_blocks=4"
uwb-imu-pl/gate-d-diagnostics/v16,10,500000000,10,10,10,1,1,10,500000000,"health_actions","EXECUTED",2.7919610000000001,""
uwb-imu-pl/gate-d-diagnostics/v16,10,500000000,10,10,10,1,1,10,500000000,"hypothesis_audit","SKIPPED",,"disabled by output.write_hypothesis_evidence"
uwb-imu-pl/gate-d-diagnostics/v16,10,500000000,10,10,10,1,1,10,500000000,"base_factorization","EXECUTED",0.25784699999999999,""
uwb-imu-pl/gate-d-diagnostics/v16,10,500000000,10,10,10,1,1,10,500000000,"shared_cache","EXECUTED",0.001771,""
uwb-imu-pl/gate-d-diagnostics/v16,10,500000000,10,10,10,1,1,10,500000000,"candidate_evaluation","EXECUTED",877.33633699999996,"rank=1;dense=0;stream_protocol=2;stream_batches=1;stream_batch_capacity=1;stream_peak_batch_actions=1;stream_peak_resident_evaluated_actions=1;stream_peak_batch_full_proofs=1;stream_retained_full_candidates=0;stream_retained_full_proofs=0;stream_full_action_heavy_copy=0;stream_complete=1;stream_fde_preproof_selected_action=0;stream_fde_preproof_status=RISK_BUDGET_INVALID;stream_main_arena_action_full_proofs=0;stream_action_proof_retention=NORMAL_TWO_PASS_O_B_PLUS_ONE;stream_winner_recompute=0;stream_winner_recompute_test_seam=0"
uwb-imu-pl/gate-d-diagnostics/v16,10,500000000,10,10,10,1,1,10,500000000,"fde_decision","EXECUTED",13.182007,""
uwb-imu-pl/gate-d-diagnostics/v16,10,500000000,10,10,10,1,1,10,500000000,"candidate_audit","EXECUTED",0.035066,"ACTION_REJECTION_FUNNEL_V2:1=REJECT_RISK_CLOSURE"
uwb-imu-pl/gate-d-diagnostics/v16,10,500000000,10,10,10,1,1,10,500000000,"commit","EXECUTED",0.893791,""
uwb-imu-pl/gate-d-diagnostics/v16,10,500000000,10,10,10,1,1,10,500000000,"state_audit","EXECUTED",0.000571,""
uwb-imu-pl/gate-d-diagnostics/v16,10,500000000,10,10,10,1,1,10,500000000,"finalize_commit_audit","EXECUTED",7.2233840000000002,"excludes separately timed commit/discard/state audit"
uwb-imu-pl/gate-d-diagnostics/v16,10,500000000,10,10,10,1,1,10,500000000,"discard","SKIPPED",,"upstream gate did not reach stage"
uwb-imu-pl/gate-d-diagnostics/v16,10,500000000,10,10,10,1,1,10,500000000,"core_total","EXECUTED",1281.507732,""
uwb-imu-pl/gate-d-diagnostics/v16,11,550000000,11,11,11,1,1,11,550000000,"prepare","EXECUTED",0.98397699999999999,""
uwb-imu-pl/gate-d-diagnostics/v16,11,550000000,11,11,11,1,1,11,550000000,"integrity_window","EXECUTED",12.840728,""
uwb-imu-pl/gate-d-diagnostics/v16,11,550000000,11,11,11,1,1,11,550000000,"window_boundary_provenance","EXECUTED",0.54031499999999999,""
uwb-imu-pl/gate-d-diagnostics/v16,11,550000000,11,11,11,1,1,11,550000000,"window_factor_linearization_whitening","EXECUTED",0.51594899999999999,""
uwb-imu-pl/gate-d-diagnostics/v16,11,550000000,11,11,11,1,1,11,550000000,"window_dense_assembly","EXECUTED",0.064283999999999994,""
uwb-imu-pl/gate-d-diagnostics/v16,11,550000000,11,11,11,1,1,11,550000000,"window_svd","EXECUTED",7.4601949999999997,""
uwb-imu-pl/gate-d-diagnostics/v16,11,550000000,11,11,11,1,1,11,550000000,"window_normal_equations","EXECUTED",0.25450200000000001,""
uwb-imu-pl/gate-d-diagnostics/v16,11,550000000,11,11,11,1,1,11,550000000,"window_llt_state_solves","EXECUTED",0.101532,""
uwb-imu-pl/gate-d-diagnostics/v16,11,550000000,11,11,11,1,1,11,550000000,"window_fingerprint","EXECUTED",2.8219880000000002,""
uwb-imu-pl/gate-d-diagnostics/v16,11,550000000,11,11,11,1,1,11,550000000,"all_in_detector","EXECUTED",0.065275,""
uwb-imu-pl/gate-d-diagnostics/v16,11,550000000,11,11,11,1,1,11,550000000,"current_sensitivity","EXECUTED",0.24496399999999999,""
uwb-imu-pl/gate-d-diagnostics/v16,11,550000000,11,11,11,1,1,11,550000000,"model_generation","EXECUTED",70.577821,""
uwb-imu-pl/gate-d-diagnostics/v16,11,550000000,11,11,11,1,1,11,550000000,"historical_sensitivity","EXECUTED",0.091221999999999998,""
uwb-imu-pl/gate-d-diagnostics/v16,11,550000000,11,11,11,1,1,11,550000000,"hypothesis_evidence","EXECUTED",348.96340199999997,"effective_dimensions=1:244,2:11120,3:4800,other:0;context_bytes=2715872;worker_blocks=4"
uwb-imu-pl/gate-d-diagnostics/v16,11,550000000,11,11,11,1,1,11,550000000,"health_actions","EXECUTED",3.0173169999999998,""
uwb-imu-pl/gate-d-diagnostics/v16,11,550000000,11,11,11,1,1,11,550000000,"hypothesis_audit","SKIPPED",,"disabled by output.write_hypothesis_evidence"
uwb-imu-pl/gate-d-diagnostics/v16,11,550000000,11,11,11,1,1,11,550000000,"base_factorization","EXECUTED",0.19606699999999999,""
uwb-imu-pl/gate-d-diagnostics/v16,11,550000000,11,11,11,1,1,11,550000000,"shared_cache","EXECUTED",0.0014599999999999999,""
uwb-imu-pl/gate-d-diagnostics/v16,11,550000000,11,11,11,1,1,11,550000000,"candidate_evaluation","EXECUTED",998.043319,"rank=1;dense=0;stream_protocol=2;stream_batches=1;stream_batch_capacity=1;stream_peak_batch_actions=1;stream_peak_resident_evaluated_actions=1;stream_peak_batch_full_proofs=1;stream_retained_full_candidates=0;stream_retained_full_proofs=0;stream_full_action_heavy_copy=0;stream_complete=1;stream_fde_preproof_selected_action=0;stream_fde_preproof_status=RISK_BUDGET_INVALID;stream_main_arena_action_full_proofs=0;stream_action_proof_retention=NORMAL_TWO_PASS_O_B_PLUS_ONE;stream_winner_recompute=0;stream_winner_recompute_test_seam=0"
uwb-imu-pl/gate-d-diagnostics/v16,11,550000000,11,11,11,1,1,11,550000000,"fde_decision","EXECUTED",14.779343000000001,""
uwb-imu-pl/gate-d-diagnostics/v16,11,550000000,11,11,11,1,1,11,550000000,"candidate_audit","EXECUTED",0.043482,"ACTION_REJECTION_FUNNEL_V2:1=REJECT_RISK_CLOSURE"
uwb-imu-pl/gate-d-diagnostics/v16,11,550000000,11,11,11,1,1,11,550000000,"commit","EXECUTED",0.96543000000000001,""
uwb-imu-pl/gate-d-diagnostics/v16,11,550000000,11,11,11,1,1,11,550000000,"state_audit","EXECUTED",0.000415,""
uwb-imu-pl/gate-d-diagnostics/v16,11,550000000,11,11,11,1,1,11,550000000,"finalize_commit_audit","EXECUTED",6.378844,"excludes separately timed commit/discard/state audit"
uwb-imu-pl/gate-d-diagnostics/v16,11,550000000,11,11,11,1,1,11,550000000,"discard","SKIPPED",,"upstream gate did not reach stage"
uwb-imu-pl/gate-d-diagnostics/v16,11,550000000,11,11,11,1,1,11,550000000,"core_total","EXECUTED",1457.469024,""
uwb-imu-pl/gate-d-diagnostics/v16,12,600000000,12,12,12,1,1,12,600000000,"prepare","EXECUTED",1.0470189999999999,""
uwb-imu-pl/gate-d-diagnostics/v16,12,600000000,12,12,12,1,1,12,600000000,"integrity_window","EXECUTED",15.650015,""
uwb-imu-pl/gate-d-diagnostics/v16,12,600000000,12,12,12,1,1,12,600000000,"window_boundary_provenance","EXECUTED",1.5640810000000001,""
uwb-imu-pl/gate-d-diagnostics/v16,12,600000000,12,12,12,1,1,12,600000000,"window_factor_linearization_whitening","EXECUTED",0.45485199999999998,""
uwb-imu-pl/gate-d-diagnostics/v16,12,600000000,12,12,12,1,1,12,600000000,"window_dense_assembly","EXECUTED",0.067659999999999998,""
uwb-imu-pl/gate-d-diagnostics/v16,12,600000000,12,12,12,1,1,12,600000000,"window_svd","EXECUTED",8.2487600000000008,""
uwb-imu-pl/gate-d-diagnostics/v16,12,600000000,12,12,12,1,1,12,600000000,"window_normal_equations","EXECUTED",0.27715899999999999,""
uwb-imu-pl/gate-d-diagnostics/v16,12,600000000,12,12,12,1,1,12,600000000,"window_llt_state_solves","EXECUTED",0.103507,""
uwb-imu-pl/gate-d-diagnostics/v16,12,600000000,12,12,12,1,1,12,600000000,"window_fingerprint","EXECUTED",3.8309259999999998,""
uwb-imu-pl/gate-d-diagnostics/v16,12,600000000,12,12,12,1,1,12,600000000,"all_in_detector","EXECUTED",0.078671000000000005,""
uwb-imu-pl/gate-d-diagnostics/v16,12,600000000,12,12,12,1,1,12,600000000,"current_sensitivity","EXECUTED",0.29568100000000003,""
uwb-imu-pl/gate-d-diagnostics/v16,12,600000000,12,12,12,1,1,12,600000000,"model_generation","EXECUTED",82.472604000000004,""
uwb-imu-pl/gate-d-diagnostics/v16,12,600000000,12,12,12,1,1,12,600000000,"historical_sensitivity","EXECUTED",0.091430000000000011,""
uwb-imu-pl/gate-d-diagnostics/v16,12,600000000,12,12,12,1,1,12,600000000,"hypothesis_evidence","EXECUTED",418.67382199999997,"effective_dimensions=1:266,2:13288,3:5808,other:0;context_bytes=3253136;worker_blocks=4"
uwb-imu-pl/gate-d-diagnostics/v16,12,600000000,12,12,12,1,1,12,600000000,"health_actions","EXECUTED",3.4012039999999999,""
uwb-imu-pl/gate-d-diagnostics/v16,12,600000000,12,12,12,1,1,12,600000000,"hypothesis_audit","SKIPPED",,"disabled by output.write_hypothesis_evidence"
uwb-imu-pl/gate-d-diagnostics/v16,12,600000000,12,12,12,1,1,12,600000000,"base_factorization","EXECUTED",0.217223,""
uwb-imu-pl/gate-d-diagnostics/v16,12,600000000,12,12,12,1,1,12,600000000,"shared_cache","EXECUTED",0.0020370000000000002,""
uwb-imu-pl/gate-d-diagnostics/v16,12,600000000,12,12,12,1,1,12,600000000,"candidate_evaluation","EXECUTED",165.751496,"rank=1;dense=0;stream_protocol=2;stream_batches=1;stream_batch_capacity=1;stream_peak_batch_actions=1;stream_peak_resident_evaluated_actions=1;stream_peak_batch_full_proofs=0;stream_retained_full_candidates=0;stream_retained_full_proofs=0;stream_full_action_heavy_copy=0;stream_complete=1;stream_fde_preproof_selected_action=0;stream_fde_preproof_status=NO_VALID_CANDIDATE;stream_main_arena_action_full_proofs=0;stream_action_proof_retention=NORMAL_TWO_PASS_O_B_PLUS_ONE;stream_winner_recompute=0;stream_winner_recompute_test_seam=0"
uwb-imu-pl/gate-d-diagnostics/v16,12,600000000,12,12,12,1,1,12,600000000,"fde_decision","EXECUTED",7.6720220000000001,""
uwb-imu-pl/gate-d-diagnostics/v16,12,600000000,12,12,12,1,1,12,600000000,"candidate_audit","EXECUTED",0.026846999999999999,"ACTION_REJECTION_FUNNEL_V2:1=REJECT_PL"
uwb-imu-pl/gate-d-diagnostics/v16,12,600000000,12,12,12,1,1,12,600000000,"commit","EXECUTED",1.0167870000000001,""
uwb-imu-pl/gate-d-diagnostics/v16,12,600000000,12,12,12,1,1,12,600000000,"state_audit","EXECUTED",0.00038400000000000001,""
uwb-imu-pl/gate-d-diagnostics/v16,12,600000000,12,12,12,1,1,12,600000000,"finalize_commit_audit","EXECUTED",8.2597380000000005,"excludes separately timed commit/discard/state audit"
uwb-imu-pl/gate-d-diagnostics/v16,12,600000000,12,12,12,1,1,12,600000000,"discard","SKIPPED",,"upstream gate did not reach stage"
uwb-imu-pl/gate-d-diagnostics/v16,12,600000000,12,12,12,1,1,12,600000000,"core_total","EXECUTED",704.97227999999996,""
uwb-imu-pl/gate-d-diagnostics/v16,13,650000000,13,13,13,1,1,13,650000000,"prepare","EXECUTED",1.1001829999999999,""
uwb-imu-pl/gate-d-diagnostics/v16,13,650000000,13,13,13,1,1,13,650000000,"integrity_window","EXECUTED",17.660034,""
uwb-imu-pl/gate-d-diagnostics/v16,13,650000000,13,13,13,1,1,13,650000000,"window_boundary_provenance","EXECUTED",4.3909450000000003,""
uwb-imu-pl/gate-d-diagnostics/v16,13,650000000,13,13,13,1,1,13,650000000,"window_factor_linearization_whitening","EXECUTED",0.55179100000000003,""
uwb-imu-pl/gate-d-diagnostics/v16,13,650000000,13,13,13,1,1,13,650000000,"window_dense_assembly","EXECUTED",0.068922999999999998,""
uwb-imu-pl/gate-d-diagnostics/v16,13,650000000,13,13,13,1,1,13,650000000,"window_svd","EXECUTED",8.0104900000000008,""
uwb-imu-pl/gate-d-diagnostics/v16,13,650000000,13,13,13,1,1,13,650000000,"window_normal_equations","EXECUTED",0.28857100000000002,""
uwb-imu-pl/gate-d-diagnostics/v16,13,650000000,13,13,13,1,1,13,650000000,"window_llt_state_solves","EXECUTED",0.107076,""
uwb-imu-pl/gate-d-diagnostics/v16,13,650000000,13,13,13,1,1,13,650000000,"window_fingerprint","EXECUTED",3.0538349999999999,""
uwb-imu-pl/gate-d-diagnostics/v16,13,650000000,13,13,13,1,1,13,650000000,"all_in_detector","EXECUTED",0.073717000000000005,""
uwb-imu-pl/gate-d-diagnostics/v16,13,650000000,13,13,13,1,1,13,650000000,"current_sensitivity","EXECUTED",0.30202200000000001,""
uwb-imu-pl/gate-d-diagnostics/v16,13,650000000,13,13,13,1,1,13,650000000,"model_generation","EXECUTED",100.03512500000001,""
uwb-imu-pl/gate-d-diagnostics/v16,13,650000000,13,13,13,1,1,13,650000000,"historical_sensitivity","EXECUTED",0.104019,""
uwb-imu-pl/gate-d-diagnostics/v16,13,650000000,13,13,13,1,1,13,650000000,"hypothesis_evidence","EXECUTED",514.11441000000002,"effective_dimensions=1:288,2:15648,3:6912,other:0;context_bytes=3838784;worker_blocks=4"
uwb-imu-pl/gate-d-diagnostics/v16,13,650000000,13,13,13,1,1,13,650000000,"health_actions","EXECUTED",4.0349630000000003,""
uwb-imu-pl/gate-d-diagnostics/v16,13,650000000,13,13,13,1,1,13,650000000,"hypothesis_audit","SKIPPED",,"disabled by output.write_hypothesis_evidence"
uwb-imu-pl/gate-d-diagnostics/v16,13,650000000,13,13,13,1,1,13,650000000,"base_factorization","EXECUTED",0.20396800000000001,""
uwb-imu-pl/gate-d-diagnostics/v16,13,650000000,13,13,13,1,1,13,650000000,"shared_cache","EXECUTED",0.0013359999999999999,""
uwb-imu-pl/gate-d-diagnostics/v16,13,650000000,13,13,13,1,1,13,650000000,"candidate_evaluation","EXECUTED",186.325795,"rank=1;dense=0;stream_protocol=2;stream_batches=1;stream_batch_capacity=1;stream_peak_batch_actions=1;stream_peak_resident_evaluated_actions=1;stream_peak_batch_full_proofs=0;stream_retained_full_candidates=0;stream_retained_full_proofs=0;stream_full_action_heavy_copy=0;stream_complete=1;stream_fde_preproof_selected_action=0;stream_fde_preproof_status=NO_VALID_CANDIDATE;stream_main_arena_action_full_proofs=0;stream_action_proof_retention=NORMAL_TWO_PASS_O_B_PLUS_ONE;stream_winner_recompute=0;stream_winner_recompute_test_seam=0"
uwb-imu-pl/gate-d-diagnostics/v16,13,650000000,13,13,13,1,1,13,650000000,"fde_decision","EXECUTED",8.5696689999999993,""
uwb-imu-pl/gate-d-diagnostics/v16,13,650000000,13,13,13,1,1,13,650000000,"candidate_audit","EXECUTED",0.031608999999999998,"ACTION_REJECTION_FUNNEL_V2:1=REJECT_PL"
uwb-imu-pl/gate-d-diagnostics/v16,13,650000000,13,13,13,1,1,13,650000000,"commit","EXECUTED",1.081153,""
uwb-imu-pl/gate-d-diagnostics/v16,13,650000000,13,13,13,1,1,13,650000000,"state_audit","EXECUTED",0.00027599999999999999,""
uwb-imu-pl/gate-d-diagnostics/v16,13,650000000,13,13,13,1,1,13,650000000,"finalize_commit_audit","EXECUTED",9.7683619999999998,"excludes separately timed commit/discard/state audit"
uwb-imu-pl/gate-d-diagnostics/v16,13,650000000,13,13,13,1,1,13,650000000,"discard","SKIPPED",,"upstream gate did not reach stage"
uwb-imu-pl/gate-d-diagnostics/v16,13,650000000,13,13,13,1,1,13,650000000,"core_total","EXECUTED",843.76451299999997,""
uwb-imu-pl/gate-d-diagnostics/v16,14,700000000,14,14,14,1,1,14,700000000,"prepare","EXECUTED",1.2348300000000001,""
uwb-imu-pl/gate-d-diagnostics/v16,14,700000000,14,14,14,1,1,14,700000000,"integrity_window","EXECUTED",24.898530000000001,""
uwb-imu-pl/gate-d-diagnostics/v16,14,700000000,14,14,14,1,1,14,700000000,"window_boundary_provenance","EXECUTED",10.982821,""
uwb-imu-pl/gate-d-diagnostics/v16,14,700000000,14,14,14,1,1,14,700000000,"window_factor_linearization_whitening","EXECUTED",0.67307099999999997,""
uwb-imu-pl/gate-d-diagnostics/v16,14,700000000,14,14,14,1,1,14,700000000,"window_dense_assembly","EXECUTED",0.077235999999999999,""
uwb-imu-pl/gate-d-diagnostics/v16,14,700000000,14,14,14,1,1,14,700000000,"window_svd","EXECUTED",7.4489650000000003,""
uwb-imu-pl/gate-d-diagnostics/v16,14,700000000,14,14,14,1,1,14,700000000,"window_normal_equations","EXECUTED",0.30598599999999998,""
uwb-imu-pl/gate-d-diagnostics/v16,14,700000000,14,14,14,1,1,14,700000000,"window_llt_state_solves","EXECUTED",0.107627,""
uwb-imu-pl/gate-d-diagnostics/v16,14,700000000,14,14,14,1,1,14,700000000,"window_fingerprint","EXECUTED",3.0690539999999999,""
uwb-imu-pl/gate-d-diagnostics/v16,14,700000000,14,14,14,1,1,14,700000000,"all_in_detector","EXECUTED",0.13138,""
uwb-imu-pl/gate-d-diagnostics/v16,14,700000000,14,14,14,1,1,14,700000000,"current_sensitivity","EXECUTED",0.52534499999999995,""
uwb-imu-pl/gate-d-diagnostics/v16,14,700000000,14,14,14,1,1,14,700000000,"model_generation","EXECUTED",117.263437,""
uwb-imu-pl/gate-d-diagnostics/v16,14,700000000,14,14,14,1,1,14,700000000,"historical_sensitivity","EXECUTED",0.10205100000000002,""
uwb-imu-pl/gate-d-diagnostics/v16,14,700000000,14,14,14,1,1,14,700000000,"hypothesis_evidence","EXECUTED",620.38128400000005,"effective_dimensions=1:310,2:18200,3:8112,other:0;context_bytes=4472816;worker_blocks=4"
uwb-imu-pl/gate-d-diagnostics/v16,14,700000000,14,14,14,1,1,14,700000000,"health_actions","EXECUTED",6.3560379999999999,""
uwb-imu-pl/gate-d-diagnostics/v16,14,700000000,14,14,14,1,1,14,700000000,"hypothesis_audit","SKIPPED",,"disabled by output.write_hypothesis_evidence"
uwb-imu-pl/gate-d-diagnostics/v16,14,700000000,14,14,14,1,1,14,700000000,"base_factorization","EXECUTED",0.23336899999999999,""
uwb-imu-pl/gate-d-diagnostics/v16,14,700000000,14,14,14,1,1,14,700000000,"shared_cache","EXECUTED",0.0017700000000000001,""
uwb-imu-pl/gate-d-diagnostics/v16,14,700000000,14,14,14,1,1,14,700000000,"candidate_evaluation","EXECUTED",216.06000700000001,"rank=1;dense=0;stream_protocol=2;stream_batches=1;stream_batch_capacity=1;stream_peak_batch_actions=1;stream_peak_resident_evaluated_actions=1;stream_peak_batch_full_proofs=0;stream_retained_full_candidates=0;stream_retained_full_proofs=0;stream_full_action_heavy_copy=0;stream_complete=1;stream_fde_preproof_selected_action=0;stream_fde_preproof_status=NO_VALID_CANDIDATE;stream_main_arena_action_full_proofs=0;stream_action_proof_retention=NORMAL_TWO_PASS_O_B_PLUS_ONE;stream_winner_recompute=0;stream_winner_recompute_test_seam=0"
uwb-imu-pl/gate-d-diagnostics/v16,14,700000000,14,14,14,1,1,14,700000000,"fde_decision","EXECUTED",10.49949,""
uwb-imu-pl/gate-d-diagnostics/v16,14,700000000,14,14,14,1,1,14,700000000,"candidate_audit","EXECUTED",0.032663999999999999,"ACTION_REJECTION_FUNNEL_V2:1=REJECT_PL"
uwb-imu-pl/gate-d-diagnostics/v16,14,700000000,14,14,14,1,1,14,700000000,"commit","EXECUTED",1.143354,""
uwb-imu-pl/gate-d-diagnostics/v16,14,700000000,14,14,14,1,1,14,700000000,"state_audit","EXECUTED",0.00038200000000000002,""
uwb-imu-pl/gate-d-diagnostics/v16,14,700000000,14,14,14,1,1,14,700000000,"finalize_commit_audit","EXECUTED",10.899275999999999,"excludes separately timed commit/discard/state audit"
uwb-imu-pl/gate-d-diagnostics/v16,14,700000000,14,14,14,1,1,14,700000000,"discard","SKIPPED",,"upstream gate did not reach stage"
uwb-imu-pl/gate-d-diagnostics/v16,14,700000000,14,14,14,1,1,14,700000000,"core_total","EXECUTED",1010.150123,""
uwb-imu-pl/gate-d-diagnostics/v16,15,750000000,15,15,15,1,1,15,750000000,"prepare","EXECUTED",2.3449460000000002,""
uwb-imu-pl/gate-d-diagnostics/v16,15,750000000,15,15,15,1,1,15,750000000,"integrity_window","EXECUTED",36.061706000000001,""
uwb-imu-pl/gate-d-diagnostics/v16,15,750000000,15,15,15,1,1,15,750000000,"window_boundary_provenance","EXECUTED",22.750820999999998,""
uwb-imu-pl/gate-d-diagnostics/v16,15,750000000,15,15,15,1,1,15,750000000,"window_factor_linearization_whitening","EXECUTED",0.66479999999999995,""
uwb-imu-pl/gate-d-diagnostics/v16,15,750000000,15,15,15,1,1,15,750000000,"window_dense_assembly","EXECUTED",0.082846000000000003,""
uwb-imu-pl/gate-d-diagnostics/v16,15,750000000,15,15,15,1,1,15,750000000,"window_svd","EXECUTED",7.6156470000000001,""
uwb-imu-pl/gate-d-diagnostics/v16,15,750000000,15,15,15,1,1,15,750000000,"window_normal_equations","EXECUTED",0.29275200000000001,""
uwb-imu-pl/gate-d-diagnostics/v16,15,750000000,15,15,15,1,1,15,750000000,"window_llt_state_solves","EXECUTED",0.107227,""
uwb-imu-pl/gate-d-diagnostics/v16,15,750000000,15,15,15,1,1,15,750000000,"window_fingerprint","EXECUTED",3.3356650000000001,""
uwb-imu-pl/gate-d-diagnostics/v16,15,750000000,15,15,15,1,1,15,750000000,"all_in_detector","EXECUTED",0.100159,""
uwb-imu-pl/gate-d-diagnostics/v16,15,750000000,15,15,15,1,1,15,750000000,"current_sensitivity","EXECUTED",0.39887,""
uwb-imu-pl/gate-d-diagnostics/v16,15,750000000,15,15,15,1,1,15,750000000,"model_generation","EXECUTED",136.375361,""
uwb-imu-pl/gate-d-diagnostics/v16,15,750000000,15,15,15,1,1,15,750000000,"historical_sensitivity","EXECUTED",0.114688,""
uwb-imu-pl/gate-d-diagnostics/v16,15,750000000,15,15,15,1,1,15,750000000,"hypothesis_evidence","EXECUTED",755.48792900000001,"effective_dimensions=1:332,2:20944,3:9408,other:0;context_bytes=5155232;worker_blocks=4"
uwb-imu-pl/gate-d-diagnostics/v16,15,750000000,15,15,15,1,1,15,750000000,"health_actions","EXECUTED",7.7970810000000004,""
uwb-imu-pl/gate-d-diagnostics/v16,15,750000000,15,15,15,1,1,15,750000000,"hypothesis_audit","SKIPPED",,"disabled by output.write_hypothesis_evidence"
uwb-imu-pl/gate-d-diagnostics/v16,15,750000000,15,15,15,1,1,15,750000000,"base_factorization","EXECUTED",0.24493699999999999,""
uwb-imu-pl/gate-d-diagnostics/v16,15,750000000,15,15,15,1,1,15,750000000,"shared_cache","EXECUTED",0.0025119999999999999,""
uwb-imu-pl/gate-d-diagnostics/v16,15,750000000,15,15,15,1,1,15,750000000,"candidate_evaluation","EXECUTED",245.98889299999999,"rank=1;dense=0;stream_protocol=2;stream_batches=1;stream_batch_capacity=1;stream_peak_batch_actions=1;stream_peak_resident_evaluated_actions=1;stream_peak_batch_full_proofs=0;stream_retained_full_candidates=0;stream_retained_full_proofs=0;stream_full_action_heavy_copy=0;stream_complete=1;stream_fde_preproof_selected_action=0;stream_fde_preproof_status=NO_VALID_CANDIDATE;stream_main_arena_action_full_proofs=0;stream_action_proof_retention=NORMAL_TWO_PASS_O_B_PLUS_ONE;stream_winner_recompute=0;stream_winner_recompute_test_seam=0"
uwb-imu-pl/gate-d-diagnostics/v16,15,750000000,15,15,15,1,1,15,750000000,"fde_decision","EXECUTED",13.169038,""
uwb-imu-pl/gate-d-diagnostics/v16,15,750000000,15,15,15,1,1,15,750000000,"candidate_audit","EXECUTED",0.041006000000000001,"ACTION_REJECTION_FUNNEL_V2:1=REJECT_PL"
uwb-imu-pl/gate-d-diagnostics/v16,15,750000000,15,15,15,1,1,15,750000000,"commit","EXECUTED",1.285927,""
uwb-imu-pl/gate-d-diagnostics/v16,15,750000000,15,15,15,1,1,15,750000000,"state_audit","EXECUTED",0.00039800000000000002,""
uwb-imu-pl/gate-d-diagnostics/v16,15,750000000,15,15,15,1,1,15,750000000,"finalize_commit_audit","EXECUTED",13.255919,"excludes separately timed commit/discard/state audit"
uwb-imu-pl/gate-d-diagnostics/v16,15,750000000,15,15,15,1,1,15,750000000,"discard","SKIPPED",,"upstream gate did not reach stage"
uwb-imu-pl/gate-d-diagnostics/v16,15,750000000,15,15,15,1,1,15,750000000,"core_total","EXECUTED",1213.099835,""
uwb-imu-pl/gate-d-diagnostics/v16,16,800000000,16,16,16,1,1,16,800000000,"prepare","EXECUTED",1.4301870000000001,""
uwb-imu-pl/gate-d-diagnostics/v16,16,800000000,16,16,16,1,1,16,800000000,"integrity_window","EXECUTED",56.618560000000002,""
uwb-imu-pl/gate-d-diagnostics/v16,16,800000000,16,16,16,1,1,16,800000000,"window_boundary_provenance","EXECUTED",43.565072999999998,""
uwb-imu-pl/gate-d-diagnostics/v16,16,800000000,16,16,16,1,1,16,800000000,"window_factor_linearization_whitening","EXECUTED",0.758328,""
uwb-imu-pl/gate-d-diagnostics/v16,16,800000000,16,16,16,1,1,16,800000000,"window_dense_assembly","EXECUTED",0.080568000000000001,""
uwb-imu-pl/gate-d-diagnostics/v16,16,800000000,16,16,16,1,1,16,800000000,"window_svd","EXECUTED",7.3631399999999996,""
uwb-imu-pl/gate-d-diagnostics/v16,16,800000000,16,16,16,1,1,16,800000000,"window_normal_equations","EXECUTED",0.29844900000000002,""
uwb-imu-pl/gate-d-diagnostics/v16,16,800000000,16,16,16,1,1,16,800000000,"window_llt_state_solves","EXECUTED",0.10255,""
uwb-imu-pl/gate-d-diagnostics/v16,16,800000000,16,16,16,1,1,16,800000000,"window_fingerprint","EXECUTED",3.2562959999999999,""
uwb-imu-pl/gate-d-diagnostics/v16,16,800000000,16,16,16,1,1,16,800000000,"all_in_detector","EXECUTED",0.096811999999999995,""
uwb-imu-pl/gate-d-diagnostics/v16,16,800000000,16,16,16,1,1,16,800000000,"current_sensitivity","EXECUTED",0.29592600000000002,""
uwb-imu-pl/gate-d-diagnostics/v16,16,800000000,16,16,16,1,1,16,800000000,"model_generation","EXECUTED",163.37168699999998,""
uwb-imu-pl/gate-d-diagnostics/v16,16,800000000,16,16,16,1,1,16,800000000,"historical_sensitivity","EXECUTED",0.11505600000000002,""
uwb-imu-pl/gate-d-diagnostics/v16,16,800000000,16,16,16,1,1,16,800000000,"hypothesis_evidence","EXECUTED",902.11023,"effective_dimensions=1:354,2:23880,3:10800,other:0;context_bytes=5886032;worker_blocks=4"
uwb-imu-pl/gate-d-diagnostics/v16,16,800000000,16,16,16,1,1,16,800000000,"health_actions","EXECUTED",8.5443730000000002,""
uwb-imu-pl/gate-d-diagnostics/v16,16,800000000,16,16,16,1,1,16,800000000,"hypothesis_audit","SKIPPED",,"disabled by output.write_hypothesis_evidence"
uwb-imu-pl/gate-d-diagnostics/v16,16,800000000,16,16,16,1,1,16,800000000,"base_factorization","EXECUTED",0.23000300000000001,""
uwb-imu-pl/gate-d-diagnostics/v16,16,800000000,16,16,16,1,1,16,800000000,"shared_cache","EXECUTED",0.0018190000000000001,""
uwb-imu-pl/gate-d-diagnostics/v16,16,800000000,16,16,16,1,1,16,800000000,"candidate_evaluation","EXECUTED",272.42888900000003,"rank=1;dense=0;stream_protocol=2;stream_batches=1;stream_batch_capacity=1;stream_peak_batch_actions=1;stream_peak_resident_evaluated_actions=1;stream_peak_batch_full_proofs=0;stream_retained_full_candidates=0;stream_retained_full_proofs=0;stream_full_action_heavy_copy=0;stream_complete=1;stream_fde_preproof_selected_action=0;stream_fde_preproof_status=NO_VALID_CANDIDATE;stream_main_arena_action_full_proofs=0;stream_action_proof_retention=NORMAL_TWO_PASS_O_B_PLUS_ONE;stream_winner_recompute=0;stream_winner_recompute_test_seam=0"
uwb-imu-pl/gate-d-diagnostics/v16,16,800000000,16,16,16,1,1,16,800000000,"fde_decision","EXECUTED",15.848447,""
uwb-imu-pl/gate-d-diagnostics/v16,16,800000000,16,16,16,1,1,16,800000000,"candidate_audit","EXECUTED",0.039178999999999999,"ACTION_REJECTION_FUNNEL_V2:1=REJECT_PL"
uwb-imu-pl/gate-d-diagnostics/v16,16,800000000,16,16,16,1,1,16,800000000,"commit","EXECUTED",1.5422180000000001,""
uwb-imu-pl/gate-d-diagnostics/v16,16,800000000,16,16,16,1,1,16,800000000,"state_audit","EXECUTED",0.00053399999999999997,""
uwb-imu-pl/gate-d-diagnostics/v16,16,800000000,16,16,16,1,1,16,800000000,"finalize_commit_audit","EXECUTED",14.403625999999999,"excludes separately timed commit/discard/state audit"
uwb-imu-pl/gate-d-diagnostics/v16,16,800000000,16,16,16,1,1,16,800000000,"discard","SKIPPED",,"upstream gate did not reach stage"
uwb-imu-pl/gate-d-diagnostics/v16,16,800000000,16,16,16,1,1,16,800000000,"core_total","EXECUTED",1437.530082,""
uwb-imu-pl/gate-d-diagnostics/v16,17,850000000,17,17,17,1,1,17,850000000,"prepare","EXECUTED",2.1291259999999999,""
uwb-imu-pl/gate-d-diagnostics/v16,17,850000000,17,17,17,1,1,17,850000000,"integrity_window","EXECUTED",97.955250000000007,""
uwb-imu-pl/gate-d-diagnostics/v16,17,850000000,17,17,17,1,1,17,850000000,"window_boundary_provenance","EXECUTED",83.176254,""
uwb-imu-pl/gate-d-diagnostics/v16,17,850000000,17,17,17,1,1,17,850000000,"window_factor_linearization_whitening","EXECUTED",0.775787,""
uwb-imu-pl/gate-d-diagnostics/v16,17,850000000,17,17,17,1,1,17,850000000,"window_dense_assembly","EXECUTED",0.077770000000000006,""
uwb-imu-pl/gate-d-diagnostics/v16,17,850000000,17,17,17,1,1,17,850000000,"window_svd","EXECUTED",8.7481709999999993,""
uwb-imu-pl/gate-d-diagnostics/v16,17,850000000,17,17,17,1,1,17,850000000,"window_normal_equations","EXECUTED",0.32728699999999999,""
uwb-imu-pl/gate-d-diagnostics/v16,17,850000000,17,17,17,1,1,17,850000000,"window_llt_state_solves","EXECUTED",0.133909,""
uwb-imu-pl/gate-d-diagnostics/v16,17,850000000,17,17,17,1,1,17,850000000,"window_fingerprint","EXECUTED",3.4804520000000001,""
uwb-imu-pl/gate-d-diagnostics/v16,17,850000000,17,17,17,1,1,17,850000000,"all_in_detector","EXECUTED",0.11640499999999999,""
uwb-imu-pl/gate-d-diagnostics/v16,17,850000000,17,17,17,1,1,17,850000000,"current_sensitivity","EXECUTED",0.39354800000000001,""
uwb-imu-pl/gate-d-diagnostics/v16,17,850000000,17,17,17,1,1,17,850000000,"model_generation","EXECUTED",181.772603,""
uwb-imu-pl/gate-d-diagnostics/v16,17,850000000,17,17,17,1,1,17,850000000,"historical_sensitivity","EXECUTED",0.12723899999999999,""
uwb-imu-pl/gate-d-diagnostics/v16,17,850000000,17,17,17,1,1,17,850000000,"hypothesis_evidence","EXECUTED",1065.5351780000001,"effective_dimensions=1:376,2:27008,3:12288,other:0;context_bytes=6665216;worker_blocks=4"
uwb-imu-pl/gate-d-diagnostics/v16,17,850000000,17,17,17,1,1,17,850000000,"health_actions","EXECUTED",10.428481,""
uwb-imu-pl/gate-d-diagnostics/v16,17,850000000,17,17,17,1,1,17,850000000,"hypothesis_audit","SKIPPED",,"disabled by output.write_hypothesis_evidence"
uwb-imu-pl/gate-d-diagnostics/v16,17,850000000,17,17,17,1,1,17,850000000,"base_factorization","EXECUTED",0.233462,""
uwb-imu-pl/gate-d-diagnostics/v16,17,850000000,17,17,17,1,1,17,850000000,"shared_cache","EXECUTED",0.0021059999999999998,""
uwb-imu-pl/gate-d-diagnostics/v16,17,850000000,17,17,17,1,1,17,850000000,"candidate_evaluation","EXECUTED",301.42529300000001,"rank=1;dense=0;stream_protocol=2;stream_batches=1;stream_batch_capacity=1;stream_peak_batch_actions=1;stream_peak_resident_evaluated_actions=1;stream_peak_batch_full_proofs=0;stream_retained_full_candidates=0;stream_retained_full_proofs=0;stream_full_action_heavy_copy=0;stream_complete=1;stream_fde_preproof_selected_action=0;stream_fde_preproof_status=NO_VALID_CANDIDATE;stream_main_arena_action_full_proofs=0;stream_action_proof_retention=NORMAL_TWO_PASS_O_B_PLUS_ONE;stream_winner_recompute=0;stream_winner_recompute_test_seam=0"
uwb-imu-pl/gate-d-diagnostics/v16,17,850000000,17,17,17,1,1,17,850000000,"fde_decision","EXECUTED",15.701532,""
uwb-imu-pl/gate-d-diagnostics/v16,17,850000000,17,17,17,1,1,17,850000000,"candidate_audit","EXECUTED",0.040292000000000001,"ACTION_REJECTION_FUNNEL_V2:1=REJECT_PL"
uwb-imu-pl/gate-d-diagnostics/v16,17,850000000,17,17,17,1,1,17,850000000,"commit","EXECUTED",1.5541990000000001,""
uwb-imu-pl/gate-d-diagnostics/v16,17,850000000,17,17,17,1,1,17,850000000,"state_audit","EXECUTED",0.00040000000000000002,""
uwb-imu-pl/gate-d-diagnostics/v16,17,850000000,17,17,17,1,1,17,850000000,"finalize_commit_audit","EXECUTED",17.590281000000001,"excludes separately timed commit/discard/state audit"
uwb-imu-pl/gate-d-diagnostics/v16,17,850000000,17,17,17,1,1,17,850000000,"discard","SKIPPED",,"upstream gate did not reach stage"
uwb-imu-pl/gate-d-diagnostics/v16,17,850000000,17,17,17,1,1,17,850000000,"core_total","EXECUTED",1695.556775,""
uwb-imu-pl/gate-d-diagnostics/v16,18,900000000,18,18,18,1,1,18,900000000,"prepare","EXECUTED",1.7678860000000001,""
uwb-imu-pl/gate-d-diagnostics/v16,18,900000000,18,18,18,1,1,18,900000000,"integrity_window","EXECUTED",149.605907,""
uwb-imu-pl/gate-d-diagnostics/v16,18,900000000,18,18,18,1,1,18,900000000,"window_boundary_provenance","EXECUTED",134.801311,""
uwb-imu-pl/gate-d-diagnostics/v16,18,900000000,18,18,18,1,1,18,900000000,"window_factor_linearization_whitening","EXECUTED",0.762598,""
uwb-imu-pl/gate-d-diagnostics/v16,18,900000000,18,18,18,1,1,18,900000000,"window_dense_assembly","EXECUTED",0.33042500000000002,""
uwb-imu-pl/gate-d-diagnostics/v16,18,900000000,18,18,18,1,1,18,900000000,"window_svd","EXECUTED",8.4431759999999993,""
uwb-imu-pl/gate-d-diagnostics/v16,18,900000000,18,18,18,1,1,18,900000000,"window_normal_equations","EXECUTED",0.32825300000000002,""
uwb-imu-pl/gate-d-diagnostics/v16,18,900000000,18,18,18,1,1,18,900000000,"window_llt_state_solves","EXECUTED",0.109843,""
uwb-imu-pl/gate-d-diagnostics/v16,18,900000000,18,18,18,1,1,18,900000000,"window_fingerprint","EXECUTED",3.5282480000000001,""
uwb-imu-pl/gate-d-diagnostics/v16,18,900000000,18,18,18,1,1,18,900000000,"all_in_detector","EXECUTED",0.14192299999999999,""
uwb-imu-pl/gate-d-diagnostics/v16,18,900000000,18,18,18,1,1,18,900000000,"current_sensitivity","EXECUTED",0.43572300000000003,""
uwb-imu-pl/gate-d-diagnostics/v16,18,900000000,18,18,18,1,1,18,900000000,"model_generation","EXECUTED",211.817825,""
uwb-imu-pl/gate-d-diagnostics/v16,18,900000000,18,18,18,1,1,18,900000000,"historical_sensitivity","EXECUTED",0.12513300000000002,""
uwb-imu-pl/gate-d-diagnostics/v16,18,900000000,18,18,18,1,1,18,900000000,"hypothesis_evidence","EXECUTED",1246.924767,"effective_dimensions=1:398,2:30328,3:13872,other:0;context_bytes=7492784;worker_blocks=4"
uwb-imu-pl/gate-d-diagnostics/v16,18,900000000,18,18,18,1,1,18,900000000,"health_actions","EXECUTED",10.921647999999999,""
uwb-imu-pl/gate-d-diagnostics/v16,18,900000000,18,18,18,1,1,18,900000000,"hypothesis_audit","SKIPPED",,"disabled by output.write_hypothesis_evidence"
uwb-imu-pl/gate-d-diagnostics/v16,18,900000000,18,18,18,1,1,18,900000000,"base_factorization","EXECUTED",0.232513,""
uwb-imu-pl/gate-d-diagnostics/v16,18,900000000,18,18,18,1,1,18,900000000,"shared_cache","EXECUTED",0.001944,""
uwb-imu-pl/gate-d-diagnostics/v16,18,900000000,18,18,18,1,1,18,900000000,"candidate_evaluation","EXECUTED",335.49164500000001,"rank=1;dense=0;stream_protocol=2;stream_batches=1;stream_batch_capacity=1;stream_peak_batch_actions=1;stream_peak_resident_evaluated_actions=1;stream_peak_batch_full_proofs=0;stream_retained_full_candidates=0;stream_retained_full_proofs=0;stream_full_action_heavy_copy=0;stream_complete=1;stream_fde_preproof_selected_action=0;stream_fde_preproof_status=NO_VALID_CANDIDATE;stream_main_arena_action_full_proofs=0;stream_action_proof_retention=NORMAL_TWO_PASS_O_B_PLUS_ONE;stream_winner_recompute=0;stream_winner_recompute_test_seam=0"
uwb-imu-pl/gate-d-diagnostics/v16,18,900000000,18,18,18,1,1,18,900000000,"fde_decision","EXECUTED",20.672440000000002,""
uwb-imu-pl/gate-d-diagnostics/v16,18,900000000,18,18,18,1,1,18,900000000,"candidate_audit","EXECUTED",0.036877,"ACTION_REJECTION_FUNNEL_V2:1=REJECT_PL"
uwb-imu-pl/gate-d-diagnostics/v16,18,900000000,18,18,18,1,1,18,900000000,"commit","EXECUTED",1.7458979999999999,""
uwb-imu-pl/gate-d-diagnostics/v16,18,900000000,18,18,18,1,1,18,900000000,"state_audit","EXECUTED",0.000426,""
uwb-imu-pl/gate-d-diagnostics/v16,18,900000000,18,18,18,1,1,18,900000000,"finalize_commit_audit","EXECUTED",24.2014,"excludes separately timed commit/discard/state audit"
uwb-imu-pl/gate-d-diagnostics/v16,18,900000000,18,18,18,1,1,18,900000000,"discard","SKIPPED",,"upstream gate did not reach stage"
uwb-imu-pl/gate-d-diagnostics/v16,18,900000000,18,18,18,1,1,18,900000000,"core_total","EXECUTED",2004.645777,""
uwb-imu-pl/gate-d-diagnostics/v16,19,950000000,19,19,19,1,1,19,950000000,"prepare","EXECUTED",1.7377940000000001,""
uwb-imu-pl/gate-d-diagnostics/v16,19,950000000,19,19,19,1,1,19,950000000,"integrity_window","EXECUTED",231.59116599999999,""
uwb-imu-pl/gate-d-diagnostics/v16,19,950000000,19,19,19,1,1,19,950000000,"window_boundary_provenance","EXECUTED",216.62662499999999,""
uwb-imu-pl/gate-d-diagnostics/v16,19,950000000,19,19,19,1,1,19,950000000,"window_factor_linearization_whitening","EXECUTED",0.854047,""
uwb-imu-pl/gate-d-diagnostics/v16,19,950000000,19,19,19,1,1,19,950000000,"window_dense_assembly","EXECUTED",0.10908,""
uwb-imu-pl/gate-d-diagnostics/v16,19,950000000,19,19,19,1,1,19,950000000,"window_svd","EXECUTED",7.646407,""
uwb-imu-pl/gate-d-diagnostics/v16,19,950000000,19,19,19,1,1,19,950000000,"window_normal_equations","EXECUTED",0.309359,""
uwb-imu-pl/gate-d-diagnostics/v16,19,950000000,19,19,19,1,1,19,950000000,"window_llt_state_solves","EXECUTED",0.100857,""
uwb-imu-pl/gate-d-diagnostics/v16,19,950000000,19,19,19,1,1,19,950000000,"window_fingerprint","EXECUTED",4.0783950000000004,""
uwb-imu-pl/gate-d-diagnostics/v16,19,950000000,19,19,19,1,1,19,950000000,"all_in_detector","EXECUTED",0.17909800000000001,""
uwb-imu-pl/gate-d-diagnostics/v16,19,950000000,19,19,19,1,1,19,950000000,"current_sensitivity","EXECUTED",0.391843,""
uwb-imu-pl/gate-d-diagnostics/v16,19,950000000,19,19,19,1,1,19,950000000,"model_generation","EXECUTED",242.68052700000001,""
uwb-imu-pl/gate-d-diagnostics/v16,19,950000000,19,19,19,1,1,19,950000000,"historical_sensitivity","EXECUTED",0.11455600000000001,""
uwb-imu-pl/gate-d-diagnostics/v16,19,950000000,19,19,19,1,1,19,950000000,"hypothesis_evidence","EXECUTED",1427.4421729999999,"effective_dimensions=1:420,2:33840,3:15552,other:0;context_bytes=8368736;worker_blocks=4"
uwb-imu-pl/gate-d-diagnostics/v16,19,950000000,19,19,19,1,1,19,950000000,"health_actions","EXECUTED",13.335547,""
uwb-imu-pl/gate-d-diagnostics/v16,19,950000000,19,19,19,1,1,19,950000000,"hypothesis_audit","SKIPPED",,"disabled by output.write_hypothesis_evidence"
uwb-imu-pl/gate-d-diagnostics/v16,19,950000000,19,19,19,1,1,19,950000000,"base_factorization","EXECUTED",0.24818899999999999,""
uwb-imu-pl/gate-d-diagnostics/v16,19,950000000,19,19,19,1,1,19,950000000,"shared_cache","EXECUTED",0.002189,""
uwb-imu-pl/gate-d-diagnostics/v16,19,950000000,19,19,19,1,1,19,950000000,"candidate_evaluation","EXECUTED",366.93775699999998,"rank=1;dense=0;stream_protocol=2;stream_batches=1;stream_batch_capacity=1;stream_peak_batch_actions=1;stream_peak_resident_evaluated_actions=1;stream_peak_batch_full_proofs=0;stream_retained_full_candidates=0;stream_retained_full_proofs=0;stream_full_action_heavy_copy=0;stream_complete=1;stream_fde_preproof_selected_action=0;stream_fde_preproof_status=NO_VALID_CANDIDATE;stream_main_arena_action_full_proofs=0;stream_action_proof_retention=NORMAL_TWO_PASS_O_B_PLUS_ONE;stream_winner_recompute=0;stream_winner_recompute_test_seam=0"
uwb-imu-pl/gate-d-diagnostics/v16,19,950000000,19,19,19,1,1,19,950000000,"fde_decision","EXECUTED",21.718017,""
uwb-imu-pl/gate-d-diagnostics/v16,19,950000000,19,19,19,1,1,19,950000000,"candidate_audit","EXECUTED",0.040390000000000002,"ACTION_REJECTION_FUNNEL_V2:1=REJECT_PL"
uwb-imu-pl/gate-d-diagnostics/v16,19,950000000,19,19,19,1,1,19,950000000,"commit","EXECUTED",1.740291,""
uwb-imu-pl/gate-d-diagnostics/v16,19,950000000,19,19,19,1,1,19,950000000,"state_audit","EXECUTED",0.00045399999999999998,""
uwb-imu-pl/gate-d-diagnostics/v16,19,950000000,19,19,19,1,1,19,950000000,"finalize_commit_audit","EXECUTED",25.849312000000001,"excludes separately timed commit/discard/state audit"
uwb-imu-pl/gate-d-diagnostics/v16,19,950000000,19,19,19,1,1,19,950000000,"discard","SKIPPED",,"upstream gate did not reach stage"
uwb-imu-pl/gate-d-diagnostics/v16,19,950000000,19,19,19,1,1,19,950000000,"core_total","EXECUTED",2334.5168840000001,""
uwb-imu-pl/gate-d-diagnostics/v16,20,1000000000,20,20,20,1,1,20,1000000000,"prepare","EXECUTED",1.878973,""
uwb-imu-pl/gate-d-diagnostics/v16,20,1000000000,20,20,20,1,1,20,1000000000,"integrity_window","EXECUTED",345.60238800000002,""
uwb-imu-pl/gate-d-diagnostics/v16,20,1000000000,20,20,20,1,1,20,1000000000,"window_boundary_provenance","EXECUTED",329.94617299999999,""
uwb-imu-pl/gate-d-diagnostics/v16,20,1000000000,20,20,20,1,1,20,1000000000,"window_factor_linearization_whitening","EXECUTED",0.91678300000000001,""
uwb-imu-pl/gate-d-diagnostics/v16,20,1000000000,20,20,20,1,1,20,1000000000,"window_dense_assembly","EXECUTED",0.090112999999999999,""
uwb-imu-pl/gate-d-diagnostics/v16,20,1000000000,20,20,20,1,1,20,1000000000,"window_svd","EXECUTED",9.4104930000000007,""
uwb-imu-pl/gate-d-diagnostics/v16,20,1000000000,20,20,20,1,1,20,1000000000,"window_normal_equations","EXECUTED",0.31156,""
uwb-imu-pl/gate-d-diagnostics/v16,20,1000000000,20,20,20,1,1,20,1000000000,"window_llt_state_solves","EXECUTED",0.10133,""
uwb-imu-pl/gate-d-diagnostics/v16,20,1000000000,20,20,20,1,1,20,1000000000,"window_fingerprint","EXECUTED",3.604152,""
uwb-imu-pl/gate-d-diagnostics/v16,20,1000000000,20,20,20,1,1,20,1000000000,"all_in_detector","EXECUTED",0.21807499999999999,""
uwb-imu-pl/gate-d-diagnostics/v16,20,1000000000,20,20,20,1,1,20,1000000000,"current_sensitivity","EXECUTED",0.463169,""
uwb-imu-pl/gate-d-diagnostics/v16,20,1000000000,20,20,20,1,1,20,1000000000,"model_generation","EXECUTED",268.76569000000001,""
uwb-imu-pl/gate-d-diagnostics/v16,20,1000000000,20,20,20,1,1,20,1000000000,"historical_sensitivity","EXECUTED",0.13334000000000001,""
uwb-imu-pl/gate-d-diagnostics/v16,20,1000000000,20,20,20,1,1,20,1000000000,"hypothesis_evidence","EXECUTED",1625.913225,"effective_dimensions=1:442,2:37544,3:17328,other:0;context_bytes=9293072;worker_blocks=4"
uwb-imu-pl/gate-d-diagnostics/v16,20,1000000000,20,20,20,1,1,20,1000000000,"health_actions","EXECUTED",15.119160000000001,""
uwb-imu-pl/gate-d-diagnostics/v16,20,1000000000,20,20,20,1,1,20,1000000000,"hypothesis_audit","SKIPPED",,"disabled by output.write_hypothesis_evidence"
uwb-imu-pl/gate-d-diagnostics/v16,20,1000000000,20,20,20,1,1,20,1000000000,"base_factorization","EXECUTED",0.25430199999999997,""
uwb-imu-pl/gate-d-diagnostics/v16,20,1000000000,20,20,20,1,1,20,1000000000,"shared_cache","EXECUTED",0.0022569999999999999,""
uwb-imu-pl/gate-d-diagnostics/v16,20,1000000000,20,20,20,1,1,20,1000000000,"candidate_evaluation","EXECUTED",410.614508,"rank=1;dense=0;stream_protocol=2;stream_batches=1;stream_batch_capacity=1;stream_peak_batch_actions=1;stream_peak_resident_evaluated_actions=1;stream_peak_batch_full_proofs=0;stream_retained_full_candidates=0;stream_retained_full_proofs=0;stream_full_action_heavy_copy=0;stream_complete=1;stream_fde_preproof_selected_action=0;stream_fde_preproof_status=NO_VALID_CANDIDATE;stream_main_arena_action_full_proofs=0;stream_action_proof_retention=NORMAL_TWO_PASS_O_B_PLUS_ONE;stream_winner_recompute=0;stream_winner_recompute_test_seam=0"
uwb-imu-pl/gate-d-diagnostics/v16,20,1000000000,20,20,20,1,1,20,1000000000,"fde_decision","EXECUTED",24.797775999999999,""
uwb-imu-pl/gate-d-diagnostics/v16,20,1000000000,20,20,20,1,1,20,1000000000,"candidate_audit","EXECUTED",0.037283999999999998,"ACTION_REJECTION_FUNNEL_V2:1=REJECT_PL"
uwb-imu-pl/gate-d-diagnostics/v16,20,1000000000,20,20,20,1,1,20,1000000000,"commit","EXECUTED",1.9324429999999999,""
uwb-imu-pl/gate-d-diagnostics/v16,20,1000000000,20,20,20,1,1,20,1000000000,"state_audit","EXECUTED",0.00042000000000000002,""
uwb-imu-pl/gate-d-diagnostics/v16,20,1000000000,20,20,20,1,1,20,1000000000,"finalize_commit_audit","EXECUTED",24.462837999999998,"excludes separately timed commit/discard/state audit"
uwb-imu-pl/gate-d-diagnostics/v16,20,1000000000,20,20,20,1,1,20,1000000000,"discard","SKIPPED",,"upstream gate did not reach stage"
uwb-imu-pl/gate-d-diagnostics/v16,20,1000000000,20,20,20,1,1,20,1000000000,"core_total","EXECUTED",2720.692853,""
uwb-imu-pl/gate-d-diagnostics/v16,21,1050000000,21,21,21,1,1,21,1050000000,"prepare","EXECUTED",2.0027840000000001,""
uwb-imu-pl/gate-d-diagnostics/v16,21,1050000000,21,21,21,1,1,21,1050000000,"integrity_window","EXECUTED",482.73408899999998,""
uwb-imu-pl/gate-d-diagnostics/v16,21,1050000000,21,21,21,1,1,21,1050000000,"window_boundary_provenance","EXECUTED",467.785911,""
uwb-imu-pl/gate-d-diagnostics/v16,21,1050000000,21,21,21,1,1,21,1050000000,"window_factor_linearization_whitening","EXECUTED",0.95315000000000005,""
uwb-imu-pl/gate-d-diagnostics/v16,21,1050000000,21,21,21,1,1,21,1050000000,"window_dense_assembly","EXECUTED",0.101357,""
uwb-imu-pl/gate-d-diagnostics/v16,21,1050000000,21,21,21,1,1,21,1050000000,"window_svd","EXECUTED",8.0992320000000007,""
uwb-imu-pl/gate-d-diagnostics/v16,21,1050000000,21,21,21,1,1,21,1050000000,"window_normal_equations","EXECUTED",0.37584099999999998,""
uwb-imu-pl/gate-d-diagnostics/v16,21,1050000000,21,21,21,1,1,21,1050000000,"window_llt_state_solves","EXECUTED",0.11856700000000001,""
uwb-imu-pl/gate-d-diagnostics/v16,21,1050000000,21,21,21,1,1,21,1050000000,"window_fingerprint","EXECUTED",3.962348,""
uwb-imu-pl/gate-d-diagnostics/v16,21,1050000000,21,21,21,1,1,21,1050000000,"all_in_detector","EXECUTED",0.28325400000000001,""
uwb-imu-pl/gate-d-diagnostics/v16,21,1050000000,21,21,21,1,1,21,1050000000,"current_sensitivity","EXECUTED",0.55736399999999997,""
uwb-imu-pl/gate-d-diagnostics/v16,21,1050000000,21,21,21,1,1,21,1050000000,"model_generation","EXECUTED",297.05398700000001,""
uwb-imu-pl/gate-d-diagnostics/v16,21,1050000000,21,21,21,1,1,21,1050000000,"historical_sensitivity","EXECUTED",0.12887999999999999,""
uwb-imu-pl/gate-d-diagnostics/v16,21,1050000000,21,21,21,1,1,21,1050000000,"hypothesis_evidence","EXECUTED",1842.515654,"effective_dimensions=1:464,2:41440,3:19200,other:0;context_bytes=10265792;worker_blocks=4"
uwb-imu-pl/gate-d-diagnostics/v16,21,1050000000,21,21,21,1,1,21,1050000000,"health_actions","EXECUTED",17.123386,""
uwb-imu-pl/gate-d-diagnostics/v16,21,1050000000,21,21,21,1,1,21,1050000000,"hypothesis_audit","SKIPPED",,"disabled by output.write_hypothesis_evidence"
uwb-imu-pl/gate-d-diagnostics/v16,21,1050000000,21,21,21,1,1,21,1050000000,"base_factorization","EXECUTED",0.257934,""
uwb-imu-pl/gate-d-diagnostics/v16,21,1050000000,21,21,21,1,1,21,1050000000,"shared_cache","EXECUTED",0.002467,""
uwb-imu-pl/gate-d-diagnostics/v16,21,1050000000,21,21,21,1,1,21,1050000000,"candidate_evaluation","EXECUTED",449.54335700000001,"rank=1;dense=0;stream_protocol=2;stream_batches=1;stream_batch_capacity=1;stream_peak_batch_actions=1;stream_peak_resident_evaluated_actions=1;stream_peak_batch_full_proofs=0;stream_retained_full_candidates=0;stream_retained_full_proofs=0;stream_full_action_heavy_copy=0;stream_complete=1;stream_fde_preproof_selected_action=0;stream_fde_preproof_status=NO_VALID_CANDIDATE;stream_main_arena_action_full_proofs=0;stream_action_proof_retention=NORMAL_TWO_PASS_O_B_PLUS_ONE;stream_winner_recompute=0;stream_winner_recompute_test_seam=0"
uwb-imu-pl/gate-d-diagnostics/v16,21,1050000000,21,21,21,1,1,21,1050000000,"fde_decision","EXECUTED",27.176373999999999,""
uwb-imu-pl/gate-d-diagnostics/v16,21,1050000000,21,21,21,1,1,21,1050000000,"candidate_audit","EXECUTED",0.040537999999999998,"ACTION_REJECTION_FUNNEL_V2:1=REJECT_PL"
uwb-imu-pl/gate-d-diagnostics/v16,21,1050000000,21,21,21,1,1,21,1050000000,"commit","EXECUTED",2.5932339999999998,""
uwb-imu-pl/gate-d-diagnostics/v16,21,1050000000,21,21,21,1,1,21,1050000000,"state_audit","EXECUTED",0.00041399999999999998,""
uwb-imu-pl/gate-d-diagnostics/v16,21,1050000000,21,21,21,1,1,21,1050000000,"finalize_commit_audit","EXECUTED",30.012383,"excludes separately timed commit/discard/state audit"
uwb-imu-pl/gate-d-diagnostics/v16,21,1050000000,21,21,21,1,1,21,1050000000,"discard","SKIPPED",,"upstream gate did not reach stage"
uwb-imu-pl/gate-d-diagnostics/v16,21,1050000000,21,21,21,1,1,21,1050000000,"core_total","EXECUTED",3152.6544600000002,""
uwb-imu-pl/gate-d-diagnostics/v16,22,1100000000,22,22,22,1,1,22,1100000000,"prepare","EXECUTED",2.1307369999999999,""
uwb-imu-pl/gate-d-diagnostics/v16,22,1100000000,22,22,22,1,1,22,1100000000,"integrity_window","EXECUTED",661.11790399999995,""
uwb-imu-pl/gate-d-diagnostics/v16,22,1100000000,22,22,22,1,1,22,1100000000,"window_boundary_provenance","EXECUTED",644.65322500000002,""
uwb-imu-pl/gate-d-diagnostics/v16,22,1100000000,22,22,22,1,1,22,1100000000,"window_factor_linearization_whitening","EXECUTED",1.9938020000000001,""
uwb-imu-pl/gate-d-diagnostics/v16,22,1100000000,22,22,22,1,1,22,1100000000,"window_dense_assembly","EXECUTED",0.123973,""
uwb-imu-pl/gate-d-diagnostics/v16,22,1100000000,22,22,22,1,1,22,1100000000,"window_svd","EXECUTED",8.2526080000000004,""
uwb-imu-pl/gate-d-diagnostics/v16,22,1100000000,22,22,22,1,1,22,1100000000,"window_normal_equations","EXECUTED",0.376222,""
uwb-imu-pl/gate-d-diagnostics/v16,22,1100000000,22,22,22,1,1,22,1100000000,"window_llt_state_solves","EXECUTED",0.16647999999999999,""
uwb-imu-pl/gate-d-diagnostics/v16,22,1100000000,22,22,22,1,1,22,1100000000,"window_fingerprint","EXECUTED",4.1282310000000004,""
uwb-imu-pl/gate-d-diagnostics/v16,22,1100000000,22,22,22,1,1,22,1100000000,"all_in_detector","EXECUTED",0.33517200000000003,""
uwb-imu-pl/gate-d-diagnostics/v16,22,1100000000,22,22,22,1,1,22,1100000000,"current_sensitivity","EXECUTED",0.53447800000000001,""
uwb-imu-pl/gate-d-diagnostics/v16,22,1100000000,22,22,22,1,1,22,1100000000,"model_generation","EXECUTED",291.72982300000001,""
uwb-imu-pl/gate-d-diagnostics/v16,22,1100000000,22,22,22,1,1,22,1100000000,"historical_sensitivity","EXECUTED",0.12591000000000002,""
uwb-imu-pl/gate-d-diagnostics/v16,22,1100000000,22,22,22,1,1,22,1100000000,"hypothesis_evidence","EXECUTED",1863.875053,"effective_dimensions=1:464,2:41440,3:19200,other:0;context_bytes=10265792;worker_blocks=4"
uwb-imu-pl/gate-d-diagnostics/v16,22,1100000000,22,22,22,1,1,22,1100000000,"health_actions","EXECUTED",17.998546999999999,""
uwb-imu-pl/gate-d-diagnostics/v16,22,1100000000,22,22,22,1,1,22,1100000000,"hypothesis_audit","SKIPPED",,"disabled by output.write_hypothesis_evidence"
uwb-imu-pl/gate-d-diagnostics/v16,22,1100000000,22,22,22,1,1,22,1100000000,"base_factorization","EXECUTED",0.26615100000000003,""
uwb-imu-pl/gate-d-diagnostics/v16,22,1100000000,22,22,22,1,1,22,1100000000,"shared_cache","EXECUTED",0.002271,""
uwb-imu-pl/gate-d-diagnostics/v16,22,1100000000,22,22,22,1,1,22,1100000000,"candidate_evaluation","EXECUTED",445.534176,"rank=1;dense=0;stream_protocol=2;stream_batches=1;stream_batch_capacity=1;stream_peak_batch_actions=1;stream_peak_resident_evaluated_actions=1;stream_peak_batch_full_proofs=0;stream_retained_full_candidates=0;stream_retained_full_proofs=0;stream_full_action_heavy_copy=0;stream_complete=1;stream_fde_preproof_selected_action=0;stream_fde_preproof_status=NO_VALID_CANDIDATE;stream_main_arena_action_full_proofs=0;stream_action_proof_retention=NORMAL_TWO_PASS_O_B_PLUS_ONE;stream_winner_recompute=0;stream_winner_recompute_test_seam=0"
uwb-imu-pl/gate-d-diagnostics/v16,22,1100000000,22,22,22,1,1,22,1100000000,"fde_decision","EXECUTED",27.278777999999999,""
uwb-imu-pl/gate-d-diagnostics/v16,22,1100000000,22,22,22,1,1,22,1100000000,"candidate_audit","EXECUTED",0.040063000000000001,"ACTION_REJECTION_FUNNEL_V2:1=REJECT_PL"
uwb-imu-pl/gate-d-diagnostics/v16,22,1100000000,22,22,22,1,1,22,1100000000,"commit","EXECUTED",2.0939429999999999,""
uwb-imu-pl/gate-d-diagnostics/v16,22,1100000000,22,22,22,1,1,22,1100000000,"state_audit","EXECUTED",0.00039599999999999998,""
uwb-imu-pl/gate-d-diagnostics/v16,22,1100000000,22,22,22,1,1,22,1100000000,"finalize_commit_audit","EXECUTED",34.106442000000001,"excludes separately timed commit/discard/state audit"
uwb-imu-pl/gate-d-diagnostics/v16,22,1100000000,22,22,22,1,1,22,1100000000,"discard","SKIPPED",,"upstream gate did not reach stage"
uwb-imu-pl/gate-d-diagnostics/v16,22,1100000000,22,22,22,1,1,22,1100000000,"core_total","EXECUTED",3347.7370850000002,""
uwb-imu-pl/gate-d-diagnostics/v16,23,1150000000,23,23,23,1,1,23,1150000000,"prepare","EXECUTED",2.2505099999999998,""
uwb-imu-pl/gate-d-diagnostics/v16,23,1150000000,23,23,23,1,1,23,1150000000,"integrity_window","EXECUTED",877.27913999999998,""
uwb-imu-pl/gate-d-diagnostics/v16,23,1150000000,23,23,23,1,1,23,1150000000,"window_boundary_provenance","EXECUTED",862.38329599999997,""
uwb-imu-pl/gate-d-diagnostics/v16,23,1150000000,23,23,23,1,1,23,1150000000,"window_factor_linearization_whitening","EXECUTED",1.033893,""
uwb-imu-pl/gate-d-diagnostics/v16,23,1150000000,23,23,23,1,1,23,1150000000,"window_dense_assembly","EXECUTED",0.126968,""
uwb-imu-pl/gate-d-diagnostics/v16,23,1150000000,23,23,23,1,1,23,1150000000,"window_svd","EXECUTED",7.9164669999999999,""
uwb-imu-pl/gate-d-diagnostics/v16,23,1150000000,23,23,23,1,1,23,1150000000,"window_normal_equations","EXECUTED",0.37104399999999998,""
uwb-imu-pl/gate-d-diagnostics/v16,23,1150000000,23,23,23,1,1,23,1150000000,"window_llt_state_solves","EXECUTED",0.12116,""
uwb-imu-pl/gate-d-diagnostics/v16,23,1150000000,23,23,23,1,1,23,1150000000,"window_fingerprint","EXECUTED",4.0055399999999999,""
uwb-imu-pl/gate-d-diagnostics/v16,23,1150000000,23,23,23,1,1,23,1150000000,"all_in_detector","EXECUTED",0.270264,""
uwb-imu-pl/gate-d-diagnostics/v16,23,1150000000,23,23,23,1,1,23,1150000000,"current_sensitivity","EXECUTED",0.58211800000000002,""
uwb-imu-pl/gate-d-diagnostics/v16,23,1150000000,23,23,23,1,1,23,1150000000,"model_generation","EXECUTED",297.129526,""
uwb-imu-pl/gate-d-diagnostics/v16,23,1150000000,23,23,23,1,1,23,1150000000,"historical_sensitivity","EXECUTED",0.12823199999999998,""
uwb-imu-pl/gate-d-diagnostics/v16,23,1150000000,23,23,23,1,1,23,1150000000,"hypothesis_evidence","EXECUTED",1876.060614,"effective_dimensions=1:464,2:41440,3:19200,other:0;context_bytes=10265792;worker_blocks=4"
uwb-imu-pl/gate-d-diagnostics/v16,23,1150000000,23,23,23,1,1,23,1150000000,"health_actions","EXECUTED",16.514813,""
uwb-imu-pl/gate-d-diagnostics/v16,23,1150000000,23,23,23,1,1,23,1150000000,"hypothesis_audit","SKIPPED",,"disabled by output.write_hypothesis_evidence"
uwb-imu-pl/gate-d-diagnostics/v16,23,1150000000,23,23,23,1,1,23,1150000000,"base_factorization","EXECUTED",0.25702900000000001,""
uwb-imu-pl/gate-d-diagnostics/v16,23,1150000000,23,23,23,1,1,23,1150000000,"shared_cache","EXECUTED",0.0026589999999999999,""
uwb-imu-pl/gate-d-diagnostics/v16,23,1150000000,23,23,23,1,1,23,1150000000,"candidate_evaluation","EXECUTED",435.92763000000002,"rank=1;dense=0;stream_protocol=2;stream_batches=1;stream_batch_capacity=1;stream_peak_batch_actions=1;stream_peak_resident_evaluated_actions=1;stream_peak_batch_full_proofs=0;stream_retained_full_candidates=0;stream_retained_full_proofs=0;stream_full_action_heavy_copy=0;stream_complete=1;stream_fde_preproof_selected_action=0;stream_fde_preproof_status=NO_VALID_CANDIDATE;stream_main_arena_action_full_proofs=0;stream_action_proof_retention=NORMAL_TWO_PASS_O_B_PLUS_ONE;stream_winner_recompute=0;stream_winner_recompute_test_seam=0"
uwb-imu-pl/gate-d-diagnostics/v16,23,1150000000,23,23,23,1,1,23,1150000000,"fde_decision","EXECUTED",26.292314000000001,""
uwb-imu-pl/gate-d-diagnostics/v16,23,1150000000,23,23,23,1,1,23,1150000000,"candidate_audit","EXECUTED",0.039578000000000002,"ACTION_REJECTION_FUNNEL_V2:1=REJECT_PL"
uwb-imu-pl/gate-d-diagnostics/v16,23,1150000000,23,23,23,1,1,23,1150000000,"commit","EXECUTED",2.150941,""
uwb-imu-pl/gate-d-diagnostics/v16,23,1150000000,23,23,23,1,1,23,1150000000,"state_audit","EXECUTED",0.00038999999999999999,""
uwb-imu-pl/gate-d-diagnostics/v16,23,1150000000,23,23,23,1,1,23,1150000000,"finalize_commit_audit","EXECUTED",34.747146000000001,"excludes separately timed commit/discard/state audit"
uwb-imu-pl/gate-d-diagnostics/v16,23,1150000000,23,23,23,1,1,23,1150000000,"discard","SKIPPED",,"upstream gate did not reach stage"
uwb-imu-pl/gate-d-diagnostics/v16,23,1150000000,23,23,23,1,1,23,1150000000,"core_total","EXECUTED",3570.4116720000002,""
uwb-imu-pl/gate-d-diagnostics/v16,24,1200000000,24,24,24,1,1,24,1200000000,"prepare","EXECUTED",2.1887880000000002,""
uwb-imu-pl/gate-d-diagnostics/v16,24,1200000000,24,24,24,1,1,24,1200000000,"integrity_window","EXECUTED",1093.1893439999999,""
uwb-imu-pl/gate-d-diagnostics/v16,24,1200000000,24,24,24,1,1,24,1200000000,"window_boundary_provenance","EXECUTED",1078.054224,""
uwb-imu-pl/gate-d-diagnostics/v16,24,1200000000,24,24,24,1,1,24,1200000000,"window_factor_linearization_whitening","EXECUTED",1.16669,""
uwb-imu-pl/gate-d-diagnostics/v16,24,1200000000,24,24,24,1,1,24,1200000000,"window_dense_assembly","EXECUTED",0.13819300000000001,""
uwb-imu-pl/gate-d-diagnostics/v16,24,1200000000,24,24,24,1,1,24,1200000000,"window_svd","EXECUTED",7.8873920000000002,""
uwb-imu-pl/gate-d-diagnostics/v16,24,1200000000,24,24,24,1,1,24,1200000000,"window_normal_equations","EXECUTED",0.35093299999999999,""
uwb-imu-pl/gate-d-diagnostics/v16,24,1200000000,24,24,24,1,1,24,1200000000,"window_llt_state_solves","EXECUTED",0.104698,""
uwb-imu-pl/gate-d-diagnostics/v16,24,1200000000,24,24,24,1,1,24,1200000000,"window_fingerprint","EXECUTED",4.1400160000000001,""
uwb-imu-pl/gate-d-diagnostics/v16,24,1200000000,24,24,24,1,1,24,1200000000,"all_in_detector","EXECUTED",0.28931499999999999,""
uwb-imu-pl/gate-d-diagnostics/v16,24,1200000000,24,24,24,1,1,24,1200000000,"current_sensitivity","EXECUTED",0.60073299999999996,""
uwb-imu-pl/gate-d-diagnostics/v16,24,1200000000,24,24,24,1,1,24,1200000000,"model_generation","EXECUTED",297.40959099999998,""
uwb-imu-pl/gate-d-diagnostics/v16,24,1200000000,24,24,24,1,1,24,1200000000,"historical_sensitivity","EXECUTED",0.13040399999999999,""
uwb-imu-pl/gate-d-diagnostics/v16,24,1200000000,24,24,24,1,1,24,1200000000,"hypothesis_evidence","EXECUTED",1850.7278940000001,"effective_dimensions=1:464,2:41440,3:19200,other:0;context_bytes=10265792;worker_blocks=4"
uwb-imu-pl/gate-d-diagnostics/v16,24,1200000000,24,24,24,1,1,24,1200000000,"health_actions","EXECUTED",18.401987999999999,""
uwb-imu-pl/gate-d-diagnostics/v16,24,1200000000,24,24,24,1,1,24,1200000000,"hypothesis_audit","SKIPPED",,"disabled by output.write_hypothesis_evidence"
uwb-imu-pl/gate-d-diagnostics/v16,24,1200000000,24,24,24,1,1,24,1200000000,"base_factorization","EXECUTED",0.261797,""
uwb-imu-pl/gate-d-diagnostics/v16,24,1200000000,24,24,24,1,1,24,1200000000,"shared_cache","EXECUTED",0.0034199999999999999,""
uwb-imu-pl/gate-d-diagnostics/v16,24,1200000000,24,24,24,1,1,24,1200000000,"candidate_evaluation","EXECUTED",440.14972899999998,"rank=1;dense=0;stream_protocol=2;stream_batches=1;stream_batch_capacity=1;stream_peak_batch_actions=1;stream_peak_resident_evaluated_actions=1;stream_peak_batch_full_proofs=0;stream_retained_full_candidates=0;stream_retained_full_proofs=0;stream_full_action_heavy_copy=0;stream_complete=1;stream_fde_preproof_selected_action=0;stream_fde_preproof_status=NO_VALID_CANDIDATE;stream_main_arena_action_full_proofs=0;stream_action_proof_retention=NORMAL_TWO_PASS_O_B_PLUS_ONE;stream_winner_recompute=0;stream_winner_recompute_test_seam=0"
uwb-imu-pl/gate-d-diagnostics/v16,24,1200000000,24,24,24,1,1,24,1200000000,"fde_decision","EXECUTED",25.068111999999999,""
uwb-imu-pl/gate-d-diagnostics/v16,24,1200000000,24,24,24,1,1,24,1200000000,"candidate_audit","EXECUTED",0.041979000000000002,"ACTION_REJECTION_FUNNEL_V2:1=REJECT_PL"
uwb-imu-pl/gate-d-diagnostics/v16,24,1200000000,24,24,24,1,1,24,1200000000,"commit","EXECUTED",2.041388,""
uwb-imu-pl/gate-d-diagnostics/v16,24,1200000000,24,24,24,1,1,24,1200000000,"state_audit","EXECUTED",0.00054100000000000003,""
uwb-imu-pl/gate-d-diagnostics/v16,24,1200000000,24,24,24,1,1,24,1200000000,"finalize_commit_audit","EXECUTED",32.278822999999996,"excludes separately timed commit/discard/state audit"
uwb-imu-pl/gate-d-diagnostics/v16,24,1200000000,24,24,24,1,1,24,1200000000,"discard","SKIPPED",,"upstream gate did not reach stage"
uwb-imu-pl/gate-d-diagnostics/v16,24,1200000000,24,24,24,1,1,24,1200000000,"core_total","EXECUTED",3763.56961,""
uwb-imu-pl/gate-d-diagnostics/v16,25,1250000000,25,25,25,1,1,25,1250000000,"prepare","EXECUTED",2.2354289999999999,""
uwb-imu-pl/gate-d-diagnostics/v16,25,1250000000,25,25,25,1,1,25,1250000000,"integrity_window","EXECUTED",1800.0015330000001,""
uwb-imu-pl/gate-d-diagnostics/v16,25,1250000000,25,25,25,1,1,25,1250000000,"window_boundary_provenance","EXECUTED",1783.3307540000001,""
uwb-imu-pl/gate-d-diagnostics/v16,25,1250000000,25,25,25,1,1,25,1250000000,"window_factor_linearization_whitening","EXECUTED",1.0208820000000001,""
uwb-imu-pl/gate-d-diagnostics/v16,25,1250000000,25,25,25,1,1,25,1250000000,"window_dense_assembly","EXECUTED",0.11391900000000001,""
uwb-imu-pl/gate-d-diagnostics/v16,25,1250000000,25,25,25,1,1,25,1250000000,"window_svd","EXECUTED",7.8668100000000001,""
uwb-imu-pl/gate-d-diagnostics/v16,25,1250000000,25,25,25,1,1,25,1250000000,"window_normal_equations","EXECUTED",0.35478300000000002,""
uwb-imu-pl/gate-d-diagnostics/v16,25,1250000000,25,25,25,1,1,25,1250000000,"window_llt_state_solves","EXECUTED",0.114324,""
uwb-imu-pl/gate-d-diagnostics/v16,25,1250000000,25,25,25,1,1,25,1250000000,"window_fingerprint","EXECUTED",5.8406650000000004,""
uwb-imu-pl/gate-d-diagnostics/v16,25,1250000000,25,25,25,1,1,25,1250000000,"all_in_detector","EXECUTED",0.27705099999999999,""
uwb-imu-pl/gate-d-diagnostics/v16,25,1250000000,25,25,25,1,1,25,1250000000,"current_sensitivity","EXECUTED",0.61262899999999998,""
uwb-imu-pl/gate-d-diagnostics/v16,25,1250000000,25,25,25,1,1,25,1250000000,"model_generation","EXECUTED",305.36086399999999,""
uwb-imu-pl/gate-d-diagnostics/v16,25,1250000000,25,25,25,1,1,25,1250000000,"historical_sensitivity","EXECUTED",0.13830600000000001,""
uwb-imu-pl/gate-d-diagnostics/v16,25,1250000000,25,25,25,1,1,25,1250000000,"hypothesis_evidence","EXECUTED",1911.675804,"effective_dimensions=1:464,2:41440,3:19200,other:0;context_bytes=10265792;worker_blocks=4"
uwb-imu-pl/gate-d-diagnostics/v16,25,1250000000,25,25,25,1,1,25,1250000000,"health_actions","EXECUTED",19.212251999999999,""
uwb-imu-pl/gate-d-diagnostics/v16,25,1250000000,25,25,25,1,1,25,1250000000,"hypothesis_audit","SKIPPED",,"disabled by output.write_hypothesis_evidence"
uwb-imu-pl/gate-d-diagnostics/v16,25,1250000000,25,25,25,1,1,25,1250000000,"base_factorization","EXECUTED",0.26107799999999998,""
uwb-imu-pl/gate-d-diagnostics/v16,25,1250000000,25,25,25,1,1,25,1250000000,"shared_cache","EXECUTED",0.002098,""
uwb-imu-pl/gate-d-diagnostics/v16,25,1250000000,25,25,25,1,1,25,1250000000,"candidate_evaluation","EXECUTED",439.92013200000002,"rank=1;dense=0;stream_protocol=2;stream_batches=1;stream_batch_capacity=1;stream_peak_batch_actions=1;stream_peak_resident_evaluated_actions=1;stream_peak_batch_full_proofs=0;stream_retained_full_candidates=0;stream_retained_full_proofs=0;stream_full_action_heavy_copy=0;stream_complete=1;stream_fde_preproof_selected_action=0;stream_fde_preproof_status=NO_VALID_CANDIDATE;stream_main_arena_action_full_proofs=0;stream_action_proof_retention=NORMAL_TWO_PASS_O_B_PLUS_ONE;stream_winner_recompute=0;stream_winner_recompute_test_seam=0"
uwb-imu-pl/gate-d-diagnostics/v16,25,1250000000,25,25,25,1,1,25,1250000000,"fde_decision","EXECUTED",26.486018000000001,""
uwb-imu-pl/gate-d-diagnostics/v16,25,1250000000,25,25,25,1,1,25,1250000000,"candidate_audit","EXECUTED",0.039696000000000002,"ACTION_REJECTION_FUNNEL_V2:1=REJECT_PL"
uwb-imu-pl/gate-d-diagnostics/v16,25,1250000000,25,25,25,1,1,25,1250000000,"commit","EXECUTED",2.1046960000000001,""
uwb-imu-pl/gate-d-diagnostics/v16,25,1250000000,25,25,25,1,1,25,1250000000,"state_audit","EXECUTED",0.00038000000000000002,""
uwb-imu-pl/gate-d-diagnostics/v16,25,1250000000,25,25,25,1,1,25,1250000000,"finalize_commit_audit","EXECUTED",32.390056000000001,"excludes separately timed commit/discard/state audit"
uwb-imu-pl/gate-d-diagnostics/v16,25,1250000000,25,25,25,1,1,25,1250000000,"discard","SKIPPED",,"upstream gate did not reach stage"
uwb-imu-pl/gate-d-diagnostics/v16,25,1250000000,25,25,25,1,1,25,1250000000,"core_total","EXECUTED",4541.3788299999997,""
uwb-imu-pl/gate-d-diagnostics/v16,26,1300000000,26,26,26,1,1,26,1300000000,"prepare","EXECUTED",2.1127829999999999,""
uwb-imu-pl/gate-d-diagnostics/v16,26,1300000000,26,26,26,1,1,26,1300000000,"integrity_window","EXECUTED",1946.7677530000001,""
uwb-imu-pl/gate-d-diagnostics/v16,26,1300000000,26,26,26,1,1,26,1300000000,"window_boundary_provenance","EXECUTED",1931.294245,""
uwb-imu-pl/gate-d-diagnostics/v16,26,1300000000,26,26,26,1,1,26,1300000000,"window_factor_linearization_whitening","EXECUTED",0.99499099999999996,""
uwb-imu-pl/gate-d-diagnostics/v16,26,1300000000,26,26,26,1,1,26,1300000000,"window_dense_assembly","EXECUTED",0.11475100000000001,""
uwb-imu-pl/gate-d-diagnostics/v16,26,1300000000,26,26,26,1,1,26,1300000000,"window_svd","EXECUTED",7.9703580000000001,""
uwb-imu-pl/gate-d-diagnostics/v16,26,1300000000,26,26,26,1,1,26,1300000000,"window_normal_equations","EXECUTED",0.42634300000000003,""
uwb-imu-pl/gate-d-diagnostics/v16,26,1300000000,26,26,26,1,1,26,1300000000,"window_llt_state_solves","EXECUTED",0.106541,""
uwb-imu-pl/gate-d-diagnostics/v16,26,1300000000,26,26,26,1,1,26,1300000000,"window_fingerprint","EXECUTED",4.5145340000000003,""
uwb-imu-pl/gate-d-diagnostics/v16,26,1300000000,26,26,26,1,1,26,1300000000,"all_in_detector","EXECUTED",0.245758,""
uwb-imu-pl/gate-d-diagnostics/v16,26,1300000000,26,26,26,1,1,26,1300000000,"current_sensitivity","EXECUTED",0.550848,""
uwb-imu-pl/gate-d-diagnostics/v16,26,1300000000,26,26,26,1,1,26,1300000000,"model_generation","EXECUTED",302.882046,""
uwb-imu-pl/gate-d-diagnostics/v16,26,1300000000,26,26,26,1,1,26,1300000000,"historical_sensitivity","EXECUTED",0.13316600000000001,""
uwb-imu-pl/gate-d-diagnostics/v16,26,1300000000,26,26,26,1,1,26,1300000000,"hypothesis_evidence","EXECUTED",1856.3865209999999,"effective_dimensions=1:464,2:41440,3:19200,other:0;context_bytes=10265792;worker_blocks=4"
uwb-imu-pl/gate-d-diagnostics/v16,26,1300000000,26,26,26,1,1,26,1300000000,"health_actions","EXECUTED",18.309570999999998,""
uwb-imu-pl/gate-d-diagnostics/v16,26,1300000000,26,26,26,1,1,26,1300000000,"hypothesis_audit","SKIPPED",,"disabled by output.write_hypothesis_evidence"
uwb-imu-pl/gate-d-diagnostics/v16,26,1300000000,26,26,26,1,1,26,1300000000,"base_factorization","EXECUTED",0.45679199999999998,""
uwb-imu-pl/gate-d-diagnostics/v16,26,1300000000,26,26,26,1,1,26,1300000000,"shared_cache","EXECUTED",0.001848,""
uwb-imu-pl/gate-d-diagnostics/v16,26,1300000000,26,26,26,1,1,26,1300000000,"candidate_evaluation","EXECUTED",440.48893600000002,"rank=1;dense=0;stream_protocol=2;stream_batches=1;stream_batch_capacity=1;stream_peak_batch_actions=1;stream_peak_resident_evaluated_actions=1;stream_peak_batch_full_proofs=0;stream_retained_full_candidates=0;stream_retained_full_proofs=0;stream_full_action_heavy_copy=0;stream_complete=1;stream_fde_preproof_selected_action=0;stream_fde_preproof_status=NO_VALID_CANDIDATE;stream_main_arena_action_full_proofs=0;stream_action_proof_retention=NORMAL_TWO_PASS_O_B_PLUS_ONE;stream_winner_recompute=0;stream_winner_recompute_test_seam=0"
uwb-imu-pl/gate-d-diagnostics/v16,26,1300000000,26,26,26,1,1,26,1300000000,"fde_decision","EXECUTED",28.953688,""
uwb-imu-pl/gate-d-diagnostics/v16,26,1300000000,26,26,26,1,1,26,1300000000,"candidate_audit","EXECUTED",0.041651000000000001,"ACTION_REJECTION_FUNNEL_V2:1=REJECT_PL"
uwb-imu-pl/gate-d-diagnostics/v16,26,1300000000,26,26,26,1,1,26,1300000000,"commit","EXECUTED",2.224256,""
uwb-imu-pl/gate-d-diagnostics/v16,26,1300000000,26,26,26,1,1,26,1300000000,"state_audit","EXECUTED",0.00039399999999999998,""
uwb-imu-pl/gate-d-diagnostics/v16,26,1300000000,26,26,26,1,1,26,1300000000,"finalize_commit_audit","EXECUTED",35.169267000000005,"excludes separately timed commit/discard/state audit"
uwb-imu-pl/gate-d-diagnostics/v16,26,1300000000,26,26,26,1,1,26,1300000000,"discard","SKIPPED",,"upstream gate did not reach stage"
uwb-imu-pl/gate-d-diagnostics/v16,26,1300000000,26,26,26,1,1,26,1300000000,"core_total","EXECUTED",4635.4075970000004,""
uwb-imu-pl/gate-d-diagnostics/v16,27,1350000000,27,27,27,1,1,27,1350000000,"prepare","EXECUTED",2.2637160000000001,""
uwb-imu-pl/gate-d-diagnostics/v16,27,1350000000,27,27,27,1,1,27,1350000000,"integrity_window","EXECUTED",2093.1951039999999,""
uwb-imu-pl/gate-d-diagnostics/v16,27,1350000000,27,27,27,1,1,27,1350000000,"window_boundary_provenance","EXECUTED",2077.9142919999999,""
uwb-imu-pl/gate-d-diagnostics/v16,27,1350000000,27,27,27,1,1,27,1350000000,"window_factor_linearization_whitening","EXECUTED",1.1484460000000001,""
uwb-imu-pl/gate-d-diagnostics/v16,27,1350000000,27,27,27,1,1,27,1350000000,"window_dense_assembly","EXECUTED",0.099280999999999994,""
uwb-imu-pl/gate-d-diagnostics/v16,27,1350000000,27,27,27,1,1,27,1350000000,"window_svd","EXECUTED",8.2373890000000003,""
uwb-imu-pl/gate-d-diagnostics/v16,27,1350000000,27,27,27,1,1,27,1350000000,"window_normal_equations","EXECUTED",0.346105,""
uwb-imu-pl/gate-d-diagnostics/v16,27,1350000000,27,27,27,1,1,27,1350000000,"window_llt_state_solves","EXECUTED",0.129829,""
uwb-imu-pl/gate-d-diagnostics/v16,27,1350000000,27,27,27,1,1,27,1350000000,"window_fingerprint","EXECUTED",3.9401000000000002,""
uwb-imu-pl/gate-d-diagnostics/v16,27,1350000000,27,27,27,1,1,27,1350000000,"all_in_detector","EXECUTED",0.292792,""
uwb-imu-pl/gate-d-diagnostics/v16,27,1350000000,27,27,27,1,1,27,1350000000,"current_sensitivity","EXECUTED",0.59933700000000001,""
uwb-imu-pl/gate-d-diagnostics/v16,27,1350000000,27,27,27,1,1,27,1350000000,"model_generation","EXECUTED",298.11376199999995,""
uwb-imu-pl/gate-d-diagnostics/v16,27,1350000000,27,27,27,1,1,27,1350000000,"historical_sensitivity","EXECUTED",0.127826,""
uwb-imu-pl/gate-d-diagnostics/v16,27,1350000000,27,27,27,1,1,27,1350000000,"hypothesis_evidence","EXECUTED",1907.0873320000001,"effective_dimensions=1:464,2:41440,3:19200,other:0;context_bytes=10265792;worker_blocks=4"
uwb-imu-pl/gate-d-diagnostics/v16,27,1350000000,27,27,27,1,1,27,1350000000,"health_actions","EXECUTED",19.795712999999999,""
uwb-imu-pl/gate-d-diagnostics/v16,27,1350000000,27,27,27,1,1,27,1350000000,"hypothesis_audit","SKIPPED",,"disabled by output.write_hypothesis_evidence"
uwb-imu-pl/gate-d-diagnostics/v16,27,1350000000,27,27,27,1,1,27,1350000000,"base_factorization","EXECUTED",0.25241000000000002,""
uwb-imu-pl/gate-d-diagnostics/v16,27,1350000000,27,27,27,1,1,27,1350000000,"shared_cache","EXECUTED",0.0028019999999999998,""
uwb-imu-pl/gate-d-diagnostics/v16,27,1350000000,27,27,27,1,1,27,1350000000,"candidate_evaluation","EXECUTED",443.73319600000002,"rank=1;dense=0;stream_protocol=2;stream_batches=1;stream_batch_capacity=1;stream_peak_batch_actions=1;stream_peak_resident_evaluated_actions=1;stream_peak_batch_full_proofs=0;stream_retained_full_candidates=0;stream_retained_full_proofs=0;stream_full_action_heavy_copy=0;stream_complete=1;stream_fde_preproof_selected_action=0;stream_fde_preproof_status=NO_VALID_CANDIDATE;stream_main_arena_action_full_proofs=0;stream_action_proof_retention=NORMAL_TWO_PASS_O_B_PLUS_ONE;stream_winner_recompute=0;stream_winner_recompute_test_seam=0"
uwb-imu-pl/gate-d-diagnostics/v16,27,1350000000,27,27,27,1,1,27,1350000000,"fde_decision","EXECUTED",25.693256000000002,""
uwb-imu-pl/gate-d-diagnostics/v16,27,1350000000,27,27,27,1,1,27,1350000000,"candidate_audit","EXECUTED",0.038730000000000001,"ACTION_REJECTION_FUNNEL_V2:1=REJECT_PL"
uwb-imu-pl/gate-d-diagnostics/v16,27,1350000000,27,27,27,1,1,27,1350000000,"commit","EXECUTED",2.1403500000000002,""
uwb-imu-pl/gate-d-diagnostics/v16,27,1350000000,27,27,27,1,1,27,1350000000,"state_audit","EXECUTED",0.00040999999999999999,""
uwb-imu-pl/gate-d-diagnostics/v16,27,1350000000,27,27,27,1,1,27,1350000000,"finalize_commit_audit","EXECUTED",35.409416999999998,"excludes separately timed commit/discard/state audit"
uwb-imu-pl/gate-d-diagnostics/v16,27,1350000000,27,27,27,1,1,27,1350000000,"discard","SKIPPED",,"upstream gate did not reach stage"
uwb-imu-pl/gate-d-diagnostics/v16,27,1350000000,27,27,27,1,1,27,1350000000,"core_total","EXECUTED",4829.477296,""
uwb-imu-pl/gate-d-diagnostics/v16,28,1400000000,28,28,28,1,1,28,1400000000,"prepare","EXECUTED",2.432931,""
uwb-imu-pl/gate-d-diagnostics/v16,28,1400000000,28,28,28,1,1,28,1400000000,"integrity_window","EXECUTED",2344.1525489999999,""
uwb-imu-pl/gate-d-diagnostics/v16,28,1400000000,28,28,28,1,1,28,1400000000,"window_boundary_provenance","EXECUTED",2328.729472,""
uwb-imu-pl/gate-d-diagnostics/v16,28,1400000000,28,28,28,1,1,28,1400000000,"window_factor_linearization_whitening","EXECUTED",1.399168,""
uwb-imu-pl/gate-d-diagnostics/v16,28,1400000000,28,28,28,1,1,28,1400000000,"window_dense_assembly","EXECUTED",0.107326,""
uwb-imu-pl/gate-d-diagnostics/v16,28,1400000000,28,28,28,1,1,28,1400000000,"window_svd","EXECUTED",8.0168700000000008,""
uwb-imu-pl/gate-d-diagnostics/v16,28,1400000000,28,28,28,1,1,28,1400000000,"window_normal_equations","EXECUTED",0.366149,""
uwb-imu-pl/gate-d-diagnostics/v16,28,1400000000,28,28,28,1,1,28,1400000000,"window_llt_state_solves","EXECUTED",0.111342,""
uwb-imu-pl/gate-d-diagnostics/v16,28,1400000000,28,28,28,1,1,28,1400000000,"window_fingerprint","EXECUTED",3.9144169999999998,""
uwb-imu-pl/gate-d-diagnostics/v16,28,1400000000,28,28,28,1,1,28,1400000000,"all_in_detector","EXECUTED",0.31042500000000001,""
uwb-imu-pl/gate-d-diagnostics/v16,28,1400000000,28,28,28,1,1,28,1400000000,"current_sensitivity","EXECUTED",0.708318,""
uwb-imu-pl/gate-d-diagnostics/v16,28,1400000000,28,28,28,1,1,28,1400000000,"model_generation","EXECUTED",297.30549600000001,""
uwb-imu-pl/gate-d-diagnostics/v16,28,1400000000,28,28,28,1,1,28,1400000000,"historical_sensitivity","EXECUTED",0.12759400000000001,""
uwb-imu-pl/gate-d-diagnostics/v16,28,1400000000,28,28,28,1,1,28,1400000000,"hypothesis_evidence","EXECUTED",1870.6658789999999,"effective_dimensions=1:464,2:41440,3:19200,other:0;context_bytes=10265792;worker_blocks=4"
uwb-imu-pl/gate-d-diagnostics/v16,28,1400000000,28,28,28,1,1,28,1400000000,"health_actions","EXECUTED",18.097383000000001,""
uwb-imu-pl/gate-d-diagnostics/v16,28,1400000000,28,28,28,1,1,28,1400000000,"hypothesis_audit","SKIPPED",,"disabled by output.write_hypothesis_evidence"
uwb-imu-pl/gate-d-diagnostics/v16,28,1400000000,28,28,28,1,1,28,1400000000,"base_factorization","EXECUTED",0.28318199999999999,""
uwb-imu-pl/gate-d-diagnostics/v16,28,1400000000,28,28,28,1,1,28,1400000000,"shared_cache","EXECUTED",0.002673,""
uwb-imu-pl/gate-d-diagnostics/v16,28,1400000000,28,28,28,1,1,28,1400000000,"candidate_evaluation","EXECUTED",443.83651700000001,"rank=1;dense=0;stream_protocol=2;stream_batches=1;stream_batch_capacity=1;stream_peak_batch_actions=1;stream_peak_resident_evaluated_actions=1;stream_peak_batch_full_proofs=0;stream_retained_full_candidates=0;stream_retained_full_proofs=0;stream_full_action_heavy_copy=0;stream_complete=1;stream_fde_preproof_selected_action=0;stream_fde_preproof_status=NO_VALID_CANDIDATE;stream_main_arena_action_full_proofs=0;stream_action_proof_retention=NORMAL_TWO_PASS_O_B_PLUS_ONE;stream_winner_recompute=0;stream_winner_recompute_test_seam=0"
uwb-imu-pl/gate-d-diagnostics/v16,28,1400000000,28,28,28,1,1,28,1400000000,"fde_decision","EXECUTED",26.438495,""
uwb-imu-pl/gate-d-diagnostics/v16,28,1400000000,28,28,28,1,1,28,1400000000,"candidate_audit","EXECUTED",0.041737999999999997,"ACTION_REJECTION_FUNNEL_V2:1=REJECT_PL"
uwb-imu-pl/gate-d-diagnostics/v16,28,1400000000,28,28,28,1,1,28,1400000000,"commit","EXECUTED",2.2002000000000002,""
uwb-imu-pl/gate-d-diagnostics/v16,28,1400000000,28,28,28,1,1,28,1400000000,"state_audit","EXECUTED",0.00038699999999999997,""
uwb-imu-pl/gate-d-diagnostics/v16,28,1400000000,28,28,28,1,1,28,1400000000,"finalize_commit_audit","EXECUTED",33.486923000000004,"excludes separately timed commit/discard/state audit"
uwb-imu-pl/gate-d-diagnostics/v16,28,1400000000,28,28,28,1,1,28,1400000000,"discard","SKIPPED",,"upstream gate did not reach stage"
uwb-imu-pl/gate-d-diagnostics/v16,28,1400000000,28,28,28,1,1,28,1400000000,"core_total","EXECUTED",5040.6785490000002,""
uwb-imu-pl/gate-d-diagnostics/v16,29,1450000000,29,29,29,1,1,29,1450000000,"prepare","EXECUTED",2.600346,""
uwb-imu-pl/gate-d-diagnostics/v16,29,1450000000,29,29,29,1,1,29,1450000000,"integrity_window","EXECUTED",2763.8543450000002,""
uwb-imu-pl/gate-d-diagnostics/v16,29,1450000000,29,29,29,1,1,29,1450000000,"window_boundary_provenance","EXECUTED",2748.8501609999998,""
uwb-imu-pl/gate-d-diagnostics/v16,29,1450000000,29,29,29,1,1,29,1450000000,"window_factor_linearization_whitening","EXECUTED",1.1262019999999999,""
uwb-imu-pl/gate-d-diagnostics/v16,29,1450000000,29,29,29,1,1,29,1450000000,"window_dense_assembly","EXECUTED",0.099491999999999997,""
uwb-imu-pl/gate-d-diagnostics/v16,29,1450000000,29,29,29,1,1,29,1450000000,"window_svd","EXECUTED",7.9744789999999997,""
uwb-imu-pl/gate-d-diagnostics/v16,29,1450000000,29,29,29,1,1,29,1450000000,"window_normal_equations","EXECUTED",0.35771900000000001,""
uwb-imu-pl/gate-d-diagnostics/v16,29,1450000000,29,29,29,1,1,29,1450000000,"window_llt_state_solves","EXECUTED",0.10753600000000001,""
uwb-imu-pl/gate-d-diagnostics/v16,29,1450000000,29,29,29,1,1,29,1450000000,"window_fingerprint","EXECUTED",3.9554740000000002,""
uwb-imu-pl/gate-d-diagnostics/v16,29,1450000000,29,29,29,1,1,29,1450000000,"all_in_detector","EXECUTED",0.25616,""
uwb-imu-pl/gate-d-diagnostics/v16,29,1450000000,29,29,29,1,1,29,1450000000,"current_sensitivity","EXECUTED",0.55752000000000002,""
uwb-imu-pl/gate-d-diagnostics/v16,29,1450000000,29,29,29,1,1,29,1450000000,"model_generation","EXECUTED",297.02319599999998,""
uwb-imu-pl/gate-d-diagnostics/v16,29,1450000000,29,29,29,1,1,29,1450000000,"historical_sensitivity","EXECUTED",0.12711500000000001,""
uwb-imu-pl/gate-d-diagnostics/v16,29,1450000000,29,29,29,1,1,29,1450000000,"hypothesis_evidence","EXECUTED",1863.415583,"effective_dimensions=1:464,2:41440,3:19200,other:0;context_bytes=10265792;worker_blocks=4"
uwb-imu-pl/gate-d-diagnostics/v16,29,1450000000,29,29,29,1,1,29,1450000000,"health_actions","EXECUTED",17.464091,""
uwb-imu-pl/gate-d-diagnostics/v16,29,1450000000,29,29,29,1,1,29,1450000000,"hypothesis_audit","SKIPPED",,"disabled by output.write_hypothesis_evidence"
uwb-imu-pl/gate-d-diagnostics/v16,29,1450000000,29,29,29,1,1,29,1450000000,"base_factorization","EXECUTED",0.27315200000000001,""
uwb-imu-pl/gate-d-diagnostics/v16,29,1450000000,29,29,29,1,1,29,1450000000,"shared_cache","EXECUTED",0.0021770000000000001,""
uwb-imu-pl/gate-d-diagnostics/v16,29,1450000000,29,29,29,1,1,29,1450000000,"candidate_evaluation","EXECUTED",442.869348,"rank=1;dense=0;stream_protocol=2;stream_batches=1;stream_batch_capacity=1;stream_peak_batch_actions=1;stream_peak_resident_evaluated_actions=1;stream_peak_batch_full_proofs=0;stream_retained_full_candidates=0;stream_retained_full_proofs=0;stream_full_action_heavy_copy=0;stream_complete=1;stream_fde_preproof_selected_action=0;stream_fde_preproof_status=NO_VALID_CANDIDATE;stream_main_arena_action_full_proofs=0;stream_action_proof_retention=NORMAL_TWO_PASS_O_B_PLUS_ONE;stream_winner_recompute=0;stream_winner_recompute_test_seam=0"
uwb-imu-pl/gate-d-diagnostics/v16,29,1450000000,29,29,29,1,1,29,1450000000,"fde_decision","EXECUTED",27.410119000000002,""
uwb-imu-pl/gate-d-diagnostics/v16,29,1450000000,29,29,29,1,1,29,1450000000,"candidate_audit","EXECUTED",0.040903000000000002,"ACTION_REJECTION_FUNNEL_V2:1=REJECT_PL"
uwb-imu-pl/gate-d-diagnostics/v16,29,1450000000,29,29,29,1,1,29,1450000000,"commit","EXECUTED",2.1901899999999999,""
uwb-imu-pl/gate-d-diagnostics/v16,29,1450000000,29,29,29,1,1,29,1450000000,"state_audit","EXECUTED",0.00038099999999999999,""
uwb-imu-pl/gate-d-diagnostics/v16,29,1450000000,29,29,29,1,1,29,1450000000,"finalize_commit_audit","EXECUTED",33.299841999999998,"excludes separately timed commit/discard/state audit"
uwb-imu-pl/gate-d-diagnostics/v16,29,1450000000,29,29,29,1,1,29,1450000000,"discard","SKIPPED",,"upstream gate did not reach stage"
uwb-imu-pl/gate-d-diagnostics/v16,29,1450000000,29,29,29,1,1,29,1450000000,"core_total","EXECUTED",5452.0709420000003,""
uwb-imu-pl/gate-d-diagnostics/v16,30,1500000000,30,30,30,1,1,30,1500000000,"prepare","EXECUTED",2.38246,""
uwb-imu-pl/gate-d-diagnostics/v16,30,1500000000,30,30,30,1,1,30,1500000000,"integrity_window","EXECUTED",3253.853486,""
uwb-imu-pl/gate-d-diagnostics/v16,30,1500000000,30,30,30,1,1,30,1500000000,"window_boundary_provenance","EXECUTED",3238.1655569999998,""
uwb-imu-pl/gate-d-diagnostics/v16,30,1500000000,30,30,30,1,1,30,1500000000,"window_factor_linearization_whitening","EXECUTED",1.1941280000000001,""
uwb-imu-pl/gate-d-diagnostics/v16,30,1500000000,30,30,30,1,1,30,1500000000,"window_dense_assembly","EXECUTED",0.104204,""
uwb-imu-pl/gate-d-diagnostics/v16,30,1500000000,30,30,30,1,1,30,1500000000,"window_svd","EXECUTED",8.3496880000000004,""
uwb-imu-pl/gate-d-diagnostics/v16,30,1500000000,30,30,30,1,1,30,1500000000,"window_normal_equations","EXECUTED",0.39061000000000001,""
uwb-imu-pl/gate-d-diagnostics/v16,30,1500000000,30,30,30,1,1,30,1500000000,"window_llt_state_solves","EXECUTED",0.120547,""
uwb-imu-pl/gate-d-diagnostics/v16,30,1500000000,30,30,30,1,1,30,1500000000,"window_fingerprint","EXECUTED",4.1778259999999996,""
uwb-imu-pl/gate-d-diagnostics/v16,30,1500000000,30,30,30,1,1,30,1500000000,"all_in_detector","EXECUTED",0.28742800000000002,""
uwb-imu-pl/gate-d-diagnostics/v16,30,1500000000,30,30,30,1,1,30,1500000000,"current_sensitivity","EXECUTED",0.64433499999999999,""
uwb-imu-pl/gate-d-diagnostics/v16,30,1500000000,30,30,30,1,1,30,1500000000,"model_generation","EXECUTED",295.88386499999996,""
uwb-imu-pl/gate-d-diagnostics/v16,30,1500000000,30,30,30,1,1,30,1500000000,"historical_sensitivity","EXECUTED",0.126412,""
uwb-imu-pl/gate-d-diagnostics/v16,30,1500000000,30,30,30,1,1,30,1500000000,"hypothesis_evidence","EXECUTED",1865.8568439999999,"effective_dimensions=1:464,2:41440,3:19200,other:0;context_bytes=10265792;worker_blocks=4"
uwb-imu-pl/gate-d-diagnostics/v16,30,1500000000,30,30,30,1,1,30,1500000000,"health_actions","EXECUTED",18.403590000000001,""
uwb-imu-pl/gate-d-diagnostics/v16,30,1500000000,30,30,30,1,1,30,1500000000,"hypothesis_audit","SKIPPED",,"disabled by output.write_hypothesis_evidence"
uwb-imu-pl/gate-d-diagnostics/v16,30,1500000000,30,30,30,1,1,30,1500000000,"base_factorization","EXECUTED",0.25826700000000002,""
uwb-imu-pl/gate-d-diagnostics/v16,30,1500000000,30,30,30,1,1,30,1500000000,"shared_cache","EXECUTED",0.0021779999999999998,""
uwb-imu-pl/gate-d-diagnostics/v16,30,1500000000,30,30,30,1,1,30,1500000000,"candidate_evaluation","EXECUTED",443.72256700000003,"rank=1;dense=0;stream_protocol=2;stream_batches=1;stream_batch_capacity=1;stream_peak_batch_actions=1;stream_peak_resident_evaluated_actions=1;stream_peak_batch_full_proofs=0;stream_retained_full_candidates=0;stream_retained_full_proofs=0;stream_full_action_heavy_copy=0;stream_complete=1;stream_fde_preproof_selected_action=0;stream_fde_preproof_status=NO_VALID_CANDIDATE;stream_main_arena_action_full_proofs=0;stream_action_proof_retention=NORMAL_TWO_PASS_O_B_PLUS_ONE;stream_winner_recompute=0;stream_winner_recompute_test_seam=0"
uwb-imu-pl/gate-d-diagnostics/v16,30,1500000000,30,30,30,1,1,30,1500000000,"fde_decision","EXECUTED",28.804057,""
uwb-imu-pl/gate-d-diagnostics/v16,30,1500000000,30,30,30,1,1,30,1500000000,"candidate_audit","EXECUTED",0.040507000000000001,"ACTION_REJECTION_FUNNEL_V2:1=REJECT_PL"
uwb-imu-pl/gate-d-diagnostics/v16,30,1500000000,30,30,30,1,1,30,1500000000,"commit","EXECUTED",2.4050720000000001,""
uwb-imu-pl/gate-d-diagnostics/v16,30,1500000000,30,30,30,1,1,30,1500000000,"state_audit","EXECUTED",0.00040999999999999999,""
uwb-imu-pl/gate-d-diagnostics/v16,30,1500000000,30,30,30,1,1,30,1500000000,"finalize_commit_audit","EXECUTED",32.280019000000003,"excludes separately timed commit/discard/state audit"
uwb-imu-pl/gate-d-diagnostics/v16,30,1500000000,30,30,30,1,1,30,1500000000,"discard","SKIPPED",,"upstream gate did not reach stage"
uwb-imu-pl/gate-d-diagnostics/v16,30,1500000000,30,30,30,1,1,30,1500000000,"core_total","EXECUTED",5945.5516440000001,""
uwb-imu-pl/gate-d-diagnostics/v16,31,1550000000,31,31,31,2,1,31,1550000000,"prepare","EXECUTED",2.6265209999999999,""
uwb-imu-pl/gate-d-diagnostics/v16,31,1550000000,31,31,31,2,1,31,1550000000,"integrity_window","EXECUTED",470.01198199999999,""
uwb-imu-pl/gate-d-diagnostics/v16,31,1550000000,31,31,31,2,1,31,1550000000,"window_boundary_provenance","EXECUTED",454.219471,""
uwb-imu-pl/gate-d-diagnostics/v16,31,1550000000,31,31,31,2,1,31,1550000000,"window_factor_linearization_whitening","EXECUTED",1.061982,""
uwb-imu-pl/gate-d-diagnostics/v16,31,1550000000,31,31,31,2,1,31,1550000000,"window_dense_assembly","EXECUTED",0.10570499999999999,""
uwb-imu-pl/gate-d-diagnostics/v16,31,1550000000,31,31,31,2,1,31,1550000000,"window_svd","EXECUTED",8.3500720000000008,""
uwb-imu-pl/gate-d-diagnostics/v16,31,1550000000,31,31,31,2,1,31,1550000000,"window_normal_equations","EXECUTED",0.43238399999999999,""
uwb-imu-pl/gate-d-diagnostics/v16,31,1550000000,31,31,31,2,1,31,1550000000,"window_llt_state_solves","EXECUTED",0.12970100000000001,""
uwb-imu-pl/gate-d-diagnostics/v16,31,1550000000,31,31,31,2,1,31,1550000000,"window_fingerprint","EXECUTED",4.2985410000000002,""
uwb-imu-pl/gate-d-diagnostics/v16,31,1550000000,31,31,31,2,1,31,1550000000,"all_in_detector","EXECUTED",0.27220800000000001,""
uwb-imu-pl/gate-d-diagnostics/v16,31,1550000000,31,31,31,2,1,31,1550000000,"current_sensitivity","EXECUTED",0.56894199999999995,""
uwb-imu-pl/gate-d-diagnostics/v16,31,1550000000,31,31,31,2,1,31,1550000000,"model_generation","EXECUTED",300.04309499999999,""
uwb-imu-pl/gate-d-diagnostics/v16,31,1550000000,31,31,31,2,1,31,1550000000,"historical_sensitivity","EXECUTED",0.128718,""
uwb-imu-pl/gate-d-diagnostics/v16,31,1550000000,31,31,31,2,1,31,1550000000,"hypothesis_evidence","EXECUTED",1871.3565610000001,"effective_dimensions=1:464,2:41440,3:19200,other:0;context_bytes=10265792;worker_blocks=4"
uwb-imu-pl/gate-d-diagnostics/v16,31,1550000000,31,31,31,2,1,31,1550000000,"health_actions","EXECUTED",18.881152,""
uwb-imu-pl/gate-d-diagnostics/v16,31,1550000000,31,31,31,2,1,31,1550000000,"hypothesis_audit","SKIPPED",,"disabled by output.write_hypothesis_evidence"
uwb-imu-pl/gate-d-diagnostics/v16,31,1550000000,31,31,31,2,1,31,1550000000,"base_factorization","EXECUTED",0.25830199999999998,""
uwb-imu-pl/gate-d-diagnostics/v16,31,1550000000,31,31,31,2,1,31,1550000000,"shared_cache","EXECUTED",0.001712,""
uwb-imu-pl/gate-d-diagnostics/v16,31,1550000000,31,31,31,2,1,31,1550000000,"candidate_evaluation","EXECUTED",444.437973,"rank=1;dense=0;stream_protocol=2;stream_batches=1;stream_batch_capacity=1;stream_peak_batch_actions=1;stream_peak_resident_evaluated_actions=1;stream_peak_batch_full_proofs=0;stream_retained_full_candidates=0;stream_retained_full_proofs=0;stream_full_action_heavy_copy=0;stream_complete=1;stream_fde_preproof_selected_action=0;stream_fde_preproof_status=NO_VALID_CANDIDATE;stream_main_arena_action_full_proofs=0;stream_action_proof_retention=NORMAL_TWO_PASS_O_B_PLUS_ONE;stream_winner_recompute=0;stream_winner_recompute_test_seam=0"
uwb-imu-pl/gate-d-diagnostics/v16,31,1550000000,31,31,31,2,1,31,1550000000,"fde_decision","EXECUTED",24.726476999999999,""
uwb-imu-pl/gate-d-diagnostics/v16,31,1550000000,31,31,31,2,1,31,1550000000,"candidate_audit","EXECUTED",0.039744000000000002,"ACTION_REJECTION_FUNNEL_V2:1=REJECT_PL"
uwb-imu-pl/gate-d-diagnostics/v16,31,1550000000,31,31,31,2,1,31,1550000000,"commit","EXECUTED",2.3273640000000002,""
uwb-imu-pl/gate-d-diagnostics/v16,31,1550000000,31,31,31,2,1,31,1550000000,"state_audit","EXECUTED",0.000426,""
uwb-imu-pl/gate-d-diagnostics/v16,31,1550000000,31,31,31,2,1,31,1550000000,"finalize_commit_audit","EXECUTED",31.851151999999999,"excludes separately timed commit/discard/state audit"
uwb-imu-pl/gate-d-diagnostics/v16,31,1550000000,31,31,31,2,1,31,1550000000,"discard","SKIPPED",,"upstream gate did not reach stage"
uwb-imu-pl/gate-d-diagnostics/v16,31,1550000000,31,31,31,2,1,31,1550000000,"core_total","EXECUTED",3168.298425,""
uwb-imu-pl/gate-d-diagnostics/v16,32,1600000000,32,32,32,3,1,32,1600000000,"prepare","EXECUTED",2.4750969999999999,""
uwb-imu-pl/gate-d-diagnostics/v16,32,1600000000,32,32,32,3,1,32,1600000000,"integrity_window","EXECUTED",423.06295999999998,""
uwb-imu-pl/gate-d-diagnostics/v16,32,1600000000,32,32,32,3,1,32,1600000000,"window_boundary_provenance","EXECUTED",407.846543,""
uwb-imu-pl/gate-d-diagnostics/v16,32,1600000000,32,32,32,3,1,32,1600000000,"window_factor_linearization_whitening","EXECUTED",1.1924330000000001,""
uwb-imu-pl/gate-d-diagnostics/v16,32,1600000000,32,32,32,3,1,32,1600000000,"window_dense_assembly","EXECUTED",0.104271,""
uwb-imu-pl/gate-d-diagnostics/v16,32,1600000000,32,32,32,3,1,32,1600000000,"window_svd","EXECUTED",7.9767380000000001,""
uwb-imu-pl/gate-d-diagnostics/v16,32,1600000000,32,32,32,3,1,32,1600000000,"window_normal_equations","EXECUTED",0.37270199999999998,""
uwb-imu-pl/gate-d-diagnostics/v16,32,1600000000,32,32,32,3,1,32,1600000000,"window_llt_state_solves","EXECUTED",0.113733,""
uwb-imu-pl/gate-d-diagnostics/v16,32,1600000000,32,32,32,3,1,32,1600000000,"window_fingerprint","EXECUTED",4.0602159999999996,""
uwb-imu-pl/gate-d-diagnostics/v16,32,1600000000,32,32,32,3,1,32,1600000000,"all_in_detector","EXECUTED",0.32736399999999999,""
uwb-imu-pl/gate-d-diagnostics/v16,32,1600000000,32,32,32,3,1,32,1600000000,"current_sensitivity","EXECUTED",0.67392300000000005,""
uwb-imu-pl/gate-d-diagnostics/v16,32,1600000000,32,32,32,3,1,32,1600000000,"model_generation","EXECUTED",320.63853799999998,""
uwb-imu-pl/gate-d-diagnostics/v16,32,1600000000,32,32,32,3,1,32,1600000000,"historical_sensitivity","EXECUTED",0.15167099999999997,""
uwb-imu-pl/gate-d-diagnostics/v16,32,1600000000,32,32,32,3,1,32,1600000000,"hypothesis_evidence","EXECUTED",1942.973219,"effective_dimensions=1:464,2:41440,3:19200,other:0;context_bytes=10265792;worker_blocks=4"
uwb-imu-pl/gate-d-diagnostics/v16,32,1600000000,32,32,32,3,1,32,1600000000,"health_actions","EXECUTED",18.56354,""
uwb-imu-pl/gate-d-diagnostics/v16,32,1600000000,32,32,32,3,1,32,1600000000,"hypothesis_audit","SKIPPED",,"disabled by output.write_hypothesis_evidence"
uwb-imu-pl/gate-d-diagnostics/v16,32,1600000000,32,32,32,3,1,32,1600000000,"base_factorization","EXECUTED",0.27960299999999999,""
uwb-imu-pl/gate-d-diagnostics/v16,32,1600000000,32,32,32,3,1,32,1600000000,"shared_cache","EXECUTED",0.0025630000000000002,""
uwb-imu-pl/gate-d-diagnostics/v16,32,1600000000,32,32,32,3,1,32,1600000000,"candidate_evaluation","EXECUTED",453.571821,"rank=1;dense=0;stream_protocol=2;stream_batches=1;stream_batch_capacity=1;stream_peak_batch_actions=1;stream_peak_resident_evaluated_actions=1;stream_peak_batch_full_proofs=0;stream_retained_full_candidates=0;stream_retained_full_proofs=0;stream_full_action_heavy_copy=0;stream_complete=1;stream_fde_preproof_selected_action=0;stream_fde_preproof_status=NO_VALID_CANDIDATE;stream_main_arena_action_full_proofs=0;stream_action_proof_retention=NORMAL_TWO_PASS_O_B_PLUS_ONE;stream_winner_recompute=0;stream_winner_recompute_test_seam=0"
uwb-imu-pl/gate-d-diagnostics/v16,32,1600000000,32,32,32,3,1,32,1600000000,"fde_decision","EXECUTED",25.323861999999998,""
uwb-imu-pl/gate-d-diagnostics/v16,32,1600000000,32,32,32,3,1,32,1600000000,"candidate_audit","EXECUTED",0.039982999999999998,"ACTION_REJECTION_FUNNEL_V2:1=REJECT_PL"
uwb-imu-pl/gate-d-diagnostics/v16,32,1600000000,32,32,32,3,1,32,1600000000,"commit","EXECUTED",2.4201990000000002,""
uwb-imu-pl/gate-d-diagnostics/v16,32,1600000000,32,32,32,3,1,32,1600000000,"state_audit","EXECUTED",0.000388,""
uwb-imu-pl/gate-d-diagnostics/v16,32,1600000000,32,32,32,3,1,32,1600000000,"finalize_commit_audit","EXECUTED",34.943364000000003,"excludes separately timed commit/discard/state audit"
uwb-imu-pl/gate-d-diagnostics/v16,32,1600000000,32,32,32,3,1,32,1600000000,"discard","SKIPPED",,"upstream gate did not reach stage"
uwb-imu-pl/gate-d-diagnostics/v16,32,1600000000,32,32,32,3,1,32,1600000000,"core_total","EXECUTED",3226.1790190000002,""
uwb-imu-pl/gate-d-diagnostics/v16,33,1650000000,33,33,33,4,1,33,1650000000,"prepare","EXECUTED",2.3578670000000002,""
uwb-imu-pl/gate-d-diagnostics/v16,33,1650000000,33,33,33,4,1,33,1650000000,"integrity_window","EXECUTED",395.00343199999998,""
uwb-imu-pl/gate-d-diagnostics/v16,33,1650000000,33,33,33,4,1,33,1650000000,"window_boundary_provenance","EXECUTED",380.16989899999999,""
uwb-imu-pl/gate-d-diagnostics/v16,33,1650000000,33,33,33,4,1,33,1650000000,"window_factor_linearization_whitening","EXECUTED",1.1308020000000001,""
uwb-imu-pl/gate-d-diagnostics/v16,33,1650000000,33,33,33,4,1,33,1650000000,"window_dense_assembly","EXECUTED",0.10144400000000001,""
uwb-imu-pl/gate-d-diagnostics/v16,33,1650000000,33,33,33,4,1,33,1650000000,"window_svd","EXECUTED",7.9481400000000004,""
uwb-imu-pl/gate-d-diagnostics/v16,33,1650000000,33,33,33,4,1,33,1650000000,"window_normal_equations","EXECUTED",0.3493,""
uwb-imu-pl/gate-d-diagnostics/v16,33,1650000000,33,33,33,4,1,33,1650000000,"window_llt_state_solves","EXECUTED",0.10334500000000001,""
uwb-imu-pl/gate-d-diagnostics/v16,33,1650000000,33,33,33,4,1,33,1650000000,"window_fingerprint","EXECUTED",3.8235869999999998,""
uwb-imu-pl/gate-d-diagnostics/v16,33,1650000000,33,33,33,4,1,33,1650000000,"all_in_detector","EXECUTED",0.26686100000000001,""
uwb-imu-pl/gate-d-diagnostics/v16,33,1650000000,33,33,33,4,1,33,1650000000,"current_sensitivity","EXECUTED",0.561589,""
uwb-imu-pl/gate-d-diagnostics/v16,33,1650000000,33,33,33,4,1,33,1650000000,"model_generation","EXECUTED",296.08487000000002,""
uwb-imu-pl/gate-d-diagnostics/v16,33,1650000000,33,33,33,4,1,33,1650000000,"historical_sensitivity","EXECUTED",0.127299,""
uwb-imu-pl/gate-d-diagnostics/v16,33,1650000000,33,33,33,4,1,33,1650000000,"hypothesis_evidence","EXECUTED",1840.0360619999999,"effective_dimensions=1:464,2:41440,3:19200,other:0;context_bytes=10265792;worker_blocks=4"
uwb-imu-pl/gate-d-diagnostics/v16,33,1650000000,33,33,33,4,1,33,1650000000,"health_actions","EXECUTED",19.134658000000002,""
uwb-imu-pl/gate-d-diagnostics/v16,33,1650000000,33,33,33,4,1,33,1650000000,"hypothesis_audit","SKIPPED",,"disabled by output.write_hypothesis_evidence"
uwb-imu-pl/gate-d-diagnostics/v16,33,1650000000,33,33,33,4,1,33,1650000000,"base_factorization","EXECUTED",0.30359900000000001,""
uwb-imu-pl/gate-d-diagnostics/v16,33,1650000000,33,33,33,4,1,33,1650000000,"shared_cache","EXECUTED",0.0023400000000000001,""
uwb-imu-pl/gate-d-diagnostics/v16,33,1650000000,33,33,33,4,1,33,1650000000,"candidate_evaluation","EXECUTED",442.45243099999999,"rank=1;dense=0;stream_protocol=2;stream_batches=1;stream_batch_capacity=1;stream_peak_batch_actions=1;stream_peak_resident_evaluated_actions=1;stream_peak_batch_full_proofs=0;stream_retained_full_candidates=0;stream_retained_full_proofs=0;stream_full_action_heavy_copy=0;stream_complete=1;stream_fde_preproof_selected_action=0;stream_fde_preproof_status=NO_VALID_CANDIDATE;stream_main_arena_action_full_proofs=0;stream_action_proof_retention=NORMAL_TWO_PASS_O_B_PLUS_ONE;stream_winner_recompute=0;stream_winner_recompute_test_seam=0"
uwb-imu-pl/gate-d-diagnostics/v16,33,1650000000,33,33,33,4,1,33,1650000000,"fde_decision","EXECUTED",26.630299000000001,""
uwb-imu-pl/gate-d-diagnostics/v16,33,1650000000,33,33,33,4,1,33,1650000000,"candidate_audit","EXECUTED",0.038608000000000003,"ACTION_REJECTION_FUNNEL_V2:1=REJECT_PL"
uwb-imu-pl/gate-d-diagnostics/v16,33,1650000000,33,33,33,4,1,33,1650000000,"commit","EXECUTED",2.402209,""
uwb-imu-pl/gate-d-diagnostics/v16,33,1650000000,33,33,33,4,1,33,1650000000,"state_audit","EXECUTED",0.00039399999999999998,""
uwb-imu-pl/gate-d-diagnostics/v16,33,1650000000,33,33,33,4,1,33,1650000000,"finalize_commit_audit","EXECUTED",34.022016999999998,"excludes separately timed commit/discard/state audit"
uwb-imu-pl/gate-d-diagnostics/v16,33,1650000000,33,33,33,4,1,33,1650000000,"discard","SKIPPED",,"upstream gate did not reach stage"
uwb-imu-pl/gate-d-diagnostics/v16,33,1650000000,33,33,33,4,1,33,1650000000,"core_total","EXECUTED",3060.1795109999998,""
uwb-imu-pl/gate-d-diagnostics/v16,34,1700000000,34,34,34,5,1,34,1700000000,"prepare","EXECUTED",2.5443660000000001,""
uwb-imu-pl/gate-d-diagnostics/v16,34,1700000000,34,34,34,5,1,34,1700000000,"integrity_window","EXECUTED",401.08153399999998,""
uwb-imu-pl/gate-d-diagnostics/v16,34,1700000000,34,34,34,5,1,34,1700000000,"window_boundary_provenance","EXECUTED",385.14431300000001,""
uwb-imu-pl/gate-d-diagnostics/v16,34,1700000000,34,34,34,5,1,34,1700000000,"window_factor_linearization_whitening","EXECUTED",1.110284,""
uwb-imu-pl/gate-d-diagnostics/v16,34,1700000000,34,34,34,5,1,34,1700000000,"window_dense_assembly","EXECUTED",0.12789600000000001,""
uwb-imu-pl/gate-d-diagnostics/v16,34,1700000000,34,34,34,5,1,34,1700000000,"window_svd","EXECUTED",8.5596969999999999,""
uwb-imu-pl/gate-d-diagnostics/v16,34,1700000000,34,34,34,5,1,34,1700000000,"window_normal_equations","EXECUTED",0.33638899999999999,""
uwb-imu-pl/gate-d-diagnostics/v16,34,1700000000,34,34,34,5,1,34,1700000000,"window_llt_state_solves","EXECUTED",0.103449,""
uwb-imu-pl/gate-d-diagnostics/v16,34,1700000000,34,34,34,5,1,34,1700000000,"window_fingerprint","EXECUTED",4.3110480000000004,""
uwb-imu-pl/gate-d-diagnostics/v16,34,1700000000,34,34,34,5,1,34,1700000000,"all_in_detector","EXECUTED",0.270706,""
uwb-imu-pl/gate-d-diagnostics/v16,34,1700000000,34,34,34,5,1,34,1700000000,"current_sensitivity","EXECUTED",0.56920700000000002,""
uwb-imu-pl/gate-d-diagnostics/v16,34,1700000000,34,34,34,5,1,34,1700000000,"model_generation","EXECUTED",298.65657199999998,""
uwb-imu-pl/gate-d-diagnostics/v16,34,1700000000,34,34,34,5,1,34,1700000000,"historical_sensitivity","EXECUTED",0.128245,""
uwb-imu-pl/gate-d-diagnostics/v16,34,1700000000,34,34,34,5,1,34,1700000000,"hypothesis_evidence","EXECUTED",1853.2880540000001,"effective_dimensions=1:464,2:41440,3:19200,other:0;context_bytes=10265792;worker_blocks=4"
uwb-imu-pl/gate-d-diagnostics/v16,34,1700000000,34,34,34,5,1,34,1700000000,"health_actions","EXECUTED",18.518453999999998,""
uwb-imu-pl/gate-d-diagnostics/v16,34,1700000000,34,34,34,5,1,34,1700000000,"hypothesis_audit","SKIPPED",,"disabled by output.write_hypothesis_evidence"
uwb-imu-pl/gate-d-diagnostics/v16,34,1700000000,34,34,34,5,1,34,1700000000,"base_factorization","EXECUTED",0.27752900000000003,""
uwb-imu-pl/gate-d-diagnostics/v16,34,1700000000,34,34,34,5,1,34,1700000000,"shared_cache","EXECUTED",0.0022769999999999999,""
uwb-imu-pl/gate-d-diagnostics/v16,34,1700000000,34,34,34,5,1,34,1700000000,"candidate_evaluation","EXECUTED",448.61211100000003,"rank=1;dense=0;stream_protocol=2;stream_batches=1;stream_batch_capacity=1;stream_peak_batch_actions=1;stream_peak_resident_evaluated_actions=1;stream_peak_batch_full_proofs=0;stream_retained_full_candidates=0;stream_retained_full_proofs=0;stream_full_action_heavy_copy=0;stream_complete=1;stream_fde_preproof_selected_action=0;stream_fde_preproof_status=NO_VALID_CANDIDATE;stream_main_arena_action_full_proofs=0;stream_action_proof_retention=NORMAL_TWO_PASS_O_B_PLUS_ONE;stream_winner_recompute=0;stream_winner_recompute_test_seam=0"
uwb-imu-pl/gate-d-diagnostics/v16,34,1700000000,34,34,34,5,1,34,1700000000,"fde_decision","EXECUTED",25.625093,""
uwb-imu-pl/gate-d-diagnostics/v16,34,1700000000,34,34,34,5,1,34,1700000000,"candidate_audit","EXECUTED",0.040055,"ACTION_REJECTION_FUNNEL_V2:1=REJECT_PL"
uwb-imu-pl/gate-d-diagnostics/v16,34,1700000000,34,34,34,5,1,34,1700000000,"commit","EXECUTED",2.519352,""
uwb-imu-pl/gate-d-diagnostics/v16,34,1700000000,34,34,34,5,1,34,1700000000,"state_audit","EXECUTED",0.00040200000000000001,""
uwb-imu-pl/gate-d-diagnostics/v16,34,1700000000,34,34,34,5,1,34,1700000000,"finalize_commit_audit","EXECUTED",35.143965000000001,"excludes separately timed commit/discard/state audit"
uwb-imu-pl/gate-d-diagnostics/v16,34,1700000000,34,34,34,5,1,34,1700000000,"discard","SKIPPED",,"upstream gate did not reach stage"
uwb-imu-pl/gate-d-diagnostics/v16,34,1700000000,34,34,34,5,1,34,1700000000,"core_total","EXECUTED",3087.851154,""
uwb-imu-pl/gate-d-diagnostics/v16,35,1750000000,35,35,35,6,1,35,1750000000,"prepare","EXECUTED",2.4651700000000001,""
uwb-imu-pl/gate-d-diagnostics/v16,35,1750000000,35,35,35,6,1,35,1750000000,"integrity_window","EXECUTED",424.88200599999999,""
uwb-imu-pl/gate-d-diagnostics/v16,35,1750000000,35,35,35,6,1,35,1750000000,"window_boundary_provenance","EXECUTED",409.48039899999998,""
uwb-imu-pl/gate-d-diagnostics/v16,35,1750000000,35,35,35,6,1,35,1750000000,"window_factor_linearization_whitening","EXECUTED",1.1748970000000001,""
uwb-imu-pl/gate-d-diagnostics/v16,35,1750000000,35,35,35,6,1,35,1750000000,"window_dense_assembly","EXECUTED",0.110169,""
uwb-imu-pl/gate-d-diagnostics/v16,35,1750000000,35,35,35,6,1,35,1750000000,"window_svd","EXECUTED",8.1763480000000008,""
uwb-imu-pl/gate-d-diagnostics/v16,35,1750000000,35,35,35,6,1,35,1750000000,"window_normal_equations","EXECUTED",0.35287600000000002,""
uwb-imu-pl/gate-d-diagnostics/v16,35,1750000000,35,35,35,6,1,35,1750000000,"window_llt_state_solves","EXECUTED",0.13645399999999999,""
uwb-imu-pl/gate-d-diagnostics/v16,35,1750000000,35,35,35,6,1,35,1750000000,"window_fingerprint","EXECUTED",4.0542949999999998,""
uwb-imu-pl/gate-d-diagnostics/v16,35,1750000000,35,35,35,6,1,35,1750000000,"all_in_detector","EXECUTED",0.29402499999999998,""
uwb-imu-pl/gate-d-diagnostics/v16,35,1750000000,35,35,35,6,1,35,1750000000,"current_sensitivity","EXECUTED",0.60603799999999997,""
uwb-imu-pl/gate-d-diagnostics/v16,35,1750000000,35,35,35,6,1,35,1750000000,"model_generation","EXECUTED",298.99048199999999,""
uwb-imu-pl/gate-d-diagnostics/v16,35,1750000000,35,35,35,6,1,35,1750000000,"historical_sensitivity","EXECUTED",0.127858,""
uwb-imu-pl/gate-d-diagnostics/v16,35,1750000000,35,35,35,6,1,35,1750000000,"hypothesis_evidence","EXECUTED",1984.5819610000001,"effective_dimensions=1:464,2:41440,3:19200,other:0;context_bytes=10265792;worker_blocks=4"
uwb-imu-pl/gate-d-diagnostics/v16,35,1750000000,35,35,35,6,1,35,1750000000,"health_actions","EXECUTED",19.747641000000002,""
uwb-imu-pl/gate-d-diagnostics/v16,35,1750000000,35,35,35,6,1,35,1750000000,"hypothesis_audit","SKIPPED",,"disabled by output.write_hypothesis_evidence"
uwb-imu-pl/gate-d-diagnostics/v16,35,1750000000,35,35,35,6,1,35,1750000000,"base_factorization","EXECUTED",0.25614799999999999,""
uwb-imu-pl/gate-d-diagnostics/v16,35,1750000000,35,35,35,6,1,35,1750000000,"shared_cache","EXECUTED",0.0024559999999999998,""
uwb-imu-pl/gate-d-diagnostics/v16,35,1750000000,35,35,35,6,1,35,1750000000,"candidate_evaluation","EXECUTED",444.42694799999998,"rank=1;dense=0;stream_protocol=2;stream_batches=1;stream_batch_capacity=1;stream_peak_batch_actions=1;stream_peak_resident_evaluated_actions=1;stream_peak_batch_full_proofs=0;stream_retained_full_candidates=0;stream_retained_full_proofs=0;stream_full_action_heavy_copy=0;stream_complete=1;stream_fde_preproof_selected_action=0;stream_fde_preproof_status=NO_VALID_CANDIDATE;stream_main_arena_action_full_proofs=0;stream_action_proof_retention=NORMAL_TWO_PASS_O_B_PLUS_ONE;stream_winner_recompute=0;stream_winner_recompute_test_seam=0"
uwb-imu-pl/gate-d-diagnostics/v16,35,1750000000,35,35,35,6,1,35,1750000000,"fde_decision","EXECUTED",27.355575999999999,""
uwb-imu-pl/gate-d-diagnostics/v16,35,1750000000,35,35,35,6,1,35,1750000000,"candidate_audit","EXECUTED",0.040973999999999997,"ACTION_REJECTION_FUNNEL_V2:1=REJECT_PL"
uwb-imu-pl/gate-d-diagnostics/v16,35,1750000000,35,35,35,6,1,35,1750000000,"commit","EXECUTED",2.6516009999999999,""
uwb-imu-pl/gate-d-diagnostics/v16,35,1750000000,35,35,35,6,1,35,1750000000,"state_audit","EXECUTED",0.00048999999999999998,""
uwb-imu-pl/gate-d-diagnostics/v16,35,1750000000,35,35,35,6,1,35,1750000000,"finalize_commit_audit","EXECUTED",32.006931999999999,"excludes separately timed commit/discard/state audit"
uwb-imu-pl/gate-d-diagnostics/v16,35,1750000000,35,35,35,6,1,35,1750000000,"discard","SKIPPED",,"upstream gate did not reach stage"
uwb-imu-pl/gate-d-diagnostics/v16,35,1750000000,35,35,35,6,1,35,1750000000,"core_total","EXECUTED",3239.1057580000002,""
uwb-imu-pl/gate-d-diagnostics/v16,36,1800000000,36,36,36,7,1,36,1800000000,"prepare","EXECUTED",2.7992349999999999,""
uwb-imu-pl/gate-d-diagnostics/v16,36,1800000000,36,36,36,7,1,36,1800000000,"integrity_window","EXECUTED",439.65656799999999,""
uwb-imu-pl/gate-d-diagnostics/v16,36,1800000000,36,36,36,7,1,36,1800000000,"window_boundary_provenance","EXECUTED",424.70045599999997,""
uwb-imu-pl/gate-d-diagnostics/v16,36,1800000000,36,36,36,7,1,36,1800000000,"window_factor_linearization_whitening","EXECUTED",1.1552260000000001,""
uwb-imu-pl/gate-d-diagnostics/v16,36,1800000000,36,36,36,7,1,36,1800000000,"window_dense_assembly","EXECUTED",0.116051,""
uwb-imu-pl/gate-d-diagnostics/v16,36,1800000000,36,36,36,7,1,36,1800000000,"window_svd","EXECUTED",7.9342100000000002,""
uwb-imu-pl/gate-d-diagnostics/v16,36,1800000000,36,36,36,7,1,36,1800000000,"window_normal_equations","EXECUTED",0.36382300000000001,""
uwb-imu-pl/gate-d-diagnostics/v16,36,1800000000,36,36,36,7,1,36,1800000000,"window_llt_state_solves","EXECUTED",0.104494,""
uwb-imu-pl/gate-d-diagnostics/v16,36,1800000000,36,36,36,7,1,36,1800000000,"window_fingerprint","EXECUTED",3.9202720000000002,""
uwb-imu-pl/gate-d-diagnostics/v16,36,1800000000,36,36,36,7,1,36,1800000000,"all_in_detector","EXECUTED",0.25007299999999999,""
uwb-imu-pl/gate-d-diagnostics/v16,36,1800000000,36,36,36,7,1,36,1800000000,"current_sensitivity","EXECUTED",0.54820400000000002,""
uwb-imu-pl/gate-d-diagnostics/v16,36,1800000000,36,36,36,7,1,36,1800000000,"model_generation","EXECUTED",307.70724300000001,""
uwb-imu-pl/gate-d-diagnostics/v16,36,1800000000,36,36,36,7,1,36,1800000000,"historical_sensitivity","EXECUTED",0.13664699999999996,""
uwb-imu-pl/gate-d-diagnostics/v16,36,1800000000,36,36,36,7,1,36,1800000000,"hypothesis_evidence","EXECUTED",2130.0973709999998,"effective_dimensions=1:464,2:41440,3:19200,other:0;context_bytes=10265792;worker_blocks=4"
uwb-imu-pl/gate-d-diagnostics/v16,36,1800000000,36,36,36,7,1,36,1800000000,"health_actions","EXECUTED",20.987401999999999,""
uwb-imu-pl/gate-d-diagnostics/v16,36,1800000000,36,36,36,7,1,36,1800000000,"hypothesis_audit","SKIPPED",,"disabled by output.write_hypothesis_evidence"
uwb-imu-pl/gate-d-diagnostics/v16,36,1800000000,36,36,36,7,1,36,1800000000,"base_factorization","EXECUTED",0.26702199999999998,""
uwb-imu-pl/gate-d-diagnostics/v16,36,1800000000,36,36,36,7,1,36,1800000000,"shared_cache","EXECUTED",0.002421,""
uwb-imu-pl/gate-d-diagnostics/v16,36,1800000000,36,36,36,7,1,36,1800000000,"candidate_evaluation","EXECUTED",440.34332699999999,"rank=1;dense=0;stream_protocol=2;stream_batches=1;stream_batch_capacity=1;stream_peak_batch_actions=1;stream_peak_resident_evaluated_actions=1;stream_peak_batch_full_proofs=0;stream_retained_full_candidates=0;stream_retained_full_proofs=0;stream_full_action_heavy_copy=0;stream_complete=1;stream_fde_preproof_selected_action=0;stream_fde_preproof_status=NO_VALID_CANDIDATE;stream_main_arena_action_full_proofs=0;stream_action_proof_retention=NORMAL_TWO_PASS_O_B_PLUS_ONE;stream_winner_recompute=0;stream_winner_recompute_test_seam=0"
uwb-imu-pl/gate-d-diagnostics/v16,36,1800000000,36,36,36,7,1,36,1800000000,"fde_decision","EXECUTED",24.378299999999999,""
uwb-imu-pl/gate-d-diagnostics/v16,36,1800000000,36,36,36,7,1,36,1800000000,"candidate_audit","EXECUTED",0.041078999999999997,"ACTION_REJECTION_FUNNEL_V2:1=REJECT_PL"
uwb-imu-pl/gate-d-diagnostics/v16,36,1800000000,36,36,36,7,1,36,1800000000,"commit","EXECUTED",2.6844749999999999,""
uwb-imu-pl/gate-d-diagnostics/v16,36,1800000000,36,36,36,7,1,36,1800000000,"state_audit","EXECUTED",0.00039199999999999999,""
uwb-imu-pl/gate-d-diagnostics/v16,36,1800000000,36,36,36,7,1,36,1800000000,"finalize_commit_audit","EXECUTED",37.278054000000004,"excludes separately timed commit/discard/state audit"
uwb-imu-pl/gate-d-diagnostics/v16,36,1800000000,36,36,36,7,1,36,1800000000,"discard","SKIPPED",,"upstream gate did not reach stage"
uwb-imu-pl/gate-d-diagnostics/v16,36,1800000000,36,36,36,7,1,36,1800000000,"core_total","EXECUTED",3407.7999009999999,""
uwb-imu-pl/gate-d-diagnostics/v16,37,1850000000,37,37,37,8,1,37,1850000000,"prepare","EXECUTED",2.7036630000000001,""
uwb-imu-pl/gate-d-diagnostics/v16,37,1850000000,37,37,37,8,1,37,1850000000,"integrity_window","EXECUTED",490.81642199999999,""
uwb-imu-pl/gate-d-diagnostics/v16,37,1850000000,37,37,37,8,1,37,1850000000,"window_boundary_provenance","EXECUTED",475.39135199999998,""
uwb-imu-pl/gate-d-diagnostics/v16,37,1850000000,37,37,37,8,1,37,1850000000,"window_factor_linearization_whitening","EXECUTED",1.718062,""
uwb-imu-pl/gate-d-diagnostics/v16,37,1850000000,37,37,37,8,1,37,1850000000,"window_dense_assembly","EXECUTED",0.098159999999999997,""
uwb-imu-pl/gate-d-diagnostics/v16,37,1850000000,37,37,37,8,1,37,1850000000,"window_svd","EXECUTED",7.9574369999999996,""
uwb-imu-pl/gate-d-diagnostics/v16,37,1850000000,37,37,37,8,1,37,1850000000,"window_normal_equations","EXECUTED",0.34367700000000001,""
uwb-imu-pl/gate-d-diagnostics/v16,37,1850000000,37,37,37,8,1,37,1850000000,"window_llt_state_solves","EXECUTED",0.100657,""
uwb-imu-pl/gate-d-diagnostics/v16,37,1850000000,37,37,37,8,1,37,1850000000,"window_fingerprint","EXECUTED",3.8251059999999999,""
uwb-imu-pl/gate-d-diagnostics/v16,37,1850000000,37,37,37,8,1,37,1850000000,"all_in_detector","EXECUTED",0.27084399999999997,""
uwb-imu-pl/gate-d-diagnostics/v16,37,1850000000,37,37,37,8,1,37,1850000000,"current_sensitivity","EXECUTED",0.41900100000000001,""
uwb-imu-pl/gate-d-diagnostics/v16,37,1850000000,37,37,37,8,1,37,1850000000,"model_generation","EXECUTED",296.86309199999999,""
uwb-imu-pl/gate-d-diagnostics/v16,37,1850000000,37,37,37,8,1,37,1850000000,"historical_sensitivity","EXECUTED",0.12781799999999999,""
uwb-imu-pl/gate-d-diagnostics/v16,37,1850000000,37,37,37,8,1,37,1850000000,"hypothesis_evidence","EXECUTED",1930.587489,"effective_dimensions=1:464,2:41440,3:19200,other:0;context_bytes=10265792;worker_blocks=4"
uwb-imu-pl/gate-d-diagnostics/v16,37,1850000000,37,37,37,8,1,37,1850000000,"health_actions","EXECUTED",20.404610999999999,""
uwb-imu-pl/gate-d-diagnostics/v16,37,1850000000,37,37,37,8,1,37,1850000000,"hypothesis_audit","SKIPPED",,"disabled by output.write_hypothesis_evidence"
uwb-imu-pl/gate-d-diagnostics/v16,37,1850000000,37,37,37,8,1,37,1850000000,"base_factorization","EXECUTED",0.26085799999999998,""
uwb-imu-pl/gate-d-diagnostics/v16,37,1850000000,37,37,37,8,1,37,1850000000,"shared_cache","EXECUTED",0.0026189999999999998,""
uwb-imu-pl/gate-d-diagnostics/v16,37,1850000000,37,37,37,8,1,37,1850000000,"candidate_evaluation","EXECUTED",445.19762100000003,"rank=1;dense=0;stream_protocol=2;stream_batches=1;stream_batch_capacity=1;stream_peak_batch_actions=1;stream_peak_resident_evaluated_actions=1;stream_peak_batch_full_proofs=0;stream_retained_full_candidates=0;stream_retained_full_proofs=0;stream_full_action_heavy_copy=0;stream_complete=1;stream_fde_preproof_selected_action=0;stream_fde_preproof_status=NO_VALID_CANDIDATE;stream_main_arena_action_full_proofs=0;stream_action_proof_retention=NORMAL_TWO_PASS_O_B_PLUS_ONE;stream_winner_recompute=0;stream_winner_recompute_test_seam=0"
uwb-imu-pl/gate-d-diagnostics/v16,37,1850000000,37,37,37,8,1,37,1850000000,"fde_decision","EXECUTED",25.343392999999999,""
uwb-imu-pl/gate-d-diagnostics/v16,37,1850000000,37,37,37,8,1,37,1850000000,"candidate_audit","EXECUTED",0.041898999999999999,"ACTION_REJECTION_FUNNEL_V2:1=REJECT_PL"
uwb-imu-pl/gate-d-diagnostics/v16,37,1850000000,37,37,37,8,1,37,1850000000,"commit","EXECUTED",2.9088919999999998,""
uwb-imu-pl/gate-d-diagnostics/v16,37,1850000000,37,37,37,8,1,37,1850000000,"state_audit","EXECUTED",0.00060599999999999998,""
uwb-imu-pl/gate-d-diagnostics/v16,37,1850000000,37,37,37,8,1,37,1850000000,"finalize_commit_audit","EXECUTED",32.189681999999998,"excludes separately timed commit/discard/state audit"
uwb-imu-pl/gate-d-diagnostics/v16,37,1850000000,37,37,37,8,1,37,1850000000,"discard","SKIPPED",,"upstream gate did not reach stage"
uwb-imu-pl/gate-d-diagnostics/v16,37,1850000000,37,37,37,8,1,37,1850000000,"core_total","EXECUTED",3248.7220579999998,""
uwb-imu-pl/gate-d-diagnostics/v16,38,1900000000,38,38,38,9,1,38,1900000000,"prepare","EXECUTED",2.320262,""
uwb-imu-pl/gate-d-diagnostics/v16,38,1900000000,38,38,38,9,1,38,1900000000,"integrity_window","EXECUTED",510.78966500000001,""
uwb-imu-pl/gate-d-diagnostics/v16,38,1900000000,38,38,38,9,1,38,1900000000,"window_boundary_provenance","EXECUTED",494.78628400000002,""
uwb-imu-pl/gate-d-diagnostics/v16,38,1900000000,38,38,38,9,1,38,1900000000,"window_factor_linearization_whitening","EXECUTED",1.0762050000000001,""
uwb-imu-pl/gate-d-diagnostics/v16,38,1900000000,38,38,38,9,1,38,1900000000,"window_dense_assembly","EXECUTED",0.089319999999999997,""
uwb-imu-pl/gate-d-diagnostics/v16,38,1900000000,38,38,38,9,1,38,1900000000,"window_svd","EXECUTED",8.0535259999999997,""
uwb-imu-pl/gate-d-diagnostics/v16,38,1900000000,38,38,38,9,1,38,1900000000,"window_normal_equations","EXECUTED",0.33413999999999999,""
uwb-imu-pl/gate-d-diagnostics/v16,38,1900000000,38,38,38,9,1,38,1900000000,"window_llt_state_solves","EXECUTED",0.10208399999999999,""
uwb-imu-pl/gate-d-diagnostics/v16,38,1900000000,38,38,38,9,1,38,1900000000,"window_fingerprint","EXECUTED",4.9537310000000003,""
uwb-imu-pl/gate-d-diagnostics/v16,38,1900000000,38,38,38,9,1,38,1900000000,"all_in_detector","EXECUTED",0.31484699999999999,""
uwb-imu-pl/gate-d-diagnostics/v16,38,1900000000,38,38,38,9,1,38,1900000000,"current_sensitivity","EXECUTED",0.800647,""
uwb-imu-pl/gate-d-diagnostics/v16,38,1900000000,38,38,38,9,1,38,1900000000,"model_generation","EXECUTED",297.78598700000003,""
uwb-imu-pl/gate-d-diagnostics/v16,38,1900000000,38,38,38,9,1,38,1900000000,"historical_sensitivity","EXECUTED",0.13606299999999999,""
uwb-imu-pl/gate-d-diagnostics/v16,38,1900000000,38,38,38,9,1,38,1900000000,"hypothesis_evidence","EXECUTED",1983.5971050000001,"effective_dimensions=1:464,2:41440,3:19200,other:0;context_bytes=10265792;worker_blocks=4"
uwb-imu-pl/gate-d-diagnostics/v16,38,1900000000,38,38,38,9,1,38,1900000000,"health_actions","EXECUTED",20.904223999999999,""
uwb-imu-pl/gate-d-diagnostics/v16,38,1900000000,38,38,38,9,1,38,1900000000,"hypothesis_audit","SKIPPED",,"disabled by output.write_hypothesis_evidence"
uwb-imu-pl/gate-d-diagnostics/v16,38,1900000000,38,38,38,9,1,38,1900000000,"base_factorization","EXECUTED",0.26020399999999999,""
uwb-imu-pl/gate-d-diagnostics/v16,38,1900000000,38,38,38,9,1,38,1900000000,"shared_cache","EXECUTED",0.0022859999999999998,""
uwb-imu-pl/gate-d-diagnostics/v16,38,1900000000,38,38,38,9,1,38,1900000000,"candidate_evaluation","EXECUTED",441.67755899999997,"rank=1;dense=0;stream_protocol=2;stream_batches=1;stream_batch_capacity=1;stream_peak_batch_actions=1;stream_peak_resident_evaluated_actions=1;stream_peak_batch_full_proofs=0;stream_retained_full_candidates=0;stream_retained_full_proofs=0;stream_full_action_heavy_copy=0;stream_complete=1;stream_fde_preproof_selected_action=0;stream_fde_preproof_status=NO_VALID_CANDIDATE;stream_main_arena_action_full_proofs=0;stream_action_proof_retention=NORMAL_TWO_PASS_O_B_PLUS_ONE;stream_winner_recompute=0;stream_winner_recompute_test_seam=0"
uwb-imu-pl/gate-d-diagnostics/v16,38,1900000000,38,38,38,9,1,38,1900000000,"fde_decision","EXECUTED",25.885418000000001,""
uwb-imu-pl/gate-d-diagnostics/v16,38,1900000000,38,38,38,9,1,38,1900000000,"candidate_audit","EXECUTED",0.040328000000000003,"ACTION_REJECTION_FUNNEL_V2:1=REJECT_PL"
uwb-imu-pl/gate-d-diagnostics/v16,38,1900000000,38,38,38,9,1,38,1900000000,"commit","EXECUTED",2.85284,""
uwb-imu-pl/gate-d-diagnostics/v16,38,1900000000,38,38,38,9,1,38,1900000000,"state_audit","EXECUTED",0.00038999999999999999,""
uwb-imu-pl/gate-d-diagnostics/v16,38,1900000000,38,38,38,9,1,38,1900000000,"finalize_commit_audit","EXECUTED",34.290626000000003,"excludes separately timed commit/discard/state audit"
uwb-imu-pl/gate-d-diagnostics/v16,38,1900000000,38,38,38,9,1,38,1900000000,"discard","SKIPPED",,"upstream gate did not reach stage"
uwb-imu-pl/gate-d-diagnostics/v16,38,1900000000,38,38,38,9,1,38,1900000000,"core_total","EXECUTED",3322.338362,""
uwb-imu-pl/gate-d-diagnostics/v16,39,1950000000,39,39,39,10,1,39,1950000000,"prepare","EXECUTED",2.322336,""
uwb-imu-pl/gate-d-diagnostics/v16,39,1950000000,39,39,39,10,1,39,1950000000,"integrity_window","EXECUTED",555.72615499999995,""
uwb-imu-pl/gate-d-diagnostics/v16,39,1950000000,39,39,39,10,1,39,1950000000,"window_boundary_provenance","EXECUTED",540.51595299999997,""
uwb-imu-pl/gate-d-diagnostics/v16,39,1950000000,39,39,39,10,1,39,1950000000,"window_factor_linearization_whitening","EXECUTED",1.125068,""
uwb-imu-pl/gate-d-diagnostics/v16,39,1950000000,39,39,39,10,1,39,1950000000,"window_dense_assembly","EXECUTED",0.102634,""
uwb-imu-pl/gate-d-diagnostics/v16,39,1950000000,39,39,39,10,1,39,1950000000,"window_svd","EXECUTED",7.9936470000000002,""
uwb-imu-pl/gate-d-diagnostics/v16,39,1950000000,39,39,39,10,1,39,1950000000,"window_normal_equations","EXECUTED",0.343389,""
uwb-imu-pl/gate-d-diagnostics/v16,39,1950000000,39,39,39,10,1,39,1950000000,"window_llt_state_solves","EXECUTED",0.114829,""
uwb-imu-pl/gate-d-diagnostics/v16,39,1950000000,39,39,39,10,1,39,1950000000,"window_fingerprint","EXECUTED",4.1083740000000004,""
uwb-imu-pl/gate-d-diagnostics/v16,39,1950000000,39,39,39,10,1,39,1950000000,"all_in_detector","EXECUTED",0.29123500000000002,""
uwb-imu-pl/gate-d-diagnostics/v16,39,1950000000,39,39,39,10,1,39,1950000000,"current_sensitivity","EXECUTED",0.59487500000000004,""
uwb-imu-pl/gate-d-diagnostics/v16,39,1950000000,39,39,39,10,1,39,1950000000,"model_generation","EXECUTED",296.84875599999998,""
uwb-imu-pl/gate-d-diagnostics/v16,39,1950000000,39,39,39,10,1,39,1950000000,"historical_sensitivity","EXECUTED",0.12837399999999999,""
uwb-imu-pl/gate-d-diagnostics/v16,39,1950000000,39,39,39,10,1,39,1950000000,"hypothesis_evidence","EXECUTED",1886.1187070000001,"effective_dimensions=1:464,2:41440,3:19200,other:0;context_bytes=10265792;worker_blocks=4"
uwb-imu-pl/gate-d-diagnostics/v16,39,1950000000,39,39,39,10,1,39,1950000000,"health_actions","EXECUTED",20.232973000000001,""
uwb-imu-pl/gate-d-diagnostics/v16,39,1950000000,39,39,39,10,1,39,1950000000,"hypothesis_audit","SKIPPED",,"disabled by output.write_hypothesis_evidence"
uwb-imu-pl/gate-d-diagnostics/v16,39,1950000000,39,39,39,10,1,39,1950000000,"base_factorization","EXECUTED",0.26833099999999999,""
uwb-imu-pl/gate-d-diagnostics/v16,39,1950000000,39,39,39,10,1,39,1950000000,"shared_cache","EXECUTED",0.0023960000000000001,""
uwb-imu-pl/gate-d-diagnostics/v16,39,1950000000,39,39,39,10,1,39,1950000000,"candidate_evaluation","EXECUTED",446.19169499999998,"rank=1;dense=0;stream_protocol=2;stream_batches=1;stream_batch_capacity=1;stream_peak_batch_actions=1;stream_peak_resident_evaluated_actions=1;stream_peak_batch_full_proofs=0;stream_retained_full_candidates=0;stream_retained_full_proofs=0;stream_full_action_heavy_copy=0;stream_complete=1;stream_fde_preproof_selected_action=0;stream_fde_preproof_status=NO_VALID_CANDIDATE;stream_main_arena_action_full_proofs=0;stream_action_proof_retention=NORMAL_TWO_PASS_O_B_PLUS_ONE;stream_winner_recompute=0;stream_winner_recompute_test_seam=0"
uwb-imu-pl/gate-d-diagnostics/v16,39,1950000000,39,39,39,10,1,39,1950000000,"fde_decision","EXECUTED",26.332439999999998,""
uwb-imu-pl/gate-d-diagnostics/v16,39,1950000000,39,39,39,10,1,39,1950000000,"candidate_audit","EXECUTED",0.03884,"ACTION_REJECTION_FUNNEL_V2:1=REJECT_PL"
uwb-imu-pl/gate-d-diagnostics/v16,39,1950000000,39,39,39,10,1,39,1950000000,"commit","EXECUTED",2.9953370000000001,""
uwb-imu-pl/gate-d-diagnostics/v16,39,1950000000,39,39,39,10,1,39,1950000000,"state_audit","EXECUTED",0.00060899999999999995,""
uwb-imu-pl/gate-d-diagnostics/v16,39,1950000000,39,39,39,10,1,39,1950000000,"finalize_commit_audit","EXECUTED",34.588496000000006,"excludes separately timed commit/discard/state audit"
uwb-imu-pl/gate-d-diagnostics/v16,39,1950000000,39,39,39,10,1,39,1950000000,"discard","SKIPPED",,"upstream gate did not reach stage"
uwb-imu-pl/gate-d-diagnostics/v16,39,1950000000,39,39,39,10,1,39,1950000000,"core_total","EXECUTED",3273.3234419999999,""
uwb-imu-pl/gate-d-diagnostics/v16,40,2000000000,40,40,40,11,1,40,2000000000,"prepare","EXECUTED",2.548762,""
uwb-imu-pl/gate-d-diagnostics/v16,40,2000000000,40,40,40,11,1,40,2000000000,"integrity_window","EXECUTED",579.91398000000004,""
uwb-imu-pl/gate-d-diagnostics/v16,40,2000000000,40,40,40,11,1,40,2000000000,"window_boundary_provenance","EXECUTED",564.05587700000001,""
uwb-imu-pl/gate-d-diagnostics/v16,40,2000000000,40,40,40,11,1,40,2000000000,"window_factor_linearization_whitening","EXECUTED",1.296915,""
uwb-imu-pl/gate-d-diagnostics/v16,40,2000000000,40,40,40,11,1,40,2000000000,"window_dense_assembly","EXECUTED",0.096130999999999994,""
uwb-imu-pl/gate-d-diagnostics/v16,40,2000000000,40,40,40,11,1,40,2000000000,"window_svd","EXECUTED",8.5167590000000004,""
uwb-imu-pl/gate-d-diagnostics/v16,40,2000000000,40,40,40,11,1,40,2000000000,"window_normal_equations","EXECUTED",0.34753299999999998,""
uwb-imu-pl/gate-d-diagnostics/v16,40,2000000000,40,40,40,11,1,40,2000000000,"window_llt_state_solves","EXECUTED",0.119224,""
uwb-imu-pl/gate-d-diagnostics/v16,40,2000000000,40,40,40,11,1,40,2000000000,"window_fingerprint","EXECUTED",4.0670229999999998,""
uwb-imu-pl/gate-d-diagnostics/v16,40,2000000000,40,40,40,11,1,40,2000000000,"all_in_detector","EXECUTED",0.29180600000000001,""
uwb-imu-pl/gate-d-diagnostics/v16,40,2000000000,40,40,40,11,1,40,2000000000,"current_sensitivity","EXECUTED",0.78065700000000005,""
uwb-imu-pl/gate-d-diagnostics/v16,40,2000000000,40,40,40,11,1,40,2000000000,"model_generation","EXECUTED",296.687592,""
uwb-imu-pl/gate-d-diagnostics/v16,40,2000000000,40,40,40,11,1,40,2000000000,"historical_sensitivity","EXECUTED",0.13356399999999999,""
uwb-imu-pl/gate-d-diagnostics/v16,40,2000000000,40,40,40,11,1,40,2000000000,"hypothesis_evidence","EXECUTED",1925.257441,"effective_dimensions=1:464,2:41440,3:19200,other:0;context_bytes=10265792;worker_blocks=4"
uwb-imu-pl/gate-d-diagnostics/v16,40,2000000000,40,40,40,11,1,40,2000000000,"health_actions","EXECUTED",20.236239999999999,""
uwb-imu-pl/gate-d-diagnostics/v16,40,2000000000,40,40,40,11,1,40,2000000000,"hypothesis_audit","SKIPPED",,"disabled by output.write_hypothesis_evidence"
uwb-imu-pl/gate-d-diagnostics/v16,40,2000000000,40,40,40,11,1,40,2000000000,"base_factorization","EXECUTED",0.25306000000000001,""
uwb-imu-pl/gate-d-diagnostics/v16,40,2000000000,40,40,40,11,1,40,2000000000,"shared_cache","EXECUTED",0.0023930000000000002,""
uwb-imu-pl/gate-d-diagnostics/v16,40,2000000000,40,40,40,11,1,40,2000000000,"candidate_evaluation","EXECUTED",437.17062900000002,"rank=1;dense=0;stream_protocol=2;stream_batches=1;stream_batch_capacity=1;stream_peak_batch_actions=1;stream_peak_resident_evaluated_actions=1;stream_peak_batch_full_proofs=0;stream_retained_full_candidates=0;stream_retained_full_proofs=0;stream_full_action_heavy_copy=0;stream_complete=1;stream_fde_preproof_selected_action=0;stream_fde_preproof_status=NO_VALID_CANDIDATE;stream_main_arena_action_full_proofs=0;stream_action_proof_retention=NORMAL_TWO_PASS_O_B_PLUS_ONE;stream_winner_recompute=0;stream_winner_recompute_test_seam=0"
uwb-imu-pl/gate-d-diagnostics/v16,40,2000000000,40,40,40,11,1,40,2000000000,"fde_decision","EXECUTED",26.128347000000002,""
uwb-imu-pl/gate-d-diagnostics/v16,40,2000000000,40,40,40,11,1,40,2000000000,"candidate_audit","EXECUTED",0.046205999999999997,"ACTION_REJECTION_FUNNEL_V2:1=REJECT_PL"
uwb-imu-pl/gate-d-diagnostics/v16,40,2000000000,40,40,40,11,1,40,2000000000,"commit","EXECUTED",3.2499449999999999,""
uwb-imu-pl/gate-d-diagnostics/v16,40,2000000000,40,40,40,11,1,40,2000000000,"state_audit","EXECUTED",0.00038900000000000002,""
uwb-imu-pl/gate-d-diagnostics/v16,40,2000000000,40,40,40,11,1,40,2000000000,"finalize_commit_audit","EXECUTED",34.621319999999997,"excludes separately timed commit/discard/state audit"
uwb-imu-pl/gate-d-diagnostics/v16,40,2000000000,40,40,40,11,1,40,2000000000,"discard","SKIPPED",,"upstream gate did not reach stage"
uwb-imu-pl/gate-d-diagnostics/v16,40,2000000000,40,40,40,11,1,40,2000000000,"core_total","EXECUTED",3327.8980350000002,""
uwb-imu-pl/gate-d-diagnostics/v16,41,2050000000,41,41,41,12,1,41,2050000000,"prepare","EXECUTED",2.4057339999999998,""
uwb-imu-pl/gate-d-diagnostics/v16,41,2050000000,41,41,41,12,1,41,2050000000,"integrity_window","EXECUTED",574.52301199999999,""
uwb-imu-pl/gate-d-diagnostics/v16,41,2050000000,41,41,41,12,1,41,2050000000,"window_boundary_provenance","EXECUTED",559.69217400000002,""
uwb-imu-pl/gate-d-diagnostics/v16,41,2050000000,41,41,41,12,1,41,2050000000,"window_factor_linearization_whitening","EXECUTED",1.0957669999999999,""
uwb-imu-pl/gate-d-diagnostics/v16,41,2050000000,41,41,41,12,1,41,2050000000,"window_dense_assembly","EXECUTED",0.091986999999999999,""
uwb-imu-pl/gate-d-diagnostics/v16,41,2050000000,41,41,41,12,1,41,2050000000,"window_svd","EXECUTED",7.8617290000000004,""
uwb-imu-pl/gate-d-diagnostics/v16,41,2050000000,41,41,41,12,1,41,2050000000,"window_normal_equations","EXECUTED",0.33658100000000002,""
uwb-imu-pl/gate-d-diagnostics/v16,41,2050000000,41,41,41,12,1,41,2050000000,"window_llt_state_solves","EXECUTED",0.107931,""
uwb-imu-pl/gate-d-diagnostics/v16,41,2050000000,41,41,41,12,1,41,2050000000,"window_fingerprint","EXECUTED",3.9643000000000002,""
uwb-imu-pl/gate-d-diagnostics/v16,41,2050000000,41,41,41,12,1,41,2050000000,"all_in_detector","EXECUTED",0.38488899999999998,""
uwb-imu-pl/gate-d-diagnostics/v16,41,2050000000,41,41,41,12,1,41,2050000000,"current_sensitivity","EXECUTED",1.0412650000000001,""
uwb-imu-pl/gate-d-diagnostics/v16,41,2050000000,41,41,41,12,1,41,2050000000,"model_generation","EXECUTED",300.05783400000001,""
uwb-imu-pl/gate-d-diagnostics/v16,41,2050000000,41,41,41,12,1,41,2050000000,"historical_sensitivity","EXECUTED",0.13849700000000004,""
uwb-imu-pl/gate-d-diagnostics/v16,41,2050000000,41,41,41,12,1,41,2050000000,"hypothesis_evidence","EXECUTED",1877.197778,"effective_dimensions=1:464,2:41440,3:19200,other:0;context_bytes=10265792;worker_blocks=4"
uwb-imu-pl/gate-d-diagnostics/v16,41,2050000000,41,41,41,12,1,41,2050000000,"health_actions","EXECUTED",17.464993,""
uwb-imu-pl/gate-d-diagnostics/v16,41,2050000000,41,41,41,12,1,41,2050000000,"hypothesis_audit","SKIPPED",,"disabled by output.write_hypothesis_evidence"
uwb-imu-pl/gate-d-diagnostics/v16,41,2050000000,41,41,41,12,1,41,2050000000,"base_factorization","EXECUTED",0.25128600000000001,""
uwb-imu-pl/gate-d-diagnostics/v16,41,2050000000,41,41,41,12,1,41,2050000000,"shared_cache","EXECUTED",0.0024030000000000002,""
uwb-imu-pl/gate-d-diagnostics/v16,41,2050000000,41,41,41,12,1,41,2050000000,"candidate_evaluation","EXECUTED",443.35432200000002,"rank=1;dense=0;stream_protocol=2;stream_batches=1;stream_batch_capacity=1;stream_peak_batch_actions=1;stream_peak_resident_evaluated_actions=1;stream_peak_batch_full_proofs=0;stream_retained_full_candidates=0;stream_retained_full_proofs=0;stream_full_action_heavy_copy=0;stream_complete=1;stream_fde_preproof_selected_action=0;stream_fde_preproof_status=NO_VALID_CANDIDATE;stream_main_arena_action_full_proofs=0;stream_action_proof_retention=NORMAL_TWO_PASS_O_B_PLUS_ONE;stream_winner_recompute=0;stream_winner_recompute_test_seam=0"
uwb-imu-pl/gate-d-diagnostics/v16,41,2050000000,41,41,41,12,1,41,2050000000,"fde_decision","EXECUTED",27.340817999999999,""
uwb-imu-pl/gate-d-diagnostics/v16,41,2050000000,41,41,41,12,1,41,2050000000,"candidate_audit","EXECUTED",0.041890999999999998,"ACTION_REJECTION_FUNNEL_V2:1=REJECT_PL"
uwb-imu-pl/gate-d-diagnostics/v16,41,2050000000,41,41,41,12,1,41,2050000000,"commit","EXECUTED",2.8317359999999998,""
uwb-imu-pl/gate-d-diagnostics/v16,41,2050000000,41,41,41,12,1,41,2050000000,"state_audit","EXECUTED",0.00040700000000000003,""
uwb-imu-pl/gate-d-diagnostics/v16,41,2050000000,41,41,41,12,1,41,2050000000,"finalize_commit_audit","EXECUTED",35.051721000000001,"excludes separately timed commit/discard/state audit"
uwb-imu-pl/gate-d-diagnostics/v16,41,2050000000,41,41,41,12,1,41,2050000000,"discard","SKIPPED",,"upstream gate did not reach stage"
uwb-imu-pl/gate-d-diagnostics/v16,41,2050000000,41,41,41,12,1,41,2050000000,"core_total","EXECUTED",3282.6436570000001,""
uwb-imu-pl/gate-d-diagnostics/v16,42,2100000000,42,42,42,13,1,42,2100000000,"prepare","EXECUTED",2.9787530000000002,""
uwb-imu-pl/gate-d-diagnostics/v16,42,2100000000,42,42,42,13,1,42,2100000000,"integrity_window","EXECUTED",626.681104,""
uwb-imu-pl/gate-d-diagnostics/v16,42,2100000000,42,42,42,13,1,42,2100000000,"window_boundary_provenance","EXECUTED",611.49034500000005,""
uwb-imu-pl/gate-d-diagnostics/v16,42,2100000000,42,42,42,13,1,42,2100000000,"window_factor_linearization_whitening","EXECUTED",1.094285,""
uwb-imu-pl/gate-d-diagnostics/v16,42,2100000000,42,42,42,13,1,42,2100000000,"window_dense_assembly","EXECUTED",0.095045000000000004,""
uwb-imu-pl/gate-d-diagnostics/v16,42,2100000000,42,42,42,13,1,42,2100000000,"window_svd","EXECUTED",8.1538210000000007,""
uwb-imu-pl/gate-d-diagnostics/v16,42,2100000000,42,42,42,13,1,42,2100000000,"window_normal_equations","EXECUTED",0.35777399999999998,""
uwb-imu-pl/gate-d-diagnostics/v16,42,2100000000,42,42,42,13,1,42,2100000000,"window_llt_state_solves","EXECUTED",0.109055,""
uwb-imu-pl/gate-d-diagnostics/v16,42,2100000000,42,42,42,13,1,42,2100000000,"window_fingerprint","EXECUTED",4.0150680000000003,""
uwb-imu-pl/gate-d-diagnostics/v16,42,2100000000,42,42,42,13,1,42,2100000000,"all_in_detector","EXECUTED",0.28353400000000001,""
uwb-imu-pl/gate-d-diagnostics/v16,42,2100000000,42,42,42,13,1,42,2100000000,"current_sensitivity","EXECUTED",0.57648600000000005,""
uwb-imu-pl/gate-d-diagnostics/v16,42,2100000000,42,42,42,13,1,42,2100000000,"model_generation","EXECUTED",295.60199299999999,""
uwb-imu-pl/gate-d-diagnostics/v16,42,2100000000,42,42,42,13,1,42,2100000000,"historical_sensitivity","EXECUTED",0.13849100000000003,""
uwb-imu-pl/gate-d-diagnostics/v16,42,2100000000,42,42,42,13,1,42,2100000000,"hypothesis_evidence","EXECUTED",1844.942274,"effective_dimensions=1:464,2:41440,3:19200,other:0;context_bytes=10265792;worker_blocks=4"
uwb-imu-pl/gate-d-diagnostics/v16,42,2100000000,42,42,42,13,1,42,2100000000,"health_actions","EXECUTED",21.012609000000001,""
uwb-imu-pl/gate-d-diagnostics/v16,42,2100000000,42,42,42,13,1,42,2100000000,"hypothesis_audit","SKIPPED",,"disabled by output.write_hypothesis_evidence"
uwb-imu-pl/gate-d-diagnostics/v16,42,2100000000,42,42,42,13,1,42,2100000000,"base_factorization","EXECUTED",0.25312099999999998,""
uwb-imu-pl/gate-d-diagnostics/v16,42,2100000000,42,42,42,13,1,42,2100000000,"shared_cache","EXECUTED",0.0018699999999999999,""
uwb-imu-pl/gate-d-diagnostics/v16,42,2100000000,42,42,42,13,1,42,2100000000,"candidate_evaluation","EXECUTED",445.299128,"rank=1;dense=0;stream_protocol=2;stream_batches=1;stream_batch_capacity=1;stream_peak_batch_actions=1;stream_peak_resident_evaluated_actions=1;stream_peak_batch_full_proofs=0;stream_retained_full_candidates=0;stream_retained_full_proofs=0;stream_full_action_heavy_copy=0;stream_complete=1;stream_fde_preproof_selected_action=0;stream_fde_preproof_status=NO_VALID_CANDIDATE;stream_main_arena_action_full_proofs=0;stream_action_proof_retention=NORMAL_TWO_PASS_O_B_PLUS_ONE;stream_winner_recompute=0;stream_winner_recompute_test_seam=0"
uwb-imu-pl/gate-d-diagnostics/v16,42,2100000000,42,42,42,13,1,42,2100000000,"fde_decision","EXECUTED",25.112901000000001,""
uwb-imu-pl/gate-d-diagnostics/v16,42,2100000000,42,42,42,13,1,42,2100000000,"candidate_audit","EXECUTED",0.040333000000000001,"ACTION_REJECTION_FUNNEL_V2:1=REJECT_PL"
uwb-imu-pl/gate-d-diagnostics/v16,42,2100000000,42,42,42,13,1,42,2100000000,"commit","EXECUTED",3.3687130000000001,""
uwb-imu-pl/gate-d-diagnostics/v16,42,2100000000,42,42,42,13,1,42,2100000000,"state_audit","EXECUTED",0.00043300000000000001,""
uwb-imu-pl/gate-d-diagnostics/v16,42,2100000000,42,42,42,13,1,42,2100000000,"finalize_commit_audit","EXECUTED",30.620978999999998,"excludes separately timed commit/discard/state audit"
uwb-imu-pl/gate-d-diagnostics/v16,42,2100000000,42,42,42,13,1,42,2100000000,"discard","SKIPPED",,"upstream gate did not reach stage"
uwb-imu-pl/gate-d-diagnostics/v16,42,2100000000,42,42,42,13,1,42,2100000000,"core_total","EXECUTED",3297.5112589999999,""
uwb-imu-pl/gate-d-diagnostics/v16,43,2150000000,43,43,43,14,1,43,2150000000,"prepare","EXECUTED",2.6256159999999999,""
uwb-imu-pl/gate-d-diagnostics/v16,43,2150000000,43,43,43,14,1,43,2150000000,"integrity_window","EXECUTED",687.83994399999995,""
uwb-imu-pl/gate-d-diagnostics/v16,43,2150000000,43,43,43,14,1,43,2150000000,"window_boundary_provenance","EXECUTED",672.89399500000002,""
uwb-imu-pl/gate-d-diagnostics/v16,43,2150000000,43,43,43,14,1,43,2150000000,"window_factor_linearization_whitening","EXECUTED",1.176588,""
uwb-imu-pl/gate-d-diagnostics/v16,43,2150000000,43,43,43,14,1,43,2150000000,"window_dense_assembly","EXECUTED",0.10424799999999999,""
uwb-imu-pl/gate-d-diagnostics/v16,43,2150000000,43,43,43,14,1,43,2150000000,"window_svd","EXECUTED",7.905519,""
uwb-imu-pl/gate-d-diagnostics/v16,43,2150000000,43,43,43,14,1,43,2150000000,"window_normal_equations","EXECUTED",0.35249599999999998,""
uwb-imu-pl/gate-d-diagnostics/v16,43,2150000000,43,43,43,14,1,43,2150000000,"window_llt_state_solves","EXECUTED",0.10551000000000001,""
uwb-imu-pl/gate-d-diagnostics/v16,43,2150000000,43,43,43,14,1,43,2150000000,"window_fingerprint","EXECUTED",3.8786399999999999,""
uwb-imu-pl/gate-d-diagnostics/v16,43,2150000000,43,43,43,14,1,43,2150000000,"all_in_detector","EXECUTED",0.28173399999999998,""
uwb-imu-pl/gate-d-diagnostics/v16,43,2150000000,43,43,43,14,1,43,2150000000,"current_sensitivity","EXECUTED",0.61668199999999995,""
uwb-imu-pl/gate-d-diagnostics/v16,43,2150000000,43,43,43,14,1,43,2150000000,"model_generation","EXECUTED",298.01800900000001,""
uwb-imu-pl/gate-d-diagnostics/v16,43,2150000000,43,43,43,14,1,43,2150000000,"historical_sensitivity","EXECUTED",0.13050299999999998,""
uwb-imu-pl/gate-d-diagnostics/v16,43,2150000000,43,43,43,14,1,43,2150000000,"hypothesis_evidence","EXECUTED",1861.5175770000001,"effective_dimensions=1:464,2:41440,3:19200,other:0;context_bytes=10265792;worker_blocks=4"
uwb-imu-pl/gate-d-diagnostics/v16,43,2150000000,43,43,43,14,1,43,2150000000,"health_actions","EXECUTED",17.356726999999999,""
uwb-imu-pl/gate-d-diagnostics/v16,43,2150000000,43,43,43,14,1,43,2150000000,"hypothesis_audit","SKIPPED",,"disabled by output.write_hypothesis_evidence"
uwb-imu-pl/gate-d-diagnostics/v16,43,2150000000,43,43,43,14,1,43,2150000000,"base_factorization","EXECUTED",0.26144200000000001,""
uwb-imu-pl/gate-d-diagnostics/v16,43,2150000000,43,43,43,14,1,43,2150000000,"shared_cache","EXECUTED",0.002529,""
uwb-imu-pl/gate-d-diagnostics/v16,43,2150000000,43,43,43,14,1,43,2150000000,"candidate_evaluation","EXECUTED",441.971675,"rank=1;dense=0;stream_protocol=2;stream_batches=1;stream_batch_capacity=1;stream_peak_batch_actions=1;stream_peak_resident_evaluated_actions=1;stream_peak_batch_full_proofs=0;stream_retained_full_candidates=0;stream_retained_full_proofs=0;stream_full_action_heavy_copy=0;stream_complete=1;stream_fde_preproof_selected_action=0;stream_fde_preproof_status=NO_VALID_CANDIDATE;stream_main_arena_action_full_proofs=0;stream_action_proof_retention=NORMAL_TWO_PASS_O_B_PLUS_ONE;stream_winner_recompute=0;stream_winner_recompute_test_seam=0"
uwb-imu-pl/gate-d-diagnostics/v16,43,2150000000,43,43,43,14,1,43,2150000000,"fde_decision","EXECUTED",26.031319,""
uwb-imu-pl/gate-d-diagnostics/v16,43,2150000000,43,43,43,14,1,43,2150000000,"candidate_audit","EXECUTED",0.039507,"ACTION_REJECTION_FUNNEL_V2:1=REJECT_PL"
uwb-imu-pl/gate-d-diagnostics/v16,43,2150000000,43,43,43,14,1,43,2150000000,"commit","EXECUTED",3.1074830000000002,""
uwb-imu-pl/gate-d-diagnostics/v16,43,2150000000,43,43,43,14,1,43,2150000000,"state_audit","EXECUTED",0.00041399999999999998,""
uwb-imu-pl/gate-d-diagnostics/v16,43,2150000000,43,43,43,14,1,43,2150000000,"finalize_commit_audit","EXECUTED",32.242261999999997,"excludes separately timed commit/discard/state audit"
uwb-imu-pl/gate-d-diagnostics/v16,43,2150000000,43,43,43,14,1,43,2150000000,"discard","SKIPPED",,"upstream gate did not reach stage"
uwb-imu-pl/gate-d-diagnostics/v16,43,2150000000,43,43,43,14,1,43,2150000000,"core_total","EXECUTED",3372.6809269999999,""
uwb-imu-pl/gate-d-diagnostics/v16,44,2200000000,44,44,44,15,1,44,2200000000,"prepare","EXECUTED",2.787318,""
uwb-imu-pl/gate-d-diagnostics/v16,44,2200000000,44,44,44,15,1,44,2200000000,"integrity_window","EXECUTED",487.55013300000002,""
uwb-imu-pl/gate-d-diagnostics/v16,44,2200000000,44,44,44,15,1,44,2200000000,"window_boundary_provenance","EXECUTED",471.88618300000002,""
uwb-imu-pl/gate-d-diagnostics/v16,44,2200000000,44,44,44,15,1,44,2200000000,"window_factor_linearization_whitening","EXECUTED",1.1786300000000001,""
uwb-imu-pl/gate-d-diagnostics/v16,44,2200000000,44,44,44,15,1,44,2200000000,"window_dense_assembly","EXECUTED",0.11598899999999999,""
uwb-imu-pl/gate-d-diagnostics/v16,44,2200000000,44,44,44,15,1,44,2200000000,"window_svd","EXECUTED",8.5569509999999998,""
uwb-imu-pl/gate-d-diagnostics/v16,44,2200000000,44,44,44,15,1,44,2200000000,"window_normal_equations","EXECUTED",0.34439599999999998,""
uwb-imu-pl/gate-d-diagnostics/v16,44,2200000000,44,44,44,15,1,44,2200000000,"window_llt_state_solves","EXECUTED",0.115344,""
uwb-imu-pl/gate-d-diagnostics/v16,44,2200000000,44,44,44,15,1,44,2200000000,"window_fingerprint","EXECUTED",3.9874320000000001,""
uwb-imu-pl/gate-d-diagnostics/v16,44,2200000000,44,44,44,15,1,44,2200000000,"all_in_detector","EXECUTED",0.30297499999999999,""
uwb-imu-pl/gate-d-diagnostics/v16,44,2200000000,44,44,44,15,1,44,2200000000,"current_sensitivity","EXECUTED",0.606854,""
uwb-imu-pl/gate-d-diagnostics/v16,44,2200000000,44,44,44,15,1,44,2200000000,"model_generation","EXECUTED",298.222148,""
uwb-imu-pl/gate-d-diagnostics/v16,44,2200000000,44,44,44,15,1,44,2200000000,"historical_sensitivity","EXECUTED",0.12861300000000001,""
uwb-imu-pl/gate-d-diagnostics/v16,44,2200000000,44,44,44,15,1,44,2200000000,"hypothesis_evidence","EXECUTED",1859.6171200000001,"effective_dimensions=1:464,2:41440,3:19200,other:0;context_bytes=10265792;worker_blocks=4"
uwb-imu-pl/gate-d-diagnostics/v16,44,2200000000,44,44,44,15,1,44,2200000000,"health_actions","EXECUTED",19.711998999999999,""
uwb-imu-pl/gate-d-diagnostics/v16,44,2200000000,44,44,44,15,1,44,2200000000,"hypothesis_audit","SKIPPED",,"disabled by output.write_hypothesis_evidence"
uwb-imu-pl/gate-d-diagnostics/v16,44,2200000000,44,44,44,15,1,44,2200000000,"base_factorization","EXECUTED",0.28994300000000001,""
uwb-imu-pl/gate-d-diagnostics/v16,44,2200000000,44,44,44,15,1,44,2200000000,"shared_cache","EXECUTED",0.002379,""
uwb-imu-pl/gate-d-diagnostics/v16,44,2200000000,44,44,44,15,1,44,2200000000,"candidate_evaluation","EXECUTED",436.66214600000001,"rank=1;dense=0;stream_protocol=2;stream_batches=1;stream_batch_capacity=1;stream_peak_batch_actions=1;stream_peak_resident_evaluated_actions=1;stream_peak_batch_full_proofs=0;stream_retained_full_candidates=0;stream_retained_full_proofs=0;stream_full_action_heavy_copy=0;stream_complete=1;stream_fde_preproof_selected_action=0;stream_fde_preproof_status=NO_VALID_CANDIDATE;stream_main_arena_action_full_proofs=0;stream_action_proof_retention=NORMAL_TWO_PASS_O_B_PLUS_ONE;stream_winner_recompute=0;stream_winner_recompute_test_seam=0"
uwb-imu-pl/gate-d-diagnostics/v16,44,2200000000,44,44,44,15,1,44,2200000000,"fde_decision","EXECUTED",28.3216,""
uwb-imu-pl/gate-d-diagnostics/v16,44,2200000000,44,44,44,15,1,44,2200000000,"candidate_audit","EXECUTED",0.042719,"ACTION_REJECTION_FUNNEL_V2:1=REJECT_PL"
uwb-imu-pl/gate-d-diagnostics/v16,44,2200000000,44,44,44,15,1,44,2200000000,"commit","EXECUTED",3.1104560000000001,""
uwb-imu-pl/gate-d-diagnostics/v16,44,2200000000,44,44,44,15,1,44,2200000000,"state_audit","EXECUTED",0.000435,""
uwb-imu-pl/gate-d-diagnostics/v16,44,2200000000,44,44,44,15,1,44,2200000000,"finalize_commit_audit","EXECUTED",35.088242000000001,"excludes separately timed commit/discard/state audit"
uwb-imu-pl/gate-d-diagnostics/v16,44,2200000000,44,44,44,15,1,44,2200000000,"discard","SKIPPED",,"upstream gate did not reach stage"
uwb-imu-pl/gate-d-diagnostics/v16,44,2200000000,44,44,44,15,1,44,2200000000,"core_total","EXECUTED",3173.0049739999999,""
uwb-imu-pl/gate-d-diagnostics/v16,45,2250000000,45,45,45,16,1,45,2250000000,"prepare","EXECUTED",2.5895800000000002,""
uwb-imu-pl/gate-d-diagnostics/v16,45,2250000000,45,45,45,16,1,45,2250000000,"integrity_window","EXECUTED",513.61710000000005,""
uwb-imu-pl/gate-d-diagnostics/v16,45,2250000000,45,45,45,16,1,45,2250000000,"window_boundary_provenance","EXECUTED",497.68852600000002,""
uwb-imu-pl/gate-d-diagnostics/v16,45,2250000000,45,45,45,16,1,45,2250000000,"window_factor_linearization_whitening","EXECUTED",1.21604,""
uwb-imu-pl/gate-d-diagnostics/v16,45,2250000000,45,45,45,16,1,45,2250000000,"window_dense_assembly","EXECUTED",0.100013,""
uwb-imu-pl/gate-d-diagnostics/v16,45,2250000000,45,45,45,16,1,45,2250000000,"window_svd","EXECUTED",8.9545150000000007,""
uwb-imu-pl/gate-d-diagnostics/v16,45,2250000000,45,45,45,16,1,45,2250000000,"window_normal_equations","EXECUTED",0.34179900000000002,""
uwb-imu-pl/gate-d-diagnostics/v16,45,2250000000,45,45,45,16,1,45,2250000000,"window_llt_state_solves","EXECUTED",0.106458,""
uwb-imu-pl/gate-d-diagnostics/v16,45,2250000000,45,45,45,16,1,45,2250000000,"window_fingerprint","EXECUTED",3.8351929999999999,""
uwb-imu-pl/gate-d-diagnostics/v16,45,2250000000,45,45,45,16,1,45,2250000000,"all_in_detector","EXECUTED",0.280499,""
uwb-imu-pl/gate-d-diagnostics/v16,45,2250000000,45,45,45,16,1,45,2250000000,"current_sensitivity","EXECUTED",0.57274599999999998,""
uwb-imu-pl/gate-d-diagnostics/v16,45,2250000000,45,45,45,16,1,45,2250000000,"model_generation","EXECUTED",296.33862200000004,""
uwb-imu-pl/gate-d-diagnostics/v16,45,2250000000,45,45,45,16,1,45,2250000000,"historical_sensitivity","EXECUTED",0.12467200000000001,""
uwb-imu-pl/gate-d-diagnostics/v16,45,2250000000,45,45,45,16,1,45,2250000000,"hypothesis_evidence","EXECUTED",1856.6052910000001,"effective_dimensions=1:464,2:41440,3:19200,other:0;context_bytes=10265792;worker_blocks=4"
uwb-imu-pl/gate-d-diagnostics/v16,45,2250000000,45,45,45,16,1,45,2250000000,"health_actions","EXECUTED",17.419630999999999,""
uwb-imu-pl/gate-d-diagnostics/v16,45,2250000000,45,45,45,16,1,45,2250000000,"hypothesis_audit","SKIPPED",,"disabled by output.write_hypothesis_evidence"
uwb-imu-pl/gate-d-diagnostics/v16,45,2250000000,45,45,45,16,1,45,2250000000,"base_factorization","EXECUTED",0.26917799999999997,""
uwb-imu-pl/gate-d-diagnostics/v16,45,2250000000,45,45,45,16,1,45,2250000000,"shared_cache","EXECUTED",0.0030010000000000002,""
uwb-imu-pl/gate-d-diagnostics/v16,45,2250000000,45,45,45,16,1,45,2250000000,"candidate_evaluation","EXECUTED",441.58272799999997,"rank=1;dense=0;stream_protocol=2;stream_batches=1;stream_batch_capacity=1;stream_peak_batch_actions=1;stream_peak_resident_evaluated_actions=1;stream_peak_batch_full_proofs=0;stream_retained_full_candidates=0;stream_retained_full_proofs=0;stream_full_action_heavy_copy=0;stream_complete=1;stream_fde_preproof_selected_action=0;stream_fde_preproof_status=NO_VALID_CANDIDATE;stream_main_arena_action_full_proofs=0;stream_action_proof_retention=NORMAL_TWO_PASS_O_B_PLUS_ONE;stream_winner_recompute=0;stream_winner_recompute_test_seam=0"
uwb-imu-pl/gate-d-diagnostics/v16,45,2250000000,45,45,45,16,1,45,2250000000,"fde_decision","EXECUTED",25.083563000000002,""
uwb-imu-pl/gate-d-diagnostics/v16,45,2250000000,45,45,45,16,1,45,2250000000,"candidate_audit","EXECUTED",0.040117,"ACTION_REJECTION_FUNNEL_V2:1=REJECT_PL"
uwb-imu-pl/gate-d-diagnostics/v16,45,2250000000,45,45,45,16,1,45,2250000000,"commit","EXECUTED",3.250915,""
uwb-imu-pl/gate-d-diagnostics/v16,45,2250000000,45,45,45,16,1,45,2250000000,"state_audit","EXECUTED",0.00038999999999999999,""
uwb-imu-pl/gate-d-diagnostics/v16,45,2250000000,45,45,45,16,1,45,2250000000,"finalize_commit_audit","EXECUTED",32.586134000000001,"excludes separately timed commit/discard/state audit"
uwb-imu-pl/gate-d-diagnostics/v16,45,2250000000,45,45,45,16,1,45,2250000000,"discard","SKIPPED",,"upstream gate did not reach stage"
uwb-imu-pl/gate-d-diagnostics/v16,45,2250000000,45,45,45,16,1,45,2250000000,"core_total","EXECUTED",3190.9119959999998,""
