schema_version,input_attempt_id,input_timestamp_ns,transaction_id,window_id,graph_version,ordering_version,noise_model_version,linpoint_version,output_timestamp_ns,stage,status,wall_ms,reason
uwb-imu-pl/gate-d-diagnostics/v16,1,50000000,1,1,1,1,1,1,50000000,"prepare","EXECUTED",0.25923200000000002,""
uwb-imu-pl/gate-d-diagnostics/v16,1,50000000,1,1,1,1,1,1,50000000,"integrity_window","EXECUTED",0.68548799999999999,""
uwb-imu-pl/gate-d-diagnostics/v16,1,50000000,1,1,1,1,1,1,50000000,"window_boundary_provenance","EXECUTED",0.18080099999999999,""
uwb-imu-pl/gate-d-diagnostics/v16,1,50000000,1,1,1,1,1,1,50000000,"window_factor_linearization_whitening","EXECUTED",0.060720999999999997,""
uwb-imu-pl/gate-d-diagnostics/v16,1,50000000,1,1,1,1,1,1,50000000,"window_dense_assembly","EXECUTED",0.0033790000000000001,""
uwb-imu-pl/gate-d-diagnostics/v16,1,50000000,1,1,1,1,1,1,50000000,"window_svd","EXECUTED",0.27759,""
uwb-imu-pl/gate-d-diagnostics/v16,1,50000000,1,1,1,1,1,1,50000000,"window_normal_equations","EXECUTED",0.0044770000000000001,""
uwb-imu-pl/gate-d-diagnostics/v16,1,50000000,1,1,1,1,1,1,50000000,"window_llt_state_solves","EXECUTED",0.010345,""
uwb-imu-pl/gate-d-diagnostics/v16,1,50000000,1,1,1,1,1,1,50000000,"window_fingerprint","EXECUTED",0.100497,""
uwb-imu-pl/gate-d-diagnostics/v16,1,50000000,1,1,1,1,1,1,50000000,"all_in_detector","EXECUTED",0.059947,""
uwb-imu-pl/gate-d-diagnostics/v16,1,50000000,1,1,1,1,1,1,50000000,"current_sensitivity","EXECUTED",0.052267000000000001,""
uwb-imu-pl/gate-d-diagnostics/v16,1,50000000,1,1,1,1,1,1,50000000,"model_generation","EXECUTED",0.71668399999999999,""
uwb-imu-pl/gate-d-diagnostics/v16,1,50000000,1,1,1,1,1,1,50000000,"historical_sensitivity","EXECUTED",0,""
uwb-imu-pl/gate-d-diagnostics/v16,1,50000000,1,1,1,1,1,1,50000000,"hypothesis_evidence","EXECUTED",1.8254760000000001,"effective_dimensions=1:30,2:144,3:0,other:0;context_bytes=29552;worker_blocks=4"
uwb-imu-pl/gate-d-diagnostics/v16,1,50000000,1,1,1,1,1,1,50000000,"health_actions","EXECUTED",0.246776,""
uwb-imu-pl/gate-d-diagnostics/v16,1,50000000,1,1,1,1,1,1,50000000,"hypothesis_audit","SKIPPED",,"disabled by output.write_hypothesis_evidence"
uwb-imu-pl/gate-d-diagnostics/v16,1,50000000,1,1,1,1,1,1,50000000,"base_factorization","EXECUTED",0.012459,""
uwb-imu-pl/gate-d-diagnostics/v16,1,50000000,1,1,1,1,1,1,50000000,"shared_cache","EXECUTED",0.002294,""
uwb-imu-pl/gate-d-diagnostics/v16,1,50000000,1,1,1,1,1,1,50000000,"candidate_evaluation","EXECUTED",5.7968979999999997,"rank=1;dense=0"
uwb-imu-pl/gate-d-diagnostics/v16,1,50000000,1,1,1,1,1,1,50000000,"fde_decision","EXECUTED",0.20119799999999999,""
uwb-imu-pl/gate-d-diagnostics/v16,1,50000000,1,1,1,1,1,1,50000000,"candidate_audit","EXECUTED",0.011302,""
uwb-imu-pl/gate-d-diagnostics/v16,1,50000000,1,1,1,1,1,1,50000000,"commit","EXECUTED",0.39971800000000002,""
uwb-imu-pl/gate-d-diagnostics/v16,1,50000000,1,1,1,1,1,1,50000000,"state_audit","EXECUTED",0.00025700000000000001,""
uwb-imu-pl/gate-d-diagnostics/v16,1,50000000,1,1,1,1,1,1,50000000,"finalize_commit_audit","EXECUTED",0.068435999999999997,"excludes separately timed commit/discard/state audit"
uwb-imu-pl/gate-d-diagnostics/v16,1,50000000,1,1,1,1,1,1,50000000,"discard","SKIPPED",,"upstream gate did not reach stage"
uwb-imu-pl/gate-d-diagnostics/v16,1,50000000,1,1,1,1,1,1,50000000,"core_total","EXECUTED",10.430154,""
uwb-imu-pl/gate-d-diagnostics/v16,2,100000000,2,2,2,1,1,2,100000000,"prepare","EXECUTED",0.223249,""
uwb-imu-pl/gate-d-diagnostics/v16,2,100000000,2,2,2,1,1,2,100000000,"integrity_window","EXECUTED",1.1548750000000001,""
uwb-imu-pl/gate-d-diagnostics/v16,2,100000000,2,2,2,1,1,2,100000000,"window_boundary_provenance","EXECUTED",0.134379,""
uwb-imu-pl/gate-d-diagnostics/v16,2,100000000,2,2,2,1,1,2,100000000,"window_factor_linearization_whitening","EXECUTED",0.083844000000000002,""
uwb-imu-pl/gate-d-diagnostics/v16,2,100000000,2,2,2,1,1,2,100000000,"window_dense_assembly","EXECUTED",0.0048450000000000003,""
uwb-imu-pl/gate-d-diagnostics/v16,2,100000000,2,2,2,1,1,2,100000000,"window_svd","EXECUTED",0.63580700000000001,""
uwb-imu-pl/gate-d-diagnostics/v16,2,100000000,2,2,2,1,1,2,100000000,"window_normal_equations","EXECUTED",0.0069740000000000002,""
uwb-imu-pl/gate-d-diagnostics/v16,2,100000000,2,2,2,1,1,2,100000000,"window_llt_state_solves","EXECUTED",0.016701000000000001,""
uwb-imu-pl/gate-d-diagnostics/v16,2,100000000,2,2,2,1,1,2,100000000,"window_fingerprint","EXECUTED",0.18637200000000001,""
uwb-imu-pl/gate-d-diagnostics/v16,2,100000000,2,2,2,1,1,2,100000000,"all_in_detector","EXECUTED",0.024389999999999998,""
uwb-imu-pl/gate-d-diagnostics/v16,2,100000000,2,2,2,1,1,2,100000000,"current_sensitivity","EXECUTED",0.074968999999999994,""
uwb-imu-pl/gate-d-diagnostics/v16,2,100000000,2,2,2,1,1,2,100000000,"model_generation","EXECUTED",2.266035,""
uwb-imu-pl/gate-d-diagnostics/v16,2,100000000,2,2,2,1,1,2,100000000,"historical_sensitivity","EXECUTED",0.014543,""
uwb-imu-pl/gate-d-diagnostics/v16,2,100000000,2,2,2,1,1,2,100000000,"hypothesis_evidence","EXECUTED",2.6689959999999999,"effective_dimensions=1:52,2:488,3:96,other:0;context_bytes=107168;worker_blocks=4"
uwb-imu-pl/gate-d-diagnostics/v16,2,100000000,2,2,2,1,1,2,100000000,"health_actions","EXECUTED",0.20138800000000001,""
uwb-imu-pl/gate-d-diagnostics/v16,2,100000000,2,2,2,1,1,2,100000000,"hypothesis_audit","SKIPPED",,"disabled by output.write_hypothesis_evidence"
uwb-imu-pl/gate-d-diagnostics/v16,2,100000000,2,2,2,1,1,2,100000000,"base_factorization","EXECUTED",0.011494000000000001,""
uwb-imu-pl/gate-d-diagnostics/v16,2,100000000,2,2,2,1,1,2,100000000,"shared_cache","EXECUTED",0.0015460000000000001,""
uwb-imu-pl/gate-d-diagnostics/v16,2,100000000,2,2,2,1,1,2,100000000,"candidate_evaluation","EXECUTED",193.644273,"rank=1;dense=0"
uwb-imu-pl/gate-d-diagnostics/v16,2,100000000,2,2,2,1,1,2,100000000,"fde_decision","EXECUTED",0.91319600000000001,""
uwb-imu-pl/gate-d-diagnostics/v16,2,100000000,2,2,2,1,1,2,100000000,"candidate_audit","EXECUTED",0.016291,""
uwb-imu-pl/gate-d-diagnostics/v16,2,100000000,2,2,2,1,1,2,100000000,"commit","EXECUTED",0.75159500000000001,""
uwb-imu-pl/gate-d-diagnostics/v16,2,100000000,2,2,2,1,1,2,100000000,"state_audit","EXECUTED",0.00046799999999999999,""
uwb-imu-pl/gate-d-diagnostics/v16,2,100000000,2,2,2,1,1,2,100000000,"finalize_commit_audit","EXECUTED",0.30797399999999986,"excludes separately timed commit/discard/state audit"
uwb-imu-pl/gate-d-diagnostics/v16,2,100000000,2,2,2,1,1,2,100000000,"discard","SKIPPED",,"upstream gate did not reach stage"
uwb-imu-pl/gate-d-diagnostics/v16,2,100000000,2,2,2,1,1,2,100000000,"core_total","EXECUTED",202.35927799999999,""
uwb-imu-pl/gate-d-diagnostics/v16,3,150000000,3,3,3,1,1,3,150000000,"prepare","EXECUTED",0.30024400000000001,""
uwb-imu-pl/gate-d-diagnostics/v16,3,150000000,3,3,3,1,1,3,150000000,"integrity_window","EXECUTED",1.9220299999999999,""
uwb-imu-pl/gate-d-diagnostics/v16,3,150000000,3,3,3,1,1,3,150000000,"window_boundary_provenance","EXECUTED",0.14651400000000001,""
uwb-imu-pl/gate-d-diagnostics/v16,3,150000000,3,3,3,1,1,3,150000000,"window_factor_linearization_whitening","EXECUTED",0.12814800000000001,""
uwb-imu-pl/gate-d-diagnostics/v16,3,150000000,3,3,3,1,1,3,150000000,"window_dense_assembly","EXECUTED",0.0090840000000000001,""
uwb-imu-pl/gate-d-diagnostics/v16,3,150000000,3,3,3,1,1,3,150000000,"window_svd","EXECUTED",1.118179,""
uwb-imu-pl/gate-d-diagnostics/v16,3,150000000,3,3,3,1,1,3,150000000,"window_normal_equations","EXECUTED",0.013793,""
uwb-imu-pl/gate-d-diagnostics/v16,3,150000000,3,3,3,1,1,3,150000000,"window_llt_state_solves","EXECUTED",0.021503999999999999,""
uwb-imu-pl/gate-d-diagnostics/v16,3,150000000,3,3,3,1,1,3,150000000,"window_fingerprint","EXECUTED",0.34057100000000001,""
uwb-imu-pl/gate-d-diagnostics/v16,3,150000000,3,3,3,1,1,3,150000000,"all_in_detector","EXECUTED",0.040065000000000003,""
uwb-imu-pl/gate-d-diagnostics/v16,3,150000000,3,3,3,1,1,3,150000000,"current_sensitivity","EXECUTED",0.099643999999999996,""
uwb-imu-pl/gate-d-diagnostics/v16,3,150000000,3,3,3,1,1,3,150000000,"model_generation","EXECUTED",5.3194610000000004,""
uwb-imu-pl/gate-d-diagnostics/v16,3,150000000,3,3,3,1,1,3,150000000,"historical_sensitivity","EXECUTED",0.021762,""
uwb-imu-pl/gate-d-diagnostics/v16,3,150000000,3,3,3,1,1,3,150000000,"hypothesis_evidence","EXECUTED",14.236722,"effective_dimensions=1:74,2:1024,3:288,other:0;context_bytes=233168;worker_blocks=4"
uwb-imu-pl/gate-d-diagnostics/v16,3,150000000,3,3,3,1,1,3,150000000,"health_actions","EXECUTED",0.271424,""
uwb-imu-pl/gate-d-diagnostics/v16,3,150000000,3,3,3,1,1,3,150000000,"hypothesis_audit","SKIPPED",,"disabled by output.write_hypothesis_evidence"
uwb-imu-pl/gate-d-diagnostics/v16,3,150000000,3,3,3,1,1,3,150000000,"base_factorization","EXECUTED",0.026152000000000002,""
uwb-imu-pl/gate-d-diagnostics/v16,3,150000000,3,3,3,1,1,3,150000000,"shared_cache","EXECUTED",0.0019430000000000001,""
uwb-imu-pl/gate-d-diagnostics/v16,3,150000000,3,3,3,1,1,3,150000000,"candidate_evaluation","EXECUTED",48.025269999999999,"rank=1;dense=0"
uwb-imu-pl/gate-d-diagnostics/v16,3,150000000,3,3,3,1,1,3,150000000,"fde_decision","EXECUTED",0.95643500000000004,""
uwb-imu-pl/gate-d-diagnostics/v16,3,150000000,3,3,3,1,1,3,150000000,"candidate_audit","EXECUTED",0.0099069999999999991,""
uwb-imu-pl/gate-d-diagnostics/v16,3,150000000,3,3,3,1,1,3,150000000,"commit","EXECUTED",0.58223100000000005,""
uwb-imu-pl/gate-d-diagnostics/v16,3,150000000,3,3,3,1,1,3,150000000,"state_audit","EXECUTED",0.00038299999999999999,""
uwb-imu-pl/gate-d-diagnostics/v16,3,150000000,3,3,3,1,1,3,150000000,"finalize_commit_audit","EXECUTED",0.69253299999999995,"excludes separately timed commit/discard/state audit"
uwb-imu-pl/gate-d-diagnostics/v16,3,150000000,3,3,3,1,1,3,150000000,"discard","SKIPPED",,"upstream gate did not reach stage"
uwb-imu-pl/gate-d-diagnostics/v16,3,150000000,3,3,3,1,1,3,150000000,"core_total","EXECUTED",72.655385999999993,""
uwb-imu-pl/gate-d-diagnostics/v16,4,200000000,4,4,4,1,1,4,200000000,"prepare","EXECUTED",0.43613299999999999,""
uwb-imu-pl/gate-d-diagnostics/v16,4,200000000,4,4,4,1,1,4,200000000,"integrity_window","EXECUTED",3.0932140000000001,""
uwb-imu-pl/gate-d-diagnostics/v16,4,200000000,4,4,4,1,1,4,200000000,"window_boundary_provenance","EXECUTED",0.15998799999999999,""
uwb-imu-pl/gate-d-diagnostics/v16,4,200000000,4,4,4,1,1,4,200000000,"window_factor_linearization_whitening","EXECUTED",0.15948599999999999,""
uwb-imu-pl/gate-d-diagnostics/v16,4,200000000,4,4,4,1,1,4,200000000,"window_dense_assembly","EXECUTED",0.014593999999999999,""
uwb-imu-pl/gate-d-diagnostics/v16,4,200000000,4,4,4,1,1,4,200000000,"window_svd","EXECUTED",1.8777820000000001,""
uwb-imu-pl/gate-d-diagnostics/v16,4,200000000,4,4,4,1,1,4,200000000,"window_normal_equations","EXECUTED",0.065673999999999996,""
uwb-imu-pl/gate-d-diagnostics/v16,4,200000000,4,4,4,1,1,4,200000000,"window_llt_state_solves","EXECUTED",0.034804000000000002,""
uwb-imu-pl/gate-d-diagnostics/v16,4,200000000,4,4,4,1,1,4,200000000,"window_fingerprint","EXECUTED",0.55490300000000004,""
uwb-imu-pl/gate-d-diagnostics/v16,4,200000000,4,4,4,1,1,4,200000000,"all_in_detector","EXECUTED",0.039354,""
uwb-imu-pl/gate-d-diagnostics/v16,4,200000000,4,4,4,1,1,4,200000000,"current_sensitivity","EXECUTED",0.122529,""
uwb-imu-pl/gate-d-diagnostics/v16,4,200000000,4,4,4,1,1,4,200000000,"model_generation","EXECUTED",8.7260089999999995,""
uwb-imu-pl/gate-d-diagnostics/v16,4,200000000,4,4,4,1,1,4,200000000,"historical_sensitivity","EXECUTED",0.032003999999999998,""
uwb-imu-pl/gate-d-diagnostics/v16,4,200000000,4,4,4,1,1,4,200000000,"hypothesis_evidence","EXECUTED",28.032216999999999,"effective_dimensions=1:96,2:1752,3:576,other:0;context_bytes=407552;worker_blocks=4"
uwb-imu-pl/gate-d-diagnostics/v16,4,200000000,4,4,4,1,1,4,200000000,"health_actions","EXECUTED",0.45175700000000002,""
uwb-imu-pl/gate-d-diagnostics/v16,4,200000000,4,4,4,1,1,4,200000000,"hypothesis_audit","SKIPPED",,"disabled by output.write_hypothesis_evidence"
uwb-imu-pl/gate-d-diagnostics/v16,4,200000000,4,4,4,1,1,4,200000000,"base_factorization","EXECUTED",0.041114999999999999,""
uwb-imu-pl/gate-d-diagnostics/v16,4,200000000,4,4,4,1,1,4,200000000,"shared_cache","EXECUTED",0.0019430000000000001,""
uwb-imu-pl/gate-d-diagnostics/v16,4,200000000,4,4,4,1,1,4,200000000,"candidate_evaluation","EXECUTED",93.166206000000003,"rank=1;dense=0"
uwb-imu-pl/gate-d-diagnostics/v16,4,200000000,4,4,4,1,1,4,200000000,"fde_decision","EXECUTED",1.9806349999999999,""
uwb-imu-pl/gate-d-diagnostics/v16,4,200000000,4,4,4,1,1,4,200000000,"candidate_audit","EXECUTED",0.011481999999999999,""
uwb-imu-pl/gate-d-diagnostics/v16,4,200000000,4,4,4,1,1,4,200000000,"commit","EXECUTED",0.64512400000000003,""
uwb-imu-pl/gate-d-diagnostics/v16,4,200000000,4,4,4,1,1,4,200000000,"state_audit","EXECUTED",0.000388,""
uwb-imu-pl/gate-d-diagnostics/v16,4,200000000,4,4,4,1,1,4,200000000,"finalize_commit_audit","EXECUTED",0.87721799999999983,"excludes separately timed commit/discard/state audit"
uwb-imu-pl/gate-d-diagnostics/v16,4,200000000,4,4,4,1,1,4,200000000,"discard","SKIPPED",,"upstream gate did not reach stage"
uwb-imu-pl/gate-d-diagnostics/v16,4,200000000,4,4,4,1,1,4,200000000,"core_total","EXECUTED",137.79155499999999,""
uwb-imu-pl/gate-d-diagnostics/v16,5,250000000,5,5,5,1,1,5,250000000,"prepare","EXECUTED",0.49448300000000001,""
uwb-imu-pl/gate-d-diagnostics/v16,5,250000000,5,5,5,1,1,5,250000000,"integrity_window","EXECUTED",3.813822,""
uwb-imu-pl/gate-d-diagnostics/v16,5,250000000,5,5,5,1,1,5,250000000,"window_boundary_provenance","EXECUTED",0.23461299999999999,""
uwb-imu-pl/gate-d-diagnostics/v16,5,250000000,5,5,5,1,1,5,250000000,"window_factor_linearization_whitening","EXECUTED",0.22978999999999999,""
uwb-imu-pl/gate-d-diagnostics/v16,5,250000000,5,5,5,1,1,5,250000000,"window_dense_assembly","EXECUTED",0.020707,""
uwb-imu-pl/gate-d-diagnostics/v16,5,250000000,5,5,5,1,1,5,250000000,"window_svd","EXECUTED",2.1883599999999999,""
uwb-imu-pl/gate-d-diagnostics/v16,5,250000000,5,5,5,1,1,5,250000000,"window_normal_equations","EXECUTED",0.048918000000000003,""
uwb-imu-pl/gate-d-diagnostics/v16,5,250000000,5,5,5,1,1,5,250000000,"window_llt_state_solves","EXECUTED",0.039692999999999999,""
uwb-imu-pl/gate-d-diagnostics/v16,5,250000000,5,5,5,1,1,5,250000000,"window_fingerprint","EXECUTED",0.73258999999999996,""
uwb-imu-pl/gate-d-diagnostics/v16,5,250000000,5,5,5,1,1,5,250000000,"all_in_detector","EXECUTED",0.041995999999999999,""
uwb-imu-pl/gate-d-diagnostics/v16,5,250000000,5,5,5,1,1,5,250000000,"current_sensitivity","EXECUTED",0.175789,""
uwb-imu-pl/gate-d-diagnostics/v16,5,250000000,5,5,5,1,1,5,250000000,"model_generation","EXECUTED",14.289350000000001,""
uwb-imu-pl/gate-d-diagnostics/v16,5,250000000,5,5,5,1,1,5,250000000,"historical_sensitivity","EXECUTED",0.041032000000000006,""
uwb-imu-pl/gate-d-diagnostics/v16,5,250000000,5,5,5,1,1,5,250000000,"hypothesis_evidence","EXECUTED",45.793801999999999,"effective_dimensions=1:118,2:2672,3:960,other:0;context_bytes=630320;worker_blocks=4"
uwb-imu-pl/gate-d-diagnostics/v16,5,250000000,5,5,5,1,1,5,250000000,"health_actions","EXECUTED",0.66075300000000003,""
uwb-imu-pl/gate-d-diagnostics/v16,5,250000000,5,5,5,1,1,5,250000000,"hypothesis_audit","SKIPPED",,"disabled by output.write_hypothesis_evidence"
uwb-imu-pl/gate-d-diagnostics/v16,5,250000000,5,5,5,1,1,5,250000000,"base_factorization","EXECUTED",0.057499000000000001,""
uwb-imu-pl/gate-d-diagnostics/v16,5,250000000,5,5,5,1,1,5,250000000,"shared_cache","EXECUTED",0.0019350000000000001,""
uwb-imu-pl/gate-d-diagnostics/v16,5,250000000,5,5,5,1,1,5,250000000,"candidate_evaluation","EXECUTED",147.25288399999999,"rank=1;dense=0"
uwb-imu-pl/gate-d-diagnostics/v16,5,250000000,5,5,5,1,1,5,250000000,"fde_decision","EXECUTED",2.4275159999999998,""
uwb-imu-pl/gate-d-diagnostics/v16,5,250000000,5,5,5,1,1,5,250000000,"candidate_audit","EXECUTED",0.012153000000000001,""
uwb-imu-pl/gate-d-diagnostics/v16,5,250000000,5,5,5,1,1,5,250000000,"commit","EXECUTED",0.57483899999999999,""
uwb-imu-pl/gate-d-diagnostics/v16,5,250000000,5,5,5,1,1,5,250000000,"state_audit","EXECUTED",0.00073700000000000002,""
uwb-imu-pl/gate-d-diagnostics/v16,5,250000000,5,5,5,1,1,5,250000000,"finalize_commit_audit","EXECUTED",1.1162200000000002,"excludes separately timed commit/discard/state audit"
uwb-imu-pl/gate-d-diagnostics/v16,5,250000000,5,5,5,1,1,5,250000000,"discard","SKIPPED",,"upstream gate did not reach stage"
uwb-imu-pl/gate-d-diagnostics/v16,5,250000000,5,5,5,1,1,5,250000000,"core_total","EXECUTED",216.906654,""
uwb-imu-pl/gate-d-diagnostics/v16,6,300000000,6,6,6,1,1,6,300000000,"prepare","EXECUTED",0.59461200000000003,""
uwb-imu-pl/gate-d-diagnostics/v16,6,300000000,6,6,6,1,1,6,300000000,"integrity_window","EXECUTED",5.8516909999999998,""
uwb-imu-pl/gate-d-diagnostics/v16,6,300000000,6,6,6,1,1,6,300000000,"window_boundary_provenance","EXECUTED",0.16364899999999999,""
uwb-imu-pl/gate-d-diagnostics/v16,6,300000000,6,6,6,1,1,6,300000000,"window_factor_linearization_whitening","EXECUTED",0.220915,""
uwb-imu-pl/gate-d-diagnostics/v16,6,300000000,6,6,6,1,1,6,300000000,"window_dense_assembly","EXECUTED",0.027009999999999999,""
uwb-imu-pl/gate-d-diagnostics/v16,6,300000000,6,6,6,1,1,6,300000000,"window_svd","EXECUTED",2.9303349999999999,""
uwb-imu-pl/gate-d-diagnostics/v16,6,300000000,6,6,6,1,1,6,300000000,"window_normal_equations","EXECUTED",0.110861,""
uwb-imu-pl/gate-d-diagnostics/v16,6,300000000,6,6,6,1,1,6,300000000,"window_llt_state_solves","EXECUTED",0.054646,""
uwb-imu-pl/gate-d-diagnostics/v16,6,300000000,6,6,6,1,1,6,300000000,"window_fingerprint","EXECUTED",1.90412,""
uwb-imu-pl/gate-d-diagnostics/v16,6,300000000,6,6,6,1,1,6,300000000,"all_in_detector","EXECUTED",0.060808000000000001,""
uwb-imu-pl/gate-d-diagnostics/v16,6,300000000,6,6,6,1,1,6,300000000,"current_sensitivity","EXECUTED",0.19897300000000001,""
uwb-imu-pl/gate-d-diagnostics/v16,6,300000000,6,6,6,1,1,6,300000000,"model_generation","EXECUTED",19.939658000000001,""
uwb-imu-pl/gate-d-diagnostics/v16,6,300000000,6,6,6,1,1,6,300000000,"historical_sensitivity","EXECUTED",0.062812999999999994,""
uwb-imu-pl/gate-d-diagnostics/v16,6,300000000,6,6,6,1,1,6,300000000,"hypothesis_evidence","EXECUTED",71.946903000000006,"effective_dimensions=1:140,2:3784,3:1440,other:0;context_bytes=901472;worker_blocks=4"
uwb-imu-pl/gate-d-diagnostics/v16,6,300000000,6,6,6,1,1,6,300000000,"health_actions","EXECUTED",0.903173,""
uwb-imu-pl/gate-d-diagnostics/v16,6,300000000,6,6,6,1,1,6,300000000,"hypothesis_audit","SKIPPED",,"disabled by output.write_hypothesis_evidence"
uwb-imu-pl/gate-d-diagnostics/v16,6,300000000,6,6,6,1,1,6,300000000,"base_factorization","EXECUTED",0.072705000000000006,""
uwb-imu-pl/gate-d-diagnostics/v16,6,300000000,6,6,6,1,1,6,300000000,"shared_cache","EXECUTED",0.0024239999999999999,""
uwb-imu-pl/gate-d-diagnostics/v16,6,300000000,6,6,6,1,1,6,300000000,"candidate_evaluation","EXECUTED",242.57209900000001,"rank=1;dense=0"
uwb-imu-pl/gate-d-diagnostics/v16,6,300000000,6,6,6,1,1,6,300000000,"fde_decision","EXECUTED",3.4013819999999999,""
uwb-imu-pl/gate-d-diagnostics/v16,6,300000000,6,6,6,1,1,6,300000000,"candidate_audit","EXECUTED",0.017840999999999999,""
uwb-imu-pl/gate-d-diagnostics/v16,6,300000000,6,6,6,1,1,6,300000000,"commit","EXECUTED",0.710781,""
uwb-imu-pl/gate-d-diagnostics/v16,6,300000000,6,6,6,1,1,6,300000000,"state_audit","EXECUTED",0.00042499999999999998,""
uwb-imu-pl/gate-d-diagnostics/v16,6,300000000,6,6,6,1,1,6,300000000,"finalize_commit_audit","EXECUTED",2.0302730000000002,"excludes separately timed commit/discard/state audit"
uwb-imu-pl/gate-d-diagnostics/v16,6,300000000,6,6,6,1,1,6,300000000,"discard","SKIPPED",,"upstream gate did not reach stage"
uwb-imu-pl/gate-d-diagnostics/v16,6,300000000,6,6,6,1,1,6,300000000,"core_total","EXECUTED",348.53852999999998,""
uwb-imu-pl/gate-d-diagnostics/v16,7,350000000,7,7,7,1,1,7,350000000,"prepare","EXECUTED",1.5659639999999999,""
uwb-imu-pl/gate-d-diagnostics/v16,7,350000000,7,7,7,1,1,7,350000000,"integrity_window","EXECUTED",7.5942100000000003,""
uwb-imu-pl/gate-d-diagnostics/v16,7,350000000,7,7,7,1,1,7,350000000,"window_boundary_provenance","EXECUTED",0.204013,""
uwb-imu-pl/gate-d-diagnostics/v16,7,350000000,7,7,7,1,1,7,350000000,"window_factor_linearization_whitening","EXECUTED",0.900397,""
uwb-imu-pl/gate-d-diagnostics/v16,7,350000000,7,7,7,1,1,7,350000000,"window_dense_assembly","EXECUTED",0.077163999999999996,""
uwb-imu-pl/gate-d-diagnostics/v16,7,350000000,7,7,7,1,1,7,350000000,"window_svd","EXECUTED",4.304824,""
uwb-imu-pl/gate-d-diagnostics/v16,7,350000000,7,7,7,1,1,7,350000000,"window_normal_equations","EXECUTED",0.092152999999999999,""
uwb-imu-pl/gate-d-diagnostics/v16,7,350000000,7,7,7,1,1,7,350000000,"window_llt_state_solves","EXECUTED",0.055876000000000002,""
uwb-imu-pl/gate-d-diagnostics/v16,7,350000000,7,7,7,1,1,7,350000000,"window_fingerprint","EXECUTED",1.398279,""
uwb-imu-pl/gate-d-diagnostics/v16,7,350000000,7,7,7,1,1,7,350000000,"all_in_detector","EXECUTED",0.049617000000000001,""
uwb-imu-pl/gate-d-diagnostics/v16,7,350000000,7,7,7,1,1,7,350000000,"current_sensitivity","EXECUTED",0.14299799999999999,""
uwb-imu-pl/gate-d-diagnostics/v16,7,350000000,7,7,7,1,1,7,350000000,"model_generation","EXECUTED",27.132322000000002,""
uwb-imu-pl/gate-d-diagnostics/v16,7,350000000,7,7,7,1,1,7,350000000,"historical_sensitivity","EXECUTED",0.056947999999999999,""
uwb-imu-pl/gate-d-diagnostics/v16,7,350000000,7,7,7,1,1,7,350000000,"hypothesis_evidence","EXECUTED",108.948863,"effective_dimensions=1:162,2:5088,3:2016,other:0;context_bytes=1221008;worker_blocks=4"
uwb-imu-pl/gate-d-diagnostics/v16,7,350000000,7,7,7,1,1,7,350000000,"health_actions","EXECUTED",1.241144,""
uwb-imu-pl/gate-d-diagnostics/v16,7,350000000,7,7,7,1,1,7,350000000,"hypothesis_audit","SKIPPED",,"disabled by output.write_hypothesis_evidence"
uwb-imu-pl/gate-d-diagnostics/v16,7,350000000,7,7,7,1,1,7,350000000,"base_factorization","EXECUTED",0.091872999999999996,""
uwb-imu-pl/gate-d-diagnostics/v16,7,350000000,7,7,7,1,1,7,350000000,"shared_cache","EXECUTED",0.0019380000000000001,""
uwb-imu-pl/gate-d-diagnostics/v16,7,350000000,7,7,7,1,1,7,350000000,"candidate_evaluation","EXECUTED",349.24655100000001,"rank=1;dense=0"
uwb-imu-pl/gate-d-diagnostics/v16,7,350000000,7,7,7,1,1,7,350000000,"fde_decision","EXECUTED",5.7885150000000003,""
uwb-imu-pl/gate-d-diagnostics/v16,7,350000000,7,7,7,1,1,7,350000000,"candidate_audit","EXECUTED",0.026231000000000001,""
uwb-imu-pl/gate-d-diagnostics/v16,7,350000000,7,7,7,1,1,7,350000000,"commit","EXECUTED",0.80096500000000004,""
uwb-imu-pl/gate-d-diagnostics/v16,7,350000000,7,7,7,1,1,7,350000000,"state_audit","EXECUTED",0.00037399999999999998,""
uwb-imu-pl/gate-d-diagnostics/v16,7,350000000,7,7,7,1,1,7,350000000,"finalize_commit_audit","EXECUTED",2.5248170000000001,"excludes separately timed commit/discard/state audit"
uwb-imu-pl/gate-d-diagnostics/v16,7,350000000,7,7,7,1,1,7,350000000,"discard","SKIPPED",,"upstream gate did not reach stage"
uwb-imu-pl/gate-d-diagnostics/v16,7,350000000,7,7,7,1,1,7,350000000,"core_total","EXECUTED",505.35013099999998,""
uwb-imu-pl/gate-d-diagnostics/v16,8,400000000,8,8,8,1,1,8,400000000,"prepare","EXECUTED",0.89200699999999999,""
uwb-imu-pl/gate-d-diagnostics/v16,8,400000000,8,8,8,1,1,8,400000000,"integrity_window","EXECUTED",9.4549040000000009,""
uwb-imu-pl/gate-d-diagnostics/v16,8,400000000,8,8,8,1,1,8,400000000,"window_boundary_provenance","EXECUTED",0.31350299999999998,""
uwb-imu-pl/gate-d-diagnostics/v16,8,400000000,8,8,8,1,1,8,400000000,"window_factor_linearization_whitening","EXECUTED",0.67181000000000002,""
uwb-imu-pl/gate-d-diagnostics/v16,8,400000000,8,8,8,1,1,8,400000000,"window_dense_assembly","EXECUTED",0.069532999999999998,""
uwb-imu-pl/gate-d-diagnostics/v16,8,400000000,8,8,8,1,1,8,400000000,"window_svd","EXECUTED",5.6755719999999998,""
uwb-imu-pl/gate-d-diagnostics/v16,8,400000000,8,8,8,1,1,8,400000000,"window_normal_equations","EXECUTED",0.14746000000000001,""
uwb-imu-pl/gate-d-diagnostics/v16,8,400000000,8,8,8,1,1,8,400000000,"window_llt_state_solves","EXECUTED",0.076171000000000003,""
uwb-imu-pl/gate-d-diagnostics/v16,8,400000000,8,8,8,1,1,8,400000000,"window_fingerprint","EXECUTED",1.780403,""
uwb-imu-pl/gate-d-diagnostics/v16,8,400000000,8,8,8,1,1,8,400000000,"all_in_detector","EXECUTED",0.059396999999999998,""
uwb-imu-pl/gate-d-diagnostics/v16,8,400000000,8,8,8,1,1,8,400000000,"current_sensitivity","EXECUTED",0.20525499999999999,""
uwb-imu-pl/gate-d-diagnostics/v16,8,400000000,8,8,8,1,1,8,400000000,"model_generation","EXECUTED",38.434170999999999,""
uwb-imu-pl/gate-d-diagnostics/v16,8,400000000,8,8,8,1,1,8,400000000,"historical_sensitivity","EXECUTED",0.070483999999999991,""
uwb-imu-pl/gate-d-diagnostics/v16,8,400000000,8,8,8,1,1,8,400000000,"hypothesis_evidence","EXECUTED",161.49760699999999,"effective_dimensions=1:184,2:6584,3:2688,other:0;context_bytes=1588928;worker_blocks=4"
uwb-imu-pl/gate-d-diagnostics/v16,8,400000000,8,8,8,1,1,8,400000000,"health_actions","EXECUTED",1.6437109999999999,""
uwb-imu-pl/gate-d-diagnostics/v16,8,400000000,8,8,8,1,1,8,400000000,"hypothesis_audit","SKIPPED",,"disabled by output.write_hypothesis_evidence"
uwb-imu-pl/gate-d-diagnostics/v16,8,400000000,8,8,8,1,1,8,400000000,"base_factorization","EXECUTED",0.116275,""
uwb-imu-pl/gate-d-diagnostics/v16,8,400000000,8,8,8,1,1,8,400000000,"shared_cache","EXECUTED",0.0020089999999999999,""
uwb-imu-pl/gate-d-diagnostics/v16,8,400000000,8,8,8,1,1,8,400000000,"candidate_evaluation","EXECUTED",509.35200600000002,"rank=1;dense=0"
uwb-imu-pl/gate-d-diagnostics/v16,8,400000000,8,8,8,1,1,8,400000000,"fde_decision","EXECUTED",6.1918259999999998,""
uwb-imu-pl/gate-d-diagnostics/v16,8,400000000,8,8,8,1,1,8,400000000,"candidate_audit","EXECUTED",0.015893000000000001,""
uwb-imu-pl/gate-d-diagnostics/v16,8,400000000,8,8,8,1,1,8,400000000,"commit","EXECUTED",0.76588199999999995,""
uwb-imu-pl/gate-d-diagnostics/v16,8,400000000,8,8,8,1,1,8,400000000,"state_audit","EXECUTED",0.000386,""
uwb-imu-pl/gate-d-diagnostics/v16,8,400000000,8,8,8,1,1,8,400000000,"finalize_commit_audit","EXECUTED",3.4144030000000001,"excludes separately timed commit/discard/state audit"
uwb-imu-pl/gate-d-diagnostics/v16,8,400000000,8,8,8,1,1,8,400000000,"discard","SKIPPED",,"upstream gate did not reach stage"
uwb-imu-pl/gate-d-diagnostics/v16,8,400000000,8,8,8,1,1,8,400000000,"core_total","EXECUTED",732.27490399999999,""
uwb-imu-pl/gate-d-diagnostics/v16,9,450000000,9,9,9,1,1,9,450000000,"prepare","EXECUTED",0.83785699999999996,""
uwb-imu-pl/gate-d-diagnostics/v16,9,450000000,9,9,9,1,1,9,450000000,"integrity_window","EXECUTED",11.19641,""
uwb-imu-pl/gate-d-diagnostics/v16,9,450000000,9,9,9,1,1,9,450000000,"window_boundary_provenance","EXECUTED",0.19133800000000001,""
uwb-imu-pl/gate-d-diagnostics/v16,9,450000000,9,9,9,1,1,9,450000000,"window_factor_linearization_whitening","EXECUTED",0.37812099999999998,""
uwb-imu-pl/gate-d-diagnostics/v16,9,450000000,9,9,9,1,1,9,450000000,"window_dense_assembly","EXECUTED",0.055350999999999997,""
uwb-imu-pl/gate-d-diagnostics/v16,9,450000000,9,9,9,1,1,9,450000000,"window_svd","EXECUTED",6.3476850000000002,""
uwb-imu-pl/gate-d-diagnostics/v16,9,450000000,9,9,9,1,1,9,450000000,"window_normal_equations","EXECUTED",0.236178,""
uwb-imu-pl/gate-d-diagnostics/v16,9,450000000,9,9,9,1,1,9,450000000,"window_llt_state_solves","EXECUTED",0.093683000000000002,""
uwb-imu-pl/gate-d-diagnostics/v16,9,450000000,9,9,9,1,1,9,450000000,"window_fingerprint","EXECUTED",3.013074,""
uwb-imu-pl/gate-d-diagnostics/v16,9,450000000,9,9,9,1,1,9,450000000,"all_in_detector","EXECUTED",0.066173999999999997,""
uwb-imu-pl/gate-d-diagnostics/v16,9,450000000,9,9,9,1,1,9,450000000,"current_sensitivity","EXECUTED",0.26131700000000002,""
uwb-imu-pl/gate-d-diagnostics/v16,9,450000000,9,9,9,1,1,9,450000000,"model_generation","EXECUTED",50.424621999999999,""
uwb-imu-pl/gate-d-diagnostics/v16,9,450000000,9,9,9,1,1,9,450000000,"historical_sensitivity","EXECUTED",0.087989000000000012,""
uwb-imu-pl/gate-d-diagnostics/v16,9,450000000,9,9,9,1,1,9,450000000,"hypothesis_evidence","EXECUTED",218.60496699999999,"effective_dimensions=1:206,2:8272,3:3456,other:0;context_bytes=2005232;worker_blocks=4"
uwb-imu-pl/gate-d-diagnostics/v16,9,450000000,9,9,9,1,1,9,450000000,"health_actions","EXECUTED",2.1075840000000001,""
uwb-imu-pl/gate-d-diagnostics/v16,9,450000000,9,9,9,1,1,9,450000000,"hypothesis_audit","SKIPPED",,"disabled by output.write_hypothesis_evidence"
uwb-imu-pl/gate-d-diagnostics/v16,9,450000000,9,9,9,1,1,9,450000000,"base_factorization","EXECUTED",0.145701,""
uwb-imu-pl/gate-d-diagnostics/v16,9,450000000,9,9,9,1,1,9,450000000,"shared_cache","EXECUTED",0.0019780000000000002,""
uwb-imu-pl/gate-d-diagnostics/v16,9,450000000,9,9,9,1,1,9,450000000,"candidate_evaluation","EXECUTED",685.18917299999998,"rank=1;dense=0"
uwb-imu-pl/gate-d-diagnostics/v16,9,450000000,9,9,9,1,1,9,450000000,"fde_decision","EXECUTED",8.9434249999999995,""
uwb-imu-pl/gate-d-diagnostics/v16,9,450000000,9,9,9,1,1,9,450000000,"candidate_audit","EXECUTED",0.027200999999999999,""
uwb-imu-pl/gate-d-diagnostics/v16,9,450000000,9,9,9,1,1,9,450000000,"commit","EXECUTED",0.77686999999999995,""
uwb-imu-pl/gate-d-diagnostics/v16,9,450000000,9,9,9,1,1,9,450000000,"state_audit","EXECUTED",0.00042099999999999999,""
uwb-imu-pl/gate-d-diagnostics/v16,9,450000000,9,9,9,1,1,9,450000000,"finalize_commit_audit","EXECUTED",4.8413450000000005,"excludes separately timed commit/discard/state audit"
uwb-imu-pl/gate-d-diagnostics/v16,9,450000000,9,9,9,1,1,9,450000000,"discard","SKIPPED",,"upstream gate did not reach stage"
uwb-imu-pl/gate-d-diagnostics/v16,9,450000000,9,9,9,1,1,9,450000000,"core_total","EXECUTED",983.70816000000002,""
uwb-imu-pl/gate-d-diagnostics/v16,10,500000000,10,10,10,1,1,10,500000000,"prepare","EXECUTED",0.919678,""
uwb-imu-pl/gate-d-diagnostics/v16,10,500000000,10,10,10,1,1,10,500000000,"integrity_window","EXECUTED",13.370903,""
uwb-imu-pl/gate-d-diagnostics/v16,10,500000000,10,10,10,1,1,10,500000000,"window_boundary_provenance","EXECUTED",0.18007100000000001,""
uwb-imu-pl/gate-d-diagnostics/v16,10,500000000,10,10,10,1,1,10,500000000,"window_factor_linearization_whitening","EXECUTED",0.46892899999999998,""
uwb-imu-pl/gate-d-diagnostics/v16,10,500000000,10,10,10,1,1,10,500000000,"window_dense_assembly","EXECUTED",0.067409999999999998,""
uwb-imu-pl/gate-d-diagnostics/v16,10,500000000,10,10,10,1,1,10,500000000,"window_svd","EXECUTED",8.4076950000000004,""
uwb-imu-pl/gate-d-diagnostics/v16,10,500000000,10,10,10,1,1,10,500000000,"window_normal_equations","EXECUTED",0.28318700000000002,""
uwb-imu-pl/gate-d-diagnostics/v16,10,500000000,10,10,10,1,1,10,500000000,"window_llt_state_solves","EXECUTED",0.1055,""
uwb-imu-pl/gate-d-diagnostics/v16,10,500000000,10,10,10,1,1,10,500000000,"window_fingerprint","EXECUTED",2.7913019999999999,""
uwb-imu-pl/gate-d-diagnostics/v16,10,500000000,10,10,10,1,1,10,500000000,"all_in_detector","EXECUTED",0.072370000000000004,""
uwb-imu-pl/gate-d-diagnostics/v16,10,500000000,10,10,10,1,1,10,500000000,"current_sensitivity","EXECUTED",0.265546,""
uwb-imu-pl/gate-d-diagnostics/v16,10,500000000,10,10,10,1,1,10,500000000,"model_generation","EXECUTED",58.830617999999994,""
uwb-imu-pl/gate-d-diagnostics/v16,10,500000000,10,10,10,1,1,10,500000000,"historical_sensitivity","EXECUTED",0.109526,""
uwb-imu-pl/gate-d-diagnostics/v16,10,500000000,10,10,10,1,1,10,500000000,"hypothesis_evidence","EXECUTED",293.66153500000001,"effective_dimensions=1:228,2:10152,3:4320,other:0;context_bytes=2469920;worker_blocks=4"
uwb-imu-pl/gate-d-diagnostics/v16,10,500000000,10,10,10,1,1,10,500000000,"health_actions","EXECUTED",2.5987689999999999,""
uwb-imu-pl/gate-d-diagnostics/v16,10,500000000,10,10,10,1,1,10,500000000,"hypothesis_audit","SKIPPED",,"disabled by output.write_hypothesis_evidence"
uwb-imu-pl/gate-d-diagnostics/v16,10,500000000,10,10,10,1,1,10,500000000,"base_factorization","EXECUTED",0.17651,""
uwb-imu-pl/gate-d-diagnostics/v16,10,500000000,10,10,10,1,1,10,500000000,"shared_cache","EXECUTED",0.0020439999999999998,""
uwb-imu-pl/gate-d-diagnostics/v16,10,500000000,10,10,10,1,1,10,500000000,"candidate_evaluation","EXECUTED",893.07883700000002,"rank=1;dense=0"
uwb-imu-pl/gate-d-diagnostics/v16,10,500000000,10,10,10,1,1,10,500000000,"fde_decision","EXECUTED",9.2614429999999999,""
uwb-imu-pl/gate-d-diagnostics/v16,10,500000000,10,10,10,1,1,10,500000000,"candidate_audit","EXECUTED",0.028622999999999999,""
uwb-imu-pl/gate-d-diagnostics/v16,10,500000000,10,10,10,1,1,10,500000000,"commit","EXECUTED",0.81655100000000003,""
uwb-imu-pl/gate-d-diagnostics/v16,10,500000000,10,10,10,1,1,10,500000000,"state_audit","EXECUTED",0.00040999999999999999,""
uwb-imu-pl/gate-d-diagnostics/v16,10,500000000,10,10,10,1,1,10,500000000,"finalize_commit_audit","EXECUTED",7.7750580000000005,"excludes separately timed commit/discard/state audit"
uwb-imu-pl/gate-d-diagnostics/v16,10,500000000,10,10,10,1,1,10,500000000,"discard","SKIPPED",,"upstream gate did not reach stage"
uwb-imu-pl/gate-d-diagnostics/v16,10,500000000,10,10,10,1,1,10,500000000,"core_total","EXECUTED",1281.2368819999999,""
uwb-imu-pl/gate-d-diagnostics/v16,11,550000000,11,11,11,1,1,11,550000000,"prepare","EXECUTED",0.95654799999999995,""
uwb-imu-pl/gate-d-diagnostics/v16,11,550000000,11,11,11,1,1,11,550000000,"integrity_window","EXECUTED",14.751369,""
uwb-imu-pl/gate-d-diagnostics/v16,11,550000000,11,11,11,1,1,11,550000000,"window_boundary_provenance","EXECUTED",0.42680299999999999,""
uwb-imu-pl/gate-d-diagnostics/v16,11,550000000,11,11,11,1,1,11,550000000,"window_factor_linearization_whitening","EXECUTED",0.54872900000000002,""
uwb-imu-pl/gate-d-diagnostics/v16,11,550000000,11,11,11,1,1,11,550000000,"window_dense_assembly","EXECUTED",0.067831000000000002,""
uwb-imu-pl/gate-d-diagnostics/v16,11,550000000,11,11,11,1,1,11,550000000,"window_svd","EXECUTED",9.3781839999999992,""
uwb-imu-pl/gate-d-diagnostics/v16,11,550000000,11,11,11,1,1,11,550000000,"window_normal_equations","EXECUTED",0.26929799999999998,""
uwb-imu-pl/gate-d-diagnostics/v16,11,550000000,11,11,11,1,1,11,550000000,"window_llt_state_solves","EXECUTED",0.111834,""
uwb-imu-pl/gate-d-diagnostics/v16,11,550000000,11,11,11,1,1,11,550000000,"window_fingerprint","EXECUTED",2.8679239999999999,""
uwb-imu-pl/gate-d-diagnostics/v16,11,550000000,11,11,11,1,1,11,550000000,"all_in_detector","EXECUTED",0.067215999999999998,""
uwb-imu-pl/gate-d-diagnostics/v16,11,550000000,11,11,11,1,1,11,550000000,"current_sensitivity","EXECUTED",0.34351599999999999,""
uwb-imu-pl/gate-d-diagnostics/v16,11,550000000,11,11,11,1,1,11,550000000,"model_generation","EXECUTED",74.263518000000005,""
uwb-imu-pl/gate-d-diagnostics/v16,11,550000000,11,11,11,1,1,11,550000000,"historical_sensitivity","EXECUTED",0.087695999999999996,""
uwb-imu-pl/gate-d-diagnostics/v16,11,550000000,11,11,11,1,1,11,550000000,"hypothesis_evidence","EXECUTED",337.43953800000003,"effective_dimensions=1:244,2:11120,3:4800,other:0;context_bytes=2715872;worker_blocks=4"
uwb-imu-pl/gate-d-diagnostics/v16,11,550000000,11,11,11,1,1,11,550000000,"health_actions","EXECUTED",2.8473670000000002,""
uwb-imu-pl/gate-d-diagnostics/v16,11,550000000,11,11,11,1,1,11,550000000,"hypothesis_audit","SKIPPED",,"disabled by output.write_hypothesis_evidence"
uwb-imu-pl/gate-d-diagnostics/v16,11,550000000,11,11,11,1,1,11,550000000,"base_factorization","EXECUTED",0.180537,""
uwb-imu-pl/gate-d-diagnostics/v16,11,550000000,11,11,11,1,1,11,550000000,"shared_cache","EXECUTED",0.0019650000000000002,""
uwb-imu-pl/gate-d-diagnostics/v16,11,550000000,11,11,11,1,1,11,550000000,"candidate_evaluation","EXECUTED",999.47800199999995,"rank=1;dense=0"
uwb-imu-pl/gate-d-diagnostics/v16,11,550000000,11,11,11,1,1,11,550000000,"fde_decision","EXECUTED",11.373457,""
uwb-imu-pl/gate-d-diagnostics/v16,11,550000000,11,11,11,1,1,11,550000000,"candidate_audit","EXECUTED",0.045206000000000003,""
uwb-imu-pl/gate-d-diagnostics/v16,11,550000000,11,11,11,1,1,11,550000000,"commit","EXECUTED",0.96886899999999998,""
uwb-imu-pl/gate-d-diagnostics/v16,11,550000000,11,11,11,1,1,11,550000000,"state_audit","EXECUTED",0.00057700000000000004,""
uwb-imu-pl/gate-d-diagnostics/v16,11,550000000,11,11,11,1,1,11,550000000,"finalize_commit_audit","EXECUTED",6.1346579999999999,"excludes separately timed commit/discard/state audit"
uwb-imu-pl/gate-d-diagnostics/v16,11,550000000,11,11,11,1,1,11,550000000,"discard","SKIPPED",,"upstream gate did not reach stage"
uwb-imu-pl/gate-d-diagnostics/v16,11,550000000,11,11,11,1,1,11,550000000,"core_total","EXECUTED",1449.189572,""
uwb-imu-pl/gate-d-diagnostics/v16,12,600000000,12,12,12,1,1,12,600000000,"prepare","EXECUTED",1.0418719999999999,""
uwb-imu-pl/gate-d-diagnostics/v16,12,600000000,12,12,12,1,1,12,600000000,"integrity_window","EXECUTED",15.035643,""
uwb-imu-pl/gate-d-diagnostics/v16,12,600000000,12,12,12,1,1,12,600000000,"window_boundary_provenance","EXECUTED",1.845755,""
uwb-imu-pl/gate-d-diagnostics/v16,12,600000000,12,12,12,1,1,12,600000000,"window_factor_linearization_whitening","EXECUTED",0.54285600000000001,""
uwb-imu-pl/gate-d-diagnostics/v16,12,600000000,12,12,12,1,1,12,600000000,"window_dense_assembly","EXECUTED",0.069551000000000002,""
uwb-imu-pl/gate-d-diagnostics/v16,12,600000000,12,12,12,1,1,12,600000000,"window_svd","EXECUTED",7.3450600000000001,""
uwb-imu-pl/gate-d-diagnostics/v16,12,600000000,12,12,12,1,1,12,600000000,"window_normal_equations","EXECUTED",0.28576499999999999,""
uwb-imu-pl/gate-d-diagnostics/v16,12,600000000,12,12,12,1,1,12,600000000,"window_llt_state_solves","EXECUTED",0.108086,""
uwb-imu-pl/gate-d-diagnostics/v16,12,600000000,12,12,12,1,1,12,600000000,"window_fingerprint","EXECUTED",2.862187,""
uwb-imu-pl/gate-d-diagnostics/v16,12,600000000,12,12,12,1,1,12,600000000,"all_in_detector","EXECUTED",0.095427999999999999,""
uwb-imu-pl/gate-d-diagnostics/v16,12,600000000,12,12,12,1,1,12,600000000,"current_sensitivity","EXECUTED",0.27684199999999998,""
uwb-imu-pl/gate-d-diagnostics/v16,12,600000000,12,12,12,1,1,12,600000000,"model_generation","EXECUTED",84.951239000000001,""
uwb-imu-pl/gate-d-diagnostics/v16,12,600000000,12,12,12,1,1,12,600000000,"historical_sensitivity","EXECUTED",0.11483500000000001,""
uwb-imu-pl/gate-d-diagnostics/v16,12,600000000,12,12,12,1,1,12,600000000,"hypothesis_evidence","EXECUTED",401.13130999999998,"effective_dimensions=1:266,2:13288,3:5808,other:0;context_bytes=3253136;worker_blocks=4"
uwb-imu-pl/gate-d-diagnostics/v16,12,600000000,12,12,12,1,1,12,600000000,"health_actions","EXECUTED",5.3472530000000003,""
uwb-imu-pl/gate-d-diagnostics/v16,12,600000000,12,12,12,1,1,12,600000000,"hypothesis_audit","SKIPPED",,"disabled by output.write_hypothesis_evidence"
uwb-imu-pl/gate-d-diagnostics/v16,12,600000000,12,12,12,1,1,12,600000000,"base_factorization","EXECUTED",0.19158800000000001,""
uwb-imu-pl/gate-d-diagnostics/v16,12,600000000,12,12,12,1,1,12,600000000,"shared_cache","EXECUTED",0.002454,""
uwb-imu-pl/gate-d-diagnostics/v16,12,600000000,12,12,12,1,1,12,600000000,"candidate_evaluation","EXECUTED",165.176008,"rank=1;dense=0"
uwb-imu-pl/gate-d-diagnostics/v16,12,600000000,12,12,12,1,1,12,600000000,"fde_decision","EXECUTED",2.7748499999999998,""
uwb-imu-pl/gate-d-diagnostics/v16,12,600000000,12,12,12,1,1,12,600000000,"candidate_audit","EXECUTED",0.028022999999999999,""
uwb-imu-pl/gate-d-diagnostics/v16,12,600000000,12,12,12,1,1,12,600000000,"commit","EXECUTED",1.007439,""
uwb-imu-pl/gate-d-diagnostics/v16,12,600000000,12,12,12,1,1,12,600000000,"state_audit","EXECUTED",0.00044900000000000002,""
uwb-imu-pl/gate-d-diagnostics/v16,12,600000000,12,12,12,1,1,12,600000000,"finalize_commit_audit","EXECUTED",7.257397000000001,"excludes separately timed commit/discard/state audit"
uwb-imu-pl/gate-d-diagnostics/v16,12,600000000,12,12,12,1,1,12,600000000,"discard","SKIPPED",,"upstream gate did not reach stage"
uwb-imu-pl/gate-d-diagnostics/v16,12,600000000,12,12,12,1,1,12,600000000,"core_total","EXECUTED",684.827449,""
uwb-imu-pl/gate-d-diagnostics/v16,13,650000000,13,13,13,1,1,13,650000000,"prepare","EXECUTED",1.1361680000000001,""
uwb-imu-pl/gate-d-diagnostics/v16,13,650000000,13,13,13,1,1,13,650000000,"integrity_window","EXECUTED",17.654526000000001,""
uwb-imu-pl/gate-d-diagnostics/v16,13,650000000,13,13,13,1,1,13,650000000,"window_boundary_provenance","EXECUTED",4.4295669999999996,""
uwb-imu-pl/gate-d-diagnostics/v16,13,650000000,13,13,13,1,1,13,650000000,"window_factor_linearization_whitening","EXECUTED",0.64695000000000003,""
uwb-imu-pl/gate-d-diagnostics/v16,13,650000000,13,13,13,1,1,13,650000000,"window_dense_assembly","EXECUTED",0.076828999999999995,""
uwb-imu-pl/gate-d-diagnostics/v16,13,650000000,13,13,13,1,1,13,650000000,"window_svd","EXECUTED",7.9758579999999997,""
uwb-imu-pl/gate-d-diagnostics/v16,13,650000000,13,13,13,1,1,13,650000000,"window_normal_equations","EXECUTED",0.27916099999999999,""
uwb-imu-pl/gate-d-diagnostics/v16,13,650000000,13,13,13,1,1,13,650000000,"window_llt_state_solves","EXECUTED",0.106668,""
uwb-imu-pl/gate-d-diagnostics/v16,13,650000000,13,13,13,1,1,13,650000000,"window_fingerprint","EXECUTED",2.9944329999999999,""
uwb-imu-pl/gate-d-diagnostics/v16,13,650000000,13,13,13,1,1,13,650000000,"all_in_detector","EXECUTED",0.079867999999999995,""
uwb-imu-pl/gate-d-diagnostics/v16,13,650000000,13,13,13,1,1,13,650000000,"current_sensitivity","EXECUTED",0.34251100000000001,""
uwb-imu-pl/gate-d-diagnostics/v16,13,650000000,13,13,13,1,1,13,650000000,"model_generation","EXECUTED",100.65687600000001,""
uwb-imu-pl/gate-d-diagnostics/v16,13,650000000,13,13,13,1,1,13,650000000,"historical_sensitivity","EXECUTED",0.097488999999999992,""
uwb-imu-pl/gate-d-diagnostics/v16,13,650000000,13,13,13,1,1,13,650000000,"hypothesis_evidence","EXECUTED",528.16451400000005,"effective_dimensions=1:288,2:15648,3:6912,other:0;context_bytes=3838784;worker_blocks=4"
uwb-imu-pl/gate-d-diagnostics/v16,13,650000000,13,13,13,1,1,13,650000000,"health_actions","EXECUTED",4.2092770000000002,""
uwb-imu-pl/gate-d-diagnostics/v16,13,650000000,13,13,13,1,1,13,650000000,"hypothesis_audit","SKIPPED",,"disabled by output.write_hypothesis_evidence"
uwb-imu-pl/gate-d-diagnostics/v16,13,650000000,13,13,13,1,1,13,650000000,"base_factorization","EXECUTED",0.194823,""
uwb-imu-pl/gate-d-diagnostics/v16,13,650000000,13,13,13,1,1,13,650000000,"shared_cache","EXECUTED",0.0023730000000000001,""
uwb-imu-pl/gate-d-diagnostics/v16,13,650000000,13,13,13,1,1,13,650000000,"candidate_evaluation","EXECUTED",185.60833299999999,"rank=1;dense=0"
uwb-imu-pl/gate-d-diagnostics/v16,13,650000000,13,13,13,1,1,13,650000000,"fde_decision","EXECUTED",3.005897,""
uwb-imu-pl/gate-d-diagnostics/v16,13,650000000,13,13,13,1,1,13,650000000,"candidate_audit","EXECUTED",0.021291999999999998,""
uwb-imu-pl/gate-d-diagnostics/v16,13,650000000,13,13,13,1,1,13,650000000,"commit","EXECUTED",1.1524220000000001,""
uwb-imu-pl/gate-d-diagnostics/v16,13,650000000,13,13,13,1,1,13,650000000,"state_audit","EXECUTED",0.000464,""
uwb-imu-pl/gate-d-diagnostics/v16,13,650000000,13,13,13,1,1,13,650000000,"finalize_commit_audit","EXECUTED",9.6404969999999999,"excludes separately timed commit/discard/state audit"
uwb-imu-pl/gate-d-diagnostics/v16,13,650000000,13,13,13,1,1,13,650000000,"discard","SKIPPED",,"upstream gate did not reach stage"
uwb-imu-pl/gate-d-diagnostics/v16,13,650000000,13,13,13,1,1,13,650000000,"core_total","EXECUTED",852.31534499999998,""
uwb-imu-pl/gate-d-diagnostics/v16,14,700000000,14,14,14,1,1,14,700000000,"prepare","EXECUTED",1.9417469999999999,""
uwb-imu-pl/gate-d-diagnostics/v16,14,700000000,14,14,14,1,1,14,700000000,"integrity_window","EXECUTED",24.215208000000001,""
uwb-imu-pl/gate-d-diagnostics/v16,14,700000000,14,14,14,1,1,14,700000000,"window_boundary_provenance","EXECUTED",10.249319,""
uwb-imu-pl/gate-d-diagnostics/v16,14,700000000,14,14,14,1,1,14,700000000,"window_factor_linearization_whitening","EXECUTED",0.53687499999999999,""
uwb-imu-pl/gate-d-diagnostics/v16,14,700000000,14,14,14,1,1,14,700000000,"window_dense_assembly","EXECUTED",0.070041999999999993,""
uwb-imu-pl/gate-d-diagnostics/v16,14,700000000,14,14,14,1,1,14,700000000,"window_svd","EXECUTED",8.8089180000000002,""
uwb-imu-pl/gate-d-diagnostics/v16,14,700000000,14,14,14,1,1,14,700000000,"window_normal_equations","EXECUTED",0.30275800000000003,""
uwb-imu-pl/gate-d-diagnostics/v16,14,700000000,14,14,14,1,1,14,700000000,"window_llt_state_solves","EXECUTED",0.105974,""
uwb-imu-pl/gate-d-diagnostics/v16,14,700000000,14,14,14,1,1,14,700000000,"window_fingerprint","EXECUTED",3.034875,""
uwb-imu-pl/gate-d-diagnostics/v16,14,700000000,14,14,14,1,1,14,700000000,"all_in_detector","EXECUTED",0.080903000000000003,""
uwb-imu-pl/gate-d-diagnostics/v16,14,700000000,14,14,14,1,1,14,700000000,"current_sensitivity","EXECUTED",0.32672299999999999,""
uwb-imu-pl/gate-d-diagnostics/v16,14,700000000,14,14,14,1,1,14,700000000,"model_generation","EXECUTED",117.76973699999999,""
uwb-imu-pl/gate-d-diagnostics/v16,14,700000000,14,14,14,1,1,14,700000000,"historical_sensitivity","EXECUTED",0.169182,""
uwb-imu-pl/gate-d-diagnostics/v16,14,700000000,14,14,14,1,1,14,700000000,"hypothesis_evidence","EXECUTED",612.13548900000001,"effective_dimensions=1:310,2:18200,3:8112,other:0;context_bytes=4472816;worker_blocks=4"
uwb-imu-pl/gate-d-diagnostics/v16,14,700000000,14,14,14,1,1,14,700000000,"health_actions","EXECUTED",5.1461899999999998,""
uwb-imu-pl/gate-d-diagnostics/v16,14,700000000,14,14,14,1,1,14,700000000,"hypothesis_audit","SKIPPED",,"disabled by output.write_hypothesis_evidence"
uwb-imu-pl/gate-d-diagnostics/v16,14,700000000,14,14,14,1,1,14,700000000,"base_factorization","EXECUTED",0.19955000000000001,""
uwb-imu-pl/gate-d-diagnostics/v16,14,700000000,14,14,14,1,1,14,700000000,"shared_cache","EXECUTED",0.0025959999999999998,""
uwb-imu-pl/gate-d-diagnostics/v16,14,700000000,14,14,14,1,1,14,700000000,"candidate_evaluation","EXECUTED",211.730098,"rank=1;dense=0"
uwb-imu-pl/gate-d-diagnostics/v16,14,700000000,14,14,14,1,1,14,700000000,"fde_decision","EXECUTED",3.7864810000000002,""
uwb-imu-pl/gate-d-diagnostics/v16,14,700000000,14,14,14,1,1,14,700000000,"candidate_audit","EXECUTED",0.066029000000000004,""
uwb-imu-pl/gate-d-diagnostics/v16,14,700000000,14,14,14,1,1,14,700000000,"commit","EXECUTED",1.004365,""
uwb-imu-pl/gate-d-diagnostics/v16,14,700000000,14,14,14,1,1,14,700000000,"state_audit","EXECUTED",0.00046200000000000001,""
uwb-imu-pl/gate-d-diagnostics/v16,14,700000000,14,14,14,1,1,14,700000000,"finalize_commit_audit","EXECUTED",11.545757,"excludes separately timed commit/discard/state audit"
uwb-imu-pl/gate-d-diagnostics/v16,14,700000000,14,14,14,1,1,14,700000000,"discard","SKIPPED",,"upstream gate did not reach stage"
uwb-imu-pl/gate-d-diagnostics/v16,14,700000000,14,14,14,1,1,14,700000000,"core_total","EXECUTED",990.51117099999999,""
uwb-imu-pl/gate-d-diagnostics/v16,15,750000000,15,15,15,1,1,15,750000000,"prepare","EXECUTED",1.3613999999999999,""
uwb-imu-pl/gate-d-diagnostics/v16,15,750000000,15,15,15,1,1,15,750000000,"integrity_window","EXECUTED",36.994487999999997,""
uwb-imu-pl/gate-d-diagnostics/v16,15,750000000,15,15,15,1,1,15,750000000,"window_boundary_provenance","EXECUTED",24.000157000000002,""
uwb-imu-pl/gate-d-diagnostics/v16,15,750000000,15,15,15,1,1,15,750000000,"window_factor_linearization_whitening","EXECUTED",0.65577600000000003,""
uwb-imu-pl/gate-d-diagnostics/v16,15,750000000,15,15,15,1,1,15,750000000,"window_dense_assembly","EXECUTED",0.067802000000000001,""
uwb-imu-pl/gate-d-diagnostics/v16,15,750000000,15,15,15,1,1,15,750000000,"window_svd","EXECUTED",7.4195970000000004,""
uwb-imu-pl/gate-d-diagnostics/v16,15,750000000,15,15,15,1,1,15,750000000,"window_normal_equations","EXECUTED",0.33507599999999998,""
uwb-imu-pl/gate-d-diagnostics/v16,15,750000000,15,15,15,1,1,15,750000000,"window_llt_state_solves","EXECUTED",0.112218,""
uwb-imu-pl/gate-d-diagnostics/v16,15,750000000,15,15,15,1,1,15,750000000,"window_fingerprint","EXECUTED",3.2312349999999999,""
uwb-imu-pl/gate-d-diagnostics/v16,15,750000000,15,15,15,1,1,15,750000000,"all_in_detector","EXECUTED",0.091409000000000004,""
uwb-imu-pl/gate-d-diagnostics/v16,15,750000000,15,15,15,1,1,15,750000000,"current_sensitivity","EXECUTED",0.34906399999999999,""
uwb-imu-pl/gate-d-diagnostics/v16,15,750000000,15,15,15,1,1,15,750000000,"model_generation","EXECUTED",137.465316,""
uwb-imu-pl/gate-d-diagnostics/v16,15,750000000,15,15,15,1,1,15,750000000,"historical_sensitivity","EXECUTED",0.10647999999999999,""
uwb-imu-pl/gate-d-diagnostics/v16,15,750000000,15,15,15,1,1,15,750000000,"hypothesis_evidence","EXECUTED",730.76250600000003,"effective_dimensions=1:332,2:20944,3:9408,other:0;context_bytes=5155232;worker_blocks=4"
uwb-imu-pl/gate-d-diagnostics/v16,15,750000000,15,15,15,1,1,15,750000000,"health_actions","EXECUTED",5.6927190000000003,""
uwb-imu-pl/gate-d-diagnostics/v16,15,750000000,15,15,15,1,1,15,750000000,"hypothesis_audit","SKIPPED",,"disabled by output.write_hypothesis_evidence"
uwb-imu-pl/gate-d-diagnostics/v16,15,750000000,15,15,15,1,1,15,750000000,"base_factorization","EXECUTED",0.22917100000000001,""
uwb-imu-pl/gate-d-diagnostics/v16,15,750000000,15,15,15,1,1,15,750000000,"shared_cache","EXECUTED",0.0031519999999999999,""
uwb-imu-pl/gate-d-diagnostics/v16,15,750000000,15,15,15,1,1,15,750000000,"candidate_evaluation","EXECUTED",239.41033999999999,"rank=1;dense=0"
uwb-imu-pl/gate-d-diagnostics/v16,15,750000000,15,15,15,1,1,15,750000000,"fde_decision","EXECUTED",3.8888470000000002,""
uwb-imu-pl/gate-d-diagnostics/v16,15,750000000,15,15,15,1,1,15,750000000,"candidate_audit","EXECUTED",0.027532999999999998,""
uwb-imu-pl/gate-d-diagnostics/v16,15,750000000,15,15,15,1,1,15,750000000,"commit","EXECUTED",1.071215,""
uwb-imu-pl/gate-d-diagnostics/v16,15,750000000,15,15,15,1,1,15,750000000,"state_audit","EXECUTED",0.00026800000000000001,""
uwb-imu-pl/gate-d-diagnostics/v16,15,750000000,15,15,15,1,1,15,750000000,"finalize_commit_audit","EXECUTED",13.526057,"excludes separately timed commit/discard/state audit"
uwb-imu-pl/gate-d-diagnostics/v16,15,750000000,15,15,15,1,1,15,750000000,"discard","SKIPPED",,"upstream gate did not reach stage"
uwb-imu-pl/gate-d-diagnostics/v16,15,750000000,15,15,15,1,1,15,750000000,"core_total","EXECUTED",1171.3544489999999,""
uwb-imu-pl/gate-d-diagnostics/v16,16,800000000,16,16,16,1,1,16,800000000,"prepare","EXECUTED",1.335496,""
uwb-imu-pl/gate-d-diagnostics/v16,16,800000000,16,16,16,1,1,16,800000000,"integrity_window","EXECUTED",58.031973000000001,""
uwb-imu-pl/gate-d-diagnostics/v16,16,800000000,16,16,16,1,1,16,800000000,"window_boundary_provenance","EXECUTED",44.248109999999997,""
uwb-imu-pl/gate-d-diagnostics/v16,16,800000000,16,16,16,1,1,16,800000000,"window_factor_linearization_whitening","EXECUTED",0.70426999999999995,""
uwb-imu-pl/gate-d-diagnostics/v16,16,800000000,16,16,16,1,1,16,800000000,"window_dense_assembly","EXECUTED",0.091996999999999995,""
uwb-imu-pl/gate-d-diagnostics/v16,16,800000000,16,16,16,1,1,16,800000000,"window_svd","EXECUTED",7.4297300000000002,""
uwb-imu-pl/gate-d-diagnostics/v16,16,800000000,16,16,16,1,1,16,800000000,"window_normal_equations","EXECUTED",0.28353200000000001,""
uwb-imu-pl/gate-d-diagnostics/v16,16,800000000,16,16,16,1,1,16,800000000,"window_llt_state_solves","EXECUTED",0.095560999999999993,""
uwb-imu-pl/gate-d-diagnostics/v16,16,800000000,16,16,16,1,1,16,800000000,"window_fingerprint","EXECUTED",4.0340800000000003,""
uwb-imu-pl/gate-d-diagnostics/v16,16,800000000,16,16,16,1,1,16,800000000,"all_in_detector","EXECUTED",0.11314399999999999,""
uwb-imu-pl/gate-d-diagnostics/v16,16,800000000,16,16,16,1,1,16,800000000,"current_sensitivity","EXECUTED",0.37398399999999998,""
uwb-imu-pl/gate-d-diagnostics/v16,16,800000000,16,16,16,1,1,16,800000000,"model_generation","EXECUTED",162.20494100000002,""
uwb-imu-pl/gate-d-diagnostics/v16,16,800000000,16,16,16,1,1,16,800000000,"historical_sensitivity","EXECUTED",0.098907999999999996,""
uwb-imu-pl/gate-d-diagnostics/v16,16,800000000,16,16,16,1,1,16,800000000,"hypothesis_evidence","EXECUTED",870.95742600000005,"effective_dimensions=1:354,2:23880,3:10800,other:0;context_bytes=5886032;worker_blocks=4"
uwb-imu-pl/gate-d-diagnostics/v16,16,800000000,16,16,16,1,1,16,800000000,"health_actions","EXECUTED",8.0603979999999993,""
uwb-imu-pl/gate-d-diagnostics/v16,16,800000000,16,16,16,1,1,16,800000000,"hypothesis_audit","SKIPPED",,"disabled by output.write_hypothesis_evidence"
uwb-imu-pl/gate-d-diagnostics/v16,16,800000000,16,16,16,1,1,16,800000000,"base_factorization","EXECUTED",0.232762,""
uwb-imu-pl/gate-d-diagnostics/v16,16,800000000,16,16,16,1,1,16,800000000,"shared_cache","EXECUTED",0.0031480000000000002,""
uwb-imu-pl/gate-d-diagnostics/v16,16,800000000,16,16,16,1,1,16,800000000,"candidate_evaluation","EXECUTED",261.40783800000003,"rank=1;dense=0"
uwb-imu-pl/gate-d-diagnostics/v16,16,800000000,16,16,16,1,1,16,800000000,"fde_decision","EXECUTED",5.7292379999999996,""
uwb-imu-pl/gate-d-diagnostics/v16,16,800000000,16,16,16,1,1,16,800000000,"candidate_audit","EXECUTED",0.028254999999999999,""
uwb-imu-pl/gate-d-diagnostics/v16,16,800000000,16,16,16,1,1,16,800000000,"commit","EXECUTED",1.1508849999999999,""
uwb-imu-pl/gate-d-diagnostics/v16,16,800000000,16,16,16,1,1,16,800000000,"state_audit","EXECUTED",0.00040099999999999999,""
uwb-imu-pl/gate-d-diagnostics/v16,16,800000000,16,16,16,1,1,16,800000000,"finalize_commit_audit","EXECUTED",16.739545,"excludes separately timed commit/discard/state audit"
uwb-imu-pl/gate-d-diagnostics/v16,16,800000000,16,16,16,1,1,16,800000000,"discard","SKIPPED",,"upstream gate did not reach stage"
uwb-imu-pl/gate-d-diagnostics/v16,16,800000000,16,16,16,1,1,16,800000000,"core_total","EXECUTED",1386.8984170000001,""
uwb-imu-pl/gate-d-diagnostics/v16,17,850000000,17,17,17,1,1,17,850000000,"prepare","EXECUTED",1.423726,""
uwb-imu-pl/gate-d-diagnostics/v16,17,850000000,17,17,17,1,1,17,850000000,"integrity_window","EXECUTED",98.273373000000007,""
uwb-imu-pl/gate-d-diagnostics/v16,17,850000000,17,17,17,1,1,17,850000000,"window_boundary_provenance","EXECUTED",84.337759000000005,""
uwb-imu-pl/gate-d-diagnostics/v16,17,850000000,17,17,17,1,1,17,850000000,"window_factor_linearization_whitening","EXECUTED",0.80612600000000001,""
uwb-imu-pl/gate-d-diagnostics/v16,17,850000000,17,17,17,1,1,17,850000000,"window_dense_assembly","EXECUTED",0.15359500000000001,""
uwb-imu-pl/gate-d-diagnostics/v16,17,850000000,17,17,17,1,1,17,850000000,"window_svd","EXECUTED",7.656911,""
uwb-imu-pl/gate-d-diagnostics/v16,17,850000000,17,17,17,1,1,17,850000000,"window_normal_equations","EXECUTED",0.30087999999999998,""
uwb-imu-pl/gate-d-diagnostics/v16,17,850000000,17,17,17,1,1,17,850000000,"window_llt_state_solves","EXECUTED",0.115824,""
uwb-imu-pl/gate-d-diagnostics/v16,17,850000000,17,17,17,1,1,17,850000000,"window_fingerprint","EXECUTED",3.6666069999999999,""
uwb-imu-pl/gate-d-diagnostics/v16,17,850000000,17,17,17,1,1,17,850000000,"all_in_detector","EXECUTED",0.13972799999999999,""
uwb-imu-pl/gate-d-diagnostics/v16,17,850000000,17,17,17,1,1,17,850000000,"current_sensitivity","EXECUTED",0.39315699999999998,""
uwb-imu-pl/gate-d-diagnostics/v16,17,850000000,17,17,17,1,1,17,850000000,"model_generation","EXECUTED",187.78685099999998,""
uwb-imu-pl/gate-d-diagnostics/v16,17,850000000,17,17,17,1,1,17,850000000,"historical_sensitivity","EXECUTED",0.10800999999999999,""
uwb-imu-pl/gate-d-diagnostics/v16,17,850000000,17,17,17,1,1,17,850000000,"hypothesis_evidence","EXECUTED",1026.219202,"effective_dimensions=1:376,2:27008,3:12288,other:0;context_bytes=6665216;worker_blocks=4"
uwb-imu-pl/gate-d-diagnostics/v16,17,850000000,17,17,17,1,1,17,850000000,"health_actions","EXECUTED",9.3435369999999995,""
uwb-imu-pl/gate-d-diagnostics/v16,17,850000000,17,17,17,1,1,17,850000000,"hypothesis_audit","SKIPPED",,"disabled by output.write_hypothesis_evidence"
uwb-imu-pl/gate-d-diagnostics/v16,17,850000000,17,17,17,1,1,17,850000000,"base_factorization","EXECUTED",0.226989,""
uwb-imu-pl/gate-d-diagnostics/v16,17,850000000,17,17,17,1,1,17,850000000,"shared_cache","EXECUTED",0.0029889999999999999,""
uwb-imu-pl/gate-d-diagnostics/v16,17,850000000,17,17,17,1,1,17,850000000,"candidate_evaluation","EXECUTED",299.307075,"rank=1;dense=0"
uwb-imu-pl/gate-d-diagnostics/v16,17,850000000,17,17,17,1,1,17,850000000,"fde_decision","EXECUTED",4.9352609999999997,""
uwb-imu-pl/gate-d-diagnostics/v16,17,850000000,17,17,17,1,1,17,850000000,"candidate_audit","EXECUTED",0.033496999999999999,""
uwb-imu-pl/gate-d-diagnostics/v16,17,850000000,17,17,17,1,1,17,850000000,"commit","EXECUTED",1.749323,""
uwb-imu-pl/gate-d-diagnostics/v16,17,850000000,17,17,17,1,1,17,850000000,"state_audit","EXECUTED",0.00054799999999999998,""
uwb-imu-pl/gate-d-diagnostics/v16,17,850000000,17,17,17,1,1,17,850000000,"finalize_commit_audit","EXECUTED",15.99394,"excludes separately timed commit/discard/state audit"
uwb-imu-pl/gate-d-diagnostics/v16,17,850000000,17,17,17,1,1,17,850000000,"discard","SKIPPED",,"upstream gate did not reach stage"
uwb-imu-pl/gate-d-diagnostics/v16,17,850000000,17,17,17,1,1,17,850000000,"core_total","EXECUTED",1646.8263119999999,""
uwb-imu-pl/gate-d-diagnostics/v16,18,900000000,18,18,18,1,1,18,900000000,"prepare","EXECUTED",1.895994,""
uwb-imu-pl/gate-d-diagnostics/v16,18,900000000,18,18,18,1,1,18,900000000,"integrity_window","EXECUTED",157.0489,""
uwb-imu-pl/gate-d-diagnostics/v16,18,900000000,18,18,18,1,1,18,900000000,"window_boundary_provenance","EXECUTED",143.43528000000001,""
uwb-imu-pl/gate-d-diagnostics/v16,18,900000000,18,18,18,1,1,18,900000000,"window_factor_linearization_whitening","EXECUTED",0.72322200000000003,""
uwb-imu-pl/gate-d-diagnostics/v16,18,900000000,18,18,18,1,1,18,900000000,"window_dense_assembly","EXECUTED",0.058824000000000001,""
uwb-imu-pl/gate-d-diagnostics/v16,18,900000000,18,18,18,1,1,18,900000000,"window_svd","EXECUTED",7.7358180000000001,""
uwb-imu-pl/gate-d-diagnostics/v16,18,900000000,18,18,18,1,1,18,900000000,"window_normal_equations","EXECUTED",0.31402400000000003,""
uwb-imu-pl/gate-d-diagnostics/v16,18,900000000,18,18,18,1,1,18,900000000,"window_llt_state_solves","EXECUTED",0.126418,""
uwb-imu-pl/gate-d-diagnostics/v16,18,900000000,18,18,18,1,1,18,900000000,"window_fingerprint","EXECUTED",3.3885149999999999,""
uwb-imu-pl/gate-d-diagnostics/v16,18,900000000,18,18,18,1,1,18,900000000,"all_in_detector","EXECUTED",0.138099,""
uwb-imu-pl/gate-d-diagnostics/v16,18,900000000,18,18,18,1,1,18,900000000,"current_sensitivity","EXECUTED",0.38510699999999998,""
uwb-imu-pl/gate-d-diagnostics/v16,18,900000000,18,18,18,1,1,18,900000000,"model_generation","EXECUTED",213.27330499999999,""
uwb-imu-pl/gate-d-diagnostics/v16,18,900000000,18,18,18,1,1,18,900000000,"historical_sensitivity","EXECUTED",0.121378,""
uwb-imu-pl/gate-d-diagnostics/v16,18,900000000,18,18,18,1,1,18,900000000,"hypothesis_evidence","EXECUTED",1179.2161920000001,"effective_dimensions=1:398,2:30328,3:13872,other:0;context_bytes=7492784;worker_blocks=4"
uwb-imu-pl/gate-d-diagnostics/v16,18,900000000,18,18,18,1,1,18,900000000,"health_actions","EXECUTED",11.303737999999999,""
uwb-imu-pl/gate-d-diagnostics/v16,18,900000000,18,18,18,1,1,18,900000000,"hypothesis_audit","SKIPPED",,"disabled by output.write_hypothesis_evidence"
uwb-imu-pl/gate-d-diagnostics/v16,18,900000000,18,18,18,1,1,18,900000000,"base_factorization","EXECUTED",0.22881199999999999,""
uwb-imu-pl/gate-d-diagnostics/v16,18,900000000,18,18,18,1,1,18,900000000,"shared_cache","EXECUTED",0.002663,""
uwb-imu-pl/gate-d-diagnostics/v16,18,900000000,18,18,18,1,1,18,900000000,"candidate_evaluation","EXECUTED",331.82162199999999,"rank=1;dense=0"
uwb-imu-pl/gate-d-diagnostics/v16,18,900000000,18,18,18,1,1,18,900000000,"fde_decision","EXECUTED",6.000426,""
uwb-imu-pl/gate-d-diagnostics/v16,18,900000000,18,18,18,1,1,18,900000000,"candidate_audit","EXECUTED",0.043376999999999999,""
uwb-imu-pl/gate-d-diagnostics/v16,18,900000000,18,18,18,1,1,18,900000000,"commit","EXECUTED",1.485862,""
uwb-imu-pl/gate-d-diagnostics/v16,18,900000000,18,18,18,1,1,18,900000000,"state_audit","EXECUTED",0.00039199999999999999,""
uwb-imu-pl/gate-d-diagnostics/v16,18,900000000,18,18,18,1,1,18,900000000,"finalize_commit_audit","EXECUTED",20.056686000000003,"excludes separately timed commit/discard/state audit"
uwb-imu-pl/gate-d-diagnostics/v16,18,900000000,18,18,18,1,1,18,900000000,"discard","SKIPPED",,"upstream gate did not reach stage"
uwb-imu-pl/gate-d-diagnostics/v16,18,900000000,18,18,18,1,1,18,900000000,"core_total","EXECUTED",1923.5280049999999,""
uwb-imu-pl/gate-d-diagnostics/v16,19,950000000,19,19,19,1,1,19,950000000,"prepare","EXECUTED",1.9421679999999999,""
uwb-imu-pl/gate-d-diagnostics/v16,19,950000000,19,19,19,1,1,19,950000000,"integrity_window","EXECUTED",302.81882300000001,""
uwb-imu-pl/gate-d-diagnostics/v16,19,950000000,19,19,19,1,1,19,950000000,"window_boundary_provenance","EXECUTED",288.68630300000001,""
uwb-imu-pl/gate-d-diagnostics/v16,19,950000000,19,19,19,1,1,19,950000000,"window_factor_linearization_whitening","EXECUTED",0.93998700000000002,""
uwb-imu-pl/gate-d-diagnostics/v16,19,950000000,19,19,19,1,1,19,950000000,"window_dense_assembly","EXECUTED",0.098132999999999998,""
uwb-imu-pl/gate-d-diagnostics/v16,19,950000000,19,19,19,1,1,19,950000000,"window_svd","EXECUTED",7.7227449999999997,""
uwb-imu-pl/gate-d-diagnostics/v16,19,950000000,19,19,19,1,1,19,950000000,"window_normal_equations","EXECUTED",0.33632299999999998,""
uwb-imu-pl/gate-d-diagnostics/v16,19,950000000,19,19,19,1,1,19,950000000,"window_llt_state_solves","EXECUTED",0.11146,""
uwb-imu-pl/gate-d-diagnostics/v16,19,950000000,19,19,19,1,1,19,950000000,"window_fingerprint","EXECUTED",3.6544910000000002,""
uwb-imu-pl/gate-d-diagnostics/v16,19,950000000,19,19,19,1,1,19,950000000,"all_in_detector","EXECUTED",0.18964,""
uwb-imu-pl/gate-d-diagnostics/v16,19,950000000,19,19,19,1,1,19,950000000,"current_sensitivity","EXECUTED",0.55417899999999998,""
uwb-imu-pl/gate-d-diagnostics/v16,19,950000000,19,19,19,1,1,19,950000000,"model_generation","EXECUTED",244.994945,""
uwb-imu-pl/gate-d-diagnostics/v16,19,950000000,19,19,19,1,1,19,950000000,"historical_sensitivity","EXECUTED",0.14934799999999998,""
uwb-imu-pl/gate-d-diagnostics/v16,19,950000000,19,19,19,1,1,19,950000000,"hypothesis_evidence","EXECUTED",1405.5052310000001,"effective_dimensions=1:420,2:33840,3:15552,other:0;context_bytes=8368736;worker_blocks=4"
uwb-imu-pl/gate-d-diagnostics/v16,19,950000000,19,19,19,1,1,19,950000000,"health_actions","EXECUTED",13.650672999999999,""
uwb-imu-pl/gate-d-diagnostics/v16,19,950000000,19,19,19,1,1,19,950000000,"hypothesis_audit","SKIPPED",,"disabled by output.write_hypothesis_evidence"
uwb-imu-pl/gate-d-diagnostics/v16,19,950000000,19,19,19,1,1,19,950000000,"base_factorization","EXECUTED",0.29472700000000002,""
uwb-imu-pl/gate-d-diagnostics/v16,19,950000000,19,19,19,1,1,19,950000000,"shared_cache","EXECUTED",0.0039050000000000001,""
uwb-imu-pl/gate-d-diagnostics/v16,19,950000000,19,19,19,1,1,19,950000000,"candidate_evaluation","EXECUTED",367.14754399999998,"rank=1;dense=0"
uwb-imu-pl/gate-d-diagnostics/v16,19,950000000,19,19,19,1,1,19,950000000,"fde_decision","EXECUTED",6.918304,""
uwb-imu-pl/gate-d-diagnostics/v16,19,950000000,19,19,19,1,1,19,950000000,"candidate_audit","EXECUTED",0.039303999999999999,""
uwb-imu-pl/gate-d-diagnostics/v16,19,950000000,19,19,19,1,1,19,950000000,"commit","EXECUTED",1.3859969999999999,""
uwb-imu-pl/gate-d-diagnostics/v16,19,950000000,19,19,19,1,1,19,950000000,"state_audit","EXECUTED",0.00045800000000000002,""
uwb-imu-pl/gate-d-diagnostics/v16,19,950000000,19,19,19,1,1,19,950000000,"finalize_commit_audit","EXECUTED",24.316958,"excludes separately timed commit/discard/state audit"
uwb-imu-pl/gate-d-diagnostics/v16,19,950000000,19,19,19,1,1,19,950000000,"discard","SKIPPED",,"upstream gate did not reach stage"
uwb-imu-pl/gate-d-diagnostics/v16,19,950000000,19,19,19,1,1,19,950000000,"core_total","EXECUTED",2370.4359009999998,""
uwb-imu-pl/gate-d-diagnostics/v16,20,1000000000,20,20,20,1,1,20,1000000000,"prepare","EXECUTED",1.98668,""
uwb-imu-pl/gate-d-diagnostics/v16,20,1000000000,20,20,20,1,1,20,1000000000,"integrity_window","EXECUTED",369.27155599999998,""
uwb-imu-pl/gate-d-diagnostics/v16,20,1000000000,20,20,20,1,1,20,1000000000,"window_boundary_provenance","EXECUTED",353.59282200000001,""
uwb-imu-pl/gate-d-diagnostics/v16,20,1000000000,20,20,20,1,1,20,1000000000,"window_factor_linearization_whitening","EXECUTED",0.92960600000000004,""
uwb-imu-pl/gate-d-diagnostics/v16,20,1000000000,20,20,20,1,1,20,1000000000,"window_dense_assembly","EXECUTED",0.107207,""
uwb-imu-pl/gate-d-diagnostics/v16,20,1000000000,20,20,20,1,1,20,1000000000,"window_svd","EXECUTED",9.1989429999999999,""
uwb-imu-pl/gate-d-diagnostics/v16,20,1000000000,20,20,20,1,1,20,1000000000,"window_normal_equations","EXECUTED",0.34073100000000001,""
uwb-imu-pl/gate-d-diagnostics/v16,20,1000000000,20,20,20,1,1,20,1000000000,"window_llt_state_solves","EXECUTED",0.142815,""
uwb-imu-pl/gate-d-diagnostics/v16,20,1000000000,20,20,20,1,1,20,1000000000,"window_fingerprint","EXECUTED",3.6459060000000001,""
uwb-imu-pl/gate-d-diagnostics/v16,20,1000000000,20,20,20,1,1,20,1000000000,"all_in_detector","EXECUTED",0.21088199999999999,""
uwb-imu-pl/gate-d-diagnostics/v16,20,1000000000,20,20,20,1,1,20,1000000000,"current_sensitivity","EXECUTED",0.44596999999999998,""
uwb-imu-pl/gate-d-diagnostics/v16,20,1000000000,20,20,20,1,1,20,1000000000,"model_generation","EXECUTED",269.40986199999998,""
uwb-imu-pl/gate-d-diagnostics/v16,20,1000000000,20,20,20,1,1,20,1000000000,"historical_sensitivity","EXECUTED",0.15329199999999998,""
uwb-imu-pl/gate-d-diagnostics/v16,20,1000000000,20,20,20,1,1,20,1000000000,"hypothesis_evidence","EXECUTED",1592.458384,"effective_dimensions=1:442,2:37544,3:17328,other:0;context_bytes=9293072;worker_blocks=4"
uwb-imu-pl/gate-d-diagnostics/v16,20,1000000000,20,20,20,1,1,20,1000000000,"health_actions","EXECUTED",14.455738999999999,""
uwb-imu-pl/gate-d-diagnostics/v16,20,1000000000,20,20,20,1,1,20,1000000000,"hypothesis_audit","SKIPPED",,"disabled by output.write_hypothesis_evidence"
uwb-imu-pl/gate-d-diagnostics/v16,20,1000000000,20,20,20,1,1,20,1000000000,"base_factorization","EXECUTED",0.28858200000000001,""
uwb-imu-pl/gate-d-diagnostics/v16,20,1000000000,20,20,20,1,1,20,1000000000,"shared_cache","EXECUTED",0.0047540000000000004,""
uwb-imu-pl/gate-d-diagnostics/v16,20,1000000000,20,20,20,1,1,20,1000000000,"candidate_evaluation","EXECUTED",396.57565899999997,"rank=1;dense=0"
uwb-imu-pl/gate-d-diagnostics/v16,20,1000000000,20,20,20,1,1,20,1000000000,"fde_decision","EXECUTED",8.9317340000000005,""
uwb-imu-pl/gate-d-diagnostics/v16,20,1000000000,20,20,20,1,1,20,1000000000,"candidate_audit","EXECUTED",0.059615000000000001,""
uwb-imu-pl/gate-d-diagnostics/v16,20,1000000000,20,20,20,1,1,20,1000000000,"commit","EXECUTED",1.705686,""
uwb-imu-pl/gate-d-diagnostics/v16,20,1000000000,20,20,20,1,1,20,1000000000,"state_audit","EXECUTED",0.00055000000000000003,""
uwb-imu-pl/gate-d-diagnostics/v16,20,1000000000,20,20,20,1,1,20,1000000000,"finalize_commit_audit","EXECUTED",27.349495999999998,"excludes separately timed commit/discard/state audit"
uwb-imu-pl/gate-d-diagnostics/v16,20,1000000000,20,20,20,1,1,20,1000000000,"discard","SKIPPED",,"upstream gate did not reach stage"
uwb-imu-pl/gate-d-diagnostics/v16,20,1000000000,20,20,20,1,1,20,1000000000,"core_total","EXECUTED",2683.9006429999999,""
uwb-imu-pl/gate-d-diagnostics/v16,21,1050000000,21,21,21,1,1,21,1050000000,"prepare","EXECUTED",4.0461320000000001,""
uwb-imu-pl/gate-d-diagnostics/v16,21,1050000000,21,21,21,1,1,21,1050000000,"integrity_window","EXECUTED",519.53529800000001,""
uwb-imu-pl/gate-d-diagnostics/v16,21,1050000000,21,21,21,1,1,21,1050000000,"window_boundary_provenance","EXECUTED",504.31443899999999,""
uwb-imu-pl/gate-d-diagnostics/v16,21,1050000000,21,21,21,1,1,21,1050000000,"window_factor_linearization_whitening","EXECUTED",0.95594900000000005,""
uwb-imu-pl/gate-d-diagnostics/v16,21,1050000000,21,21,21,1,1,21,1050000000,"window_dense_assembly","EXECUTED",0.099678000000000003,""
uwb-imu-pl/gate-d-diagnostics/v16,21,1050000000,21,21,21,1,1,21,1050000000,"window_svd","EXECUTED",8.3268780000000007,""
uwb-imu-pl/gate-d-diagnostics/v16,21,1050000000,21,21,21,1,1,21,1050000000,"window_normal_equations","EXECUTED",0.35139100000000001,""
uwb-imu-pl/gate-d-diagnostics/v16,21,1050000000,21,21,21,1,1,21,1050000000,"window_llt_state_solves","EXECUTED",0.11326,""
uwb-imu-pl/gate-d-diagnostics/v16,21,1050000000,21,21,21,1,1,21,1050000000,"window_fingerprint","EXECUTED",4.0160030000000004,""
uwb-imu-pl/gate-d-diagnostics/v16,21,1050000000,21,21,21,1,1,21,1050000000,"all_in_detector","EXECUTED",0.25992799999999999,""
uwb-imu-pl/gate-d-diagnostics/v16,21,1050000000,21,21,21,1,1,21,1050000000,"current_sensitivity","EXECUTED",0.45658900000000002,""
uwb-imu-pl/gate-d-diagnostics/v16,21,1050000000,21,21,21,1,1,21,1050000000,"model_generation","EXECUTED",299.02999399999999,""
uwb-imu-pl/gate-d-diagnostics/v16,21,1050000000,21,21,21,1,1,21,1050000000,"historical_sensitivity","EXECUTED",0.12614600000000001,""
uwb-imu-pl/gate-d-diagnostics/v16,21,1050000000,21,21,21,1,1,21,1050000000,"hypothesis_evidence","EXECUTED",1839.9248829999999,"effective_dimensions=1:464,2:41440,3:19200,other:0;context_bytes=10265792;worker_blocks=4"
uwb-imu-pl/gate-d-diagnostics/v16,21,1050000000,21,21,21,1,1,21,1050000000,"health_actions","EXECUTED",19.831327000000002,""
uwb-imu-pl/gate-d-diagnostics/v16,21,1050000000,21,21,21,1,1,21,1050000000,"hypothesis_audit","SKIPPED",,"disabled by output.write_hypothesis_evidence"
uwb-imu-pl/gate-d-diagnostics/v16,21,1050000000,21,21,21,1,1,21,1050000000,"base_factorization","EXECUTED",0.38845800000000003,""
uwb-imu-pl/gate-d-diagnostics/v16,21,1050000000,21,21,21,1,1,21,1050000000,"shared_cache","EXECUTED",0.006764,""
uwb-imu-pl/gate-d-diagnostics/v16,21,1050000000,21,21,21,1,1,21,1050000000,"candidate_evaluation","EXECUTED",442.95023900000001,"rank=1;dense=0"
uwb-imu-pl/gate-d-diagnostics/v16,21,1050000000,21,21,21,1,1,21,1050000000,"fde_decision","EXECUTED",8.4722749999999998,""
uwb-imu-pl/gate-d-diagnostics/v16,21,1050000000,21,21,21,1,1,21,1050000000,"candidate_audit","EXECUTED",0.046452,""
uwb-imu-pl/gate-d-diagnostics/v16,21,1050000000,21,21,21,1,1,21,1050000000,"commit","EXECUTED",2.167109,""
uwb-imu-pl/gate-d-diagnostics/v16,21,1050000000,21,21,21,1,1,21,1050000000,"state_audit","EXECUTED",0.00058500000000000002,""
uwb-imu-pl/gate-d-diagnostics/v16,21,1050000000,21,21,21,1,1,21,1050000000,"finalize_commit_audit","EXECUTED",36.379868999999999,"excludes separately timed commit/discard/state audit"
uwb-imu-pl/gate-d-diagnostics/v16,21,1050000000,21,21,21,1,1,21,1050000000,"discard","SKIPPED",,"upstream gate did not reach stage"
uwb-imu-pl/gate-d-diagnostics/v16,21,1050000000,21,21,21,1,1,21,1050000000,"core_total","EXECUTED",3174.4308299999998,""
uwb-imu-pl/gate-d-diagnostics/v16,22,1100000000,22,22,22,1,1,22,1100000000,"prepare","EXECUTED",2.0036999999999998,""
uwb-imu-pl/gate-d-diagnostics/v16,22,1100000000,22,22,22,1,1,22,1100000000,"integrity_window","EXECUTED",675.02130399999999,""
uwb-imu-pl/gate-d-diagnostics/v16,22,1100000000,22,22,22,1,1,22,1100000000,"window_boundary_provenance","EXECUTED",660.00965599999995,""
uwb-imu-pl/gate-d-diagnostics/v16,22,1100000000,22,22,22,1,1,22,1100000000,"window_factor_linearization_whitening","EXECUTED",0.898675,""
uwb-imu-pl/gate-d-diagnostics/v16,22,1100000000,22,22,22,1,1,22,1100000000,"window_dense_assembly","EXECUTED",0.106778,""
uwb-imu-pl/gate-d-diagnostics/v16,22,1100000000,22,22,22,1,1,22,1100000000,"window_svd","EXECUTED",7.7584020000000002,""
uwb-imu-pl/gate-d-diagnostics/v16,22,1100000000,22,22,22,1,1,22,1100000000,"window_normal_equations","EXECUTED",0.34046799999999999,""
uwb-imu-pl/gate-d-diagnostics/v16,22,1100000000,22,22,22,1,1,22,1100000000,"window_llt_state_solves","EXECUTED",0.102699,""
uwb-imu-pl/gate-d-diagnostics/v16,22,1100000000,22,22,22,1,1,22,1100000000,"window_fingerprint","EXECUTED",4.4976200000000004,""
uwb-imu-pl/gate-d-diagnostics/v16,22,1100000000,22,22,22,1,1,22,1100000000,"all_in_detector","EXECUTED",0.29080600000000001,""
uwb-imu-pl/gate-d-diagnostics/v16,22,1100000000,22,22,22,1,1,22,1100000000,"current_sensitivity","EXECUTED",0.51651899999999995,""
uwb-imu-pl/gate-d-diagnostics/v16,22,1100000000,22,22,22,1,1,22,1100000000,"model_generation","EXECUTED",298.17650299999997,""
uwb-imu-pl/gate-d-diagnostics/v16,22,1100000000,22,22,22,1,1,22,1100000000,"historical_sensitivity","EXECUTED",0.123866,""
uwb-imu-pl/gate-d-diagnostics/v16,22,1100000000,22,22,22,1,1,22,1100000000,"hypothesis_evidence","EXECUTED",1844.874317,"effective_dimensions=1:464,2:41440,3:19200,other:0;context_bytes=10265792;worker_blocks=4"
uwb-imu-pl/gate-d-diagnostics/v16,22,1100000000,22,22,22,1,1,22,1100000000,"health_actions","EXECUTED",17.623107999999998,""
uwb-imu-pl/gate-d-diagnostics/v16,22,1100000000,22,22,22,1,1,22,1100000000,"hypothesis_audit","SKIPPED",,"disabled by output.write_hypothesis_evidence"
uwb-imu-pl/gate-d-diagnostics/v16,22,1100000000,22,22,22,1,1,22,1100000000,"base_factorization","EXECUTED",0.27905600000000003,""
uwb-imu-pl/gate-d-diagnostics/v16,22,1100000000,22,22,22,1,1,22,1100000000,"shared_cache","EXECUTED",0.003895,""
uwb-imu-pl/gate-d-diagnostics/v16,22,1100000000,22,22,22,1,1,22,1100000000,"candidate_evaluation","EXECUTED",425.32444700000002,"rank=1;dense=0"
uwb-imu-pl/gate-d-diagnostics/v16,22,1100000000,22,22,22,1,1,22,1100000000,"fde_decision","EXECUTED",9.0775629999999996,""
uwb-imu-pl/gate-d-diagnostics/v16,22,1100000000,22,22,22,1,1,22,1100000000,"candidate_audit","EXECUTED",0.038844999999999998,""
uwb-imu-pl/gate-d-diagnostics/v16,22,1100000000,22,22,22,1,1,22,1100000000,"commit","EXECUTED",2.3253750000000002,""
uwb-imu-pl/gate-d-diagnostics/v16,22,1100000000,22,22,22,1,1,22,1100000000,"state_audit","EXECUTED",0.00058399999999999999,""
uwb-imu-pl/gate-d-diagnostics/v16,22,1100000000,22,22,22,1,1,22,1100000000,"finalize_commit_audit","EXECUTED",30.483310999999997,"excludes separately timed commit/discard/state audit"
uwb-imu-pl/gate-d-diagnostics/v16,22,1100000000,22,22,22,1,1,22,1100000000,"discard","SKIPPED",,"upstream gate did not reach stage"
uwb-imu-pl/gate-d-diagnostics/v16,22,1100000000,22,22,22,1,1,22,1100000000,"core_total","EXECUTED",3306.9570939999999,""
uwb-imu-pl/gate-d-diagnostics/v16,23,1150000000,23,23,23,1,1,23,1150000000,"prepare","EXECUTED",2.209171,""
uwb-imu-pl/gate-d-diagnostics/v16,23,1150000000,23,23,23,1,1,23,1150000000,"integrity_window","EXECUTED",864.61463200000003,""
uwb-imu-pl/gate-d-diagnostics/v16,23,1150000000,23,23,23,1,1,23,1150000000,"window_boundary_provenance","EXECUTED",849.95169499999997,""
uwb-imu-pl/gate-d-diagnostics/v16,23,1150000000,23,23,23,1,1,23,1150000000,"window_factor_linearization_whitening","EXECUTED",1.0372790000000001,""
uwb-imu-pl/gate-d-diagnostics/v16,23,1150000000,23,23,23,1,1,23,1150000000,"window_dense_assembly","EXECUTED",0.13631299999999999,""
uwb-imu-pl/gate-d-diagnostics/v16,23,1150000000,23,23,23,1,1,23,1150000000,"window_svd","EXECUTED",8.0007999999999999,""
uwb-imu-pl/gate-d-diagnostics/v16,23,1150000000,23,23,23,1,1,23,1150000000,"window_normal_equations","EXECUTED",0.33618300000000001,""
uwb-imu-pl/gate-d-diagnostics/v16,23,1150000000,23,23,23,1,1,23,1150000000,"window_llt_state_solves","EXECUTED",0.10324899999999999,""
uwb-imu-pl/gate-d-diagnostics/v16,23,1150000000,23,23,23,1,1,23,1150000000,"window_fingerprint","EXECUTED",3.7405789999999999,""
uwb-imu-pl/gate-d-diagnostics/v16,23,1150000000,23,23,23,1,1,23,1150000000,"all_in_detector","EXECUTED",0.24652299999999999,""
uwb-imu-pl/gate-d-diagnostics/v16,23,1150000000,23,23,23,1,1,23,1150000000,"current_sensitivity","EXECUTED",0.46974399999999999,""
uwb-imu-pl/gate-d-diagnostics/v16,23,1150000000,23,23,23,1,1,23,1150000000,"model_generation","EXECUTED",303.49891000000002,""
uwb-imu-pl/gate-d-diagnostics/v16,23,1150000000,23,23,23,1,1,23,1150000000,"historical_sensitivity","EXECUTED",0.12572999999999998,""
uwb-imu-pl/gate-d-diagnostics/v16,23,1150000000,23,23,23,1,1,23,1150000000,"hypothesis_evidence","EXECUTED",1830.977971,"effective_dimensions=1:464,2:41440,3:19200,other:0;context_bytes=10265792;worker_blocks=4"
uwb-imu-pl/gate-d-diagnostics/v16,23,1150000000,23,23,23,1,1,23,1150000000,"health_actions","EXECUTED",19.808458000000002,""
uwb-imu-pl/gate-d-diagnostics/v16,23,1150000000,23,23,23,1,1,23,1150000000,"hypothesis_audit","SKIPPED",,"disabled by output.write_hypothesis_evidence"
uwb-imu-pl/gate-d-diagnostics/v16,23,1150000000,23,23,23,1,1,23,1150000000,"base_factorization","EXECUTED",0.28213500000000002,""
uwb-imu-pl/gate-d-diagnostics/v16,23,1150000000,23,23,23,1,1,23,1150000000,"shared_cache","EXECUTED",0.0040509999999999999,""
uwb-imu-pl/gate-d-diagnostics/v16,23,1150000000,23,23,23,1,1,23,1150000000,"candidate_evaluation","EXECUTED",424.68381299999999,"rank=1;dense=0"
uwb-imu-pl/gate-d-diagnostics/v16,23,1150000000,23,23,23,1,1,23,1150000000,"fde_decision","EXECUTED",10.010729,""
uwb-imu-pl/gate-d-diagnostics/v16,23,1150000000,23,23,23,1,1,23,1150000000,"candidate_audit","EXECUTED",0.043140999999999999,""
uwb-imu-pl/gate-d-diagnostics/v16,23,1150000000,23,23,23,1,1,23,1150000000,"commit","EXECUTED",2.0136720000000001,""
uwb-imu-pl/gate-d-diagnostics/v16,23,1150000000,23,23,23,1,1,23,1150000000,"state_audit","EXECUTED",0.00068499999999999995,""
uwb-imu-pl/gate-d-diagnostics/v16,23,1150000000,23,23,23,1,1,23,1150000000,"finalize_commit_audit","EXECUTED",28.994036000000001,"excludes separately timed commit/discard/state audit"
uwb-imu-pl/gate-d-diagnostics/v16,23,1150000000,23,23,23,1,1,23,1150000000,"discard","SKIPPED",,"upstream gate did not reach stage"
uwb-imu-pl/gate-d-diagnostics/v16,23,1150000000,23,23,23,1,1,23,1150000000,"core_total","EXECUTED",3488.6937849999999,""
uwb-imu-pl/gate-d-diagnostics/v16,24,1200000000,24,24,24,1,1,24,1200000000,"prepare","EXECUTED",2.2255560000000001,""
uwb-imu-pl/gate-d-diagnostics/v16,24,1200000000,24,24,24,1,1,24,1200000000,"integrity_window","EXECUTED",1093.327274,""
uwb-imu-pl/gate-d-diagnostics/v16,24,1200000000,24,24,24,1,1,24,1200000000,"window_boundary_provenance","EXECUTED",1077.391026,""
uwb-imu-pl/gate-d-diagnostics/v16,24,1200000000,24,24,24,1,1,24,1200000000,"window_factor_linearization_whitening","EXECUTED",1.712826,""
uwb-imu-pl/gate-d-diagnostics/v16,24,1200000000,24,24,24,1,1,24,1200000000,"window_dense_assembly","EXECUTED",0.13444200000000001,""
uwb-imu-pl/gate-d-diagnostics/v16,24,1200000000,24,24,24,1,1,24,1200000000,"window_svd","EXECUTED",8.329644,""
uwb-imu-pl/gate-d-diagnostics/v16,24,1200000000,24,24,24,1,1,24,1200000000,"window_normal_equations","EXECUTED",0.338806,""
uwb-imu-pl/gate-d-diagnostics/v16,24,1200000000,24,24,24,1,1,24,1200000000,"window_llt_state_solves","EXECUTED",0.110873,""
uwb-imu-pl/gate-d-diagnostics/v16,24,1200000000,24,24,24,1,1,24,1200000000,"window_fingerprint","EXECUTED",3.9005450000000002,""
uwb-imu-pl/gate-d-diagnostics/v16,24,1200000000,24,24,24,1,1,24,1200000000,"all_in_detector","EXECUTED",0.27140599999999998,""
uwb-imu-pl/gate-d-diagnostics/v16,24,1200000000,24,24,24,1,1,24,1200000000,"current_sensitivity","EXECUTED",0.56589199999999995,""
uwb-imu-pl/gate-d-diagnostics/v16,24,1200000000,24,24,24,1,1,24,1200000000,"model_generation","EXECUTED",301.43302799999998,""
uwb-imu-pl/gate-d-diagnostics/v16,24,1200000000,24,24,24,1,1,24,1200000000,"historical_sensitivity","EXECUTED",0.18589900000000004,""
uwb-imu-pl/gate-d-diagnostics/v16,24,1200000000,24,24,24,1,1,24,1200000000,"hypothesis_evidence","EXECUTED",1803.6088099999999,"effective_dimensions=1:464,2:41440,3:19200,other:0;context_bytes=10265792;worker_blocks=4"
uwb-imu-pl/gate-d-diagnostics/v16,24,1200000000,24,24,24,1,1,24,1200000000,"health_actions","EXECUTED",17.357603999999998,""
uwb-imu-pl/gate-d-diagnostics/v16,24,1200000000,24,24,24,1,1,24,1200000000,"hypothesis_audit","SKIPPED",,"disabled by output.write_hypothesis_evidence"
uwb-imu-pl/gate-d-diagnostics/v16,24,1200000000,24,24,24,1,1,24,1200000000,"base_factorization","EXECUTED",0.25512000000000001,""
uwb-imu-pl/gate-d-diagnostics/v16,24,1200000000,24,24,24,1,1,24,1200000000,"shared_cache","EXECUTED",0.0029940000000000001,""
uwb-imu-pl/gate-d-diagnostics/v16,24,1200000000,24,24,24,1,1,24,1200000000,"candidate_evaluation","EXECUTED",426.47491400000001,"rank=1;dense=0"
uwb-imu-pl/gate-d-diagnostics/v16,24,1200000000,24,24,24,1,1,24,1200000000,"fde_decision","EXECUTED",8.1152460000000008,""
uwb-imu-pl/gate-d-diagnostics/v16,24,1200000000,24,24,24,1,1,24,1200000000,"candidate_audit","EXECUTED",0.041325000000000001,""
uwb-imu-pl/gate-d-diagnostics/v16,24,1200000000,24,24,24,1,1,24,1200000000,"commit","EXECUTED",1.72268,""
uwb-imu-pl/gate-d-diagnostics/v16,24,1200000000,24,24,24,1,1,24,1200000000,"state_audit","EXECUTED",0.00046900000000000002,""
uwb-imu-pl/gate-d-diagnostics/v16,24,1200000000,24,24,24,1,1,24,1200000000,"finalize_commit_audit","EXECUTED",31.333586000000004,"excludes separately timed commit/discard/state audit"
uwb-imu-pl/gate-d-diagnostics/v16,24,1200000000,24,24,24,1,1,24,1200000000,"discard","SKIPPED",,"upstream gate did not reach stage"
uwb-imu-pl/gate-d-diagnostics/v16,24,1200000000,24,24,24,1,1,24,1200000000,"core_total","EXECUTED",3687.5754019999999,""
uwb-imu-pl/gate-d-diagnostics/v16,25,1250000000,25,25,25,1,1,25,1250000000,"prepare","EXECUTED",2.4139789999999999,""
uwb-imu-pl/gate-d-diagnostics/v16,25,1250000000,25,25,25,1,1,25,1250000000,"integrity_window","EXECUTED",1721.1250170000001,""
uwb-imu-pl/gate-d-diagnostics/v16,25,1250000000,25,25,25,1,1,25,1250000000,"window_boundary_provenance","EXECUTED",1705.2929340000001,""
uwb-imu-pl/gate-d-diagnostics/v16,25,1250000000,25,25,25,1,1,25,1250000000,"window_factor_linearization_whitening","EXECUTED",0.91414899999999999,""
uwb-imu-pl/gate-d-diagnostics/v16,25,1250000000,25,25,25,1,1,25,1250000000,"window_dense_assembly","EXECUTED",0.095585000000000003,""
uwb-imu-pl/gate-d-diagnostics/v16,25,1250000000,25,25,25,1,1,25,1250000000,"window_svd","EXECUTED",8.9113229999999994,""
uwb-imu-pl/gate-d-diagnostics/v16,25,1250000000,25,25,25,1,1,25,1250000000,"window_normal_equations","EXECUTED",0.37180400000000002,""
uwb-imu-pl/gate-d-diagnostics/v16,25,1250000000,25,25,25,1,1,25,1250000000,"window_llt_state_solves","EXECUTED",0.15676599999999999,""
uwb-imu-pl/gate-d-diagnostics/v16,25,1250000000,25,25,25,1,1,25,1250000000,"window_fingerprint","EXECUTED",3.990459,""
uwb-imu-pl/gate-d-diagnostics/v16,25,1250000000,25,25,25,1,1,25,1250000000,"all_in_detector","EXECUTED",0.34767599999999999,""
uwb-imu-pl/gate-d-diagnostics/v16,25,1250000000,25,25,25,1,1,25,1250000000,"current_sensitivity","EXECUTED",0.58942700000000003,""
uwb-imu-pl/gate-d-diagnostics/v16,25,1250000000,25,25,25,1,1,25,1250000000,"model_generation","EXECUTED",309.42037499999998,""
uwb-imu-pl/gate-d-diagnostics/v16,25,1250000000,25,25,25,1,1,25,1250000000,"historical_sensitivity","EXECUTED",0.13238500000000003,""
uwb-imu-pl/gate-d-diagnostics/v16,25,1250000000,25,25,25,1,1,25,1250000000,"hypothesis_evidence","EXECUTED",1833.6223199999999,"effective_dimensions=1:464,2:41440,3:19200,other:0;context_bytes=10265792;worker_blocks=4"
uwb-imu-pl/gate-d-diagnostics/v16,25,1250000000,25,25,25,1,1,25,1250000000,"health_actions","EXECUTED",17.124063,""
uwb-imu-pl/gate-d-diagnostics/v16,25,1250000000,25,25,25,1,1,25,1250000000,"hypothesis_audit","SKIPPED",,"disabled by output.write_hypothesis_evidence"
uwb-imu-pl/gate-d-diagnostics/v16,25,1250000000,25,25,25,1,1,25,1250000000,"base_factorization","EXECUTED",0.25116500000000003,""
uwb-imu-pl/gate-d-diagnostics/v16,25,1250000000,25,25,25,1,1,25,1250000000,"shared_cache","EXECUTED",0.0030100000000000001,""
uwb-imu-pl/gate-d-diagnostics/v16,25,1250000000,25,25,25,1,1,25,1250000000,"candidate_evaluation","EXECUTED",423.812003,"rank=1;dense=0"
uwb-imu-pl/gate-d-diagnostics/v16,25,1250000000,25,25,25,1,1,25,1250000000,"fde_decision","EXECUTED",8.1509160000000005,""
uwb-imu-pl/gate-d-diagnostics/v16,25,1250000000,25,25,25,1,1,25,1250000000,"candidate_audit","EXECUTED",0.042851,""
uwb-imu-pl/gate-d-diagnostics/v16,25,1250000000,25,25,25,1,1,25,1250000000,"commit","EXECUTED",1.7593080000000001,""
uwb-imu-pl/gate-d-diagnostics/v16,25,1250000000,25,25,25,1,1,25,1250000000,"state_audit","EXECUTED",0.00044700000000000002,""
uwb-imu-pl/gate-d-diagnostics/v16,25,1250000000,25,25,25,1,1,25,1250000000,"finalize_commit_audit","EXECUTED",30.950721999999999,"excludes separately timed commit/discard/state audit"
uwb-imu-pl/gate-d-diagnostics/v16,25,1250000000,25,25,25,1,1,25,1250000000,"discard","SKIPPED",,"upstream gate did not reach stage"
uwb-imu-pl/gate-d-diagnostics/v16,25,1250000000,25,25,25,1,1,25,1250000000,"core_total","EXECUTED",4350.3465820000001,""
uwb-imu-pl/gate-d-diagnostics/v16,26,1300000000,26,26,26,1,1,26,1300000000,"prepare","EXECUTED",3.4890050000000001,""
uwb-imu-pl/gate-d-diagnostics/v16,26,1300000000,26,26,26,1,1,26,1300000000,"integrity_window","EXECUTED",1925.3374659999999,""
uwb-imu-pl/gate-d-diagnostics/v16,26,1300000000,26,26,26,1,1,26,1300000000,"window_boundary_provenance","EXECUTED",1909.1763080000001,""
uwb-imu-pl/gate-d-diagnostics/v16,26,1300000000,26,26,26,1,1,26,1300000000,"window_factor_linearization_whitening","EXECUTED",0.94673499999999999,""
uwb-imu-pl/gate-d-diagnostics/v16,26,1300000000,26,26,26,1,1,26,1300000000,"window_dense_assembly","EXECUTED",0.091878000000000001,""
uwb-imu-pl/gate-d-diagnostics/v16,26,1300000000,26,26,26,1,1,26,1300000000,"window_svd","EXECUTED",9.2519760000000009,""
uwb-imu-pl/gate-d-diagnostics/v16,26,1300000000,26,26,26,1,1,26,1300000000,"window_normal_equations","EXECUTED",0.34683000000000003,""
uwb-imu-pl/gate-d-diagnostics/v16,26,1300000000,26,26,26,1,1,26,1300000000,"window_llt_state_solves","EXECUTED",0.11228399999999999,""
uwb-imu-pl/gate-d-diagnostics/v16,26,1300000000,26,26,26,1,1,26,1300000000,"window_fingerprint","EXECUTED",3.9392649999999998,""
uwb-imu-pl/gate-d-diagnostics/v16,26,1300000000,26,26,26,1,1,26,1300000000,"all_in_detector","EXECUTED",0.24237600000000001,""
uwb-imu-pl/gate-d-diagnostics/v16,26,1300000000,26,26,26,1,1,26,1300000000,"current_sensitivity","EXECUTED",0.50692700000000002,""
uwb-imu-pl/gate-d-diagnostics/v16,26,1300000000,26,26,26,1,1,26,1300000000,"model_generation","EXECUTED",298.38412500000004,""
uwb-imu-pl/gate-d-diagnostics/v16,26,1300000000,26,26,26,1,1,26,1300000000,"historical_sensitivity","EXECUTED",0.12592900000000001,""
uwb-imu-pl/gate-d-diagnostics/v16,26,1300000000,26,26,26,1,1,26,1300000000,"hypothesis_evidence","EXECUTED",1837.136105,"effective_dimensions=1:464,2:41440,3:19200,other:0;context_bytes=10265792;worker_blocks=4"
uwb-imu-pl/gate-d-diagnostics/v16,26,1300000000,26,26,26,1,1,26,1300000000,"health_actions","EXECUTED",18.367630999999999,""
uwb-imu-pl/gate-d-diagnostics/v16,26,1300000000,26,26,26,1,1,26,1300000000,"hypothesis_audit","SKIPPED",,"disabled by output.write_hypothesis_evidence"
uwb-imu-pl/gate-d-diagnostics/v16,26,1300000000,26,26,26,1,1,26,1300000000,"base_factorization","EXECUTED",0.25572099999999998,""
uwb-imu-pl/gate-d-diagnostics/v16,26,1300000000,26,26,26,1,1,26,1300000000,"shared_cache","EXECUTED",0.003277,""
uwb-imu-pl/gate-d-diagnostics/v16,26,1300000000,26,26,26,1,1,26,1300000000,"candidate_evaluation","EXECUTED",432.245046,"rank=1;dense=0"
uwb-imu-pl/gate-d-diagnostics/v16,26,1300000000,26,26,26,1,1,26,1300000000,"fde_decision","EXECUTED",8.5863060000000004,""
uwb-imu-pl/gate-d-diagnostics/v16,26,1300000000,26,26,26,1,1,26,1300000000,"candidate_audit","EXECUTED",0.045138999999999999,""
uwb-imu-pl/gate-d-diagnostics/v16,26,1300000000,26,26,26,1,1,26,1300000000,"commit","EXECUTED",2.2842020000000001,""
uwb-imu-pl/gate-d-diagnostics/v16,26,1300000000,26,26,26,1,1,26,1300000000,"state_audit","EXECUTED",0.00055400000000000002,""
uwb-imu-pl/gate-d-diagnostics/v16,26,1300000000,26,26,26,1,1,26,1300000000,"finalize_commit_audit","EXECUTED",37.032773999999996,"excludes separately timed commit/discard/state audit"
uwb-imu-pl/gate-d-diagnostics/v16,26,1300000000,26,26,26,1,1,26,1300000000,"discard","SKIPPED",,"upstream gate did not reach stage"
uwb-imu-pl/gate-d-diagnostics/v16,26,1300000000,26,26,26,1,1,26,1300000000,"core_total","EXECUTED",4564.7392499999996,""
uwb-imu-pl/gate-d-diagnostics/v16,27,1350000000,27,27,27,1,1,27,1350000000,"prepare","EXECUTED",2.2300450000000001,""
uwb-imu-pl/gate-d-diagnostics/v16,27,1350000000,27,27,27,1,1,27,1350000000,"integrity_window","EXECUTED",2055.5749209999999,""
uwb-imu-pl/gate-d-diagnostics/v16,27,1350000000,27,27,27,1,1,27,1350000000,"window_boundary_provenance","EXECUTED",2041.113482,""
uwb-imu-pl/gate-d-diagnostics/v16,27,1350000000,27,27,27,1,1,27,1350000000,"window_factor_linearization_whitening","EXECUTED",0.90749599999999997,""
uwb-imu-pl/gate-d-diagnostics/v16,27,1350000000,27,27,27,1,1,27,1350000000,"window_dense_assembly","EXECUTED",0.109429,""
uwb-imu-pl/gate-d-diagnostics/v16,27,1350000000,27,27,27,1,1,27,1350000000,"window_svd","EXECUTED",7.7407620000000001,""
uwb-imu-pl/gate-d-diagnostics/v16,27,1350000000,27,27,27,1,1,27,1350000000,"window_normal_equations","EXECUTED",0.31945299999999999,""
uwb-imu-pl/gate-d-diagnostics/v16,27,1350000000,27,27,27,1,1,27,1350000000,"window_llt_state_solves","EXECUTED",0.11757099999999999,""
uwb-imu-pl/gate-d-diagnostics/v16,27,1350000000,27,27,27,1,1,27,1350000000,"window_fingerprint","EXECUTED",3.8747820000000002,""
uwb-imu-pl/gate-d-diagnostics/v16,27,1350000000,27,27,27,1,1,27,1350000000,"all_in_detector","EXECUTED",0.32027600000000001,""
uwb-imu-pl/gate-d-diagnostics/v16,27,1350000000,27,27,27,1,1,27,1350000000,"current_sensitivity","EXECUTED",0.57401199999999997,""
uwb-imu-pl/gate-d-diagnostics/v16,27,1350000000,27,27,27,1,1,27,1350000000,"model_generation","EXECUTED",297.72152499999999,""
uwb-imu-pl/gate-d-diagnostics/v16,27,1350000000,27,27,27,1,1,27,1350000000,"historical_sensitivity","EXECUTED",0.12351399999999998,""
uwb-imu-pl/gate-d-diagnostics/v16,27,1350000000,27,27,27,1,1,27,1350000000,"hypothesis_evidence","EXECUTED",1860.0880179999999,"effective_dimensions=1:464,2:41440,3:19200,other:0;context_bytes=10265792;worker_blocks=4"
uwb-imu-pl/gate-d-diagnostics/v16,27,1350000000,27,27,27,1,1,27,1350000000,"health_actions","EXECUTED",21.840551000000001,""
uwb-imu-pl/gate-d-diagnostics/v16,27,1350000000,27,27,27,1,1,27,1350000000,"hypothesis_audit","SKIPPED",,"disabled by output.write_hypothesis_evidence"
uwb-imu-pl/gate-d-diagnostics/v16,27,1350000000,27,27,27,1,1,27,1350000000,"base_factorization","EXECUTED",0.31873600000000002,""
uwb-imu-pl/gate-d-diagnostics/v16,27,1350000000,27,27,27,1,1,27,1350000000,"shared_cache","EXECUTED",0.0061549999999999999,""
uwb-imu-pl/gate-d-diagnostics/v16,27,1350000000,27,27,27,1,1,27,1350000000,"candidate_evaluation","EXECUTED",430.19506699999999,"rank=1;dense=0"
uwb-imu-pl/gate-d-diagnostics/v16,27,1350000000,27,27,27,1,1,27,1350000000,"fde_decision","EXECUTED",9.0226659999999992,""
uwb-imu-pl/gate-d-diagnostics/v16,27,1350000000,27,27,27,1,1,27,1350000000,"candidate_audit","EXECUTED",0.039155000000000002,""
uwb-imu-pl/gate-d-diagnostics/v16,27,1350000000,27,27,27,1,1,27,1350000000,"commit","EXECUTED",1.724904,""
uwb-imu-pl/gate-d-diagnostics/v16,27,1350000000,27,27,27,1,1,27,1350000000,"state_audit","EXECUTED",0.00039599999999999998,""
uwb-imu-pl/gate-d-diagnostics/v16,27,1350000000,27,27,27,1,1,27,1350000000,"finalize_commit_audit","EXECUTED",31.760892999999999,"excludes separately timed commit/discard/state audit"
uwb-imu-pl/gate-d-diagnostics/v16,27,1350000000,27,27,27,1,1,27,1350000000,"discard","SKIPPED",,"upstream gate did not reach stage"
uwb-imu-pl/gate-d-diagnostics/v16,27,1350000000,27,27,27,1,1,27,1350000000,"core_total","EXECUTED",4712.1082340000003,""
uwb-imu-pl/gate-d-diagnostics/v16,28,1400000000,28,28,28,1,1,28,1400000000,"prepare","EXECUTED",3.5536560000000001,""
uwb-imu-pl/gate-d-diagnostics/v16,28,1400000000,28,28,28,1,1,28,1400000000,"integrity_window","EXECUTED",2237.406931,""
uwb-imu-pl/gate-d-diagnostics/v16,28,1400000000,28,28,28,1,1,28,1400000000,"window_boundary_provenance","EXECUTED",2221.866626,""
uwb-imu-pl/gate-d-diagnostics/v16,28,1400000000,28,28,28,1,1,28,1400000000,"window_factor_linearization_whitening","EXECUTED",1.2332890000000001,""
uwb-imu-pl/gate-d-diagnostics/v16,28,1400000000,28,28,28,1,1,28,1400000000,"window_dense_assembly","EXECUTED",0.119176,""
uwb-imu-pl/gate-d-diagnostics/v16,28,1400000000,28,28,28,1,1,28,1400000000,"window_svd","EXECUTED",7.7767289999999996,""
uwb-imu-pl/gate-d-diagnostics/v16,28,1400000000,28,28,28,1,1,28,1400000000,"window_normal_equations","EXECUTED",0.54778899999999997,""
uwb-imu-pl/gate-d-diagnostics/v16,28,1400000000,28,28,28,1,1,28,1400000000,"window_llt_state_solves","EXECUTED",0.118548,""
uwb-imu-pl/gate-d-diagnostics/v16,28,1400000000,28,28,28,1,1,28,1400000000,"window_fingerprint","EXECUTED",4.2491300000000001,""
uwb-imu-pl/gate-d-diagnostics/v16,28,1400000000,28,28,28,1,1,28,1400000000,"all_in_detector","EXECUTED",0.28136699999999998,""
uwb-imu-pl/gate-d-diagnostics/v16,28,1400000000,28,28,28,1,1,28,1400000000,"current_sensitivity","EXECUTED",0.632988,""
uwb-imu-pl/gate-d-diagnostics/v16,28,1400000000,28,28,28,1,1,28,1400000000,"model_generation","EXECUTED",313.86132699999996,""
uwb-imu-pl/gate-d-diagnostics/v16,28,1400000000,28,28,28,1,1,28,1400000000,"historical_sensitivity","EXECUTED",0.13825400000000002,""
uwb-imu-pl/gate-d-diagnostics/v16,28,1400000000,28,28,28,1,1,28,1400000000,"hypothesis_evidence","EXECUTED",1888.7865830000001,"effective_dimensions=1:464,2:41440,3:19200,other:0;context_bytes=10265792;worker_blocks=4"
uwb-imu-pl/gate-d-diagnostics/v16,28,1400000000,28,28,28,1,1,28,1400000000,"health_actions","EXECUTED",18.083192,""
uwb-imu-pl/gate-d-diagnostics/v16,28,1400000000,28,28,28,1,1,28,1400000000,"hypothesis_audit","SKIPPED",,"disabled by output.write_hypothesis_evidence"
uwb-imu-pl/gate-d-diagnostics/v16,28,1400000000,28,28,28,1,1,28,1400000000,"base_factorization","EXECUTED",0.26330300000000001,""
uwb-imu-pl/gate-d-diagnostics/v16,28,1400000000,28,28,28,1,1,28,1400000000,"shared_cache","EXECUTED",0.0038310000000000002,""
uwb-imu-pl/gate-d-diagnostics/v16,28,1400000000,28,28,28,1,1,28,1400000000,"candidate_evaluation","EXECUTED",428.96682900000002,"rank=1;dense=0"
uwb-imu-pl/gate-d-diagnostics/v16,28,1400000000,28,28,28,1,1,28,1400000000,"fde_decision","EXECUTED",8.5562959999999997,""
uwb-imu-pl/gate-d-diagnostics/v16,28,1400000000,28,28,28,1,1,28,1400000000,"candidate_audit","EXECUTED",0.034076000000000002,""
uwb-imu-pl/gate-d-diagnostics/v16,28,1400000000,28,28,28,1,1,28,1400000000,"commit","EXECUTED",3.2083300000000001,""
uwb-imu-pl/gate-d-diagnostics/v16,28,1400000000,28,28,28,1,1,28,1400000000,"state_audit","EXECUTED",0.00061700000000000004,""
uwb-imu-pl/gate-d-diagnostics/v16,28,1400000000,28,28,28,1,1,28,1400000000,"finalize_commit_audit","EXECUTED",34.415357999999998,"excludes separately timed commit/discard/state audit"
uwb-imu-pl/gate-d-diagnostics/v16,28,1400000000,28,28,28,1,1,28,1400000000,"discard","SKIPPED",,"upstream gate did not reach stage"
uwb-imu-pl/gate-d-diagnostics/v16,28,1400000000,28,28,28,1,1,28,1400000000,"core_total","EXECUTED",4938.8959450000002,""
uwb-imu-pl/gate-d-diagnostics/v16,29,1450000000,29,29,29,1,1,29,1450000000,"prepare","EXECUTED",2.631513,""
uwb-imu-pl/gate-d-diagnostics/v16,29,1450000000,29,29,29,1,1,29,1450000000,"integrity_window","EXECUTED",2693.3044169999998,""
uwb-imu-pl/gate-d-diagnostics/v16,29,1450000000,29,29,29,1,1,29,1450000000,"window_boundary_provenance","EXECUTED",2678.0984400000002,""
uwb-imu-pl/gate-d-diagnostics/v16,29,1450000000,29,29,29,1,1,29,1450000000,"window_factor_linearization_whitening","EXECUTED",1.203897,""
uwb-imu-pl/gate-d-diagnostics/v16,29,1450000000,29,29,29,1,1,29,1450000000,"window_dense_assembly","EXECUTED",0.13886100000000001,""
uwb-imu-pl/gate-d-diagnostics/v16,29,1450000000,29,29,29,1,1,29,1450000000,"window_svd","EXECUTED",7.882269,""
uwb-imu-pl/gate-d-diagnostics/v16,29,1450000000,29,29,29,1,1,29,1450000000,"window_normal_equations","EXECUTED",0.46634399999999998,""
uwb-imu-pl/gate-d-diagnostics/v16,29,1450000000,29,29,29,1,1,29,1450000000,"window_llt_state_solves","EXECUTED",0.13253799999999999,""
uwb-imu-pl/gate-d-diagnostics/v16,29,1450000000,29,29,29,1,1,29,1450000000,"window_fingerprint","EXECUTED",3.9950779999999999,""
uwb-imu-pl/gate-d-diagnostics/v16,29,1450000000,29,29,29,1,1,29,1450000000,"all_in_detector","EXECUTED",0.29161599999999999,""
uwb-imu-pl/gate-d-diagnostics/v16,29,1450000000,29,29,29,1,1,29,1450000000,"current_sensitivity","EXECUTED",0.53812000000000004,""
uwb-imu-pl/gate-d-diagnostics/v16,29,1450000000,29,29,29,1,1,29,1450000000,"model_generation","EXECUTED",307.62701199999998,""
uwb-imu-pl/gate-d-diagnostics/v16,29,1450000000,29,29,29,1,1,29,1450000000,"historical_sensitivity","EXECUTED",0.26113700000000001,""
uwb-imu-pl/gate-d-diagnostics/v16,29,1450000000,29,29,29,1,1,29,1450000000,"hypothesis_evidence","EXECUTED",1843.6248419999999,"effective_dimensions=1:464,2:41440,3:19200,other:0;context_bytes=10265792;worker_blocks=4"
uwb-imu-pl/gate-d-diagnostics/v16,29,1450000000,29,29,29,1,1,29,1450000000,"health_actions","EXECUTED",18.111097999999998,""
uwb-imu-pl/gate-d-diagnostics/v16,29,1450000000,29,29,29,1,1,29,1450000000,"hypothesis_audit","SKIPPED",,"disabled by output.write_hypothesis_evidence"
uwb-imu-pl/gate-d-diagnostics/v16,29,1450000000,29,29,29,1,1,29,1450000000,"base_factorization","EXECUTED",0.26006299999999999,""
uwb-imu-pl/gate-d-diagnostics/v16,29,1450000000,29,29,29,1,1,29,1450000000,"shared_cache","EXECUTED",0.0026670000000000001,""
uwb-imu-pl/gate-d-diagnostics/v16,29,1450000000,29,29,29,1,1,29,1450000000,"candidate_evaluation","EXECUTED",425.74126200000001,"rank=1;dense=0"
uwb-imu-pl/gate-d-diagnostics/v16,29,1450000000,29,29,29,1,1,29,1450000000,"fde_decision","EXECUTED",8.2082610000000003,""
uwb-imu-pl/gate-d-diagnostics/v16,29,1450000000,29,29,29,1,1,29,1450000000,"candidate_audit","EXECUTED",0.037893999999999997,""
uwb-imu-pl/gate-d-diagnostics/v16,29,1450000000,29,29,29,1,1,29,1450000000,"commit","EXECUTED",1.9661329999999999,""
uwb-imu-pl/gate-d-diagnostics/v16,29,1450000000,29,29,29,1,1,29,1450000000,"state_audit","EXECUTED",0.00056400000000000005,""
uwb-imu-pl/gate-d-diagnostics/v16,29,1450000000,29,29,29,1,1,29,1450000000,"finalize_commit_audit","EXECUTED",31.916082999999997,"excludes separately timed commit/discard/state audit"
uwb-imu-pl/gate-d-diagnostics/v16,29,1450000000,29,29,29,1,1,29,1450000000,"discard","SKIPPED",,"upstream gate did not reach stage"
uwb-imu-pl/gate-d-diagnostics/v16,29,1450000000,29,29,29,1,1,29,1450000000,"core_total","EXECUTED",5335.0507820000003,""
uwb-imu-pl/gate-d-diagnostics/v16,30,1500000000,30,30,30,1,1,30,1500000000,"prepare","EXECUTED",6.7908530000000003,""
uwb-imu-pl/gate-d-diagnostics/v16,30,1500000000,30,30,30,1,1,30,1500000000,"integrity_window","EXECUTED",3156.3853239999999,""
uwb-imu-pl/gate-d-diagnostics/v16,30,1500000000,30,30,30,1,1,30,1500000000,"window_boundary_provenance","EXECUTED",3140.688083,""
uwb-imu-pl/gate-d-diagnostics/v16,30,1500000000,30,30,30,1,1,30,1500000000,"window_factor_linearization_whitening","EXECUTED",1.210987,""
uwb-imu-pl/gate-d-diagnostics/v16,30,1500000000,30,30,30,1,1,30,1500000000,"window_dense_assembly","EXECUTED",0.118394,""
uwb-imu-pl/gate-d-diagnostics/v16,30,1500000000,30,30,30,1,1,30,1500000000,"window_svd","EXECUTED",8.3079149999999995,""
uwb-imu-pl/gate-d-diagnostics/v16,30,1500000000,30,30,30,1,1,30,1500000000,"window_normal_equations","EXECUTED",0.353134,""
uwb-imu-pl/gate-d-diagnostics/v16,30,1500000000,30,30,30,1,1,30,1500000000,"window_llt_state_solves","EXECUTED",0.109086,""
uwb-imu-pl/gate-d-diagnostics/v16,30,1500000000,30,30,30,1,1,30,1500000000,"window_fingerprint","EXECUTED",4.1653339999999996,""
uwb-imu-pl/gate-d-diagnostics/v16,30,1500000000,30,30,30,1,1,30,1500000000,"all_in_detector","EXECUTED",0.29730600000000001,""
uwb-imu-pl/gate-d-diagnostics/v16,30,1500000000,30,30,30,1,1,30,1500000000,"current_sensitivity","EXECUTED",0.57251300000000005,""
uwb-imu-pl/gate-d-diagnostics/v16,30,1500000000,30,30,30,1,1,30,1500000000,"model_generation","EXECUTED",298.26272799999998,""
uwb-imu-pl/gate-d-diagnostics/v16,30,1500000000,30,30,30,1,1,30,1500000000,"historical_sensitivity","EXECUTED",0.12209300000000002,""
uwb-imu-pl/gate-d-diagnostics/v16,30,1500000000,30,30,30,1,1,30,1500000000,"hypothesis_evidence","EXECUTED",1841.915307,"effective_dimensions=1:464,2:41440,3:19200,other:0;context_bytes=10265792;worker_blocks=4"
uwb-imu-pl/gate-d-diagnostics/v16,30,1500000000,30,30,30,1,1,30,1500000000,"health_actions","EXECUTED",18.953631999999999,""
uwb-imu-pl/gate-d-diagnostics/v16,30,1500000000,30,30,30,1,1,30,1500000000,"hypothesis_audit","SKIPPED",,"disabled by output.write_hypothesis_evidence"
uwb-imu-pl/gate-d-diagnostics/v16,30,1500000000,30,30,30,1,1,30,1500000000,"base_factorization","EXECUTED",0.256189,""
uwb-imu-pl/gate-d-diagnostics/v16,30,1500000000,30,30,30,1,1,30,1500000000,"shared_cache","EXECUTED",0.0030100000000000001,""
uwb-imu-pl/gate-d-diagnostics/v16,30,1500000000,30,30,30,1,1,30,1500000000,"candidate_evaluation","EXECUTED",424.090914,"rank=1;dense=0"
uwb-imu-pl/gate-d-diagnostics/v16,30,1500000000,30,30,30,1,1,30,1500000000,"fde_decision","EXECUTED",8.2981879999999997,""
uwb-imu-pl/gate-d-diagnostics/v16,30,1500000000,30,30,30,1,1,30,1500000000,"candidate_audit","EXECUTED",0.036639999999999999,""
uwb-imu-pl/gate-d-diagnostics/v16,30,1500000000,30,30,30,1,1,30,1500000000,"commit","EXECUTED",1.958512,""
uwb-imu-pl/gate-d-diagnostics/v16,30,1500000000,30,30,30,1,1,30,1500000000,"state_audit","EXECUTED",0.00038000000000000002,""
uwb-imu-pl/gate-d-diagnostics/v16,30,1500000000,30,30,30,1,1,30,1500000000,"finalize_commit_audit","EXECUTED",32.750193000000003,"excludes separately timed commit/discard/state audit"
uwb-imu-pl/gate-d-diagnostics/v16,30,1500000000,30,30,30,1,1,30,1500000000,"discard","SKIPPED",,"upstream gate did not reach stage"
uwb-imu-pl/gate-d-diagnostics/v16,30,1500000000,30,30,30,1,1,30,1500000000,"core_total","EXECUTED",5791.4277469999997,""
uwb-imu-pl/gate-d-diagnostics/v16,31,1550000000,31,31,31,2,1,31,1550000000,"prepare","EXECUTED",2.784834,""
uwb-imu-pl/gate-d-diagnostics/v16,31,1550000000,31,31,31,2,1,31,1550000000,"integrity_window","EXECUTED",470.109779,""
uwb-imu-pl/gate-d-diagnostics/v16,31,1550000000,31,31,31,2,1,31,1550000000,"window_boundary_provenance","EXECUTED",454.97028599999999,""
uwb-imu-pl/gate-d-diagnostics/v16,31,1550000000,31,31,31,2,1,31,1550000000,"window_factor_linearization_whitening","EXECUTED",1.5783339999999999,""
uwb-imu-pl/gate-d-diagnostics/v16,31,1550000000,31,31,31,2,1,31,1550000000,"window_dense_assembly","EXECUTED",0.106021,""
uwb-imu-pl/gate-d-diagnostics/v16,31,1550000000,31,31,31,2,1,31,1550000000,"window_svd","EXECUTED",7.761031,""
uwb-imu-pl/gate-d-diagnostics/v16,31,1550000000,31,31,31,2,1,31,1550000000,"window_normal_equations","EXECUTED",0.34883599999999998,""
uwb-imu-pl/gate-d-diagnostics/v16,31,1550000000,31,31,31,2,1,31,1550000000,"window_llt_state_solves","EXECUTED",0.10045900000000001,""
uwb-imu-pl/gate-d-diagnostics/v16,31,1550000000,31,31,31,2,1,31,1550000000,"window_fingerprint","EXECUTED",3.8413789999999999,""
uwb-imu-pl/gate-d-diagnostics/v16,31,1550000000,31,31,31,2,1,31,1550000000,"all_in_detector","EXECUTED",0.27823799999999999,""
uwb-imu-pl/gate-d-diagnostics/v16,31,1550000000,31,31,31,2,1,31,1550000000,"current_sensitivity","EXECUTED",0.537273,""
uwb-imu-pl/gate-d-diagnostics/v16,31,1550000000,31,31,31,2,1,31,1550000000,"model_generation","EXECUTED",300.45953900000001,""
uwb-imu-pl/gate-d-diagnostics/v16,31,1550000000,31,31,31,2,1,31,1550000000,"historical_sensitivity","EXECUTED",0.13017400000000001,""
uwb-imu-pl/gate-d-diagnostics/v16,31,1550000000,31,31,31,2,1,31,1550000000,"hypothesis_evidence","EXECUTED",1820.4783600000001,"effective_dimensions=1:464,2:41440,3:19200,other:0;context_bytes=10265792;worker_blocks=4"
uwb-imu-pl/gate-d-diagnostics/v16,31,1550000000,31,31,31,2,1,31,1550000000,"health_actions","EXECUTED",16.644307000000001,""
uwb-imu-pl/gate-d-diagnostics/v16,31,1550000000,31,31,31,2,1,31,1550000000,"hypothesis_audit","SKIPPED",,"disabled by output.write_hypothesis_evidence"
uwb-imu-pl/gate-d-diagnostics/v16,31,1550000000,31,31,31,2,1,31,1550000000,"base_factorization","EXECUTED",0.25428400000000001,""
uwb-imu-pl/gate-d-diagnostics/v16,31,1550000000,31,31,31,2,1,31,1550000000,"shared_cache","EXECUTED",0.0036510000000000002,""
uwb-imu-pl/gate-d-diagnostics/v16,31,1550000000,31,31,31,2,1,31,1550000000,"candidate_evaluation","EXECUTED",418.73451599999999,"rank=1;dense=0"
uwb-imu-pl/gate-d-diagnostics/v16,31,1550000000,31,31,31,2,1,31,1550000000,"fde_decision","EXECUTED",8.8852820000000001,""
uwb-imu-pl/gate-d-diagnostics/v16,31,1550000000,31,31,31,2,1,31,1550000000,"candidate_audit","EXECUTED",0.041793999999999998,""
uwb-imu-pl/gate-d-diagnostics/v16,31,1550000000,31,31,31,2,1,31,1550000000,"commit","EXECUTED",2.1332239999999998,""
uwb-imu-pl/gate-d-diagnostics/v16,31,1550000000,31,31,31,2,1,31,1550000000,"state_audit","EXECUTED",0.00052899999999999996,""
uwb-imu-pl/gate-d-diagnostics/v16,31,1550000000,31,31,31,2,1,31,1550000000,"finalize_commit_audit","EXECUTED",28.345843000000002,"excludes separately timed commit/discard/state audit"
uwb-imu-pl/gate-d-diagnostics/v16,31,1550000000,31,31,31,2,1,31,1550000000,"discard","SKIPPED",,"upstream gate did not reach stage"
uwb-imu-pl/gate-d-diagnostics/v16,31,1550000000,31,31,31,2,1,31,1550000000,"core_total","EXECUTED",3070.3997199999999,""
uwb-imu-pl/gate-d-diagnostics/v16,32,1600000000,32,32,32,3,1,32,1600000000,"prepare","EXECUTED",2.9463970000000002,""
uwb-imu-pl/gate-d-diagnostics/v16,32,1600000000,32,32,32,3,1,32,1600000000,"integrity_window","EXECUTED",413.95667500000002,""
uwb-imu-pl/gate-d-diagnostics/v16,32,1600000000,32,32,32,3,1,32,1600000000,"window_boundary_provenance","EXECUTED",397.48031400000002,""
uwb-imu-pl/gate-d-diagnostics/v16,32,1600000000,32,32,32,3,1,32,1600000000,"window_factor_linearization_whitening","EXECUTED",1.178007,""
uwb-imu-pl/gate-d-diagnostics/v16,32,1600000000,32,32,32,3,1,32,1600000000,"window_dense_assembly","EXECUTED",0.10367899999999999,""
uwb-imu-pl/gate-d-diagnostics/v16,32,1600000000,32,32,32,3,1,32,1600000000,"window_svd","EXECUTED",7.9502860000000002,""
uwb-imu-pl/gate-d-diagnostics/v16,32,1600000000,32,32,32,3,1,32,1600000000,"window_normal_equations","EXECUTED",0.336335,""
uwb-imu-pl/gate-d-diagnostics/v16,32,1600000000,32,32,32,3,1,32,1600000000,"window_llt_state_solves","EXECUTED",0.103079,""
uwb-imu-pl/gate-d-diagnostics/v16,32,1600000000,32,32,32,3,1,32,1600000000,"window_fingerprint","EXECUTED",3.8608720000000001,""
uwb-imu-pl/gate-d-diagnostics/v16,32,1600000000,32,32,32,3,1,32,1600000000,"all_in_detector","EXECUTED",0.479547,""
uwb-imu-pl/gate-d-diagnostics/v16,32,1600000000,32,32,32,3,1,32,1600000000,"current_sensitivity","EXECUTED",0.663493,""
uwb-imu-pl/gate-d-diagnostics/v16,32,1600000000,32,32,32,3,1,32,1600000000,"model_generation","EXECUTED",302.83525900000001,""
uwb-imu-pl/gate-d-diagnostics/v16,32,1600000000,32,32,32,3,1,32,1600000000,"historical_sensitivity","EXECUTED",0.13167000000000001,""
uwb-imu-pl/gate-d-diagnostics/v16,32,1600000000,32,32,32,3,1,32,1600000000,"hypothesis_evidence","EXECUTED",1818.879531,"effective_dimensions=1:464,2:41440,3:19200,other:0;context_bytes=10265792;worker_blocks=4"
uwb-imu-pl/gate-d-diagnostics/v16,32,1600000000,32,32,32,3,1,32,1600000000,"health_actions","EXECUTED",17.217845000000001,""
uwb-imu-pl/gate-d-diagnostics/v16,32,1600000000,32,32,32,3,1,32,1600000000,"hypothesis_audit","SKIPPED",,"disabled by output.write_hypothesis_evidence"
uwb-imu-pl/gate-d-diagnostics/v16,32,1600000000,32,32,32,3,1,32,1600000000,"base_factorization","EXECUTED",0.27653800000000001,""
uwb-imu-pl/gate-d-diagnostics/v16,32,1600000000,32,32,32,3,1,32,1600000000,"shared_cache","EXECUTED",0.0031540000000000001,""
uwb-imu-pl/gate-d-diagnostics/v16,32,1600000000,32,32,32,3,1,32,1600000000,"candidate_evaluation","EXECUTED",426.78202299999998,"rank=1;dense=0"
uwb-imu-pl/gate-d-diagnostics/v16,32,1600000000,32,32,32,3,1,32,1600000000,"fde_decision","EXECUTED",8.376538,""
uwb-imu-pl/gate-d-diagnostics/v16,32,1600000000,32,32,32,3,1,32,1600000000,"candidate_audit","EXECUTED",0.032230000000000002,""
uwb-imu-pl/gate-d-diagnostics/v16,32,1600000000,32,32,32,3,1,32,1600000000,"commit","EXECUTED",1.8669990000000001,""
uwb-imu-pl/gate-d-diagnostics/v16,32,1600000000,32,32,32,3,1,32,1600000000,"state_audit","EXECUTED",0.000629,""
uwb-imu-pl/gate-d-diagnostics/v16,32,1600000000,32,32,32,3,1,32,1600000000,"finalize_commit_audit","EXECUTED",33.207523999999999,"excludes separately timed commit/discard/state audit"
uwb-imu-pl/gate-d-diagnostics/v16,32,1600000000,32,32,32,3,1,32,1600000000,"discard","SKIPPED",,"upstream gate did not reach stage"
uwb-imu-pl/gate-d-diagnostics/v16,32,1600000000,32,32,32,3,1,32,1600000000,"core_total","EXECUTED",3028.2305230000002,""
uwb-imu-pl/gate-d-diagnostics/v16,33,1650000000,33,33,33,4,1,33,1650000000,"prepare","EXECUTED",2.5055269999999998,""
uwb-imu-pl/gate-d-diagnostics/v16,33,1650000000,33,33,33,4,1,33,1650000000,"integrity_window","EXECUTED",420.13517200000001,""
uwb-imu-pl/gate-d-diagnostics/v16,33,1650000000,33,33,33,4,1,33,1650000000,"window_boundary_provenance","EXECUTED",405.34701100000001,""
uwb-imu-pl/gate-d-diagnostics/v16,33,1650000000,33,33,33,4,1,33,1650000000,"window_factor_linearization_whitening","EXECUTED",0.95657899999999996,""
uwb-imu-pl/gate-d-diagnostics/v16,33,1650000000,33,33,33,4,1,33,1650000000,"window_dense_assembly","EXECUTED",0.1026,""
uwb-imu-pl/gate-d-diagnostics/v16,33,1650000000,33,33,33,4,1,33,1650000000,"window_svd","EXECUTED",8.2349990000000002,""
uwb-imu-pl/gate-d-diagnostics/v16,33,1650000000,33,33,33,4,1,33,1650000000,"window_normal_equations","EXECUTED",0.33009500000000003,""
uwb-imu-pl/gate-d-diagnostics/v16,33,1650000000,33,33,33,4,1,33,1650000000,"window_llt_state_solves","EXECUTED",0.104604,""
uwb-imu-pl/gate-d-diagnostics/v16,33,1650000000,33,33,33,4,1,33,1650000000,"window_fingerprint","EXECUTED",3.7647270000000002,""
uwb-imu-pl/gate-d-diagnostics/v16,33,1650000000,33,33,33,4,1,33,1650000000,"all_in_detector","EXECUTED",0.225295,""
uwb-imu-pl/gate-d-diagnostics/v16,33,1650000000,33,33,33,4,1,33,1650000000,"current_sensitivity","EXECUTED",0.47750799999999999,""
uwb-imu-pl/gate-d-diagnostics/v16,33,1650000000,33,33,33,4,1,33,1650000000,"model_generation","EXECUTED",300.78584699999999,""
uwb-imu-pl/gate-d-diagnostics/v16,33,1650000000,33,33,33,4,1,33,1650000000,"historical_sensitivity","EXECUTED",0.135939,""
uwb-imu-pl/gate-d-diagnostics/v16,33,1650000000,33,33,33,4,1,33,1650000000,"hypothesis_evidence","EXECUTED",1837.686072,"effective_dimensions=1:464,2:41440,3:19200,other:0;context_bytes=10265792;worker_blocks=4"
uwb-imu-pl/gate-d-diagnostics/v16,33,1650000000,33,33,33,4,1,33,1650000000,"health_actions","EXECUTED",17.520118,""
uwb-imu-pl/gate-d-diagnostics/v16,33,1650000000,33,33,33,4,1,33,1650000000,"hypothesis_audit","SKIPPED",,"disabled by output.write_hypothesis_evidence"
uwb-imu-pl/gate-d-diagnostics/v16,33,1650000000,33,33,33,4,1,33,1650000000,"base_factorization","EXECUTED",0.30115399999999998,""
uwb-imu-pl/gate-d-diagnostics/v16,33,1650000000,33,33,33,4,1,33,1650000000,"shared_cache","EXECUTED",0.0040990000000000002,""
uwb-imu-pl/gate-d-diagnostics/v16,33,1650000000,33,33,33,4,1,33,1650000000,"candidate_evaluation","EXECUTED",428.96538399999997,"rank=1;dense=0"
uwb-imu-pl/gate-d-diagnostics/v16,33,1650000000,33,33,33,4,1,33,1650000000,"fde_decision","EXECUTED",8.6243719999999993,""
uwb-imu-pl/gate-d-diagnostics/v16,33,1650000000,33,33,33,4,1,33,1650000000,"candidate_audit","EXECUTED",0.057844,""
uwb-imu-pl/gate-d-diagnostics/v16,33,1650000000,33,33,33,4,1,33,1650000000,"commit","EXECUTED",1.941908,""
uwb-imu-pl/gate-d-diagnostics/v16,33,1650000000,33,33,33,4,1,33,1650000000,"state_audit","EXECUTED",0.00058100000000000003,""
uwb-imu-pl/gate-d-diagnostics/v16,33,1650000000,33,33,33,4,1,33,1650000000,"finalize_commit_audit","EXECUTED",34.146484999999998,"excludes separately timed commit/discard/state audit"
uwb-imu-pl/gate-d-diagnostics/v16,33,1650000000,33,33,33,4,1,33,1650000000,"discard","SKIPPED",,"upstream gate did not reach stage"
uwb-imu-pl/gate-d-diagnostics/v16,33,1650000000,33,33,33,4,1,33,1650000000,"core_total","EXECUTED",3054.1057620000001,""
uwb-imu-pl/gate-d-diagnostics/v16,34,1700000000,34,34,34,5,1,34,1700000000,"prepare","EXECUTED",3.2719100000000001,""
uwb-imu-pl/gate-d-diagnostics/v16,34,1700000000,34,34,34,5,1,34,1700000000,"integrity_window","EXECUTED",390.06351000000001,""
uwb-imu-pl/gate-d-diagnostics/v16,34,1700000000,34,34,34,5,1,34,1700000000,"window_boundary_provenance","EXECUTED",374.81420500000002,""
uwb-imu-pl/gate-d-diagnostics/v16,34,1700000000,34,34,34,5,1,34,1700000000,"window_factor_linearization_whitening","EXECUTED",0.99197500000000005,""
uwb-imu-pl/gate-d-diagnostics/v16,34,1700000000,34,34,34,5,1,34,1700000000,"window_dense_assembly","EXECUTED",0.10052999999999999,""
uwb-imu-pl/gate-d-diagnostics/v16,34,1700000000,34,34,34,5,1,34,1700000000,"window_svd","EXECUTED",8.446866,""
uwb-imu-pl/gate-d-diagnostics/v16,34,1700000000,34,34,34,5,1,34,1700000000,"window_normal_equations","EXECUTED",0.35690699999999997,""
uwb-imu-pl/gate-d-diagnostics/v16,34,1700000000,34,34,34,5,1,34,1700000000,"window_llt_state_solves","EXECUTED",0.10888399999999999,""
uwb-imu-pl/gate-d-diagnostics/v16,34,1700000000,34,34,34,5,1,34,1700000000,"window_fingerprint","EXECUTED",3.9094760000000002,""
uwb-imu-pl/gate-d-diagnostics/v16,34,1700000000,34,34,34,5,1,34,1700000000,"all_in_detector","EXECUTED",0.28918899999999997,""
uwb-imu-pl/gate-d-diagnostics/v16,34,1700000000,34,34,34,5,1,34,1700000000,"current_sensitivity","EXECUTED",0.56293300000000002,""
uwb-imu-pl/gate-d-diagnostics/v16,34,1700000000,34,34,34,5,1,34,1700000000,"model_generation","EXECUTED",305.54796700000003,""
uwb-imu-pl/gate-d-diagnostics/v16,34,1700000000,34,34,34,5,1,34,1700000000,"historical_sensitivity","EXECUTED",0.124866,""
uwb-imu-pl/gate-d-diagnostics/v16,34,1700000000,34,34,34,5,1,34,1700000000,"hypothesis_evidence","EXECUTED",1906.0434909999999,"effective_dimensions=1:464,2:41440,3:19200,other:0;context_bytes=10265792;worker_blocks=4"
uwb-imu-pl/gate-d-diagnostics/v16,34,1700000000,34,34,34,5,1,34,1700000000,"health_actions","EXECUTED",16.177683999999999,""
uwb-imu-pl/gate-d-diagnostics/v16,34,1700000000,34,34,34,5,1,34,1700000000,"hypothesis_audit","SKIPPED",,"disabled by output.write_hypothesis_evidence"
uwb-imu-pl/gate-d-diagnostics/v16,34,1700000000,34,34,34,5,1,34,1700000000,"base_factorization","EXECUTED",0.26242700000000002,""
uwb-imu-pl/gate-d-diagnostics/v16,34,1700000000,34,34,34,5,1,34,1700000000,"shared_cache","EXECUTED",0.0028839999999999998,""
uwb-imu-pl/gate-d-diagnostics/v16,34,1700000000,34,34,34,5,1,34,1700000000,"candidate_evaluation","EXECUTED",429.71132599999999,"rank=1;dense=0"
uwb-imu-pl/gate-d-diagnostics/v16,34,1700000000,34,34,34,5,1,34,1700000000,"fde_decision","EXECUTED",7.7108439999999998,""
uwb-imu-pl/gate-d-diagnostics/v16,34,1700000000,34,34,34,5,1,34,1700000000,"candidate_audit","EXECUTED",0.035385,""
uwb-imu-pl/gate-d-diagnostics/v16,34,1700000000,34,34,34,5,1,34,1700000000,"commit","EXECUTED",2.3450609999999998,""
uwb-imu-pl/gate-d-diagnostics/v16,34,1700000000,34,34,34,5,1,34,1700000000,"state_audit","EXECUTED",0.00059000000000000003,""
uwb-imu-pl/gate-d-diagnostics/v16,34,1700000000,34,34,34,5,1,34,1700000000,"finalize_commit_audit","EXECUTED",32.845111000000003,"excludes separately timed commit/discard/state audit"
uwb-imu-pl/gate-d-diagnostics/v16,34,1700000000,34,34,34,5,1,34,1700000000,"discard","SKIPPED",,"upstream gate did not reach stage"
uwb-imu-pl/gate-d-diagnostics/v16,34,1700000000,34,34,34,5,1,34,1700000000,"core_total","EXECUTED",3095.6506770000001,""
uwb-imu-pl/gate-d-diagnostics/v16,35,1750000000,35,35,35,6,1,35,1750000000,"prepare","EXECUTED",2.8041879999999999,""
uwb-imu-pl/gate-d-diagnostics/v16,35,1750000000,35,35,35,6,1,35,1750000000,"integrity_window","EXECUTED",417.13795800000003,""
uwb-imu-pl/gate-d-diagnostics/v16,35,1750000000,35,35,35,6,1,35,1750000000,"window_boundary_provenance","EXECUTED",401.67926599999998,""
uwb-imu-pl/gate-d-diagnostics/v16,35,1750000000,35,35,35,6,1,35,1750000000,"window_factor_linearization_whitening","EXECUTED",1.8692,""
uwb-imu-pl/gate-d-diagnostics/v16,35,1750000000,35,35,35,6,1,35,1750000000,"window_dense_assembly","EXECUTED",0.11862499999999999,""
uwb-imu-pl/gate-d-diagnostics/v16,35,1750000000,35,35,35,6,1,35,1750000000,"window_svd","EXECUTED",7.8093669999999999,""
uwb-imu-pl/gate-d-diagnostics/v16,35,1750000000,35,35,35,6,1,35,1750000000,"window_normal_equations","EXECUTED",0.33459699999999998,""
uwb-imu-pl/gate-d-diagnostics/v16,35,1750000000,35,35,35,6,1,35,1750000000,"window_llt_state_solves","EXECUTED",0.10205400000000001,""
uwb-imu-pl/gate-d-diagnostics/v16,35,1750000000,35,35,35,6,1,35,1750000000,"window_fingerprint","EXECUTED",3.8514699999999999,""
uwb-imu-pl/gate-d-diagnostics/v16,35,1750000000,35,35,35,6,1,35,1750000000,"all_in_detector","EXECUTED",0.24643399999999999,""
uwb-imu-pl/gate-d-diagnostics/v16,35,1750000000,35,35,35,6,1,35,1750000000,"current_sensitivity","EXECUTED",0.65269500000000003,""
uwb-imu-pl/gate-d-diagnostics/v16,35,1750000000,35,35,35,6,1,35,1750000000,"model_generation","EXECUTED",303.727102,""
uwb-imu-pl/gate-d-diagnostics/v16,35,1750000000,35,35,35,6,1,35,1750000000,"historical_sensitivity","EXECUTED",0.13145699999999999,""
uwb-imu-pl/gate-d-diagnostics/v16,35,1750000000,35,35,35,6,1,35,1750000000,"hypothesis_evidence","EXECUTED",1818.0375300000001,"effective_dimensions=1:464,2:41440,3:19200,other:0;context_bytes=10265792;worker_blocks=4"
uwb-imu-pl/gate-d-diagnostics/v16,35,1750000000,35,35,35,6,1,35,1750000000,"health_actions","EXECUTED",17.312736000000001,""
uwb-imu-pl/gate-d-diagnostics/v16,35,1750000000,35,35,35,6,1,35,1750000000,"hypothesis_audit","SKIPPED",,"disabled by output.write_hypothesis_evidence"
uwb-imu-pl/gate-d-diagnostics/v16,35,1750000000,35,35,35,6,1,35,1750000000,"base_factorization","EXECUTED",0.259467,""
uwb-imu-pl/gate-d-diagnostics/v16,35,1750000000,35,35,35,6,1,35,1750000000,"shared_cache","EXECUTED",0.0030209999999999998,""
uwb-imu-pl/gate-d-diagnostics/v16,35,1750000000,35,35,35,6,1,35,1750000000,"candidate_evaluation","EXECUTED",435.62531100000001,"rank=1;dense=0"
uwb-imu-pl/gate-d-diagnostics/v16,35,1750000000,35,35,35,6,1,35,1750000000,"fde_decision","EXECUTED",9.1151999999999997,""
uwb-imu-pl/gate-d-diagnostics/v16,35,1750000000,35,35,35,6,1,35,1750000000,"candidate_audit","EXECUTED",0.041938999999999997,""
uwb-imu-pl/gate-d-diagnostics/v16,35,1750000000,35,35,35,6,1,35,1750000000,"commit","EXECUTED",2.6166800000000001,""
uwb-imu-pl/gate-d-diagnostics/v16,35,1750000000,35,35,35,6,1,35,1750000000,"state_audit","EXECUTED",0.00055500000000000005,""
uwb-imu-pl/gate-d-diagnostics/v16,35,1750000000,35,35,35,6,1,35,1750000000,"finalize_commit_audit","EXECUTED",31.888274000000003,"excludes separately timed commit/discard/state audit"
uwb-imu-pl/gate-d-diagnostics/v16,35,1750000000,35,35,35,6,1,35,1750000000,"discard","SKIPPED",,"upstream gate did not reach stage"
uwb-imu-pl/gate-d-diagnostics/v16,35,1750000000,35,35,35,6,1,35,1750000000,"core_total","EXECUTED",3040.2179209999999,""
uwb-imu-pl/gate-d-diagnostics/v16,36,1800000000,36,36,36,7,1,36,1800000000,"prepare","EXECUTED",3.6342279999999998,""
uwb-imu-pl/gate-d-diagnostics/v16,36,1800000000,36,36,36,7,1,36,1800000000,"integrity_window","EXECUTED",439.510876,""
uwb-imu-pl/gate-d-diagnostics/v16,36,1800000000,36,36,36,7,1,36,1800000000,"window_boundary_provenance","EXECUTED",423.04246899999998,""
uwb-imu-pl/gate-d-diagnostics/v16,36,1800000000,36,36,36,7,1,36,1800000000,"window_factor_linearization_whitening","EXECUTED",0.92255200000000004,""
uwb-imu-pl/gate-d-diagnostics/v16,36,1800000000,36,36,36,7,1,36,1800000000,"window_dense_assembly","EXECUTED",0.090953000000000006,""
uwb-imu-pl/gate-d-diagnostics/v16,36,1800000000,36,36,36,7,1,36,1800000000,"window_svd","EXECUTED",9.7926979999999997,""
uwb-imu-pl/gate-d-diagnostics/v16,36,1800000000,36,36,36,7,1,36,1800000000,"window_normal_equations","EXECUTED",0.35514200000000001,""
uwb-imu-pl/gate-d-diagnostics/v16,36,1800000000,36,36,36,7,1,36,1800000000,"window_llt_state_solves","EXECUTED",0.108246,""
uwb-imu-pl/gate-d-diagnostics/v16,36,1800000000,36,36,36,7,1,36,1800000000,"window_fingerprint","EXECUTED",3.8457710000000001,""
uwb-imu-pl/gate-d-diagnostics/v16,36,1800000000,36,36,36,7,1,36,1800000000,"all_in_detector","EXECUTED",0.255907,""
uwb-imu-pl/gate-d-diagnostics/v16,36,1800000000,36,36,36,7,1,36,1800000000,"current_sensitivity","EXECUTED",0.52647299999999997,""
uwb-imu-pl/gate-d-diagnostics/v16,36,1800000000,36,36,36,7,1,36,1800000000,"model_generation","EXECUTED",295.09708800000004,""
uwb-imu-pl/gate-d-diagnostics/v16,36,1800000000,36,36,36,7,1,36,1800000000,"historical_sensitivity","EXECUTED",0.17802999999999999,""
uwb-imu-pl/gate-d-diagnostics/v16,36,1800000000,36,36,36,7,1,36,1800000000,"hypothesis_evidence","EXECUTED",1803.4491459999999,"effective_dimensions=1:464,2:41440,3:19200,other:0;context_bytes=10265792;worker_blocks=4"
uwb-imu-pl/gate-d-diagnostics/v16,36,1800000000,36,36,36,7,1,36,1800000000,"health_actions","EXECUTED",17.794338,""
uwb-imu-pl/gate-d-diagnostics/v16,36,1800000000,36,36,36,7,1,36,1800000000,"hypothesis_audit","SKIPPED",,"disabled by output.write_hypothesis_evidence"
uwb-imu-pl/gate-d-diagnostics/v16,36,1800000000,36,36,36,7,1,36,1800000000,"base_factorization","EXECUTED",0.250967,""
uwb-imu-pl/gate-d-diagnostics/v16,36,1800000000,36,36,36,7,1,36,1800000000,"shared_cache","EXECUTED",0.0028080000000000002,""
uwb-imu-pl/gate-d-diagnostics/v16,36,1800000000,36,36,36,7,1,36,1800000000,"candidate_evaluation","EXECUTED",429.12533999999999,"rank=1;dense=0"
uwb-imu-pl/gate-d-diagnostics/v16,36,1800000000,36,36,36,7,1,36,1800000000,"fde_decision","EXECUTED",10.570649,""
uwb-imu-pl/gate-d-diagnostics/v16,36,1800000000,36,36,36,7,1,36,1800000000,"candidate_audit","EXECUTED",0.043991000000000002,""
uwb-imu-pl/gate-d-diagnostics/v16,36,1800000000,36,36,36,7,1,36,1800000000,"commit","EXECUTED",2.2889970000000002,""
uwb-imu-pl/gate-d-diagnostics/v16,36,1800000000,36,36,36,7,1,36,1800000000,"state_audit","EXECUTED",0.00057200000000000003,""
uwb-imu-pl/gate-d-diagnostics/v16,36,1800000000,36,36,36,7,1,36,1800000000,"finalize_commit_audit","EXECUTED",30.934314000000001,"excludes separately timed commit/discard/state audit"
uwb-imu-pl/gate-d-diagnostics/v16,36,1800000000,36,36,36,7,1,36,1800000000,"discard","SKIPPED",,"upstream gate did not reach stage"
uwb-imu-pl/gate-d-diagnostics/v16,36,1800000000,36,36,36,7,1,36,1800000000,"core_total","EXECUTED",3034.2853060000002,""
uwb-imu-pl/gate-d-diagnostics/v16,37,1850000000,37,37,37,8,1,37,1850000000,"prepare","EXECUTED",2.8404929999999999,""
uwb-imu-pl/gate-d-diagnostics/v16,37,1850000000,37,37,37,8,1,37,1850000000,"integrity_window","EXECUTED",463.69518599999998,""
uwb-imu-pl/gate-d-diagnostics/v16,37,1850000000,37,37,37,8,1,37,1850000000,"window_boundary_provenance","EXECUTED",448.45522999999997,""
uwb-imu-pl/gate-d-diagnostics/v16,37,1850000000,37,37,37,8,1,37,1850000000,"window_factor_linearization_whitening","EXECUTED",1.5487249999999999,""
uwb-imu-pl/gate-d-diagnostics/v16,37,1850000000,37,37,37,8,1,37,1850000000,"window_dense_assembly","EXECUTED",0.12692600000000001,""
uwb-imu-pl/gate-d-diagnostics/v16,37,1850000000,37,37,37,8,1,37,1850000000,"window_svd","EXECUTED",7.7731909999999997,""
uwb-imu-pl/gate-d-diagnostics/v16,37,1850000000,37,37,37,8,1,37,1850000000,"window_normal_equations","EXECUTED",0.34425099999999997,""
uwb-imu-pl/gate-d-diagnostics/v16,37,1850000000,37,37,37,8,1,37,1850000000,"window_llt_state_solves","EXECUTED",0.097492999999999996,""
uwb-imu-pl/gate-d-diagnostics/v16,37,1850000000,37,37,37,8,1,37,1850000000,"window_fingerprint","EXECUTED",3.888474,""
uwb-imu-pl/gate-d-diagnostics/v16,37,1850000000,37,37,37,8,1,37,1850000000,"all_in_detector","EXECUTED",0.28614099999999998,""
uwb-imu-pl/gate-d-diagnostics/v16,37,1850000000,37,37,37,8,1,37,1850000000,"current_sensitivity","EXECUTED",0.56853900000000002,""
uwb-imu-pl/gate-d-diagnostics/v16,37,1850000000,37,37,37,8,1,37,1850000000,"model_generation","EXECUTED",299.003691,""
uwb-imu-pl/gate-d-diagnostics/v16,37,1850000000,37,37,37,8,1,37,1850000000,"historical_sensitivity","EXECUTED",0.13190400000000002,""
uwb-imu-pl/gate-d-diagnostics/v16,37,1850000000,37,37,37,8,1,37,1850000000,"hypothesis_evidence","EXECUTED",1809.1679280000001,"effective_dimensions=1:464,2:41440,3:19200,other:0;context_bytes=10265792;worker_blocks=4"
uwb-imu-pl/gate-d-diagnostics/v16,37,1850000000,37,37,37,8,1,37,1850000000,"health_actions","EXECUTED",17.269266999999999,""
uwb-imu-pl/gate-d-diagnostics/v16,37,1850000000,37,37,37,8,1,37,1850000000,"hypothesis_audit","SKIPPED",,"disabled by output.write_hypothesis_evidence"
uwb-imu-pl/gate-d-diagnostics/v16,37,1850000000,37,37,37,8,1,37,1850000000,"base_factorization","EXECUTED",0.26247599999999999,""
uwb-imu-pl/gate-d-diagnostics/v16,37,1850000000,37,37,37,8,1,37,1850000000,"shared_cache","EXECUTED",0.0036289999999999998,""
uwb-imu-pl/gate-d-diagnostics/v16,37,1850000000,37,37,37,8,1,37,1850000000,"candidate_evaluation","EXECUTED",429.73578099999997,"rank=1;dense=0"
uwb-imu-pl/gate-d-diagnostics/v16,37,1850000000,37,37,37,8,1,37,1850000000,"fde_decision","EXECUTED",8.468788,""
uwb-imu-pl/gate-d-diagnostics/v16,37,1850000000,37,37,37,8,1,37,1850000000,"candidate_audit","EXECUTED",0.046711999999999997,""
uwb-imu-pl/gate-d-diagnostics/v16,37,1850000000,37,37,37,8,1,37,1850000000,"commit","EXECUTED",2.7428330000000001,""
uwb-imu-pl/gate-d-diagnostics/v16,37,1850000000,37,37,37,8,1,37,1850000000,"state_audit","EXECUTED",0.00058500000000000002,""
uwb-imu-pl/gate-d-diagnostics/v16,37,1850000000,37,37,37,8,1,37,1850000000,"finalize_commit_audit","EXECUTED",35.037289000000001,"excludes separately timed commit/discard/state audit"
uwb-imu-pl/gate-d-diagnostics/v16,37,1850000000,37,37,37,8,1,37,1850000000,"discard","SKIPPED",,"upstream gate did not reach stage"
uwb-imu-pl/gate-d-diagnostics/v16,37,1850000000,37,37,37,8,1,37,1850000000,"core_total","EXECUTED",3069.794922,""
uwb-imu-pl/gate-d-diagnostics/v16,38,1900000000,38,38,38,9,1,38,1900000000,"prepare","EXECUTED",2.3975919999999999,""
uwb-imu-pl/gate-d-diagnostics/v16,38,1900000000,38,38,38,9,1,38,1900000000,"integrity_window","EXECUTED",508.50897200000003,""
uwb-imu-pl/gate-d-diagnostics/v16,38,1900000000,38,38,38,9,1,38,1900000000,"window_boundary_provenance","EXECUTED",493.50899099999998,""
uwb-imu-pl/gate-d-diagnostics/v16,38,1900000000,38,38,38,9,1,38,1900000000,"window_factor_linearization_whitening","EXECUTED",1.0407360000000001,""
uwb-imu-pl/gate-d-diagnostics/v16,38,1900000000,38,38,38,9,1,38,1900000000,"window_dense_assembly","EXECUTED",0.118202,""
uwb-imu-pl/gate-d-diagnostics/v16,38,1900000000,38,38,38,9,1,38,1900000000,"window_svd","EXECUTED",7.7676590000000001,""
uwb-imu-pl/gate-d-diagnostics/v16,38,1900000000,38,38,38,9,1,38,1900000000,"window_normal_equations","EXECUTED",0.34285300000000002,""
uwb-imu-pl/gate-d-diagnostics/v16,38,1900000000,38,38,38,9,1,38,1900000000,"window_llt_state_solves","EXECUTED",0.12102300000000001,""
uwb-imu-pl/gate-d-diagnostics/v16,38,1900000000,38,38,38,9,1,38,1900000000,"window_fingerprint","EXECUTED",4.2585980000000001,""
uwb-imu-pl/gate-d-diagnostics/v16,38,1900000000,38,38,38,9,1,38,1900000000,"all_in_detector","EXECUTED",0.28198000000000001,""
uwb-imu-pl/gate-d-diagnostics/v16,38,1900000000,38,38,38,9,1,38,1900000000,"current_sensitivity","EXECUTED",0.57001900000000005,""
uwb-imu-pl/gate-d-diagnostics/v16,38,1900000000,38,38,38,9,1,38,1900000000,"model_generation","EXECUTED",300.96541500000001,""
uwb-imu-pl/gate-d-diagnostics/v16,38,1900000000,38,38,38,9,1,38,1900000000,"historical_sensitivity","EXECUTED",0.14974499999999999,""
uwb-imu-pl/gate-d-diagnostics/v16,38,1900000000,38,38,38,9,1,38,1900000000,"hypothesis_evidence","EXECUTED",1848.8798939999999,"effective_dimensions=1:464,2:41440,3:19200,other:0;context_bytes=10265792;worker_blocks=4"
uwb-imu-pl/gate-d-diagnostics/v16,38,1900000000,38,38,38,9,1,38,1900000000,"health_actions","EXECUTED",18.536850999999999,""
uwb-imu-pl/gate-d-diagnostics/v16,38,1900000000,38,38,38,9,1,38,1900000000,"hypothesis_audit","SKIPPED",,"disabled by output.write_hypothesis_evidence"
uwb-imu-pl/gate-d-diagnostics/v16,38,1900000000,38,38,38,9,1,38,1900000000,"base_factorization","EXECUTED",0.27709600000000001,""
uwb-imu-pl/gate-d-diagnostics/v16,38,1900000000,38,38,38,9,1,38,1900000000,"shared_cache","EXECUTED",0.0034880000000000002,""
uwb-imu-pl/gate-d-diagnostics/v16,38,1900000000,38,38,38,9,1,38,1900000000,"candidate_evaluation","EXECUTED",436.09022399999998,"rank=1;dense=0"
uwb-imu-pl/gate-d-diagnostics/v16,38,1900000000,38,38,38,9,1,38,1900000000,"fde_decision","EXECUTED",9.5482060000000004,""
uwb-imu-pl/gate-d-diagnostics/v16,38,1900000000,38,38,38,9,1,38,1900000000,"candidate_audit","EXECUTED",0.042262000000000001,""
uwb-imu-pl/gate-d-diagnostics/v16,38,1900000000,38,38,38,9,1,38,1900000000,"commit","EXECUTED",2.9161929999999998,""
uwb-imu-pl/gate-d-diagnostics/v16,38,1900000000,38,38,38,9,1,38,1900000000,"state_audit","EXECUTED",0.00055999999999999995,""
uwb-imu-pl/gate-d-diagnostics/v16,38,1900000000,38,38,38,9,1,38,1900000000,"finalize_commit_audit","EXECUTED",34.044175000000003,"excludes separately timed commit/discard/state audit"
uwb-imu-pl/gate-d-diagnostics/v16,38,1900000000,38,38,38,9,1,38,1900000000,"discard","SKIPPED",,"upstream gate did not reach stage"
uwb-imu-pl/gate-d-diagnostics/v16,38,1900000000,38,38,38,9,1,38,1900000000,"core_total","EXECUTED",3163.7825459999999,""
uwb-imu-pl/gate-d-diagnostics/v16,39,1950000000,39,39,39,10,1,39,1950000000,"prepare","EXECUTED",2.5319699999999998,""
uwb-imu-pl/gate-d-diagnostics/v16,39,1950000000,39,39,39,10,1,39,1950000000,"integrity_window","EXECUTED",539.79744600000004,""
uwb-imu-pl/gate-d-diagnostics/v16,39,1950000000,39,39,39,10,1,39,1950000000,"window_boundary_provenance","EXECUTED",525.06964000000005,""
uwb-imu-pl/gate-d-diagnostics/v16,39,1950000000,39,39,39,10,1,39,1950000000,"window_factor_linearization_whitening","EXECUTED",1.022605,""
uwb-imu-pl/gate-d-diagnostics/v16,39,1950000000,39,39,39,10,1,39,1950000000,"window_dense_assembly","EXECUTED",0.095157000000000005,""
uwb-imu-pl/gate-d-diagnostics/v16,39,1950000000,39,39,39,10,1,39,1950000000,"window_svd","EXECUTED",7.7984859999999996,""
uwb-imu-pl/gate-d-diagnostics/v16,39,1950000000,39,39,39,10,1,39,1950000000,"window_normal_equations","EXECUTED",0.31569799999999998,""
uwb-imu-pl/gate-d-diagnostics/v16,39,1950000000,39,39,39,10,1,39,1950000000,"window_llt_state_solves","EXECUTED",0.10638499999999999,""
uwb-imu-pl/gate-d-diagnostics/v16,39,1950000000,39,39,39,10,1,39,1950000000,"window_fingerprint","EXECUTED",3.9783710000000001,""
uwb-imu-pl/gate-d-diagnostics/v16,39,1950000000,39,39,39,10,1,39,1950000000,"all_in_detector","EXECUTED",0.37364000000000003,""
uwb-imu-pl/gate-d-diagnostics/v16,39,1950000000,39,39,39,10,1,39,1950000000,"current_sensitivity","EXECUTED",0.650644,""
uwb-imu-pl/gate-d-diagnostics/v16,39,1950000000,39,39,39,10,1,39,1950000000,"model_generation","EXECUTED",299.07950499999998,""
uwb-imu-pl/gate-d-diagnostics/v16,39,1950000000,39,39,39,10,1,39,1950000000,"historical_sensitivity","EXECUTED",0.140982,""
uwb-imu-pl/gate-d-diagnostics/v16,39,1950000000,39,39,39,10,1,39,1950000000,"hypothesis_evidence","EXECUTED",1825.60357,"effective_dimensions=1:464,2:41440,3:19200,other:0;context_bytes=10265792;worker_blocks=4"
uwb-imu-pl/gate-d-diagnostics/v16,39,1950000000,39,39,39,10,1,39,1950000000,"health_actions","EXECUTED",18.284998999999999,""
uwb-imu-pl/gate-d-diagnostics/v16,39,1950000000,39,39,39,10,1,39,1950000000,"hypothesis_audit","SKIPPED",,"disabled by output.write_hypothesis_evidence"
uwb-imu-pl/gate-d-diagnostics/v16,39,1950000000,39,39,39,10,1,39,1950000000,"base_factorization","EXECUTED",0.26028899999999999,""
uwb-imu-pl/gate-d-diagnostics/v16,39,1950000000,39,39,39,10,1,39,1950000000,"shared_cache","EXECUTED",0.003078,""
uwb-imu-pl/gate-d-diagnostics/v16,39,1950000000,39,39,39,10,1,39,1950000000,"candidate_evaluation","EXECUTED",429.38898899999998,"rank=1;dense=0"
uwb-imu-pl/gate-d-diagnostics/v16,39,1950000000,39,39,39,10,1,39,1950000000,"fde_decision","EXECUTED",9.3957569999999997,""
uwb-imu-pl/gate-d-diagnostics/v16,39,1950000000,39,39,39,10,1,39,1950000000,"candidate_audit","EXECUTED",0.046060999999999998,""
uwb-imu-pl/gate-d-diagnostics/v16,39,1950000000,39,39,39,10,1,39,1950000000,"commit","EXECUTED",2.613937,""
uwb-imu-pl/gate-d-diagnostics/v16,39,1950000000,39,39,39,10,1,39,1950000000,"state_audit","EXECUTED",0.00056099999999999998,""
uwb-imu-pl/gate-d-diagnostics/v16,39,1950000000,39,39,39,10,1,39,1950000000,"finalize_commit_audit","EXECUTED",30.778947999999996,"excludes separately timed commit/discard/state audit"
uwb-imu-pl/gate-d-diagnostics/v16,39,1950000000,39,39,39,10,1,39,1950000000,"discard","SKIPPED",,"upstream gate did not reach stage"
uwb-imu-pl/gate-d-diagnostics/v16,39,1950000000,39,39,39,10,1,39,1950000000,"core_total","EXECUTED",3159.8435239999999,""
uwb-imu-pl/gate-d-diagnostics/v16,40,2000000000,40,40,40,11,1,40,2000000000,"prepare","EXECUTED",2.3342260000000001,""
uwb-imu-pl/gate-d-diagnostics/v16,40,2000000000,40,40,40,11,1,40,2000000000,"integrity_window","EXECUTED",556.98102100000006,""
uwb-imu-pl/gate-d-diagnostics/v16,40,2000000000,40,40,40,11,1,40,2000000000,"window_boundary_provenance","EXECUTED",542.18972599999995,""
uwb-imu-pl/gate-d-diagnostics/v16,40,2000000000,40,40,40,11,1,40,2000000000,"window_factor_linearization_whitening","EXECUTED",1.251817,""
uwb-imu-pl/gate-d-diagnostics/v16,40,2000000000,40,40,40,11,1,40,2000000000,"window_dense_assembly","EXECUTED",0.100966,""
uwb-imu-pl/gate-d-diagnostics/v16,40,2000000000,40,40,40,11,1,40,2000000000,"window_svd","EXECUTED",7.8045799999999996,""
uwb-imu-pl/gate-d-diagnostics/v16,40,2000000000,40,40,40,11,1,40,2000000000,"window_normal_equations","EXECUTED",0.338729,""
uwb-imu-pl/gate-d-diagnostics/v16,40,2000000000,40,40,40,11,1,40,2000000000,"window_llt_state_solves","EXECUTED",0.104626,""
uwb-imu-pl/gate-d-diagnostics/v16,40,2000000000,40,40,40,11,1,40,2000000000,"window_fingerprint","EXECUTED",3.8393359999999999,""
uwb-imu-pl/gate-d-diagnostics/v16,40,2000000000,40,40,40,11,1,40,2000000000,"all_in_detector","EXECUTED",0.29731400000000002,""
uwb-imu-pl/gate-d-diagnostics/v16,40,2000000000,40,40,40,11,1,40,2000000000,"current_sensitivity","EXECUTED",0.85694400000000004,""
uwb-imu-pl/gate-d-diagnostics/v16,40,2000000000,40,40,40,11,1,40,2000000000,"model_generation","EXECUTED",299.70219399999996,""
uwb-imu-pl/gate-d-diagnostics/v16,40,2000000000,40,40,40,11,1,40,2000000000,"historical_sensitivity","EXECUTED",0.12944800000000001,""
uwb-imu-pl/gate-d-diagnostics/v16,40,2000000000,40,40,40,11,1,40,2000000000,"hypothesis_evidence","EXECUTED",1820.0538100000001,"effective_dimensions=1:464,2:41440,3:19200,other:0;context_bytes=10265792;worker_blocks=4"
uwb-imu-pl/gate-d-diagnostics/v16,40,2000000000,40,40,40,11,1,40,2000000000,"health_actions","EXECUTED",18.199231999999999,""
uwb-imu-pl/gate-d-diagnostics/v16,40,2000000000,40,40,40,11,1,40,2000000000,"hypothesis_audit","SKIPPED",,"disabled by output.write_hypothesis_evidence"
uwb-imu-pl/gate-d-diagnostics/v16,40,2000000000,40,40,40,11,1,40,2000000000,"base_factorization","EXECUTED",0.28140100000000001,""
uwb-imu-pl/gate-d-diagnostics/v16,40,2000000000,40,40,40,11,1,40,2000000000,"shared_cache","EXECUTED",0.0045950000000000001,""
uwb-imu-pl/gate-d-diagnostics/v16,40,2000000000,40,40,40,11,1,40,2000000000,"candidate_evaluation","EXECUTED",425.15859799999998,"rank=1;dense=0"
uwb-imu-pl/gate-d-diagnostics/v16,40,2000000000,40,40,40,11,1,40,2000000000,"fde_decision","EXECUTED",9.0310229999999994,""
uwb-imu-pl/gate-d-diagnostics/v16,40,2000000000,40,40,40,11,1,40,2000000000,"candidate_audit","EXECUTED",0.037613000000000001,""
uwb-imu-pl/gate-d-diagnostics/v16,40,2000000000,40,40,40,11,1,40,2000000000,"commit","EXECUTED",2.4148399999999999,""
uwb-imu-pl/gate-d-diagnostics/v16,40,2000000000,40,40,40,11,1,40,2000000000,"state_audit","EXECUTED",0.000571,""
uwb-imu-pl/gate-d-diagnostics/v16,40,2000000000,40,40,40,11,1,40,2000000000,"finalize_commit_audit","EXECUTED",35.376378000000003,"excludes separately timed commit/discard/state audit"
uwb-imu-pl/gate-d-diagnostics/v16,40,2000000000,40,40,40,11,1,40,2000000000,"discard","SKIPPED",,"upstream gate did not reach stage"
uwb-imu-pl/gate-d-diagnostics/v16,40,2000000000,40,40,40,11,1,40,2000000000,"core_total","EXECUTED",3171.3520309999999,""
uwb-imu-pl/gate-d-diagnostics/v16,41,2050000000,41,41,41,12,1,41,2050000000,"prepare","EXECUTED",4.0826390000000004,""
uwb-imu-pl/gate-d-diagnostics/v16,41,2050000000,41,41,41,12,1,41,2050000000,"integrity_window","EXECUTED",538.46507199999996,""
uwb-imu-pl/gate-d-diagnostics/v16,41,2050000000,41,41,41,12,1,41,2050000000,"window_boundary_provenance","EXECUTED",522.33634700000005,""
uwb-imu-pl/gate-d-diagnostics/v16,41,2050000000,41,41,41,12,1,41,2050000000,"window_factor_linearization_whitening","EXECUTED",1.0454509999999999,""
uwb-imu-pl/gate-d-diagnostics/v16,41,2050000000,41,41,41,12,1,41,2050000000,"window_dense_assembly","EXECUTED",0.102313,""
uwb-imu-pl/gate-d-diagnostics/v16,41,2050000000,41,41,41,12,1,41,2050000000,"window_svd","EXECUTED",8.1656720000000007,""
uwb-imu-pl/gate-d-diagnostics/v16,41,2050000000,41,41,41,12,1,41,2050000000,"window_normal_equations","EXECUTED",0.43543100000000001,""
uwb-imu-pl/gate-d-diagnostics/v16,41,2050000000,41,41,41,12,1,41,2050000000,"window_llt_state_solves","EXECUTED",0.24204700000000001,""
uwb-imu-pl/gate-d-diagnostics/v16,41,2050000000,41,41,41,12,1,41,2050000000,"window_fingerprint","EXECUTED",4.6068629999999997,""
uwb-imu-pl/gate-d-diagnostics/v16,41,2050000000,41,41,41,12,1,41,2050000000,"all_in_detector","EXECUTED",0.35605999999999999,""
uwb-imu-pl/gate-d-diagnostics/v16,41,2050000000,41,41,41,12,1,41,2050000000,"current_sensitivity","EXECUTED",0.58757599999999999,""
uwb-imu-pl/gate-d-diagnostics/v16,41,2050000000,41,41,41,12,1,41,2050000000,"model_generation","EXECUTED",304.46698999999995,""
uwb-imu-pl/gate-d-diagnostics/v16,41,2050000000,41,41,41,12,1,41,2050000000,"historical_sensitivity","EXECUTED",0.12559800000000002,""
uwb-imu-pl/gate-d-diagnostics/v16,41,2050000000,41,41,41,12,1,41,2050000000,"hypothesis_evidence","EXECUTED",1833.016521,"effective_dimensions=1:464,2:41440,3:19200,other:0;context_bytes=10265792;worker_blocks=4"
uwb-imu-pl/gate-d-diagnostics/v16,41,2050000000,41,41,41,12,1,41,2050000000,"health_actions","EXECUTED",22.375124,""
uwb-imu-pl/gate-d-diagnostics/v16,41,2050000000,41,41,41,12,1,41,2050000000,"hypothesis_audit","SKIPPED",,"disabled by output.write_hypothesis_evidence"
uwb-imu-pl/gate-d-diagnostics/v16,41,2050000000,41,41,41,12,1,41,2050000000,"base_factorization","EXECUTED",0.30462,""
uwb-imu-pl/gate-d-diagnostics/v16,41,2050000000,41,41,41,12,1,41,2050000000,"shared_cache","EXECUTED",0.0047999999999999996,""
uwb-imu-pl/gate-d-diagnostics/v16,41,2050000000,41,41,41,12,1,41,2050000000,"candidate_evaluation","EXECUTED",426.62338599999998,"rank=1;dense=0"
uwb-imu-pl/gate-d-diagnostics/v16,41,2050000000,41,41,41,12,1,41,2050000000,"fde_decision","EXECUTED",10.914175999999999,""
uwb-imu-pl/gate-d-diagnostics/v16,41,2050000000,41,41,41,12,1,41,2050000000,"candidate_audit","EXECUTED",0.039148000000000002,""
uwb-imu-pl/gate-d-diagnostics/v16,41,2050000000,41,41,41,12,1,41,2050000000,"commit","EXECUTED",2.307248,""
uwb-imu-pl/gate-d-diagnostics/v16,41,2050000000,41,41,41,12,1,41,2050000000,"state_audit","EXECUTED",0.000629,""
uwb-imu-pl/gate-d-diagnostics/v16,41,2050000000,41,41,41,12,1,41,2050000000,"finalize_commit_audit","EXECUTED",33.362805999999999,"excludes separately timed commit/discard/state audit"
uwb-imu-pl/gate-d-diagnostics/v16,41,2050000000,41,41,41,12,1,41,2050000000,"discard","SKIPPED",,"upstream gate did not reach stage"
uwb-imu-pl/gate-d-diagnostics/v16,41,2050000000,41,41,41,12,1,41,2050000000,"core_total","EXECUTED",3177.5846620000002,""
uwb-imu-pl/gate-d-diagnostics/v16,42,2100000000,42,42,42,13,1,42,2100000000,"prepare","EXECUTED",4.17964,""
uwb-imu-pl/gate-d-diagnostics/v16,42,2100000000,42,42,42,13,1,42,2100000000,"integrity_window","EXECUTED",600.86892,""
uwb-imu-pl/gate-d-diagnostics/v16,42,2100000000,42,42,42,13,1,42,2100000000,"window_boundary_provenance","EXECUTED",586.63086999999996,""
uwb-imu-pl/gate-d-diagnostics/v16,42,2100000000,42,42,42,13,1,42,2100000000,"window_factor_linearization_whitening","EXECUTED",0.94114399999999998,""
uwb-imu-pl/gate-d-diagnostics/v16,42,2100000000,42,42,42,13,1,42,2100000000,"window_dense_assembly","EXECUTED",0.100523,""
uwb-imu-pl/gate-d-diagnostics/v16,42,2100000000,42,42,42,13,1,42,2100000000,"window_svd","EXECUTED",7.3879229999999998,""
uwb-imu-pl/gate-d-diagnostics/v16,42,2100000000,42,42,42,13,1,42,2100000000,"window_normal_equations","EXECUTED",0.31795800000000002,""
uwb-imu-pl/gate-d-diagnostics/v16,42,2100000000,42,42,42,13,1,42,2100000000,"window_llt_state_solves","EXECUTED",0.095232999999999998,""
uwb-imu-pl/gate-d-diagnostics/v16,42,2100000000,42,42,42,13,1,42,2100000000,"window_fingerprint","EXECUTED",4.0134340000000002,""
uwb-imu-pl/gate-d-diagnostics/v16,42,2100000000,42,42,42,13,1,42,2100000000,"all_in_detector","EXECUTED",0.27992299999999998,""
uwb-imu-pl/gate-d-diagnostics/v16,42,2100000000,42,42,42,13,1,42,2100000000,"current_sensitivity","EXECUTED",0.58169000000000004,""
uwb-imu-pl/gate-d-diagnostics/v16,42,2100000000,42,42,42,13,1,42,2100000000,"model_generation","EXECUTED",306.08596499999999,""
uwb-imu-pl/gate-d-diagnostics/v16,42,2100000000,42,42,42,13,1,42,2100000000,"historical_sensitivity","EXECUTED",0.12911699999999998,""
uwb-imu-pl/gate-d-diagnostics/v16,42,2100000000,42,42,42,13,1,42,2100000000,"hypothesis_evidence","EXECUTED",1844.8742099999999,"effective_dimensions=1:464,2:41440,3:19200,other:0;context_bytes=10265792;worker_blocks=4"
uwb-imu-pl/gate-d-diagnostics/v16,42,2100000000,42,42,42,13,1,42,2100000000,"health_actions","EXECUTED",18.242726000000001,""
uwb-imu-pl/gate-d-diagnostics/v16,42,2100000000,42,42,42,13,1,42,2100000000,"hypothesis_audit","SKIPPED",,"disabled by output.write_hypothesis_evidence"
uwb-imu-pl/gate-d-diagnostics/v16,42,2100000000,42,42,42,13,1,42,2100000000,"base_factorization","EXECUTED",0.25732300000000002,""
uwb-imu-pl/gate-d-diagnostics/v16,42,2100000000,42,42,42,13,1,42,2100000000,"shared_cache","EXECUTED",0.0032390000000000001,""
uwb-imu-pl/gate-d-diagnostics/v16,42,2100000000,42,42,42,13,1,42,2100000000,"candidate_evaluation","EXECUTED",428.94311499999998,"rank=1;dense=0"
uwb-imu-pl/gate-d-diagnostics/v16,42,2100000000,42,42,42,13,1,42,2100000000,"fde_decision","EXECUTED",8.2134660000000004,""
uwb-imu-pl/gate-d-diagnostics/v16,42,2100000000,42,42,42,13,1,42,2100000000,"candidate_audit","EXECUTED",0.033859,""
uwb-imu-pl/gate-d-diagnostics/v16,42,2100000000,42,42,42,13,1,42,2100000000,"commit","EXECUTED",2.4566370000000002,""
uwb-imu-pl/gate-d-diagnostics/v16,42,2100000000,42,42,42,13,1,42,2100000000,"state_audit","EXECUTED",0.00064800000000000003,""
uwb-imu-pl/gate-d-diagnostics/v16,42,2100000000,42,42,42,13,1,42,2100000000,"finalize_commit_audit","EXECUTED",32.176188000000003,"excludes separately timed commit/discard/state audit"
uwb-imu-pl/gate-d-diagnostics/v16,42,2100000000,42,42,42,13,1,42,2100000000,"discard","SKIPPED",,"upstream gate did not reach stage"
uwb-imu-pl/gate-d-diagnostics/v16,42,2100000000,42,42,42,13,1,42,2100000000,"core_total","EXECUTED",3247.8488940000002,""
uwb-imu-pl/gate-d-diagnostics/v16,43,2150000000,43,43,43,14,1,43,2150000000,"prepare","EXECUTED",3.000283,""
uwb-imu-pl/gate-d-diagnostics/v16,43,2150000000,43,43,43,14,1,43,2150000000,"integrity_window","EXECUTED",654.70296599999995,""
uwb-imu-pl/gate-d-diagnostics/v16,43,2150000000,43,43,43,14,1,43,2150000000,"window_boundary_provenance","EXECUTED",639.24160099999995,""
uwb-imu-pl/gate-d-diagnostics/v16,43,2150000000,43,43,43,14,1,43,2150000000,"window_factor_linearization_whitening","EXECUTED",0.96274999999999999,""
uwb-imu-pl/gate-d-diagnostics/v16,43,2150000000,43,43,43,14,1,43,2150000000,"window_dense_assembly","EXECUTED",0.123795,""
uwb-imu-pl/gate-d-diagnostics/v16,43,2150000000,43,43,43,14,1,43,2150000000,"window_svd","EXECUTED",8.3785240000000005,""
uwb-imu-pl/gate-d-diagnostics/v16,43,2150000000,43,43,43,14,1,43,2150000000,"window_normal_equations","EXECUTED",0.36796099999999998,""
uwb-imu-pl/gate-d-diagnostics/v16,43,2150000000,43,43,43,14,1,43,2150000000,"window_llt_state_solves","EXECUTED",0.117593,""
uwb-imu-pl/gate-d-diagnostics/v16,43,2150000000,43,43,43,14,1,43,2150000000,"window_fingerprint","EXECUTED",4.1168389999999997,""
uwb-imu-pl/gate-d-diagnostics/v16,43,2150000000,43,43,43,14,1,43,2150000000,"all_in_detector","EXECUTED",0.25792300000000001,""
uwb-imu-pl/gate-d-diagnostics/v16,43,2150000000,43,43,43,14,1,43,2150000000,"current_sensitivity","EXECUTED",0.59353299999999998,""
uwb-imu-pl/gate-d-diagnostics/v16,43,2150000000,43,43,43,14,1,43,2150000000,"model_generation","EXECUTED",302.08068200000002,""
uwb-imu-pl/gate-d-diagnostics/v16,43,2150000000,43,43,43,14,1,43,2150000000,"historical_sensitivity","EXECUTED",0.12455400000000001,""
uwb-imu-pl/gate-d-diagnostics/v16,43,2150000000,43,43,43,14,1,43,2150000000,"hypothesis_evidence","EXECUTED",1835.9771229999999,"effective_dimensions=1:464,2:41440,3:19200,other:0;context_bytes=10265792;worker_blocks=4"
uwb-imu-pl/gate-d-diagnostics/v16,43,2150000000,43,43,43,14,1,43,2150000000,"health_actions","EXECUTED",19.815453999999999,""
uwb-imu-pl/gate-d-diagnostics/v16,43,2150000000,43,43,43,14,1,43,2150000000,"hypothesis_audit","SKIPPED",,"disabled by output.write_hypothesis_evidence"
uwb-imu-pl/gate-d-diagnostics/v16,43,2150000000,43,43,43,14,1,43,2150000000,"base_factorization","EXECUTED",0.47959000000000002,""
uwb-imu-pl/gate-d-diagnostics/v16,43,2150000000,43,43,43,14,1,43,2150000000,"shared_cache","EXECUTED",0.0059170000000000004,""
uwb-imu-pl/gate-d-diagnostics/v16,43,2150000000,43,43,43,14,1,43,2150000000,"candidate_evaluation","EXECUTED",442.123266,"rank=1;dense=0"
uwb-imu-pl/gate-d-diagnostics/v16,43,2150000000,43,43,43,14,1,43,2150000000,"fde_decision","EXECUTED",9.7353120000000004,""
uwb-imu-pl/gate-d-diagnostics/v16,43,2150000000,43,43,43,14,1,43,2150000000,"candidate_audit","EXECUTED",0.044387000000000003,""
uwb-imu-pl/gate-d-diagnostics/v16,43,2150000000,43,43,43,14,1,43,2150000000,"commit","EXECUTED",2.7629890000000001,""
uwb-imu-pl/gate-d-diagnostics/v16,43,2150000000,43,43,43,14,1,43,2150000000,"state_audit","EXECUTED",0.00059800000000000001,""
uwb-imu-pl/gate-d-diagnostics/v16,43,2150000000,43,43,43,14,1,43,2150000000,"finalize_commit_audit","EXECUTED",29.612803999999997,"excludes separately timed commit/discard/state audit"
uwb-imu-pl/gate-d-diagnostics/v16,43,2150000000,43,43,43,14,1,43,2150000000,"discard","SKIPPED",,"upstream gate did not reach stage"
uwb-imu-pl/gate-d-diagnostics/v16,43,2150000000,43,43,43,14,1,43,2150000000,"core_total","EXECUTED",3302.1569490000002,""
uwb-imu-pl/gate-d-diagnostics/v16,44,2200000000,44,44,44,15,1,44,2200000000,"prepare","EXECUTED",2.7265100000000002,""
uwb-imu-pl/gate-d-diagnostics/v16,44,2200000000,44,44,44,15,1,44,2200000000,"integrity_window","EXECUTED",475.89686799999998,""
uwb-imu-pl/gate-d-diagnostics/v16,44,2200000000,44,44,44,15,1,44,2200000000,"window_boundary_provenance","EXECUTED",458.085331,""
uwb-imu-pl/gate-d-diagnostics/v16,44,2200000000,44,44,44,15,1,44,2200000000,"window_factor_linearization_whitening","EXECUTED",2.4528850000000002,""
uwb-imu-pl/gate-d-diagnostics/v16,44,2200000000,44,44,44,15,1,44,2200000000,"window_dense_assembly","EXECUTED",0.25945600000000002,""
uwb-imu-pl/gate-d-diagnostics/v16,44,2200000000,44,44,44,15,1,44,2200000000,"window_svd","EXECUTED",9.3245629999999995,""
uwb-imu-pl/gate-d-diagnostics/v16,44,2200000000,44,44,44,15,1,44,2200000000,"window_normal_equations","EXECUTED",0.350078,""
uwb-imu-pl/gate-d-diagnostics/v16,44,2200000000,44,44,44,15,1,44,2200000000,"window_llt_state_solves","EXECUTED",0.10570499999999999,""
uwb-imu-pl/gate-d-diagnostics/v16,44,2200000000,44,44,44,15,1,44,2200000000,"window_fingerprint","EXECUTED",3.9175800000000001,""
uwb-imu-pl/gate-d-diagnostics/v16,44,2200000000,44,44,44,15,1,44,2200000000,"all_in_detector","EXECUTED",0.329266,""
uwb-imu-pl/gate-d-diagnostics/v16,44,2200000000,44,44,44,15,1,44,2200000000,"current_sensitivity","EXECUTED",1.1603460000000001,""
uwb-imu-pl/gate-d-diagnostics/v16,44,2200000000,44,44,44,15,1,44,2200000000,"model_generation","EXECUTED",298.25894499999998,""
uwb-imu-pl/gate-d-diagnostics/v16,44,2200000000,44,44,44,15,1,44,2200000000,"historical_sensitivity","EXECUTED",0.12680500000000003,""
uwb-imu-pl/gate-d-diagnostics/v16,44,2200000000,44,44,44,15,1,44,2200000000,"hypothesis_evidence","EXECUTED",1856.504999,"effective_dimensions=1:464,2:41440,3:19200,other:0;context_bytes=10265792;worker_blocks=4"
uwb-imu-pl/gate-d-diagnostics/v16,44,2200000000,44,44,44,15,1,44,2200000000,"health_actions","EXECUTED",18.029036999999999,""
uwb-imu-pl/gate-d-diagnostics/v16,44,2200000000,44,44,44,15,1,44,2200000000,"hypothesis_audit","SKIPPED",,"disabled by output.write_hypothesis_evidence"
uwb-imu-pl/gate-d-diagnostics/v16,44,2200000000,44,44,44,15,1,44,2200000000,"base_factorization","EXECUTED",0.25163999999999997,""
uwb-imu-pl/gate-d-diagnostics/v16,44,2200000000,44,44,44,15,1,44,2200000000,"shared_cache","EXECUTED",0.00296,""
uwb-imu-pl/gate-d-diagnostics/v16,44,2200000000,44,44,44,15,1,44,2200000000,"candidate_evaluation","EXECUTED",431.721113,"rank=1;dense=0"
uwb-imu-pl/gate-d-diagnostics/v16,44,2200000000,44,44,44,15,1,44,2200000000,"fde_decision","EXECUTED",7.7209490000000001,""
uwb-imu-pl/gate-d-diagnostics/v16,44,2200000000,44,44,44,15,1,44,2200000000,"candidate_audit","EXECUTED",0.033567,""
uwb-imu-pl/gate-d-diagnostics/v16,44,2200000000,44,44,44,15,1,44,2200000000,"commit","EXECUTED",2.576244,""
uwb-imu-pl/gate-d-diagnostics/v16,44,2200000000,44,44,44,15,1,44,2200000000,"state_audit","EXECUTED",0.00057300000000000005,""
uwb-imu-pl/gate-d-diagnostics/v16,44,2200000000,44,44,44,15,1,44,2200000000,"finalize_commit_audit","EXECUTED",32.810942000000004,"excludes separately timed commit/discard/state audit"
uwb-imu-pl/gate-d-diagnostics/v16,44,2200000000,44,44,44,15,1,44,2200000000,"discard","SKIPPED",,"upstream gate did not reach stage"
uwb-imu-pl/gate-d-diagnostics/v16,44,2200000000,44,44,44,15,1,44,2200000000,"core_total","EXECUTED",3128.6889580000002,""
uwb-imu-pl/gate-d-diagnostics/v16,45,2250000000,45,45,45,16,1,45,2250000000,"prepare","EXECUTED",2.4329070000000002,""
uwb-imu-pl/gate-d-diagnostics/v16,45,2250000000,45,45,45,16,1,45,2250000000,"integrity_window","EXECUTED",488.88825300000002,""
uwb-imu-pl/gate-d-diagnostics/v16,45,2250000000,45,45,45,16,1,45,2250000000,"window_boundary_provenance","EXECUTED",473.65712000000002,""
uwb-imu-pl/gate-d-diagnostics/v16,45,2250000000,45,45,45,16,1,45,2250000000,"window_factor_linearization_whitening","EXECUTED",0.93313999999999997,""
uwb-imu-pl/gate-d-diagnostics/v16,45,2250000000,45,45,45,16,1,45,2250000000,"window_dense_assembly","EXECUTED",0.083287,""
uwb-imu-pl/gate-d-diagnostics/v16,45,2250000000,45,45,45,16,1,45,2250000000,"window_svd","EXECUTED",8.3946339999999999,""
uwb-imu-pl/gate-d-diagnostics/v16,45,2250000000,45,45,45,16,1,45,2250000000,"window_normal_equations","EXECUTED",0.33414100000000002,""
uwb-imu-pl/gate-d-diagnostics/v16,45,2250000000,45,45,45,16,1,45,2250000000,"window_llt_state_solves","EXECUTED",0.10864,""
uwb-imu-pl/gate-d-diagnostics/v16,45,2250000000,45,45,45,16,1,45,2250000000,"window_fingerprint","EXECUTED",4.0107390000000001,""
uwb-imu-pl/gate-d-diagnostics/v16,45,2250000000,45,45,45,16,1,45,2250000000,"all_in_detector","EXECUTED",0.28168599999999999,""
uwb-imu-pl/gate-d-diagnostics/v16,45,2250000000,45,45,45,16,1,45,2250000000,"current_sensitivity","EXECUTED",0.51865000000000006,""
uwb-imu-pl/gate-d-diagnostics/v16,45,2250000000,45,45,45,16,1,45,2250000000,"model_generation","EXECUTED",303.63480199999998,""
uwb-imu-pl/gate-d-diagnostics/v16,45,2250000000,45,45,45,16,1,45,2250000000,"historical_sensitivity","EXECUTED",0.19625099999999998,""
uwb-imu-pl/gate-d-diagnostics/v16,45,2250000000,45,45,45,16,1,45,2250000000,"hypothesis_evidence","EXECUTED",1841.184579,"effective_dimensions=1:464,2:41440,3:19200,other:0;context_bytes=10265792;worker_blocks=4"
uwb-imu-pl/gate-d-diagnostics/v16,45,2250000000,45,45,45,16,1,45,2250000000,"health_actions","EXECUTED",17.318137,""
uwb-imu-pl/gate-d-diagnostics/v16,45,2250000000,45,45,45,16,1,45,2250000000,"hypothesis_audit","SKIPPED",,"disabled by output.write_hypothesis_evidence"
uwb-imu-pl/gate-d-diagnostics/v16,45,2250000000,45,45,45,16,1,45,2250000000,"base_factorization","EXECUTED",0.267289,""
uwb-imu-pl/gate-d-diagnostics/v16,45,2250000000,45,45,45,16,1,45,2250000000,"shared_cache","EXECUTED",0.003156,""
uwb-imu-pl/gate-d-diagnostics/v16,45,2250000000,45,45,45,16,1,45,2250000000,"candidate_evaluation","EXECUTED",432.62618900000001,"rank=1;dense=0"
uwb-imu-pl/gate-d-diagnostics/v16,45,2250000000,45,45,45,16,1,45,2250000000,"fde_decision","EXECUTED",8.2562010000000008,""
uwb-imu-pl/gate-d-diagnostics/v16,45,2250000000,45,45,45,16,1,45,2250000000,"candidate_audit","EXECUTED",0.066604999999999998,""
uwb-imu-pl/gate-d-diagnostics/v16,45,2250000000,45,45,45,16,1,45,2250000000,"commit","EXECUTED",3.680885,""
uwb-imu-pl/gate-d-diagnostics/v16,45,2250000000,45,45,45,16,1,45,2250000000,"state_audit","EXECUTED",0.00055599999999999996,""
uwb-imu-pl/gate-d-diagnostics/v16,45,2250000000,45,45,45,16,1,45,2250000000,"finalize_commit_audit","EXECUTED",30.921486000000002,"excludes separately timed commit/discard/state audit"
uwb-imu-pl/gate-d-diagnostics/v16,45,2250000000,45,45,45,16,1,45,2250000000,"discard","SKIPPED",,"upstream gate did not reach stage"
uwb-imu-pl/gate-d-diagnostics/v16,45,2250000000,45,45,45,16,1,45,2250000000,"core_total","EXECUTED",3130.9042989999998,""
