schema_version,input_attempt_id,input_timestamp_ns,transaction_id,window_id,graph_version,ordering_version,noise_model_version,linpoint_version,output_timestamp_ns,stage,status,wall_ms,reason
uwb-imu-pl/gate-d-diagnostics/v16,1,50000000,1,1,1,1,1,1,50000000,"prepare","EXECUTED",0.29532199999999997,""
uwb-imu-pl/gate-d-diagnostics/v16,1,50000000,1,1,1,1,1,1,50000000,"integrity_window","EXECUTED",0.67642400000000003,""
uwb-imu-pl/gate-d-diagnostics/v16,1,50000000,1,1,1,1,1,1,50000000,"window_boundary_provenance","EXECUTED",0.16908599999999999,""
uwb-imu-pl/gate-d-diagnostics/v16,1,50000000,1,1,1,1,1,1,50000000,"window_factor_linearization_whitening","EXECUTED",0.059532000000000002,""
uwb-imu-pl/gate-d-diagnostics/v16,1,50000000,1,1,1,1,1,1,50000000,"window_dense_assembly","EXECUTED",0.0030309999999999998,""
uwb-imu-pl/gate-d-diagnostics/v16,1,50000000,1,1,1,1,1,1,50000000,"window_svd","EXECUTED",0.28158300000000003,""
uwb-imu-pl/gate-d-diagnostics/v16,1,50000000,1,1,1,1,1,1,50000000,"window_normal_equations","EXECUTED",0.0048250000000000003,""
uwb-imu-pl/gate-d-diagnostics/v16,1,50000000,1,1,1,1,1,1,50000000,"window_llt_state_solves","EXECUTED",0.010428,""
uwb-imu-pl/gate-d-diagnostics/v16,1,50000000,1,1,1,1,1,1,50000000,"window_fingerprint","EXECUTED",0.101397,""
uwb-imu-pl/gate-d-diagnostics/v16,1,50000000,1,1,1,1,1,1,50000000,"all_in_detector","EXECUTED",0.042388000000000002,""
uwb-imu-pl/gate-d-diagnostics/v16,1,50000000,1,1,1,1,1,1,50000000,"current_sensitivity","EXECUTED",0.049019,""
uwb-imu-pl/gate-d-diagnostics/v16,1,50000000,1,1,1,1,1,1,50000000,"model_generation","EXECUTED",0.68679000000000001,""
uwb-imu-pl/gate-d-diagnostics/v16,1,50000000,1,1,1,1,1,1,50000000,"historical_sensitivity","EXECUTED",0,""
uwb-imu-pl/gate-d-diagnostics/v16,1,50000000,1,1,1,1,1,1,50000000,"hypothesis_evidence","EXECUTED",1.7547280000000001,"effective_dimensions=1:30,2:144,3:0,other:0;context_bytes=29552;worker_blocks=4"
uwb-imu-pl/gate-d-diagnostics/v16,1,50000000,1,1,1,1,1,1,50000000,"health_actions","EXECUTED",0.136021,""
uwb-imu-pl/gate-d-diagnostics/v16,1,50000000,1,1,1,1,1,1,50000000,"hypothesis_audit","SKIPPED",,"disabled by output.write_hypothesis_evidence"
uwb-imu-pl/gate-d-diagnostics/v16,1,50000000,1,1,1,1,1,1,50000000,"base_factorization","EXECUTED",0.012179000000000001,""
uwb-imu-pl/gate-d-diagnostics/v16,1,50000000,1,1,1,1,1,1,50000000,"shared_cache","EXECUTED",0.00070899999999999999,""
uwb-imu-pl/gate-d-diagnostics/v16,1,50000000,1,1,1,1,1,1,50000000,"candidate_evaluation","EXECUTED",6.1362389999999998,"rank=1;dense=0;stream_protocol=2;stream_batches=1;stream_batch_capacity=1;stream_peak_batch_actions=1;stream_peak_resident_evaluated_actions=1;stream_peak_batch_full_proofs=1;stream_retained_full_candidates=0;stream_retained_full_proofs=0;stream_full_action_heavy_copy=0;stream_complete=1;stream_fde_preproof_selected_action=0;stream_fde_preproof_status=RISK_BUDGET_INVALID;stream_main_arena_action_full_proofs=0;stream_action_proof_retention=NORMAL_TWO_PASS_O_B_PLUS_ONE;stream_winner_recompute=0;stream_winner_recompute_test_seam=0"
uwb-imu-pl/gate-d-diagnostics/v16,1,50000000,1,1,1,1,1,1,50000000,"fde_decision","EXECUTED",0.23683499999999999,""
uwb-imu-pl/gate-d-diagnostics/v16,1,50000000,1,1,1,1,1,1,50000000,"candidate_audit","EXECUTED",0.013819,"ACTION_REJECTION_FUNNEL_V2:1=REJECT_RISK_CLOSURE"
uwb-imu-pl/gate-d-diagnostics/v16,1,50000000,1,1,1,1,1,1,50000000,"commit","EXECUTED",0.40454099999999998,""
uwb-imu-pl/gate-d-diagnostics/v16,1,50000000,1,1,1,1,1,1,50000000,"state_audit","EXECUTED",0.00022499999999999999,""
uwb-imu-pl/gate-d-diagnostics/v16,1,50000000,1,1,1,1,1,1,50000000,"finalize_commit_audit","EXECUTED",0.077292000000000027,"excludes separately timed commit/discard/state audit"
uwb-imu-pl/gate-d-diagnostics/v16,1,50000000,1,1,1,1,1,1,50000000,"discard","SKIPPED",,"upstream gate did not reach stage"
uwb-imu-pl/gate-d-diagnostics/v16,1,50000000,1,1,1,1,1,1,50000000,"core_total","EXECUTED",10.617476,""
uwb-imu-pl/gate-d-diagnostics/v16,2,100000000,2,2,2,1,1,2,100000000,"prepare","EXECUTED",0.26855699999999999,""
uwb-imu-pl/gate-d-diagnostics/v16,2,100000000,2,2,2,1,1,2,100000000,"integrity_window","EXECUTED",1.164048,""
uwb-imu-pl/gate-d-diagnostics/v16,2,100000000,2,2,2,1,1,2,100000000,"window_boundary_provenance","EXECUTED",0.13550899999999999,""
uwb-imu-pl/gate-d-diagnostics/v16,2,100000000,2,2,2,1,1,2,100000000,"window_factor_linearization_whitening","EXECUTED",0.087775000000000006,""
uwb-imu-pl/gate-d-diagnostics/v16,2,100000000,2,2,2,1,1,2,100000000,"window_dense_assembly","EXECUTED",0.004927,""
uwb-imu-pl/gate-d-diagnostics/v16,2,100000000,2,2,2,1,1,2,100000000,"window_svd","EXECUTED",0.64147299999999996,""
uwb-imu-pl/gate-d-diagnostics/v16,2,100000000,2,2,2,1,1,2,100000000,"window_normal_equations","EXECUTED",0.007077,""
uwb-imu-pl/gate-d-diagnostics/v16,2,100000000,2,2,2,1,1,2,100000000,"window_llt_state_solves","EXECUTED",0.018284999999999999,""
uwb-imu-pl/gate-d-diagnostics/v16,2,100000000,2,2,2,1,1,2,100000000,"window_fingerprint","EXECUTED",0.187917,""
uwb-imu-pl/gate-d-diagnostics/v16,2,100000000,2,2,2,1,1,2,100000000,"all_in_detector","EXECUTED",0.022327,""
uwb-imu-pl/gate-d-diagnostics/v16,2,100000000,2,2,2,1,1,2,100000000,"current_sensitivity","EXECUTED",0.056637,""
uwb-imu-pl/gate-d-diagnostics/v16,2,100000000,2,2,2,1,1,2,100000000,"model_generation","EXECUTED",2.3328249999999997,""
uwb-imu-pl/gate-d-diagnostics/v16,2,100000000,2,2,2,1,1,2,100000000,"historical_sensitivity","EXECUTED",0.013913999999999999,""
uwb-imu-pl/gate-d-diagnostics/v16,2,100000000,2,2,2,1,1,2,100000000,"hypothesis_evidence","EXECUTED",3.413316,"effective_dimensions=1:52,2:488,3:96,other:0;context_bytes=107168;worker_blocks=4"
uwb-imu-pl/gate-d-diagnostics/v16,2,100000000,2,2,2,1,1,2,100000000,"health_actions","EXECUTED",0.172817,""
uwb-imu-pl/gate-d-diagnostics/v16,2,100000000,2,2,2,1,1,2,100000000,"hypothesis_audit","SKIPPED",,"disabled by output.write_hypothesis_evidence"
uwb-imu-pl/gate-d-diagnostics/v16,2,100000000,2,2,2,1,1,2,100000000,"base_factorization","EXECUTED",0.012108000000000001,""
uwb-imu-pl/gate-d-diagnostics/v16,2,100000000,2,2,2,1,1,2,100000000,"shared_cache","EXECUTED",0.00069999999999999999,""
uwb-imu-pl/gate-d-diagnostics/v16,2,100000000,2,2,2,1,1,2,100000000,"candidate_evaluation","EXECUTED",203.870768,"rank=1;dense=0;stream_protocol=2;stream_batches=1;stream_batch_capacity=1;stream_peak_batch_actions=1;stream_peak_resident_evaluated_actions=1;stream_peak_batch_full_proofs=1;stream_retained_full_candidates=0;stream_retained_full_proofs=0;stream_full_action_heavy_copy=0;stream_complete=1;stream_fde_preproof_selected_action=0;stream_fde_preproof_status=RISK_BUDGET_INVALID;stream_main_arena_action_full_proofs=0;stream_action_proof_retention=NORMAL_TWO_PASS_O_B_PLUS_ONE;stream_winner_recompute=0;stream_winner_recompute_test_seam=0"
uwb-imu-pl/gate-d-diagnostics/v16,2,100000000,2,2,2,1,1,2,100000000,"fde_decision","EXECUTED",0.46659800000000001,""
uwb-imu-pl/gate-d-diagnostics/v16,2,100000000,2,2,2,1,1,2,100000000,"candidate_audit","EXECUTED",0.0098860000000000007,"ACTION_REJECTION_FUNNEL_V2:1=REJECT_RISK_CLOSURE"
uwb-imu-pl/gate-d-diagnostics/v16,2,100000000,2,2,2,1,1,2,100000000,"commit","EXECUTED",0.73338099999999995,""
uwb-imu-pl/gate-d-diagnostics/v16,2,100000000,2,2,2,1,1,2,100000000,"state_audit","EXECUTED",0.00028899999999999998,""
uwb-imu-pl/gate-d-diagnostics/v16,2,100000000,2,2,2,1,1,2,100000000,"finalize_commit_audit","EXECUTED",0.29544100000000018,"excludes separately timed commit/discard/state audit"
uwb-imu-pl/gate-d-diagnostics/v16,2,100000000,2,2,2,1,1,2,100000000,"discard","SKIPPED",,"upstream gate did not reach stage"
uwb-imu-pl/gate-d-diagnostics/v16,2,100000000,2,2,2,1,1,2,100000000,"core_total","EXECUTED",212.90574000000001,""
uwb-imu-pl/gate-d-diagnostics/v16,3,150000000,3,3,3,1,1,3,150000000,"prepare","EXECUTED",0.25961400000000001,""
uwb-imu-pl/gate-d-diagnostics/v16,3,150000000,3,3,3,1,1,3,150000000,"integrity_window","EXECUTED",1.921754,""
uwb-imu-pl/gate-d-diagnostics/v16,3,150000000,3,3,3,1,1,3,150000000,"window_boundary_provenance","EXECUTED",0.129248,""
uwb-imu-pl/gate-d-diagnostics/v16,3,150000000,3,3,3,1,1,3,150000000,"window_factor_linearization_whitening","EXECUTED",0.119536,""
uwb-imu-pl/gate-d-diagnostics/v16,3,150000000,3,3,3,1,1,3,150000000,"window_dense_assembly","EXECUTED",0.0075760000000000003,""
uwb-imu-pl/gate-d-diagnostics/v16,3,150000000,3,3,3,1,1,3,150000000,"window_svd","EXECUTED",1.096498,""
uwb-imu-pl/gate-d-diagnostics/v16,3,150000000,3,3,3,1,1,3,150000000,"window_normal_equations","EXECUTED",0.013100000000000001,""
uwb-imu-pl/gate-d-diagnostics/v16,3,150000000,3,3,3,1,1,3,150000000,"window_llt_state_solves","EXECUTED",0.017788000000000002,""
uwb-imu-pl/gate-d-diagnostics/v16,3,150000000,3,3,3,1,1,3,150000000,"window_fingerprint","EXECUTED",0.395482,""
uwb-imu-pl/gate-d-diagnostics/v16,3,150000000,3,3,3,1,1,3,150000000,"all_in_detector","EXECUTED",0.029187999999999999,""
uwb-imu-pl/gate-d-diagnostics/v16,3,150000000,3,3,3,1,1,3,150000000,"current_sensitivity","EXECUTED",0.073085999999999998,""
uwb-imu-pl/gate-d-diagnostics/v16,3,150000000,3,3,3,1,1,3,150000000,"model_generation","EXECUTED",4.6592080000000005,""
uwb-imu-pl/gate-d-diagnostics/v16,3,150000000,3,3,3,1,1,3,150000000,"historical_sensitivity","EXECUTED",0.021004999999999999,""
uwb-imu-pl/gate-d-diagnostics/v16,3,150000000,3,3,3,1,1,3,150000000,"hypothesis_evidence","EXECUTED",15.223518,"effective_dimensions=1:74,2:1024,3:288,other:0;context_bytes=233168;worker_blocks=4"
uwb-imu-pl/gate-d-diagnostics/v16,3,150000000,3,3,3,1,1,3,150000000,"health_actions","EXECUTED",0.29645700000000003,""
uwb-imu-pl/gate-d-diagnostics/v16,3,150000000,3,3,3,1,1,3,150000000,"hypothesis_audit","SKIPPED",,"disabled by output.write_hypothesis_evidence"
uwb-imu-pl/gate-d-diagnostics/v16,3,150000000,3,3,3,1,1,3,150000000,"base_factorization","EXECUTED",0.032038999999999998,""
uwb-imu-pl/gate-d-diagnostics/v16,3,150000000,3,3,3,1,1,3,150000000,"shared_cache","EXECUTED",0.001343,""
uwb-imu-pl/gate-d-diagnostics/v16,3,150000000,3,3,3,1,1,3,150000000,"candidate_evaluation","EXECUTED",46.145338000000002,"rank=1;dense=0;stream_protocol=2;stream_batches=1;stream_batch_capacity=1;stream_peak_batch_actions=1;stream_peak_resident_evaluated_actions=1;stream_peak_batch_full_proofs=1;stream_retained_full_candidates=0;stream_retained_full_proofs=0;stream_full_action_heavy_copy=0;stream_complete=1;stream_fde_preproof_selected_action=0;stream_fde_preproof_status=RISK_BUDGET_INVALID;stream_main_arena_action_full_proofs=0;stream_action_proof_retention=NORMAL_TWO_PASS_O_B_PLUS_ONE;stream_winner_recompute=0;stream_winner_recompute_test_seam=0"
uwb-imu-pl/gate-d-diagnostics/v16,3,150000000,3,3,3,1,1,3,150000000,"fde_decision","EXECUTED",1.218739,""
uwb-imu-pl/gate-d-diagnostics/v16,3,150000000,3,3,3,1,1,3,150000000,"candidate_audit","EXECUTED",0.011311,"ACTION_REJECTION_FUNNEL_V2:1=REJECT_RISK_CLOSURE"
uwb-imu-pl/gate-d-diagnostics/v16,3,150000000,3,3,3,1,1,3,150000000,"commit","EXECUTED",0.57306999999999997,""
uwb-imu-pl/gate-d-diagnostics/v16,3,150000000,3,3,3,1,1,3,150000000,"state_audit","EXECUTED",0.00028200000000000002,""
uwb-imu-pl/gate-d-diagnostics/v16,3,150000000,3,3,3,1,1,3,150000000,"finalize_commit_audit","EXECUTED",0.53453600000000001,"excludes separately timed commit/discard/state audit"
uwb-imu-pl/gate-d-diagnostics/v16,3,150000000,3,3,3,1,1,3,150000000,"discard","SKIPPED",,"upstream gate did not reach stage"
uwb-imu-pl/gate-d-diagnostics/v16,3,150000000,3,3,3,1,1,3,150000000,"core_total","EXECUTED",71.097752,""
uwb-imu-pl/gate-d-diagnostics/v16,4,200000000,4,4,4,1,1,4,200000000,"prepare","EXECUTED",0.34947099999999998,""
uwb-imu-pl/gate-d-diagnostics/v16,4,200000000,4,4,4,1,1,4,200000000,"integrity_window","EXECUTED",2.824646,""
uwb-imu-pl/gate-d-diagnostics/v16,4,200000000,4,4,4,1,1,4,200000000,"window_boundary_provenance","EXECUTED",0.15166499999999999,""
uwb-imu-pl/gate-d-diagnostics/v16,4,200000000,4,4,4,1,1,4,200000000,"window_factor_linearization_whitening","EXECUTED",0.15736800000000001,""
uwb-imu-pl/gate-d-diagnostics/v16,4,200000000,4,4,4,1,1,4,200000000,"window_dense_assembly","EXECUTED",0.023726000000000001,""
uwb-imu-pl/gate-d-diagnostics/v16,4,200000000,4,4,4,1,1,4,200000000,"window_svd","EXECUTED",1.6376090000000001,""
uwb-imu-pl/gate-d-diagnostics/v16,4,200000000,4,4,4,1,1,4,200000000,"window_normal_equations","EXECUTED",0.045738000000000001,""
uwb-imu-pl/gate-d-diagnostics/v16,4,200000000,4,4,4,1,1,4,200000000,"window_llt_state_solves","EXECUTED",0.028913000000000001,""
uwb-imu-pl/gate-d-diagnostics/v16,4,200000000,4,4,4,1,1,4,200000000,"window_fingerprint","EXECUTED",0.56084199999999995,""
uwb-imu-pl/gate-d-diagnostics/v16,4,200000000,4,4,4,1,1,4,200000000,"all_in_detector","EXECUTED",0.028368999999999998,""
uwb-imu-pl/gate-d-diagnostics/v16,4,200000000,4,4,4,1,1,4,200000000,"current_sensitivity","EXECUTED",0.082609000000000002,""
uwb-imu-pl/gate-d-diagnostics/v16,4,200000000,4,4,4,1,1,4,200000000,"model_generation","EXECUTED",8.6052109999999988,""
uwb-imu-pl/gate-d-diagnostics/v16,4,200000000,4,4,4,1,1,4,200000000,"historical_sensitivity","EXECUTED",0.029791999999999999,""
uwb-imu-pl/gate-d-diagnostics/v16,4,200000000,4,4,4,1,1,4,200000000,"hypothesis_evidence","EXECUTED",29.809218000000001,"effective_dimensions=1:96,2:1752,3:576,other:0;context_bytes=407552;worker_blocks=4"
uwb-imu-pl/gate-d-diagnostics/v16,4,200000000,4,4,4,1,1,4,200000000,"health_actions","EXECUTED",0.49582399999999999,""
uwb-imu-pl/gate-d-diagnostics/v16,4,200000000,4,4,4,1,1,4,200000000,"hypothesis_audit","SKIPPED",,"disabled by output.write_hypothesis_evidence"
uwb-imu-pl/gate-d-diagnostics/v16,4,200000000,4,4,4,1,1,4,200000000,"base_factorization","EXECUTED",0.048594999999999999,""
uwb-imu-pl/gate-d-diagnostics/v16,4,200000000,4,4,4,1,1,4,200000000,"shared_cache","EXECUTED",0.0013450000000000001,""
uwb-imu-pl/gate-d-diagnostics/v16,4,200000000,4,4,4,1,1,4,200000000,"candidate_evaluation","EXECUTED",93.336243999999994,"rank=1;dense=0;stream_protocol=2;stream_batches=1;stream_batch_capacity=1;stream_peak_batch_actions=1;stream_peak_resident_evaluated_actions=1;stream_peak_batch_full_proofs=1;stream_retained_full_candidates=0;stream_retained_full_proofs=0;stream_full_action_heavy_copy=0;stream_complete=1;stream_fde_preproof_selected_action=0;stream_fde_preproof_status=RISK_BUDGET_INVALID;stream_main_arena_action_full_proofs=0;stream_action_proof_retention=NORMAL_TWO_PASS_O_B_PLUS_ONE;stream_winner_recompute=0;stream_winner_recompute_test_seam=0"
uwb-imu-pl/gate-d-diagnostics/v16,4,200000000,4,4,4,1,1,4,200000000,"fde_decision","EXECUTED",3.1387559999999999,""
uwb-imu-pl/gate-d-diagnostics/v16,4,200000000,4,4,4,1,1,4,200000000,"candidate_audit","EXECUTED",0.023386000000000001,"ACTION_REJECTION_FUNNEL_V2:1=REJECT_RISK_CLOSURE"
uwb-imu-pl/gate-d-diagnostics/v16,4,200000000,4,4,4,1,1,4,200000000,"commit","EXECUTED",0.906748,""
uwb-imu-pl/gate-d-diagnostics/v16,4,200000000,4,4,4,1,1,4,200000000,"state_audit","EXECUTED",0.00039399999999999998,""
uwb-imu-pl/gate-d-diagnostics/v16,4,200000000,4,4,4,1,1,4,200000000,"finalize_commit_audit","EXECUTED",1.2614160000000001,"excludes separately timed commit/discard/state audit"
uwb-imu-pl/gate-d-diagnostics/v16,4,200000000,4,4,4,1,1,4,200000000,"discard","SKIPPED",,"upstream gate did not reach stage"
uwb-imu-pl/gate-d-diagnostics/v16,4,200000000,4,4,4,1,1,4,200000000,"core_total","EXECUTED",141.11462900000001,""
uwb-imu-pl/gate-d-diagnostics/v16,5,250000000,5,5,5,1,1,5,250000000,"prepare","EXECUTED",0.61768299999999998,""
uwb-imu-pl/gate-d-diagnostics/v16,5,250000000,5,5,5,1,1,5,250000000,"integrity_window","EXECUTED",4.5506469999999997,""
uwb-imu-pl/gate-d-diagnostics/v16,5,250000000,5,5,5,1,1,5,250000000,"window_boundary_provenance","EXECUTED",0.21725900000000001,""
uwb-imu-pl/gate-d-diagnostics/v16,5,250000000,5,5,5,1,1,5,250000000,"window_factor_linearization_whitening","EXECUTED",0.29735499999999998,""
uwb-imu-pl/gate-d-diagnostics/v16,5,250000000,5,5,5,1,1,5,250000000,"window_dense_assembly","EXECUTED",0.026192,""
uwb-imu-pl/gate-d-diagnostics/v16,5,250000000,5,5,5,1,1,5,250000000,"window_svd","EXECUTED",2.6239530000000002,""
uwb-imu-pl/gate-d-diagnostics/v16,5,250000000,5,5,5,1,1,5,250000000,"window_normal_equations","EXECUTED",0.063580999999999999,""
uwb-imu-pl/gate-d-diagnostics/v16,5,250000000,5,5,5,1,1,5,250000000,"window_llt_state_solves","EXECUTED",0.083496000000000001,""
uwb-imu-pl/gate-d-diagnostics/v16,5,250000000,5,5,5,1,1,5,250000000,"window_fingerprint","EXECUTED",0.90815900000000005,""
uwb-imu-pl/gate-d-diagnostics/v16,5,250000000,5,5,5,1,1,5,250000000,"all_in_detector","EXECUTED",0.055343000000000003,""
uwb-imu-pl/gate-d-diagnostics/v16,5,250000000,5,5,5,1,1,5,250000000,"current_sensitivity","EXECUTED",0.183333,""
uwb-imu-pl/gate-d-diagnostics/v16,5,250000000,5,5,5,1,1,5,250000000,"model_generation","EXECUTED",16.170383000000001,""
uwb-imu-pl/gate-d-diagnostics/v16,5,250000000,5,5,5,1,1,5,250000000,"historical_sensitivity","EXECUTED",0.054931000000000001,""
uwb-imu-pl/gate-d-diagnostics/v16,5,250000000,5,5,5,1,1,5,250000000,"hypothesis_evidence","EXECUTED",53.386719999999997,"effective_dimensions=1:118,2:2672,3:960,other:0;context_bytes=630320;worker_blocks=4"
uwb-imu-pl/gate-d-diagnostics/v16,5,250000000,5,5,5,1,1,5,250000000,"health_actions","EXECUTED",1.2340690000000001,""
uwb-imu-pl/gate-d-diagnostics/v16,5,250000000,5,5,5,1,1,5,250000000,"hypothesis_audit","SKIPPED",,"disabled by output.write_hypothesis_evidence"
uwb-imu-pl/gate-d-diagnostics/v16,5,250000000,5,5,5,1,1,5,250000000,"base_factorization","EXECUTED",0.069974999999999996,""
uwb-imu-pl/gate-d-diagnostics/v16,5,250000000,5,5,5,1,1,5,250000000,"shared_cache","EXECUTED",0.0022330000000000002,""
uwb-imu-pl/gate-d-diagnostics/v16,5,250000000,5,5,5,1,1,5,250000000,"candidate_evaluation","EXECUTED",156.870881,"rank=1;dense=0;stream_protocol=2;stream_batches=1;stream_batch_capacity=1;stream_peak_batch_actions=1;stream_peak_resident_evaluated_actions=1;stream_peak_batch_full_proofs=1;stream_retained_full_candidates=0;stream_retained_full_proofs=0;stream_full_action_heavy_copy=0;stream_complete=1;stream_fde_preproof_selected_action=0;stream_fde_preproof_status=RISK_BUDGET_INVALID;stream_main_arena_action_full_proofs=0;stream_action_proof_retention=NORMAL_TWO_PASS_O_B_PLUS_ONE;stream_winner_recompute=0;stream_winner_recompute_test_seam=0"
uwb-imu-pl/gate-d-diagnostics/v16,5,250000000,5,5,5,1,1,5,250000000,"fde_decision","EXECUTED",3.8321320000000001,""
uwb-imu-pl/gate-d-diagnostics/v16,5,250000000,5,5,5,1,1,5,250000000,"candidate_audit","EXECUTED",0.042341999999999998,"ACTION_REJECTION_FUNNEL_V2:1=REJECT_RISK_CLOSURE"
uwb-imu-pl/gate-d-diagnostics/v16,5,250000000,5,5,5,1,1,5,250000000,"commit","EXECUTED",0.62423799999999996,""
uwb-imu-pl/gate-d-diagnostics/v16,5,250000000,5,5,5,1,1,5,250000000,"state_audit","EXECUTED",0.00027999999999999998,""
uwb-imu-pl/gate-d-diagnostics/v16,5,250000000,5,5,5,1,1,5,250000000,"finalize_commit_audit","EXECUTED",1.258221,"excludes separately timed commit/discard/state audit"
uwb-imu-pl/gate-d-diagnostics/v16,5,250000000,5,5,5,1,1,5,250000000,"discard","SKIPPED",,"upstream gate did not reach stage"
uwb-imu-pl/gate-d-diagnostics/v16,5,250000000,5,5,5,1,1,5,250000000,"core_total","EXECUTED",239.127523,""
uwb-imu-pl/gate-d-diagnostics/v16,6,300000000,6,6,6,1,1,6,300000000,"prepare","EXECUTED",0.57122499999999998,""
uwb-imu-pl/gate-d-diagnostics/v16,6,300000000,6,6,6,1,1,6,300000000,"integrity_window","EXECUTED",5.0439239999999996,""
uwb-imu-pl/gate-d-diagnostics/v16,6,300000000,6,6,6,1,1,6,300000000,"window_boundary_provenance","EXECUTED",0.169154,""
uwb-imu-pl/gate-d-diagnostics/v16,6,300000000,6,6,6,1,1,6,300000000,"window_factor_linearization_whitening","EXECUTED",0.231823,""
uwb-imu-pl/gate-d-diagnostics/v16,6,300000000,6,6,6,1,1,6,300000000,"window_dense_assembly","EXECUTED",0.027917999999999998,""
uwb-imu-pl/gate-d-diagnostics/v16,6,300000000,6,6,6,1,1,6,300000000,"window_svd","EXECUTED",2.9292799999999999,""
uwb-imu-pl/gate-d-diagnostics/v16,6,300000000,6,6,6,1,1,6,300000000,"window_normal_equations","EXECUTED",0.098543000000000006,""
uwb-imu-pl/gate-d-diagnostics/v16,6,300000000,6,6,6,1,1,6,300000000,"window_llt_state_solves","EXECUTED",0.048568,""
uwb-imu-pl/gate-d-diagnostics/v16,6,300000000,6,6,6,1,1,6,300000000,"window_fingerprint","EXECUTED",1.1103320000000001,""
uwb-imu-pl/gate-d-diagnostics/v16,6,300000000,6,6,6,1,1,6,300000000,"all_in_detector","EXECUTED",0.036581000000000002,""
uwb-imu-pl/gate-d-diagnostics/v16,6,300000000,6,6,6,1,1,6,300000000,"current_sensitivity","EXECUTED",0.11942700000000001,""
uwb-imu-pl/gate-d-diagnostics/v16,6,300000000,6,6,6,1,1,6,300000000,"model_generation","EXECUTED",18.857191999999998,""
uwb-imu-pl/gate-d-diagnostics/v16,6,300000000,6,6,6,1,1,6,300000000,"historical_sensitivity","EXECUTED",0.047799000000000008,""
uwb-imu-pl/gate-d-diagnostics/v16,6,300000000,6,6,6,1,1,6,300000000,"hypothesis_evidence","EXECUTED",77.494463999999994,"effective_dimensions=1:140,2:3784,3:1440,other:0;context_bytes=901472;worker_blocks=4"
uwb-imu-pl/gate-d-diagnostics/v16,6,300000000,6,6,6,1,1,6,300000000,"health_actions","EXECUTED",1.196231,""
uwb-imu-pl/gate-d-diagnostics/v16,6,300000000,6,6,6,1,1,6,300000000,"hypothesis_audit","SKIPPED",,"disabled by output.write_hypothesis_evidence"
uwb-imu-pl/gate-d-diagnostics/v16,6,300000000,6,6,6,1,1,6,300000000,"base_factorization","EXECUTED",0.150223,""
uwb-imu-pl/gate-d-diagnostics/v16,6,300000000,6,6,6,1,1,6,300000000,"shared_cache","EXECUTED",0.0024109999999999999,""
uwb-imu-pl/gate-d-diagnostics/v16,6,300000000,6,6,6,1,1,6,300000000,"candidate_evaluation","EXECUTED",250.65474699999999,"rank=1;dense=0;stream_protocol=2;stream_batches=1;stream_batch_capacity=1;stream_peak_batch_actions=1;stream_peak_resident_evaluated_actions=1;stream_peak_batch_full_proofs=1;stream_retained_full_candidates=0;stream_retained_full_proofs=0;stream_full_action_heavy_copy=0;stream_complete=1;stream_fde_preproof_selected_action=0;stream_fde_preproof_status=RISK_BUDGET_INVALID;stream_main_arena_action_full_proofs=0;stream_action_proof_retention=NORMAL_TWO_PASS_O_B_PLUS_ONE;stream_winner_recompute=0;stream_winner_recompute_test_seam=0"
uwb-imu-pl/gate-d-diagnostics/v16,6,300000000,6,6,6,1,1,6,300000000,"fde_decision","EXECUTED",4.4636550000000002,""
uwb-imu-pl/gate-d-diagnostics/v16,6,300000000,6,6,6,1,1,6,300000000,"candidate_audit","EXECUTED",0.020837000000000001,"ACTION_REJECTION_FUNNEL_V2:1=REJECT_RISK_CLOSURE"
uwb-imu-pl/gate-d-diagnostics/v16,6,300000000,6,6,6,1,1,6,300000000,"commit","EXECUTED",0.69604600000000005,""
uwb-imu-pl/gate-d-diagnostics/v16,6,300000000,6,6,6,1,1,6,300000000,"state_audit","EXECUTED",0.00029100000000000003,""
uwb-imu-pl/gate-d-diagnostics/v16,6,300000000,6,6,6,1,1,6,300000000,"finalize_commit_audit","EXECUTED",1.8853049999999998,"excludes separately timed commit/discard/state audit"
uwb-imu-pl/gate-d-diagnostics/v16,6,300000000,6,6,6,1,1,6,300000000,"discard","SKIPPED",,"upstream gate did not reach stage"
uwb-imu-pl/gate-d-diagnostics/v16,6,300000000,6,6,6,1,1,6,300000000,"core_total","EXECUTED",361.379862,""
uwb-imu-pl/gate-d-diagnostics/v16,7,350000000,7,7,7,1,1,7,350000000,"prepare","EXECUTED",0.81246399999999996,""
uwb-imu-pl/gate-d-diagnostics/v16,7,350000000,7,7,7,1,1,7,350000000,"integrity_window","EXECUTED",6.8442460000000001,""
uwb-imu-pl/gate-d-diagnostics/v16,7,350000000,7,7,7,1,1,7,350000000,"window_boundary_provenance","EXECUTED",0.205011,""
uwb-imu-pl/gate-d-diagnostics/v16,7,350000000,7,7,7,1,1,7,350000000,"window_factor_linearization_whitening","EXECUTED",0.35288900000000001,""
uwb-imu-pl/gate-d-diagnostics/v16,7,350000000,7,7,7,1,1,7,350000000,"window_dense_assembly","EXECUTED",0.041933999999999999,""
uwb-imu-pl/gate-d-diagnostics/v16,7,350000000,7,7,7,1,1,7,350000000,"window_svd","EXECUTED",3.780478,""
uwb-imu-pl/gate-d-diagnostics/v16,7,350000000,7,7,7,1,1,7,350000000,"window_normal_equations","EXECUTED",0.119716,""
uwb-imu-pl/gate-d-diagnostics/v16,7,350000000,7,7,7,1,1,7,350000000,"window_llt_state_solves","EXECUTED",0.053651999999999998,""
uwb-imu-pl/gate-d-diagnostics/v16,7,350000000,7,7,7,1,1,7,350000000,"window_fingerprint","EXECUTED",1.703279,""
uwb-imu-pl/gate-d-diagnostics/v16,7,350000000,7,7,7,1,1,7,350000000,"all_in_detector","EXECUTED",0.070111000000000007,""
uwb-imu-pl/gate-d-diagnostics/v16,7,350000000,7,7,7,1,1,7,350000000,"current_sensitivity","EXECUTED",0.26272000000000001,""
uwb-imu-pl/gate-d-diagnostics/v16,7,350000000,7,7,7,1,1,7,350000000,"model_generation","EXECUTED",34.616048999999997,""
uwb-imu-pl/gate-d-diagnostics/v16,7,350000000,7,7,7,1,1,7,350000000,"historical_sensitivity","EXECUTED",0.119658,""
uwb-imu-pl/gate-d-diagnostics/v16,7,350000000,7,7,7,1,1,7,350000000,"hypothesis_evidence","EXECUTED",120.791364,"effective_dimensions=1:162,2:5088,3:2016,other:0;context_bytes=1221008;worker_blocks=4"
uwb-imu-pl/gate-d-diagnostics/v16,7,350000000,7,7,7,1,1,7,350000000,"health_actions","EXECUTED",1.2439640000000001,""
uwb-imu-pl/gate-d-diagnostics/v16,7,350000000,7,7,7,1,1,7,350000000,"hypothesis_audit","SKIPPED",,"disabled by output.write_hypothesis_evidence"
uwb-imu-pl/gate-d-diagnostics/v16,7,350000000,7,7,7,1,1,7,350000000,"base_factorization","EXECUTED",0.101447,""
uwb-imu-pl/gate-d-diagnostics/v16,7,350000000,7,7,7,1,1,7,350000000,"shared_cache","EXECUTED",0.0014779999999999999,""
uwb-imu-pl/gate-d-diagnostics/v16,7,350000000,7,7,7,1,1,7,350000000,"candidate_evaluation","EXECUTED",367.06282900000002,"rank=1;dense=0;stream_protocol=2;stream_batches=1;stream_batch_capacity=1;stream_peak_batch_actions=1;stream_peak_resident_evaluated_actions=1;stream_peak_batch_full_proofs=1;stream_retained_full_candidates=0;stream_retained_full_proofs=0;stream_full_action_heavy_copy=0;stream_complete=1;stream_fde_preproof_selected_action=0;stream_fde_preproof_status=RISK_BUDGET_INVALID;stream_main_arena_action_full_proofs=0;stream_action_proof_retention=NORMAL_TWO_PASS_O_B_PLUS_ONE;stream_winner_recompute=0;stream_winner_recompute_test_seam=0"
uwb-imu-pl/gate-d-diagnostics/v16,7,350000000,7,7,7,1,1,7,350000000,"fde_decision","EXECUTED",6.4444470000000003,""
uwb-imu-pl/gate-d-diagnostics/v16,7,350000000,7,7,7,1,1,7,350000000,"candidate_audit","EXECUTED",0.025545999999999999,"ACTION_REJECTION_FUNNEL_V2:1=REJECT_RISK_CLOSURE"
uwb-imu-pl/gate-d-diagnostics/v16,7,350000000,7,7,7,1,1,7,350000000,"commit","EXECUTED",0.80586800000000003,""
uwb-imu-pl/gate-d-diagnostics/v16,7,350000000,7,7,7,1,1,7,350000000,"state_audit","EXECUTED",0.00042299999999999998,""
uwb-imu-pl/gate-d-diagnostics/v16,7,350000000,7,7,7,1,1,7,350000000,"finalize_commit_audit","EXECUTED",2.9051550000000002,"excludes separately timed commit/discard/state audit"
uwb-imu-pl/gate-d-diagnostics/v16,7,350000000,7,7,7,1,1,7,350000000,"discard","SKIPPED",,"upstream gate did not reach stage"
uwb-imu-pl/gate-d-diagnostics/v16,7,350000000,7,7,7,1,1,7,350000000,"core_total","EXECUTED",542.28759000000002,""
uwb-imu-pl/gate-d-diagnostics/v16,8,400000000,8,8,8,1,1,8,400000000,"prepare","EXECUTED",1.125359,""
uwb-imu-pl/gate-d-diagnostics/v16,8,400000000,8,8,8,1,1,8,400000000,"integrity_window","EXECUTED",8.3659970000000001,""
uwb-imu-pl/gate-d-diagnostics/v16,8,400000000,8,8,8,1,1,8,400000000,"window_boundary_provenance","EXECUTED",0.18659100000000001,""
uwb-imu-pl/gate-d-diagnostics/v16,8,400000000,8,8,8,1,1,8,400000000,"window_factor_linearization_whitening","EXECUTED",0.33732099999999998,""
uwb-imu-pl/gate-d-diagnostics/v16,8,400000000,8,8,8,1,1,8,400000000,"window_dense_assembly","EXECUTED",0.047398000000000003,""
uwb-imu-pl/gate-d-diagnostics/v16,8,400000000,8,8,8,1,1,8,400000000,"window_svd","EXECUTED",5.0231029999999999,""
uwb-imu-pl/gate-d-diagnostics/v16,8,400000000,8,8,8,1,1,8,400000000,"window_normal_equations","EXECUTED",0.144839,""
uwb-imu-pl/gate-d-diagnostics/v16,8,400000000,8,8,8,1,1,8,400000000,"window_llt_state_solves","EXECUTED",0.068497000000000002,""
uwb-imu-pl/gate-d-diagnostics/v16,8,400000000,8,8,8,1,1,8,400000000,"window_fingerprint","EXECUTED",1.85049,""
uwb-imu-pl/gate-d-diagnostics/v16,8,400000000,8,8,8,1,1,8,400000000,"all_in_detector","EXECUTED",0.044678000000000002,""
uwb-imu-pl/gate-d-diagnostics/v16,8,400000000,8,8,8,1,1,8,400000000,"current_sensitivity","EXECUTED",0.13846800000000001,""
uwb-imu-pl/gate-d-diagnostics/v16,8,400000000,8,8,8,1,1,8,400000000,"model_generation","EXECUTED",36.618891999999995,""
uwb-imu-pl/gate-d-diagnostics/v16,8,400000000,8,8,8,1,1,8,400000000,"historical_sensitivity","EXECUTED",0.063819000000000001,""
uwb-imu-pl/gate-d-diagnostics/v16,8,400000000,8,8,8,1,1,8,400000000,"hypothesis_evidence","EXECUTED",169.858486,"effective_dimensions=1:184,2:6584,3:2688,other:0;context_bytes=1588928;worker_blocks=4"
uwb-imu-pl/gate-d-diagnostics/v16,8,400000000,8,8,8,1,1,8,400000000,"health_actions","EXECUTED",1.921195,""
uwb-imu-pl/gate-d-diagnostics/v16,8,400000000,8,8,8,1,1,8,400000000,"hypothesis_audit","SKIPPED",,"disabled by output.write_hypothesis_evidence"
uwb-imu-pl/gate-d-diagnostics/v16,8,400000000,8,8,8,1,1,8,400000000,"base_factorization","EXECUTED",0.12856799999999999,""
uwb-imu-pl/gate-d-diagnostics/v16,8,400000000,8,8,8,1,1,8,400000000,"shared_cache","EXECUTED",0.0013060000000000001,""
uwb-imu-pl/gate-d-diagnostics/v16,8,400000000,8,8,8,1,1,8,400000000,"candidate_evaluation","EXECUTED",524.38933099999997,"rank=1;dense=0;stream_protocol=2;stream_batches=1;stream_batch_capacity=1;stream_peak_batch_actions=1;stream_peak_resident_evaluated_actions=1;stream_peak_batch_full_proofs=1;stream_retained_full_candidates=0;stream_retained_full_proofs=0;stream_full_action_heavy_copy=0;stream_complete=1;stream_fde_preproof_selected_action=0;stream_fde_preproof_status=RISK_BUDGET_INVALID;stream_main_arena_action_full_proofs=0;stream_action_proof_retention=NORMAL_TWO_PASS_O_B_PLUS_ONE;stream_winner_recompute=0;stream_winner_recompute_test_seam=0"
uwb-imu-pl/gate-d-diagnostics/v16,8,400000000,8,8,8,1,1,8,400000000,"fde_decision","EXECUTED",8.2217920000000007,""
uwb-imu-pl/gate-d-diagnostics/v16,8,400000000,8,8,8,1,1,8,400000000,"candidate_audit","EXECUTED",0.028840000000000001,"ACTION_REJECTION_FUNNEL_V2:1=REJECT_RISK_CLOSURE"
uwb-imu-pl/gate-d-diagnostics/v16,8,400000000,8,8,8,1,1,8,400000000,"commit","EXECUTED",1.000821,""
uwb-imu-pl/gate-d-diagnostics/v16,8,400000000,8,8,8,1,1,8,400000000,"state_audit","EXECUTED",0.00027999999999999998,""
uwb-imu-pl/gate-d-diagnostics/v16,8,400000000,8,8,8,1,1,8,400000000,"finalize_commit_audit","EXECUTED",3.7652549999999998,"excludes separately timed commit/discard/state audit"
uwb-imu-pl/gate-d-diagnostics/v16,8,400000000,8,8,8,1,1,8,400000000,"discard","SKIPPED",,"upstream gate did not reach stage"
uwb-imu-pl/gate-d-diagnostics/v16,8,400000000,8,8,8,1,1,8,400000000,"core_total","EXECUTED",755.86091899999997,""
uwb-imu-pl/gate-d-diagnostics/v16,9,450000000,9,9,9,1,1,9,450000000,"prepare","EXECUTED",0.864151,""
uwb-imu-pl/gate-d-diagnostics/v16,9,450000000,9,9,9,1,1,9,450000000,"integrity_window","EXECUTED",9.8879999999999999,""
uwb-imu-pl/gate-d-diagnostics/v16,9,450000000,9,9,9,1,1,9,450000000,"window_boundary_provenance","EXECUTED",0.171209,""
uwb-imu-pl/gate-d-diagnostics/v16,9,450000000,9,9,9,1,1,9,450000000,"window_factor_linearization_whitening","EXECUTED",0.36826999999999999,""
uwb-imu-pl/gate-d-diagnostics/v16,9,450000000,9,9,9,1,1,9,450000000,"window_dense_assembly","EXECUTED",0.054106000000000001,""
uwb-imu-pl/gate-d-diagnostics/v16,9,450000000,9,9,9,1,1,9,450000000,"window_svd","EXECUTED",5.9029129999999999,""
uwb-imu-pl/gate-d-diagnostics/v16,9,450000000,9,9,9,1,1,9,450000000,"window_normal_equations","EXECUTED",0.19991500000000001,""
uwb-imu-pl/gate-d-diagnostics/v16,9,450000000,9,9,9,1,1,9,450000000,"window_llt_state_solves","EXECUTED",0.085827000000000001,""
uwb-imu-pl/gate-d-diagnostics/v16,9,450000000,9,9,9,1,1,9,450000000,"window_fingerprint","EXECUTED",2.2202039999999998,""
uwb-imu-pl/gate-d-diagnostics/v16,9,450000000,9,9,9,1,1,9,450000000,"all_in_detector","EXECUTED",0.056673000000000001,""
uwb-imu-pl/gate-d-diagnostics/v16,9,450000000,9,9,9,1,1,9,450000000,"current_sensitivity","EXECUTED",0.181617,""
uwb-imu-pl/gate-d-diagnostics/v16,9,450000000,9,9,9,1,1,9,450000000,"model_generation","EXECUTED",48.554414999999999,""
uwb-imu-pl/gate-d-diagnostics/v16,9,450000000,9,9,9,1,1,9,450000000,"historical_sensitivity","EXECUTED",0.088331999999999994,""
uwb-imu-pl/gate-d-diagnostics/v16,9,450000000,9,9,9,1,1,9,450000000,"hypothesis_evidence","EXECUTED",236.172561,"effective_dimensions=1:206,2:8272,3:3456,other:0;context_bytes=2005232;worker_blocks=4"
uwb-imu-pl/gate-d-diagnostics/v16,9,450000000,9,9,9,1,1,9,450000000,"health_actions","EXECUTED",2.1847910000000001,""
uwb-imu-pl/gate-d-diagnostics/v16,9,450000000,9,9,9,1,1,9,450000000,"hypothesis_audit","SKIPPED",,"disabled by output.write_hypothesis_evidence"
uwb-imu-pl/gate-d-diagnostics/v16,9,450000000,9,9,9,1,1,9,450000000,"base_factorization","EXECUTED",0.155974,""
uwb-imu-pl/gate-d-diagnostics/v16,9,450000000,9,9,9,1,1,9,450000000,"shared_cache","EXECUTED",0.0015319999999999999,""
uwb-imu-pl/gate-d-diagnostics/v16,9,450000000,9,9,9,1,1,9,450000000,"candidate_evaluation","EXECUTED",691.53105500000004,"rank=1;dense=0;stream_protocol=2;stream_batches=1;stream_batch_capacity=1;stream_peak_batch_actions=1;stream_peak_resident_evaluated_actions=1;stream_peak_batch_full_proofs=1;stream_retained_full_candidates=0;stream_retained_full_proofs=0;stream_full_action_heavy_copy=0;stream_complete=1;stream_fde_preproof_selected_action=0;stream_fde_preproof_status=RISK_BUDGET_INVALID;stream_main_arena_action_full_proofs=0;stream_action_proof_retention=NORMAL_TWO_PASS_O_B_PLUS_ONE;stream_winner_recompute=0;stream_winner_recompute_test_seam=0"
uwb-imu-pl/gate-d-diagnostics/v16,9,450000000,9,9,9,1,1,9,450000000,"fde_decision","EXECUTED",10.623073,""
uwb-imu-pl/gate-d-diagnostics/v16,9,450000000,9,9,9,1,1,9,450000000,"candidate_audit","EXECUTED",0.030882,"ACTION_REJECTION_FUNNEL_V2:1=REJECT_RISK_CLOSURE"
uwb-imu-pl/gate-d-diagnostics/v16,9,450000000,9,9,9,1,1,9,450000000,"commit","EXECUTED",0.94253399999999998,""
uwb-imu-pl/gate-d-diagnostics/v16,9,450000000,9,9,9,1,1,9,450000000,"state_audit","EXECUTED",0.000426,""
uwb-imu-pl/gate-d-diagnostics/v16,9,450000000,9,9,9,1,1,9,450000000,"finalize_commit_audit","EXECUTED",5.1323029999999994,"excludes separately timed commit/discard/state audit"
uwb-imu-pl/gate-d-diagnostics/v16,9,450000000,9,9,9,1,1,9,450000000,"discard","SKIPPED",,"upstream gate did not reach stage"
uwb-imu-pl/gate-d-diagnostics/v16,9,450000000,9,9,9,1,1,9,450000000,"core_total","EXECUTED",1006.635686,""
uwb-imu-pl/gate-d-diagnostics/v16,10,500000000,10,10,10,1,1,10,500000000,"prepare","EXECUTED",0.96067199999999997,""
uwb-imu-pl/gate-d-diagnostics/v16,10,500000000,10,10,10,1,1,10,500000000,"integrity_window","EXECUTED",12.315963,""
uwb-imu-pl/gate-d-diagnostics/v16,10,500000000,10,10,10,1,1,10,500000000,"window_boundary_provenance","EXECUTED",0.17824899999999999,""
uwb-imu-pl/gate-d-diagnostics/v16,10,500000000,10,10,10,1,1,10,500000000,"window_factor_linearization_whitening","EXECUTED",0.46350400000000003,""
uwb-imu-pl/gate-d-diagnostics/v16,10,500000000,10,10,10,1,1,10,500000000,"window_dense_assembly","EXECUTED",0.066233,""
uwb-imu-pl/gate-d-diagnostics/v16,10,500000000,10,10,10,1,1,10,500000000,"window_svd","EXECUTED",7.3282080000000001,""
uwb-imu-pl/gate-d-diagnostics/v16,10,500000000,10,10,10,1,1,10,500000000,"window_normal_equations","EXECUTED",0.25691999999999998,""
uwb-imu-pl/gate-d-diagnostics/v16,10,500000000,10,10,10,1,1,10,500000000,"window_llt_state_solves","EXECUTED",0.10206999999999999,""
uwb-imu-pl/gate-d-diagnostics/v16,10,500000000,10,10,10,1,1,10,500000000,"window_fingerprint","EXECUTED",2.8407119999999999,""
uwb-imu-pl/gate-d-diagnostics/v16,10,500000000,10,10,10,1,1,10,500000000,"all_in_detector","EXECUTED",0.071374999999999994,""
uwb-imu-pl/gate-d-diagnostics/v16,10,500000000,10,10,10,1,1,10,500000000,"current_sensitivity","EXECUTED",0.26077600000000001,""
uwb-imu-pl/gate-d-diagnostics/v16,10,500000000,10,10,10,1,1,10,500000000,"model_generation","EXECUTED",59.746518999999999,""
uwb-imu-pl/gate-d-diagnostics/v16,10,500000000,10,10,10,1,1,10,500000000,"historical_sensitivity","EXECUTED",0.099367000000000011,""
uwb-imu-pl/gate-d-diagnostics/v16,10,500000000,10,10,10,1,1,10,500000000,"hypothesis_evidence","EXECUTED",300.99145199999998,"effective_dimensions=1:228,2:10152,3:4320,other:0;context_bytes=2469920;worker_blocks=4"
uwb-imu-pl/gate-d-diagnostics/v16,10,500000000,10,10,10,1,1,10,500000000,"health_actions","EXECUTED",2.7617690000000001,""
uwb-imu-pl/gate-d-diagnostics/v16,10,500000000,10,10,10,1,1,10,500000000,"hypothesis_audit","SKIPPED",,"disabled by output.write_hypothesis_evidence"
uwb-imu-pl/gate-d-diagnostics/v16,10,500000000,10,10,10,1,1,10,500000000,"base_factorization","EXECUTED",0.186279,""
uwb-imu-pl/gate-d-diagnostics/v16,10,500000000,10,10,10,1,1,10,500000000,"shared_cache","EXECUTED",0.0012229999999999999,""
uwb-imu-pl/gate-d-diagnostics/v16,10,500000000,10,10,10,1,1,10,500000000,"candidate_evaluation","EXECUTED",904.13821199999995,"rank=1;dense=0;stream_protocol=2;stream_batches=1;stream_batch_capacity=1;stream_peak_batch_actions=1;stream_peak_resident_evaluated_actions=1;stream_peak_batch_full_proofs=1;stream_retained_full_candidates=0;stream_retained_full_proofs=0;stream_full_action_heavy_copy=0;stream_complete=1;stream_fde_preproof_selected_action=0;stream_fde_preproof_status=RISK_BUDGET_INVALID;stream_main_arena_action_full_proofs=0;stream_action_proof_retention=NORMAL_TWO_PASS_O_B_PLUS_ONE;stream_winner_recompute=0;stream_winner_recompute_test_seam=0"
uwb-imu-pl/gate-d-diagnostics/v16,10,500000000,10,10,10,1,1,10,500000000,"fde_decision","EXECUTED",13.062344,""
uwb-imu-pl/gate-d-diagnostics/v16,10,500000000,10,10,10,1,1,10,500000000,"candidate_audit","EXECUTED",0.032238000000000003,"ACTION_REJECTION_FUNNEL_V2:1=REJECT_RISK_CLOSURE"
uwb-imu-pl/gate-d-diagnostics/v16,10,500000000,10,10,10,1,1,10,500000000,"commit","EXECUTED",0.91207199999999999,""
uwb-imu-pl/gate-d-diagnostics/v16,10,500000000,10,10,10,1,1,10,500000000,"state_audit","EXECUTED",0.00033,""
uwb-imu-pl/gate-d-diagnostics/v16,10,500000000,10,10,10,1,1,10,500000000,"finalize_commit_audit","EXECUTED",5.506418,"excludes separately timed commit/discard/state audit"
uwb-imu-pl/gate-d-diagnostics/v16,10,500000000,10,10,10,1,1,10,500000000,"discard","SKIPPED",,"upstream gate did not reach stage"
uwb-imu-pl/gate-d-diagnostics/v16,10,500000000,10,10,10,1,1,10,500000000,"core_total","EXECUTED",1301.2752539999999,""
uwb-imu-pl/gate-d-diagnostics/v16,11,550000000,11,11,11,1,1,11,550000000,"prepare","EXECUTED",1.4949460000000001,""
uwb-imu-pl/gate-d-diagnostics/v16,11,550000000,11,11,11,1,1,11,550000000,"integrity_window","EXECUTED",15.255834,""
uwb-imu-pl/gate-d-diagnostics/v16,11,550000000,11,11,11,1,1,11,550000000,"window_boundary_provenance","EXECUTED",0.67495499999999997,""
uwb-imu-pl/gate-d-diagnostics/v16,11,550000000,11,11,11,1,1,11,550000000,"window_factor_linearization_whitening","EXECUTED",0.88656000000000001,""
uwb-imu-pl/gate-d-diagnostics/v16,11,550000000,11,11,11,1,1,11,550000000,"window_dense_assembly","EXECUTED",0.115429,""
uwb-imu-pl/gate-d-diagnostics/v16,11,550000000,11,11,11,1,1,11,550000000,"window_svd","EXECUTED",8.8572050000000004,""
uwb-imu-pl/gate-d-diagnostics/v16,11,550000000,11,11,11,1,1,11,550000000,"window_normal_equations","EXECUTED",0.27651399999999998,""
uwb-imu-pl/gate-d-diagnostics/v16,11,550000000,11,11,11,1,1,11,550000000,"window_llt_state_solves","EXECUTED",0.12640000000000001,""
uwb-imu-pl/gate-d-diagnostics/v16,11,550000000,11,11,11,1,1,11,550000000,"window_fingerprint","EXECUTED",3.1348989999999999,""
uwb-imu-pl/gate-d-diagnostics/v16,11,550000000,11,11,11,1,1,11,550000000,"all_in_detector","EXECUTED",0.070872000000000004,""
uwb-imu-pl/gate-d-diagnostics/v16,11,550000000,11,11,11,1,1,11,550000000,"current_sensitivity","EXECUTED",0.25781900000000002,""
uwb-imu-pl/gate-d-diagnostics/v16,11,550000000,11,11,11,1,1,11,550000000,"model_generation","EXECUTED",69.285146999999995,""
uwb-imu-pl/gate-d-diagnostics/v16,11,550000000,11,11,11,1,1,11,550000000,"historical_sensitivity","EXECUTED",0.119494,""
uwb-imu-pl/gate-d-diagnostics/v16,11,550000000,11,11,11,1,1,11,550000000,"hypothesis_evidence","EXECUTED",351.21393799999998,"effective_dimensions=1:244,2:11120,3:4800,other:0;context_bytes=2715872;worker_blocks=4"
uwb-imu-pl/gate-d-diagnostics/v16,11,550000000,11,11,11,1,1,11,550000000,"health_actions","EXECUTED",2.9978280000000002,""
uwb-imu-pl/gate-d-diagnostics/v16,11,550000000,11,11,11,1,1,11,550000000,"hypothesis_audit","SKIPPED",,"disabled by output.write_hypothesis_evidence"
uwb-imu-pl/gate-d-diagnostics/v16,11,550000000,11,11,11,1,1,11,550000000,"base_factorization","EXECUTED",0.18859600000000001,""
uwb-imu-pl/gate-d-diagnostics/v16,11,550000000,11,11,11,1,1,11,550000000,"shared_cache","EXECUTED",0.0013910000000000001,""
uwb-imu-pl/gate-d-diagnostics/v16,11,550000000,11,11,11,1,1,11,550000000,"candidate_evaluation","EXECUTED",1000.940171,"rank=1;dense=0;stream_protocol=2;stream_batches=1;stream_batch_capacity=1;stream_peak_batch_actions=1;stream_peak_resident_evaluated_actions=1;stream_peak_batch_full_proofs=1;stream_retained_full_candidates=0;stream_retained_full_proofs=0;stream_full_action_heavy_copy=0;stream_complete=1;stream_fde_preproof_selected_action=0;stream_fde_preproof_status=RISK_BUDGET_INVALID;stream_main_arena_action_full_proofs=0;stream_action_proof_retention=NORMAL_TWO_PASS_O_B_PLUS_ONE;stream_winner_recompute=0;stream_winner_recompute_test_seam=0"
uwb-imu-pl/gate-d-diagnostics/v16,11,550000000,11,11,11,1,1,11,550000000,"fde_decision","EXECUTED",14.777862000000001,""
uwb-imu-pl/gate-d-diagnostics/v16,11,550000000,11,11,11,1,1,11,550000000,"candidate_audit","EXECUTED",0.043550999999999999,"ACTION_REJECTION_FUNNEL_V2:1=REJECT_RISK_CLOSURE"
uwb-imu-pl/gate-d-diagnostics/v16,11,550000000,11,11,11,1,1,11,550000000,"commit","EXECUTED",0.950013,""
uwb-imu-pl/gate-d-diagnostics/v16,11,550000000,11,11,11,1,1,11,550000000,"state_audit","EXECUTED",0.000231,""
uwb-imu-pl/gate-d-diagnostics/v16,11,550000000,11,11,11,1,1,11,550000000,"finalize_commit_audit","EXECUTED",5.7368200000000007,"excludes separately timed commit/discard/state audit"
uwb-imu-pl/gate-d-diagnostics/v16,11,550000000,11,11,11,1,1,11,550000000,"discard","SKIPPED",,"upstream gate did not reach stage"
uwb-imu-pl/gate-d-diagnostics/v16,11,550000000,11,11,11,1,1,11,550000000,"core_total","EXECUTED",1463.599653,""
uwb-imu-pl/gate-d-diagnostics/v16,12,600000000,12,12,12,1,1,12,600000000,"prepare","EXECUTED",1.098352,""
uwb-imu-pl/gate-d-diagnostics/v16,12,600000000,12,12,12,1,1,12,600000000,"integrity_window","EXECUTED",15.713796,""
uwb-imu-pl/gate-d-diagnostics/v16,12,600000000,12,12,12,1,1,12,600000000,"window_boundary_provenance","EXECUTED",1.563312,""
uwb-imu-pl/gate-d-diagnostics/v16,12,600000000,12,12,12,1,1,12,600000000,"window_factor_linearization_whitening","EXECUTED",0.53805400000000003,""
uwb-imu-pl/gate-d-diagnostics/v16,12,600000000,12,12,12,1,1,12,600000000,"window_dense_assembly","EXECUTED",0.084483000000000003,""
uwb-imu-pl/gate-d-diagnostics/v16,12,600000000,12,12,12,1,1,12,600000000,"window_svd","EXECUTED",8.4699259999999992,""
uwb-imu-pl/gate-d-diagnostics/v16,12,600000000,12,12,12,1,1,12,600000000,"window_normal_equations","EXECUTED",0.33331100000000002,""
uwb-imu-pl/gate-d-diagnostics/v16,12,600000000,12,12,12,1,1,12,600000000,"window_llt_state_solves","EXECUTED",0.19925000000000001,""
uwb-imu-pl/gate-d-diagnostics/v16,12,600000000,12,12,12,1,1,12,600000000,"window_fingerprint","EXECUTED",3.3745500000000002,""
uwb-imu-pl/gate-d-diagnostics/v16,12,600000000,12,12,12,1,1,12,600000000,"all_in_detector","EXECUTED",0.104725,""
uwb-imu-pl/gate-d-diagnostics/v16,12,600000000,12,12,12,1,1,12,600000000,"current_sensitivity","EXECUTED",0.42836000000000002,""
uwb-imu-pl/gate-d-diagnostics/v16,12,600000000,12,12,12,1,1,12,600000000,"model_generation","EXECUTED",89.413225999999995,""
uwb-imu-pl/gate-d-diagnostics/v16,12,600000000,12,12,12,1,1,12,600000000,"historical_sensitivity","EXECUTED",0.13261500000000001,""
uwb-imu-pl/gate-d-diagnostics/v16,12,600000000,12,12,12,1,1,12,600000000,"hypothesis_evidence","EXECUTED",425.26943599999998,"effective_dimensions=1:266,2:13288,3:5808,other:0;context_bytes=3253136;worker_blocks=4"
uwb-imu-pl/gate-d-diagnostics/v16,12,600000000,12,12,12,1,1,12,600000000,"health_actions","EXECUTED",3.4694980000000002,""
uwb-imu-pl/gate-d-diagnostics/v16,12,600000000,12,12,12,1,1,12,600000000,"hypothesis_audit","SKIPPED",,"disabled by output.write_hypothesis_evidence"
uwb-imu-pl/gate-d-diagnostics/v16,12,600000000,12,12,12,1,1,12,600000000,"base_factorization","EXECUTED",0.189918,""
uwb-imu-pl/gate-d-diagnostics/v16,12,600000000,12,12,12,1,1,12,600000000,"shared_cache","EXECUTED",0.0013359999999999999,""
uwb-imu-pl/gate-d-diagnostics/v16,12,600000000,12,12,12,1,1,12,600000000,"candidate_evaluation","EXECUTED",169.51995700000001,"rank=1;dense=0;stream_protocol=2;stream_batches=1;stream_batch_capacity=1;stream_peak_batch_actions=1;stream_peak_resident_evaluated_actions=1;stream_peak_batch_full_proofs=0;stream_retained_full_candidates=0;stream_retained_full_proofs=0;stream_full_action_heavy_copy=0;stream_complete=1;stream_fde_preproof_selected_action=0;stream_fde_preproof_status=NO_VALID_CANDIDATE;stream_main_arena_action_full_proofs=0;stream_action_proof_retention=NORMAL_TWO_PASS_O_B_PLUS_ONE;stream_winner_recompute=0;stream_winner_recompute_test_seam=0"
uwb-imu-pl/gate-d-diagnostics/v16,12,600000000,12,12,12,1,1,12,600000000,"fde_decision","EXECUTED",7.3280940000000001,""
uwb-imu-pl/gate-d-diagnostics/v16,12,600000000,12,12,12,1,1,12,600000000,"candidate_audit","EXECUTED",0.029846999999999999,"ACTION_REJECTION_FUNNEL_V2:1=REJECT_PL"
uwb-imu-pl/gate-d-diagnostics/v16,12,600000000,12,12,12,1,1,12,600000000,"commit","EXECUTED",0.99001600000000001,""
uwb-imu-pl/gate-d-diagnostics/v16,12,600000000,12,12,12,1,1,12,600000000,"state_audit","EXECUTED",0.00042299999999999998,""
uwb-imu-pl/gate-d-diagnostics/v16,12,600000000,12,12,12,1,1,12,600000000,"finalize_commit_audit","EXECUTED",7.9065019999999997,"excludes separately timed commit/discard/state audit"
uwb-imu-pl/gate-d-diagnostics/v16,12,600000000,12,12,12,1,1,12,600000000,"discard","SKIPPED",,"upstream gate did not reach stage"
uwb-imu-pl/gate-d-diagnostics/v16,12,600000000,12,12,12,1,1,12,600000000,"core_total","EXECUTED",721.91590799999994,""
uwb-imu-pl/gate-d-diagnostics/v16,13,650000000,13,13,13,1,1,13,650000000,"prepare","EXECUTED",1.138042,""
uwb-imu-pl/gate-d-diagnostics/v16,13,650000000,13,13,13,1,1,13,650000000,"integrity_window","EXECUTED",17.434469,""
uwb-imu-pl/gate-d-diagnostics/v16,13,650000000,13,13,13,1,1,13,650000000,"window_boundary_provenance","EXECUTED",4.4398869999999997,""
uwb-imu-pl/gate-d-diagnostics/v16,13,650000000,13,13,13,1,1,13,650000000,"window_factor_linearization_whitening","EXECUTED",0.54822499999999996,""
uwb-imu-pl/gate-d-diagnostics/v16,13,650000000,13,13,13,1,1,13,650000000,"window_dense_assembly","EXECUTED",0.069093000000000002,""
uwb-imu-pl/gate-d-diagnostics/v16,13,650000000,13,13,13,1,1,13,650000000,"window_svd","EXECUTED",7.8698810000000003,""
uwb-imu-pl/gate-d-diagnostics/v16,13,650000000,13,13,13,1,1,13,650000000,"window_normal_equations","EXECUTED",0.30466900000000002,""
uwb-imu-pl/gate-d-diagnostics/v16,13,650000000,13,13,13,1,1,13,650000000,"window_llt_state_solves","EXECUTED",0.101878,""
uwb-imu-pl/gate-d-diagnostics/v16,13,650000000,13,13,13,1,1,13,650000000,"window_fingerprint","EXECUTED",2.9686819999999998,""
uwb-imu-pl/gate-d-diagnostics/v16,13,650000000,13,13,13,1,1,13,650000000,"all_in_detector","EXECUTED",0.073457999999999996,""
uwb-imu-pl/gate-d-diagnostics/v16,13,650000000,13,13,13,1,1,13,650000000,"current_sensitivity","EXECUTED",0.29017399999999999,""
uwb-imu-pl/gate-d-diagnostics/v16,13,650000000,13,13,13,1,1,13,650000000,"model_generation","EXECUTED",101.75035099999999,""
uwb-imu-pl/gate-d-diagnostics/v16,13,650000000,13,13,13,1,1,13,650000000,"historical_sensitivity","EXECUTED",0.11038800000000001,""
uwb-imu-pl/gate-d-diagnostics/v16,13,650000000,13,13,13,1,1,13,650000000,"hypothesis_evidence","EXECUTED",523.56305999999995,"effective_dimensions=1:288,2:15648,3:6912,other:0;context_bytes=3838784;worker_blocks=4"
uwb-imu-pl/gate-d-diagnostics/v16,13,650000000,13,13,13,1,1,13,650000000,"health_actions","EXECUTED",4.0334190000000003,""
uwb-imu-pl/gate-d-diagnostics/v16,13,650000000,13,13,13,1,1,13,650000000,"hypothesis_audit","SKIPPED",,"disabled by output.write_hypothesis_evidence"
uwb-imu-pl/gate-d-diagnostics/v16,13,650000000,13,13,13,1,1,13,650000000,"base_factorization","EXECUTED",0.196551,""
uwb-imu-pl/gate-d-diagnostics/v16,13,650000000,13,13,13,1,1,13,650000000,"shared_cache","EXECUTED",0.001268,""
uwb-imu-pl/gate-d-diagnostics/v16,13,650000000,13,13,13,1,1,13,650000000,"candidate_evaluation","EXECUTED",198.58061900000001,"rank=1;dense=0;stream_protocol=2;stream_batches=1;stream_batch_capacity=1;stream_peak_batch_actions=1;stream_peak_resident_evaluated_actions=1;stream_peak_batch_full_proofs=0;stream_retained_full_candidates=0;stream_retained_full_proofs=0;stream_full_action_heavy_copy=0;stream_complete=1;stream_fde_preproof_selected_action=0;stream_fde_preproof_status=NO_VALID_CANDIDATE;stream_main_arena_action_full_proofs=0;stream_action_proof_retention=NORMAL_TWO_PASS_O_B_PLUS_ONE;stream_winner_recompute=0;stream_winner_recompute_test_seam=0"
uwb-imu-pl/gate-d-diagnostics/v16,13,650000000,13,13,13,1,1,13,650000000,"fde_decision","EXECUTED",8.7867859999999993,""
uwb-imu-pl/gate-d-diagnostics/v16,13,650000000,13,13,13,1,1,13,650000000,"candidate_audit","EXECUTED",0.030624999999999999,"ACTION_REJECTION_FUNNEL_V2:1=REJECT_PL"
uwb-imu-pl/gate-d-diagnostics/v16,13,650000000,13,13,13,1,1,13,650000000,"commit","EXECUTED",1.2105189999999999,""
uwb-imu-pl/gate-d-diagnostics/v16,13,650000000,13,13,13,1,1,13,650000000,"state_audit","EXECUTED",0.00040000000000000002,""
uwb-imu-pl/gate-d-diagnostics/v16,13,650000000,13,13,13,1,1,13,650000000,"finalize_commit_audit","EXECUTED",9.5184669999999993,"excludes separately timed commit/discard/state audit"
uwb-imu-pl/gate-d-diagnostics/v16,13,650000000,13,13,13,1,1,13,650000000,"discard","SKIPPED",,"upstream gate did not reach stage"
uwb-imu-pl/gate-d-diagnostics/v16,13,650000000,13,13,13,1,1,13,650000000,"core_total","EXECUTED",867.08135400000003,""
uwb-imu-pl/gate-d-diagnostics/v16,14,700000000,14,14,14,1,1,14,700000000,"prepare","EXECUTED",1.3276330000000001,""
uwb-imu-pl/gate-d-diagnostics/v16,14,700000000,14,14,14,1,1,14,700000000,"integrity_window","EXECUTED",23.634996000000001,""
uwb-imu-pl/gate-d-diagnostics/v16,14,700000000,14,14,14,1,1,14,700000000,"window_boundary_provenance","EXECUTED",11.017592,""
uwb-imu-pl/gate-d-diagnostics/v16,14,700000000,14,14,14,1,1,14,700000000,"window_factor_linearization_whitening","EXECUTED",0.63254600000000005,""
uwb-imu-pl/gate-d-diagnostics/v16,14,700000000,14,14,14,1,1,14,700000000,"window_dense_assembly","EXECUTED",0.098582000000000003,""
uwb-imu-pl/gate-d-diagnostics/v16,14,700000000,14,14,14,1,1,14,700000000,"window_svd","EXECUTED",7.317412,""
uwb-imu-pl/gate-d-diagnostics/v16,14,700000000,14,14,14,1,1,14,700000000,"window_normal_equations","EXECUTED",0.28186699999999998,""
uwb-imu-pl/gate-d-diagnostics/v16,14,700000000,14,14,14,1,1,14,700000000,"window_llt_state_solves","EXECUTED",0.116687,""
uwb-imu-pl/gate-d-diagnostics/v16,14,700000000,14,14,14,1,1,14,700000000,"window_fingerprint","EXECUTED",3.0307849999999998,""
uwb-imu-pl/gate-d-diagnostics/v16,14,700000000,14,14,14,1,1,14,700000000,"all_in_detector","EXECUTED",0.081322000000000005,""
uwb-imu-pl/gate-d-diagnostics/v16,14,700000000,14,14,14,1,1,14,700000000,"current_sensitivity","EXECUTED",0.25115300000000002,""
uwb-imu-pl/gate-d-diagnostics/v16,14,700000000,14,14,14,1,1,14,700000000,"model_generation","EXECUTED",120.56643700000001,""
uwb-imu-pl/gate-d-diagnostics/v16,14,700000000,14,14,14,1,1,14,700000000,"historical_sensitivity","EXECUTED",0.10652300000000001,""
uwb-imu-pl/gate-d-diagnostics/v16,14,700000000,14,14,14,1,1,14,700000000,"hypothesis_evidence","EXECUTED",645.75676499999997,"effective_dimensions=1:310,2:18200,3:8112,other:0;context_bytes=4472816;worker_blocks=4"
uwb-imu-pl/gate-d-diagnostics/v16,14,700000000,14,14,14,1,1,14,700000000,"health_actions","EXECUTED",4.7722119999999997,""
uwb-imu-pl/gate-d-diagnostics/v16,14,700000000,14,14,14,1,1,14,700000000,"hypothesis_audit","SKIPPED",,"disabled by output.write_hypothesis_evidence"
uwb-imu-pl/gate-d-diagnostics/v16,14,700000000,14,14,14,1,1,14,700000000,"base_factorization","EXECUTED",0.202214,""
uwb-imu-pl/gate-d-diagnostics/v16,14,700000000,14,14,14,1,1,14,700000000,"shared_cache","EXECUTED",0.001467,""
uwb-imu-pl/gate-d-diagnostics/v16,14,700000000,14,14,14,1,1,14,700000000,"candidate_evaluation","EXECUTED",218.97758400000001,"rank=1;dense=0;stream_protocol=2;stream_batches=1;stream_batch_capacity=1;stream_peak_batch_actions=1;stream_peak_resident_evaluated_actions=1;stream_peak_batch_full_proofs=0;stream_retained_full_candidates=0;stream_retained_full_proofs=0;stream_full_action_heavy_copy=0;stream_complete=1;stream_fde_preproof_selected_action=0;stream_fde_preproof_status=NO_VALID_CANDIDATE;stream_main_arena_action_full_proofs=0;stream_action_proof_retention=NORMAL_TWO_PASS_O_B_PLUS_ONE;stream_winner_recompute=0;stream_winner_recompute_test_seam=0"
uwb-imu-pl/gate-d-diagnostics/v16,14,700000000,14,14,14,1,1,14,700000000,"fde_decision","EXECUTED",9.9187379999999994,""
uwb-imu-pl/gate-d-diagnostics/v16,14,700000000,14,14,14,1,1,14,700000000,"candidate_audit","EXECUTED",0.031209000000000001,"ACTION_REJECTION_FUNNEL_V2:1=REJECT_PL"
uwb-imu-pl/gate-d-diagnostics/v16,14,700000000,14,14,14,1,1,14,700000000,"commit","EXECUTED",1.232909,""
uwb-imu-pl/gate-d-diagnostics/v16,14,700000000,14,14,14,1,1,14,700000000,"state_audit","EXECUTED",0.00042499999999999998,""
uwb-imu-pl/gate-d-diagnostics/v16,14,700000000,14,14,14,1,1,14,700000000,"finalize_commit_audit","EXECUTED",11.069554,"excludes separately timed commit/discard/state audit"
uwb-imu-pl/gate-d-diagnostics/v16,14,700000000,14,14,14,1,1,14,700000000,"discard","SKIPPED",,"upstream gate did not reach stage"
uwb-imu-pl/gate-d-diagnostics/v16,14,700000000,14,14,14,1,1,14,700000000,"core_total","EXECUTED",1038.3130100000001,""
uwb-imu-pl/gate-d-diagnostics/v16,15,750000000,15,15,15,1,1,15,750000000,"prepare","EXECUTED",1.268686,""
uwb-imu-pl/gate-d-diagnostics/v16,15,750000000,15,15,15,1,1,15,750000000,"integrity_window","EXECUTED",36.166390999999997,""
uwb-imu-pl/gate-d-diagnostics/v16,15,750000000,15,15,15,1,1,15,750000000,"window_boundary_provenance","EXECUTED",22.064181999999999,""
uwb-imu-pl/gate-d-diagnostics/v16,15,750000000,15,15,15,1,1,15,750000000,"window_factor_linearization_whitening","EXECUTED",0.79079500000000003,""
uwb-imu-pl/gate-d-diagnostics/v16,15,750000000,15,15,15,1,1,15,750000000,"window_dense_assembly","EXECUTED",0.101232,""
uwb-imu-pl/gate-d-diagnostics/v16,15,750000000,15,15,15,1,1,15,750000000,"window_svd","EXECUTED",8.4137959999999996,""
uwb-imu-pl/gate-d-diagnostics/v16,15,750000000,15,15,15,1,1,15,750000000,"window_normal_equations","EXECUTED",0.32309900000000003,""
uwb-imu-pl/gate-d-diagnostics/v16,15,750000000,15,15,15,1,1,15,750000000,"window_llt_state_solves","EXECUTED",0.10786999999999999,""
uwb-imu-pl/gate-d-diagnostics/v16,15,750000000,15,15,15,1,1,15,750000000,"window_fingerprint","EXECUTED",3.1636660000000001,""
uwb-imu-pl/gate-d-diagnostics/v16,15,750000000,15,15,15,1,1,15,750000000,"all_in_detector","EXECUTED",0.094303999999999999,""
uwb-imu-pl/gate-d-diagnostics/v16,15,750000000,15,15,15,1,1,15,750000000,"current_sensitivity","EXECUTED",0.361317,""
uwb-imu-pl/gate-d-diagnostics/v16,15,750000000,15,15,15,1,1,15,750000000,"model_generation","EXECUTED",157.933896,""
uwb-imu-pl/gate-d-diagnostics/v16,15,750000000,15,15,15,1,1,15,750000000,"historical_sensitivity","EXECUTED",0.171153,""
uwb-imu-pl/gate-d-diagnostics/v16,15,750000000,15,15,15,1,1,15,750000000,"hypothesis_evidence","EXECUTED",741.63465599999995,"effective_dimensions=1:332,2:20944,3:9408,other:0;context_bytes=5155232;worker_blocks=4"
uwb-imu-pl/gate-d-diagnostics/v16,15,750000000,15,15,15,1,1,15,750000000,"health_actions","EXECUTED",5.8760399999999997,""
uwb-imu-pl/gate-d-diagnostics/v16,15,750000000,15,15,15,1,1,15,750000000,"hypothesis_audit","SKIPPED",,"disabled by output.write_hypothesis_evidence"
uwb-imu-pl/gate-d-diagnostics/v16,15,750000000,15,15,15,1,1,15,750000000,"base_factorization","EXECUTED",0.26109500000000002,""
uwb-imu-pl/gate-d-diagnostics/v16,15,750000000,15,15,15,1,1,15,750000000,"shared_cache","EXECUTED",0.002477,""
uwb-imu-pl/gate-d-diagnostics/v16,15,750000000,15,15,15,1,1,15,750000000,"candidate_evaluation","EXECUTED",246.92992599999999,"rank=1;dense=0;stream_protocol=2;stream_batches=1;stream_batch_capacity=1;stream_peak_batch_actions=1;stream_peak_resident_evaluated_actions=1;stream_peak_batch_full_proofs=0;stream_retained_full_candidates=0;stream_retained_full_proofs=0;stream_full_action_heavy_copy=0;stream_complete=1;stream_fde_preproof_selected_action=0;stream_fde_preproof_status=NO_VALID_CANDIDATE;stream_main_arena_action_full_proofs=0;stream_action_proof_retention=NORMAL_TWO_PASS_O_B_PLUS_ONE;stream_winner_recompute=0;stream_winner_recompute_test_seam=0"
uwb-imu-pl/gate-d-diagnostics/v16,15,750000000,15,15,15,1,1,15,750000000,"fde_decision","EXECUTED",13.390272,""
uwb-imu-pl/gate-d-diagnostics/v16,15,750000000,15,15,15,1,1,15,750000000,"candidate_audit","EXECUTED",0.040689000000000003,"ACTION_REJECTION_FUNNEL_V2:1=REJECT_PL"
uwb-imu-pl/gate-d-diagnostics/v16,15,750000000,15,15,15,1,1,15,750000000,"commit","EXECUTED",1.8957139999999999,""
uwb-imu-pl/gate-d-diagnostics/v16,15,750000000,15,15,15,1,1,15,750000000,"state_audit","EXECUTED",0.00043600000000000003,""
uwb-imu-pl/gate-d-diagnostics/v16,15,750000000,15,15,15,1,1,15,750000000,"finalize_commit_audit","EXECUTED",13.20819,"excludes separately timed commit/discard/state audit"
uwb-imu-pl/gate-d-diagnostics/v16,15,750000000,15,15,15,1,1,15,750000000,"discard","SKIPPED",,"upstream gate did not reach stage"
uwb-imu-pl/gate-d-diagnostics/v16,15,750000000,15,15,15,1,1,15,750000000,"core_total","EXECUTED",1219.648602,""
uwb-imu-pl/gate-d-diagnostics/v16,16,800000000,16,16,16,1,1,16,800000000,"prepare","EXECUTED",1.3905460000000001,""
uwb-imu-pl/gate-d-diagnostics/v16,16,800000000,16,16,16,1,1,16,800000000,"integrity_window","EXECUTED",56.289682999999997,""
uwb-imu-pl/gate-d-diagnostics/v16,16,800000000,16,16,16,1,1,16,800000000,"window_boundary_provenance","EXECUTED",42.383944,""
uwb-imu-pl/gate-d-diagnostics/v16,16,800000000,16,16,16,1,1,16,800000000,"window_factor_linearization_whitening","EXECUTED",0.83756399999999998,""
uwb-imu-pl/gate-d-diagnostics/v16,16,800000000,16,16,16,1,1,16,800000000,"window_dense_assembly","EXECUTED",0.15590899999999999,""
uwb-imu-pl/gate-d-diagnostics/v16,16,800000000,16,16,16,1,1,16,800000000,"window_svd","EXECUTED",8.0703060000000004,""
uwb-imu-pl/gate-d-diagnostics/v16,16,800000000,16,16,16,1,1,16,800000000,"window_normal_equations","EXECUTED",0.29653499999999999,""
uwb-imu-pl/gate-d-diagnostics/v16,16,800000000,16,16,16,1,1,16,800000000,"window_llt_state_solves","EXECUTED",0.10273500000000001,""
uwb-imu-pl/gate-d-diagnostics/v16,16,800000000,16,16,16,1,1,16,800000000,"window_fingerprint","EXECUTED",3.2457760000000002,""
uwb-imu-pl/gate-d-diagnostics/v16,16,800000000,16,16,16,1,1,16,800000000,"all_in_detector","EXECUTED",0.099260000000000001,""
uwb-imu-pl/gate-d-diagnostics/v16,16,800000000,16,16,16,1,1,16,800000000,"current_sensitivity","EXECUTED",0.324071,""
uwb-imu-pl/gate-d-diagnostics/v16,16,800000000,16,16,16,1,1,16,800000000,"model_generation","EXECUTED",161.540111,""
uwb-imu-pl/gate-d-diagnostics/v16,16,800000000,16,16,16,1,1,16,800000000,"historical_sensitivity","EXECUTED",0.115896,""
uwb-imu-pl/gate-d-diagnostics/v16,16,800000000,16,16,16,1,1,16,800000000,"hypothesis_evidence","EXECUTED",911.74419499999999,"effective_dimensions=1:354,2:23880,3:10800,other:0;context_bytes=5886032;worker_blocks=4"
uwb-imu-pl/gate-d-diagnostics/v16,16,800000000,16,16,16,1,1,16,800000000,"health_actions","EXECUTED",6.7393679999999998,""
uwb-imu-pl/gate-d-diagnostics/v16,16,800000000,16,16,16,1,1,16,800000000,"hypothesis_audit","SKIPPED",,"disabled by output.write_hypothesis_evidence"
uwb-imu-pl/gate-d-diagnostics/v16,16,800000000,16,16,16,1,1,16,800000000,"base_factorization","EXECUTED",0.21368500000000001,""
uwb-imu-pl/gate-d-diagnostics/v16,16,800000000,16,16,16,1,1,16,800000000,"shared_cache","EXECUTED",0.0014970000000000001,""
uwb-imu-pl/gate-d-diagnostics/v16,16,800000000,16,16,16,1,1,16,800000000,"candidate_evaluation","EXECUTED",275.56735900000001,"rank=1;dense=0;stream_protocol=2;stream_batches=1;stream_batch_capacity=1;stream_peak_batch_actions=1;stream_peak_resident_evaluated_actions=1;stream_peak_batch_full_proofs=0;stream_retained_full_candidates=0;stream_retained_full_proofs=0;stream_full_action_heavy_copy=0;stream_complete=1;stream_fde_preproof_selected_action=0;stream_fde_preproof_status=NO_VALID_CANDIDATE;stream_main_arena_action_full_proofs=0;stream_action_proof_retention=NORMAL_TWO_PASS_O_B_PLUS_ONE;stream_winner_recompute=0;stream_winner_recompute_test_seam=0"
uwb-imu-pl/gate-d-diagnostics/v16,16,800000000,16,16,16,1,1,16,800000000,"fde_decision","EXECUTED",14.205116,""
uwb-imu-pl/gate-d-diagnostics/v16,16,800000000,16,16,16,1,1,16,800000000,"candidate_audit","EXECUTED",0.035415000000000002,"ACTION_REJECTION_FUNNEL_V2:1=REJECT_PL"
uwb-imu-pl/gate-d-diagnostics/v16,16,800000000,16,16,16,1,1,16,800000000,"commit","EXECUTED",1.756548,""
uwb-imu-pl/gate-d-diagnostics/v16,16,800000000,16,16,16,1,1,16,800000000,"state_audit","EXECUTED",0.00063699999999999998,""
uwb-imu-pl/gate-d-diagnostics/v16,16,800000000,16,16,16,1,1,16,800000000,"finalize_commit_audit","EXECUTED",14.286521,"excludes separately timed commit/discard/state audit"
uwb-imu-pl/gate-d-diagnostics/v16,16,800000000,16,16,16,1,1,16,800000000,"discard","SKIPPED",,"upstream gate did not reach stage"
uwb-imu-pl/gate-d-diagnostics/v16,16,800000000,16,16,16,1,1,16,800000000,"core_total","EXECUTED",1444.786241,""
uwb-imu-pl/gate-d-diagnostics/v16,17,850000000,17,17,17,1,1,17,850000000,"prepare","EXECUTED",1.568325,""
uwb-imu-pl/gate-d-diagnostics/v16,17,850000000,17,17,17,1,1,17,850000000,"integrity_window","EXECUTED",94.286536999999996,""
uwb-imu-pl/gate-d-diagnostics/v16,17,850000000,17,17,17,1,1,17,850000000,"window_boundary_provenance","EXECUTED",80.46172,""
uwb-imu-pl/gate-d-diagnostics/v16,17,850000000,17,17,17,1,1,17,850000000,"window_factor_linearization_whitening","EXECUTED",0.75623899999999999,""
uwb-imu-pl/gate-d-diagnostics/v16,17,850000000,17,17,17,1,1,17,850000000,"window_dense_assembly","EXECUTED",0.070749999999999993,""
uwb-imu-pl/gate-d-diagnostics/v16,17,850000000,17,17,17,1,1,17,850000000,"window_svd","EXECUTED",7.9231429999999996,""
uwb-imu-pl/gate-d-diagnostics/v16,17,850000000,17,17,17,1,1,17,850000000,"window_normal_equations","EXECUTED",0.315191,""
uwb-imu-pl/gate-d-diagnostics/v16,17,850000000,17,17,17,1,1,17,850000000,"window_llt_state_solves","EXECUTED",0.10893600000000001,""
uwb-imu-pl/gate-d-diagnostics/v16,17,850000000,17,17,17,1,1,17,850000000,"window_fingerprint","EXECUTED",3.3962949999999998,""
uwb-imu-pl/gate-d-diagnostics/v16,17,850000000,17,17,17,1,1,17,850000000,"all_in_detector","EXECUTED",0.130466,""
uwb-imu-pl/gate-d-diagnostics/v16,17,850000000,17,17,17,1,1,17,850000000,"current_sensitivity","EXECUTED",0.41861199999999998,""
uwb-imu-pl/gate-d-diagnostics/v16,17,850000000,17,17,17,1,1,17,850000000,"model_generation","EXECUTED",195.11989299999999,""
uwb-imu-pl/gate-d-diagnostics/v16,17,850000000,17,17,17,1,1,17,850000000,"historical_sensitivity","EXECUTED",0.11838,""
uwb-imu-pl/gate-d-diagnostics/v16,17,850000000,17,17,17,1,1,17,850000000,"hypothesis_evidence","EXECUTED",1090.622883,"effective_dimensions=1:376,2:27008,3:12288,other:0;context_bytes=6665216;worker_blocks=4"
uwb-imu-pl/gate-d-diagnostics/v16,17,850000000,17,17,17,1,1,17,850000000,"health_actions","EXECUTED",8.6703130000000002,""
uwb-imu-pl/gate-d-diagnostics/v16,17,850000000,17,17,17,1,1,17,850000000,"hypothesis_audit","SKIPPED",,"disabled by output.write_hypothesis_evidence"
uwb-imu-pl/gate-d-diagnostics/v16,17,850000000,17,17,17,1,1,17,850000000,"base_factorization","EXECUTED",0.24101700000000001,""
uwb-imu-pl/gate-d-diagnostics/v16,17,850000000,17,17,17,1,1,17,850000000,"shared_cache","EXECUTED",0.0022460000000000002,""
uwb-imu-pl/gate-d-diagnostics/v16,17,850000000,17,17,17,1,1,17,850000000,"candidate_evaluation","EXECUTED",303.19543399999998,"rank=1;dense=0;stream_protocol=2;stream_batches=1;stream_batch_capacity=1;stream_peak_batch_actions=1;stream_peak_resident_evaluated_actions=1;stream_peak_batch_full_proofs=0;stream_retained_full_candidates=0;stream_retained_full_proofs=0;stream_full_action_heavy_copy=0;stream_complete=1;stream_fde_preproof_selected_action=0;stream_fde_preproof_status=NO_VALID_CANDIDATE;stream_main_arena_action_full_proofs=0;stream_action_proof_retention=NORMAL_TWO_PASS_O_B_PLUS_ONE;stream_winner_recompute=0;stream_winner_recompute_test_seam=0"
uwb-imu-pl/gate-d-diagnostics/v16,17,850000000,17,17,17,1,1,17,850000000,"fde_decision","EXECUTED",16.262689000000002,""
uwb-imu-pl/gate-d-diagnostics/v16,17,850000000,17,17,17,1,1,17,850000000,"candidate_audit","EXECUTED",0.036783000000000003,"ACTION_REJECTION_FUNNEL_V2:1=REJECT_PL"
uwb-imu-pl/gate-d-diagnostics/v16,17,850000000,17,17,17,1,1,17,850000000,"commit","EXECUTED",1.963163,""
uwb-imu-pl/gate-d-diagnostics/v16,17,850000000,17,17,17,1,1,17,850000000,"state_audit","EXECUTED",0.000428,""
uwb-imu-pl/gate-d-diagnostics/v16,17,850000000,17,17,17,1,1,17,850000000,"finalize_commit_audit","EXECUTED",20.474595000000001,"excludes separately timed commit/discard/state audit"
uwb-imu-pl/gate-d-diagnostics/v16,17,850000000,17,17,17,1,1,17,850000000,"discard","SKIPPED",,"upstream gate did not reach stage"
uwb-imu-pl/gate-d-diagnostics/v16,17,850000000,17,17,17,1,1,17,850000000,"core_total","EXECUTED",1733.612046,""
uwb-imu-pl/gate-d-diagnostics/v16,18,900000000,18,18,18,1,1,18,900000000,"prepare","EXECUTED",2.3380179999999999,""
uwb-imu-pl/gate-d-diagnostics/v16,18,900000000,18,18,18,1,1,18,900000000,"integrity_window","EXECUTED",166.09347199999999,""
uwb-imu-pl/gate-d-diagnostics/v16,18,900000000,18,18,18,1,1,18,900000000,"window_boundary_provenance","EXECUTED",151.88530499999999,""
uwb-imu-pl/gate-d-diagnostics/v16,18,900000000,18,18,18,1,1,18,900000000,"window_factor_linearization_whitening","EXECUTED",0.901617,""
uwb-imu-pl/gate-d-diagnostics/v16,18,900000000,18,18,18,1,1,18,900000000,"window_dense_assembly","EXECUTED",0.086738999999999997,""
uwb-imu-pl/gate-d-diagnostics/v16,18,900000000,18,18,18,1,1,18,900000000,"window_svd","EXECUTED",8.0201910000000005,""
uwb-imu-pl/gate-d-diagnostics/v16,18,900000000,18,18,18,1,1,18,900000000,"window_normal_equations","EXECUTED",0.30964399999999997,""
uwb-imu-pl/gate-d-diagnostics/v16,18,900000000,18,18,18,1,1,18,900000000,"window_llt_state_solves","EXECUTED",0.111301,""
uwb-imu-pl/gate-d-diagnostics/v16,18,900000000,18,18,18,1,1,18,900000000,"window_fingerprint","EXECUTED",3.541709,""
uwb-imu-pl/gate-d-diagnostics/v16,18,900000000,18,18,18,1,1,18,900000000,"all_in_detector","EXECUTED",0.15812499999999999,""
uwb-imu-pl/gate-d-diagnostics/v16,18,900000000,18,18,18,1,1,18,900000000,"current_sensitivity","EXECUTED",0.42859000000000003,""
uwb-imu-pl/gate-d-diagnostics/v16,18,900000000,18,18,18,1,1,18,900000000,"model_generation","EXECUTED",223.39949799999999,""
uwb-imu-pl/gate-d-diagnostics/v16,18,900000000,18,18,18,1,1,18,900000000,"historical_sensitivity","EXECUTED",0.12588499999999997,""
uwb-imu-pl/gate-d-diagnostics/v16,18,900000000,18,18,18,1,1,18,900000000,"hypothesis_evidence","EXECUTED",1247.348931,"effective_dimensions=1:398,2:30328,3:13872,other:0;context_bytes=7492784;worker_blocks=4"
uwb-imu-pl/gate-d-diagnostics/v16,18,900000000,18,18,18,1,1,18,900000000,"health_actions","EXECUTED",10.021506,""
uwb-imu-pl/gate-d-diagnostics/v16,18,900000000,18,18,18,1,1,18,900000000,"hypothesis_audit","SKIPPED",,"disabled by output.write_hypothesis_evidence"
uwb-imu-pl/gate-d-diagnostics/v16,18,900000000,18,18,18,1,1,18,900000000,"base_factorization","EXECUTED",0.25028600000000001,""
uwb-imu-pl/gate-d-diagnostics/v16,18,900000000,18,18,18,1,1,18,900000000,"shared_cache","EXECUTED",0.0023739999999999998,""
uwb-imu-pl/gate-d-diagnostics/v16,18,900000000,18,18,18,1,1,18,900000000,"candidate_evaluation","EXECUTED",336.82453800000002,"rank=1;dense=0;stream_protocol=2;stream_batches=1;stream_batch_capacity=1;stream_peak_batch_actions=1;stream_peak_resident_evaluated_actions=1;stream_peak_batch_full_proofs=0;stream_retained_full_candidates=0;stream_retained_full_proofs=0;stream_full_action_heavy_copy=0;stream_complete=1;stream_fde_preproof_selected_action=0;stream_fde_preproof_status=NO_VALID_CANDIDATE;stream_main_arena_action_full_proofs=0;stream_action_proof_retention=NORMAL_TWO_PASS_O_B_PLUS_ONE;stream_winner_recompute=0;stream_winner_recompute_test_seam=0"
uwb-imu-pl/gate-d-diagnostics/v16,18,900000000,18,18,18,1,1,18,900000000,"fde_decision","EXECUTED",18.895133999999999,""
uwb-imu-pl/gate-d-diagnostics/v16,18,900000000,18,18,18,1,1,18,900000000,"candidate_audit","EXECUTED",0.050133999999999998,"ACTION_REJECTION_FUNNEL_V2:1=REJECT_PL"
uwb-imu-pl/gate-d-diagnostics/v16,18,900000000,18,18,18,1,1,18,900000000,"commit","EXECUTED",1.686355,""
uwb-imu-pl/gate-d-diagnostics/v16,18,900000000,18,18,18,1,1,18,900000000,"state_audit","EXECUTED",0.00040400000000000001,""
uwb-imu-pl/gate-d-diagnostics/v16,18,900000000,18,18,18,1,1,18,900000000,"finalize_commit_audit","EXECUTED",23.647672,"excludes separately timed commit/discard/state audit"
uwb-imu-pl/gate-d-diagnostics/v16,18,900000000,18,18,18,1,1,18,900000000,"discard","SKIPPED",,"upstream gate did not reach stage"
uwb-imu-pl/gate-d-diagnostics/v16,18,900000000,18,18,18,1,1,18,900000000,"core_total","EXECUTED",2031.9522449999999,""
uwb-imu-pl/gate-d-diagnostics/v16,19,950000000,19,19,19,1,1,19,950000000,"prepare","EXECUTED",2.3891810000000002,""
uwb-imu-pl/gate-d-diagnostics/v16,19,950000000,19,19,19,1,1,19,950000000,"integrity_window","EXECUTED",234.862381,""
uwb-imu-pl/gate-d-diagnostics/v16,19,950000000,19,19,19,1,1,19,950000000,"window_boundary_provenance","EXECUTED",220.53152,""
uwb-imu-pl/gate-d-diagnostics/v16,19,950000000,19,19,19,1,1,19,950000000,"window_factor_linearization_whitening","EXECUTED",0.87272700000000003,""
uwb-imu-pl/gate-d-diagnostics/v16,19,950000000,19,19,19,1,1,19,950000000,"window_dense_assembly","EXECUTED",0.101234,""
uwb-imu-pl/gate-d-diagnostics/v16,19,950000000,19,19,19,1,1,19,950000000,"window_svd","EXECUTED",7.7855540000000003,""
uwb-imu-pl/gate-d-diagnostics/v16,19,950000000,19,19,19,1,1,19,950000000,"window_normal_equations","EXECUTED",0.317214,""
uwb-imu-pl/gate-d-diagnostics/v16,19,950000000,19,19,19,1,1,19,950000000,"window_llt_state_solves","EXECUTED",0.12558,""
uwb-imu-pl/gate-d-diagnostics/v16,19,950000000,19,19,19,1,1,19,950000000,"window_fingerprint","EXECUTED",3.8578290000000002,""
uwb-imu-pl/gate-d-diagnostics/v16,19,950000000,19,19,19,1,1,19,950000000,"all_in_detector","EXECUTED",0.18010499999999999,""
uwb-imu-pl/gate-d-diagnostics/v16,19,950000000,19,19,19,1,1,19,950000000,"current_sensitivity","EXECUTED",0.46250200000000002,""
uwb-imu-pl/gate-d-diagnostics/v16,19,950000000,19,19,19,1,1,19,950000000,"model_generation","EXECUTED",242.64721500000002,""
uwb-imu-pl/gate-d-diagnostics/v16,19,950000000,19,19,19,1,1,19,950000000,"historical_sensitivity","EXECUTED",0.117809,""
uwb-imu-pl/gate-d-diagnostics/v16,19,950000000,19,19,19,1,1,19,950000000,"hypothesis_evidence","EXECUTED",1489.7806889999999,"effective_dimensions=1:420,2:33840,3:15552,other:0;context_bytes=8368736;worker_blocks=4"
uwb-imu-pl/gate-d-diagnostics/v16,19,950000000,19,19,19,1,1,19,950000000,"health_actions","EXECUTED",12.75667,""
uwb-imu-pl/gate-d-diagnostics/v16,19,950000000,19,19,19,1,1,19,950000000,"hypothesis_audit","SKIPPED",,"disabled by output.write_hypothesis_evidence"
uwb-imu-pl/gate-d-diagnostics/v16,19,950000000,19,19,19,1,1,19,950000000,"base_factorization","EXECUTED",0.27499400000000002,""
uwb-imu-pl/gate-d-diagnostics/v16,19,950000000,19,19,19,1,1,19,950000000,"shared_cache","EXECUTED",0.0023760000000000001,""
uwb-imu-pl/gate-d-diagnostics/v16,19,950000000,19,19,19,1,1,19,950000000,"candidate_evaluation","EXECUTED",380.62708500000002,"rank=1;dense=0;stream_protocol=2;stream_batches=1;stream_batch_capacity=1;stream_peak_batch_actions=1;stream_peak_resident_evaluated_actions=1;stream_peak_batch_full_proofs=0;stream_retained_full_candidates=0;stream_retained_full_proofs=0;stream_full_action_heavy_copy=0;stream_complete=1;stream_fde_preproof_selected_action=0;stream_fde_preproof_status=NO_VALID_CANDIDATE;stream_main_arena_action_full_proofs=0;stream_action_proof_retention=NORMAL_TWO_PASS_O_B_PLUS_ONE;stream_winner_recompute=0;stream_winner_recompute_test_seam=0"
uwb-imu-pl/gate-d-diagnostics/v16,19,950000000,19,19,19,1,1,19,950000000,"fde_decision","EXECUTED",19.548400000000001,""
uwb-imu-pl/gate-d-diagnostics/v16,19,950000000,19,19,19,1,1,19,950000000,"candidate_audit","EXECUTED",0.046880999999999999,"ACTION_REJECTION_FUNNEL_V2:1=REJECT_PL"
uwb-imu-pl/gate-d-diagnostics/v16,19,950000000,19,19,19,1,1,19,950000000,"commit","EXECUTED",1.65296,""
uwb-imu-pl/gate-d-diagnostics/v16,19,950000000,19,19,19,1,1,19,950000000,"state_audit","EXECUTED",0.00026600000000000001,""
uwb-imu-pl/gate-d-diagnostics/v16,19,950000000,19,19,19,1,1,19,950000000,"finalize_commit_audit","EXECUTED",24.808572999999999,"excludes separately timed commit/discard/state audit"
uwb-imu-pl/gate-d-diagnostics/v16,19,950000000,19,19,19,1,1,19,950000000,"discard","SKIPPED",,"upstream gate did not reach stage"
uwb-imu-pl/gate-d-diagnostics/v16,19,950000000,19,19,19,1,1,19,950000000,"core_total","EXECUTED",2410.6061930000001,""
uwb-imu-pl/gate-d-diagnostics/v16,20,1000000000,20,20,20,1,1,20,1000000000,"prepare","EXECUTED",1.793291,""
uwb-imu-pl/gate-d-diagnostics/v16,20,1000000000,20,20,20,1,1,20,1000000000,"integrity_window","EXECUTED",372.83881400000001,""
uwb-imu-pl/gate-d-diagnostics/v16,20,1000000000,20,20,20,1,1,20,1000000000,"window_boundary_provenance","EXECUTED",358.05510600000002,""
uwb-imu-pl/gate-d-diagnostics/v16,20,1000000000,20,20,20,1,1,20,1000000000,"window_factor_linearization_whitening","EXECUTED",0.93487699999999996,""
uwb-imu-pl/gate-d-diagnostics/v16,20,1000000000,20,20,20,1,1,20,1000000000,"window_dense_assembly","EXECUTED",0.110906,""
uwb-imu-pl/gate-d-diagnostics/v16,20,1000000000,20,20,20,1,1,20,1000000000,"window_svd","EXECUTED",8.0989350000000009,""
uwb-imu-pl/gate-d-diagnostics/v16,20,1000000000,20,20,20,1,1,20,1000000000,"window_normal_equations","EXECUTED",0.33779300000000001,""
uwb-imu-pl/gate-d-diagnostics/v16,20,1000000000,20,20,20,1,1,20,1000000000,"window_llt_state_solves","EXECUTED",0.11064400000000001,""
uwb-imu-pl/gate-d-diagnostics/v16,20,1000000000,20,20,20,1,1,20,1000000000,"window_fingerprint","EXECUTED",3.8819780000000002,""
uwb-imu-pl/gate-d-diagnostics/v16,20,1000000000,20,20,20,1,1,20,1000000000,"all_in_detector","EXECUTED",0.20591799999999999,""
uwb-imu-pl/gate-d-diagnostics/v16,20,1000000000,20,20,20,1,1,20,1000000000,"current_sensitivity","EXECUTED",0.46312999999999999,""
uwb-imu-pl/gate-d-diagnostics/v16,20,1000000000,20,20,20,1,1,20,1000000000,"model_generation","EXECUTED",270.77305999999999,""
uwb-imu-pl/gate-d-diagnostics/v16,20,1000000000,20,20,20,1,1,20,1000000000,"historical_sensitivity","EXECUTED",0.123584,""
uwb-imu-pl/gate-d-diagnostics/v16,20,1000000000,20,20,20,1,1,20,1000000000,"hypothesis_evidence","EXECUTED",1650.902112,"effective_dimensions=1:442,2:37544,3:17328,other:0;context_bytes=9293072;worker_blocks=4"
uwb-imu-pl/gate-d-diagnostics/v16,20,1000000000,20,20,20,1,1,20,1000000000,"health_actions","EXECUTED",18.204920999999999,""
uwb-imu-pl/gate-d-diagnostics/v16,20,1000000000,20,20,20,1,1,20,1000000000,"hypothesis_audit","SKIPPED",,"disabled by output.write_hypothesis_evidence"
uwb-imu-pl/gate-d-diagnostics/v16,20,1000000000,20,20,20,1,1,20,1000000000,"base_factorization","EXECUTED",0.249281,""
uwb-imu-pl/gate-d-diagnostics/v16,20,1000000000,20,20,20,1,1,20,1000000000,"shared_cache","EXECUTED",0.0021189999999999998,""
uwb-imu-pl/gate-d-diagnostics/v16,20,1000000000,20,20,20,1,1,20,1000000000,"candidate_evaluation","EXECUTED",415.22087199999999,"rank=1;dense=0;stream_protocol=2;stream_batches=1;stream_batch_capacity=1;stream_peak_batch_actions=1;stream_peak_resident_evaluated_actions=1;stream_peak_batch_full_proofs=0;stream_retained_full_candidates=0;stream_retained_full_proofs=0;stream_full_action_heavy_copy=0;stream_complete=1;stream_fde_preproof_selected_action=0;stream_fde_preproof_status=NO_VALID_CANDIDATE;stream_main_arena_action_full_proofs=0;stream_action_proof_retention=NORMAL_TWO_PASS_O_B_PLUS_ONE;stream_winner_recompute=0;stream_winner_recompute_test_seam=0"
uwb-imu-pl/gate-d-diagnostics/v16,20,1000000000,20,20,20,1,1,20,1000000000,"fde_decision","EXECUTED",23.255399000000001,""
uwb-imu-pl/gate-d-diagnostics/v16,20,1000000000,20,20,20,1,1,20,1000000000,"candidate_audit","EXECUTED",0.037404,"ACTION_REJECTION_FUNNEL_V2:1=REJECT_PL"
uwb-imu-pl/gate-d-diagnostics/v16,20,1000000000,20,20,20,1,1,20,1000000000,"commit","EXECUTED",1.8502339999999999,""
uwb-imu-pl/gate-d-diagnostics/v16,20,1000000000,20,20,20,1,1,20,1000000000,"state_audit","EXECUTED",0.000415,""
uwb-imu-pl/gate-d-diagnostics/v16,20,1000000000,20,20,20,1,1,20,1000000000,"finalize_commit_audit","EXECUTED",30.792685000000002,"excludes separately timed commit/discard/state audit"
uwb-imu-pl/gate-d-diagnostics/v16,20,1000000000,20,20,20,1,1,20,1000000000,"discard","SKIPPED",,"upstream gate did not reach stage"
uwb-imu-pl/gate-d-diagnostics/v16,20,1000000000,20,20,20,1,1,20,1000000000,"core_total","EXECUTED",2787.3597989999998,""
uwb-imu-pl/gate-d-diagnostics/v16,21,1050000000,21,21,21,1,1,21,1050000000,"prepare","EXECUTED",2.2606799999999998,""
uwb-imu-pl/gate-d-diagnostics/v16,21,1050000000,21,21,21,1,1,21,1050000000,"integrity_window","EXECUTED",499.74796600000002,""
uwb-imu-pl/gate-d-diagnostics/v16,21,1050000000,21,21,21,1,1,21,1050000000,"window_boundary_provenance","EXECUTED",484.63302499999998,""
uwb-imu-pl/gate-d-diagnostics/v16,21,1050000000,21,21,21,1,1,21,1050000000,"window_factor_linearization_whitening","EXECUTED",1.1240810000000001,""
uwb-imu-pl/gate-d-diagnostics/v16,21,1050000000,21,21,21,1,1,21,1050000000,"window_dense_assembly","EXECUTED",0.107664,""
uwb-imu-pl/gate-d-diagnostics/v16,21,1050000000,21,21,21,1,1,21,1050000000,"window_svd","EXECUTED",8.0885940000000005,""
uwb-imu-pl/gate-d-diagnostics/v16,21,1050000000,21,21,21,1,1,21,1050000000,"window_normal_equations","EXECUTED",0.34523599999999999,""
uwb-imu-pl/gate-d-diagnostics/v16,21,1050000000,21,21,21,1,1,21,1050000000,"window_llt_state_solves","EXECUTED",0.105799,""
uwb-imu-pl/gate-d-diagnostics/v16,21,1050000000,21,21,21,1,1,21,1050000000,"window_fingerprint","EXECUTED",4.0158250000000004,""
uwb-imu-pl/gate-d-diagnostics/v16,21,1050000000,21,21,21,1,1,21,1050000000,"all_in_detector","EXECUTED",0.31343100000000002,""
uwb-imu-pl/gate-d-diagnostics/v16,21,1050000000,21,21,21,1,1,21,1050000000,"current_sensitivity","EXECUTED",0.62483699999999998,""
uwb-imu-pl/gate-d-diagnostics/v16,21,1050000000,21,21,21,1,1,21,1050000000,"model_generation","EXECUTED",302.61900799999995,""
uwb-imu-pl/gate-d-diagnostics/v16,21,1050000000,21,21,21,1,1,21,1050000000,"historical_sensitivity","EXECUTED",0.125777,""
uwb-imu-pl/gate-d-diagnostics/v16,21,1050000000,21,21,21,1,1,21,1050000000,"hypothesis_evidence","EXECUTED",1866.2910059999999,"effective_dimensions=1:464,2:41440,3:19200,other:0;context_bytes=10265792;worker_blocks=4"
uwb-imu-pl/gate-d-diagnostics/v16,21,1050000000,21,21,21,1,1,21,1050000000,"health_actions","EXECUTED",23.001808,""
uwb-imu-pl/gate-d-diagnostics/v16,21,1050000000,21,21,21,1,1,21,1050000000,"hypothesis_audit","SKIPPED",,"disabled by output.write_hypothesis_evidence"
uwb-imu-pl/gate-d-diagnostics/v16,21,1050000000,21,21,21,1,1,21,1050000000,"base_factorization","EXECUTED",0.29933599999999999,""
uwb-imu-pl/gate-d-diagnostics/v16,21,1050000000,21,21,21,1,1,21,1050000000,"shared_cache","EXECUTED",0.0028909999999999999,""
uwb-imu-pl/gate-d-diagnostics/v16,21,1050000000,21,21,21,1,1,21,1050000000,"candidate_evaluation","EXECUTED",465.86352499999998,"rank=1;dense=0;stream_protocol=2;stream_batches=1;stream_batch_capacity=1;stream_peak_batch_actions=1;stream_peak_resident_evaluated_actions=1;stream_peak_batch_full_proofs=0;stream_retained_full_candidates=0;stream_retained_full_proofs=0;stream_full_action_heavy_copy=0;stream_complete=1;stream_fde_preproof_selected_action=0;stream_fde_preproof_status=NO_VALID_CANDIDATE;stream_main_arena_action_full_proofs=0;stream_action_proof_retention=NORMAL_TWO_PASS_O_B_PLUS_ONE;stream_winner_recompute=0;stream_winner_recompute_test_seam=0"
uwb-imu-pl/gate-d-diagnostics/v16,21,1050000000,21,21,21,1,1,21,1050000000,"fde_decision","EXECUTED",28.347525999999998,""
uwb-imu-pl/gate-d-diagnostics/v16,21,1050000000,21,21,21,1,1,21,1050000000,"candidate_audit","EXECUTED",0.040399999999999998,"ACTION_REJECTION_FUNNEL_V2:1=REJECT_PL"
uwb-imu-pl/gate-d-diagnostics/v16,21,1050000000,21,21,21,1,1,21,1050000000,"commit","EXECUTED",1.9447989999999999,""
uwb-imu-pl/gate-d-diagnostics/v16,21,1050000000,21,21,21,1,1,21,1050000000,"state_audit","EXECUTED",0.00040999999999999999,""
uwb-imu-pl/gate-d-diagnostics/v16,21,1050000000,21,21,21,1,1,21,1050000000,"finalize_commit_audit","EXECUTED",31.796739000000002,"excludes separately timed commit/discard/state audit"
uwb-imu-pl/gate-d-diagnostics/v16,21,1050000000,21,21,21,1,1,21,1050000000,"discard","SKIPPED",,"upstream gate did not reach stage"
uwb-imu-pl/gate-d-diagnostics/v16,21,1050000000,21,21,21,1,1,21,1050000000,"core_total","EXECUTED",3223.8857499999999,""
uwb-imu-pl/gate-d-diagnostics/v16,22,1100000000,22,22,22,1,1,22,1100000000,"prepare","EXECUTED",1.9517370000000001,""
uwb-imu-pl/gate-d-diagnostics/v16,22,1100000000,22,22,22,1,1,22,1100000000,"integrity_window","EXECUTED",696.22927500000003,""
uwb-imu-pl/gate-d-diagnostics/v16,22,1100000000,22,22,22,1,1,22,1100000000,"window_boundary_provenance","EXECUTED",681.68253300000003,""
uwb-imu-pl/gate-d-diagnostics/v16,22,1100000000,22,22,22,1,1,22,1100000000,"window_factor_linearization_whitening","EXECUTED",0.93685200000000002,""
uwb-imu-pl/gate-d-diagnostics/v16,22,1100000000,22,22,22,1,1,22,1100000000,"window_dense_assembly","EXECUTED",0.115398,""
uwb-imu-pl/gate-d-diagnostics/v16,22,1100000000,22,22,22,1,1,22,1100000000,"window_svd","EXECUTED",7.815099,""
uwb-imu-pl/gate-d-diagnostics/v16,22,1100000000,22,22,22,1,1,22,1100000000,"window_normal_equations","EXECUTED",0.352966,""
uwb-imu-pl/gate-d-diagnostics/v16,22,1100000000,22,22,22,1,1,22,1100000000,"window_llt_state_solves","EXECUTED",0.10310900000000001,""
uwb-imu-pl/gate-d-diagnostics/v16,22,1100000000,22,22,22,1,1,22,1100000000,"window_fingerprint","EXECUTED",3.9277410000000001,""
uwb-imu-pl/gate-d-diagnostics/v16,22,1100000000,22,22,22,1,1,22,1100000000,"all_in_detector","EXECUTED",0.29278900000000002,""
uwb-imu-pl/gate-d-diagnostics/v16,22,1100000000,22,22,22,1,1,22,1100000000,"current_sensitivity","EXECUTED",0.46484999999999999,""
uwb-imu-pl/gate-d-diagnostics/v16,22,1100000000,22,22,22,1,1,22,1100000000,"model_generation","EXECUTED",314.679507,""
uwb-imu-pl/gate-d-diagnostics/v16,22,1100000000,22,22,22,1,1,22,1100000000,"historical_sensitivity","EXECUTED",0.15389600000000001,""
uwb-imu-pl/gate-d-diagnostics/v16,22,1100000000,22,22,22,1,1,22,1100000000,"hypothesis_evidence","EXECUTED",1884.2256970000001,"effective_dimensions=1:464,2:41440,3:19200,other:0;context_bytes=10265792;worker_blocks=4"
uwb-imu-pl/gate-d-diagnostics/v16,22,1100000000,22,22,22,1,1,22,1100000000,"health_actions","EXECUTED",16.530642,""
uwb-imu-pl/gate-d-diagnostics/v16,22,1100000000,22,22,22,1,1,22,1100000000,"hypothesis_audit","SKIPPED",,"disabled by output.write_hypothesis_evidence"
uwb-imu-pl/gate-d-diagnostics/v16,22,1100000000,22,22,22,1,1,22,1100000000,"base_factorization","EXECUTED",0.25822099999999998,""
uwb-imu-pl/gate-d-diagnostics/v16,22,1100000000,22,22,22,1,1,22,1100000000,"shared_cache","EXECUTED",0.002333,""
uwb-imu-pl/gate-d-diagnostics/v16,22,1100000000,22,22,22,1,1,22,1100000000,"candidate_evaluation","EXECUTED",459.03362600000003,"rank=1;dense=0;stream_protocol=2;stream_batches=1;stream_batch_capacity=1;stream_peak_batch_actions=1;stream_peak_resident_evaluated_actions=1;stream_peak_batch_full_proofs=0;stream_retained_full_candidates=0;stream_retained_full_proofs=0;stream_full_action_heavy_copy=0;stream_complete=1;stream_fde_preproof_selected_action=0;stream_fde_preproof_status=NO_VALID_CANDIDATE;stream_main_arena_action_full_proofs=0;stream_action_proof_retention=NORMAL_TWO_PASS_O_B_PLUS_ONE;stream_winner_recompute=0;stream_winner_recompute_test_seam=0"
uwb-imu-pl/gate-d-diagnostics/v16,22,1100000000,22,22,22,1,1,22,1100000000,"fde_decision","EXECUTED",25.155187000000002,""
uwb-imu-pl/gate-d-diagnostics/v16,22,1100000000,22,22,22,1,1,22,1100000000,"candidate_audit","EXECUTED",0.043543999999999999,"ACTION_REJECTION_FUNNEL_V2:1=REJECT_PL"
uwb-imu-pl/gate-d-diagnostics/v16,22,1100000000,22,22,22,1,1,22,1100000000,"commit","EXECUTED",2.1181190000000001,""
uwb-imu-pl/gate-d-diagnostics/v16,22,1100000000,22,22,22,1,1,22,1100000000,"state_audit","EXECUTED",0.00044700000000000002,""
uwb-imu-pl/gate-d-diagnostics/v16,22,1100000000,22,22,22,1,1,22,1100000000,"finalize_commit_audit","EXECUTED",29.795114999999999,"excludes separately timed commit/discard/state audit"
uwb-imu-pl/gate-d-diagnostics/v16,22,1100000000,22,22,22,1,1,22,1100000000,"discard","SKIPPED",,"upstream gate did not reach stage"
uwb-imu-pl/gate-d-diagnostics/v16,22,1100000000,22,22,22,1,1,22,1100000000,"core_total","EXECUTED",3431.444806,""
uwb-imu-pl/gate-d-diagnostics/v16,23,1150000000,23,23,23,1,1,23,1150000000,"prepare","EXECUTED",2.1566290000000001,""
uwb-imu-pl/gate-d-diagnostics/v16,23,1150000000,23,23,23,1,1,23,1150000000,"integrity_window","EXECUTED",874.13262899999995,""
uwb-imu-pl/gate-d-diagnostics/v16,23,1150000000,23,23,23,1,1,23,1150000000,"window_boundary_provenance","EXECUTED",857.89539000000002,""
uwb-imu-pl/gate-d-diagnostics/v16,23,1150000000,23,23,23,1,1,23,1150000000,"window_factor_linearization_whitening","EXECUTED",0.94365500000000002,""
uwb-imu-pl/gate-d-diagnostics/v16,23,1150000000,23,23,23,1,1,23,1150000000,"window_dense_assembly","EXECUTED",0.085747000000000004,""
uwb-imu-pl/gate-d-diagnostics/v16,23,1150000000,23,23,23,1,1,23,1150000000,"window_svd","EXECUTED",8.324859,""
uwb-imu-pl/gate-d-diagnostics/v16,23,1150000000,23,23,23,1,1,23,1150000000,"window_normal_equations","EXECUTED",0.421844,""
uwb-imu-pl/gate-d-diagnostics/v16,23,1150000000,23,23,23,1,1,23,1150000000,"window_llt_state_solves","EXECUTED",0.15815899999999999,""
uwb-imu-pl/gate-d-diagnostics/v16,23,1150000000,23,23,23,1,1,23,1150000000,"window_fingerprint","EXECUTED",4.9220420000000003,""
uwb-imu-pl/gate-d-diagnostics/v16,23,1150000000,23,23,23,1,1,23,1150000000,"all_in_detector","EXECUTED",0.273839,""
uwb-imu-pl/gate-d-diagnostics/v16,23,1150000000,23,23,23,1,1,23,1150000000,"current_sensitivity","EXECUTED",0.54335299999999997,""
uwb-imu-pl/gate-d-diagnostics/v16,23,1150000000,23,23,23,1,1,23,1150000000,"model_generation","EXECUTED",326.26531399999999,""
uwb-imu-pl/gate-d-diagnostics/v16,23,1150000000,23,23,23,1,1,23,1150000000,"historical_sensitivity","EXECUTED",0.125945,""
uwb-imu-pl/gate-d-diagnostics/v16,23,1150000000,23,23,23,1,1,23,1150000000,"hypothesis_evidence","EXECUTED",1894.411482,"effective_dimensions=1:464,2:41440,3:19200,other:0;context_bytes=10265792;worker_blocks=4"
uwb-imu-pl/gate-d-diagnostics/v16,23,1150000000,23,23,23,1,1,23,1150000000,"health_actions","EXECUTED",20.554310999999998,""
uwb-imu-pl/gate-d-diagnostics/v16,23,1150000000,23,23,23,1,1,23,1150000000,"hypothesis_audit","SKIPPED",,"disabled by output.write_hypothesis_evidence"
uwb-imu-pl/gate-d-diagnostics/v16,23,1150000000,23,23,23,1,1,23,1150000000,"base_factorization","EXECUTED",0.30537999999999998,""
uwb-imu-pl/gate-d-diagnostics/v16,23,1150000000,23,23,23,1,1,23,1150000000,"shared_cache","EXECUTED",0.0028449999999999999,""
uwb-imu-pl/gate-d-diagnostics/v16,23,1150000000,23,23,23,1,1,23,1150000000,"candidate_evaluation","EXECUTED",447.22937899999999,"rank=1;dense=0;stream_protocol=2;stream_batches=1;stream_batch_capacity=1;stream_peak_batch_actions=1;stream_peak_resident_evaluated_actions=1;stream_peak_batch_full_proofs=0;stream_retained_full_candidates=0;stream_retained_full_proofs=0;stream_full_action_heavy_copy=0;stream_complete=1;stream_fde_preproof_selected_action=0;stream_fde_preproof_status=NO_VALID_CANDIDATE;stream_main_arena_action_full_proofs=0;stream_action_proof_retention=NORMAL_TWO_PASS_O_B_PLUS_ONE;stream_winner_recompute=0;stream_winner_recompute_test_seam=0"
uwb-imu-pl/gate-d-diagnostics/v16,23,1150000000,23,23,23,1,1,23,1150000000,"fde_decision","EXECUTED",25.663720000000001,""
uwb-imu-pl/gate-d-diagnostics/v16,23,1150000000,23,23,23,1,1,23,1150000000,"candidate_audit","EXECUTED",0.040296999999999999,"ACTION_REJECTION_FUNNEL_V2:1=REJECT_PL"
uwb-imu-pl/gate-d-diagnostics/v16,23,1150000000,23,23,23,1,1,23,1150000000,"commit","EXECUTED",1.992785,""
uwb-imu-pl/gate-d-diagnostics/v16,23,1150000000,23,23,23,1,1,23,1150000000,"state_audit","EXECUTED",0.00026699999999999998,""
uwb-imu-pl/gate-d-diagnostics/v16,23,1150000000,23,23,23,1,1,23,1150000000,"finalize_commit_audit","EXECUTED",30.927056999999998,"excludes separately timed commit/discard/state audit"
uwb-imu-pl/gate-d-diagnostics/v16,23,1150000000,23,23,23,1,1,23,1150000000,"discard","SKIPPED",,"upstream gate did not reach stage"
uwb-imu-pl/gate-d-diagnostics/v16,23,1150000000,23,23,23,1,1,23,1150000000,"core_total","EXECUTED",3625.1571009999998,""
uwb-imu-pl/gate-d-diagnostics/v16,24,1200000000,24,24,24,1,1,24,1200000000,"prepare","EXECUTED",2.303509,""
uwb-imu-pl/gate-d-diagnostics/v16,24,1200000000,24,24,24,1,1,24,1200000000,"integrity_window","EXECUTED",1128.275658,""
uwb-imu-pl/gate-d-diagnostics/v16,24,1200000000,24,24,24,1,1,24,1200000000,"window_boundary_provenance","EXECUTED",1112.8572509999999,""
uwb-imu-pl/gate-d-diagnostics/v16,24,1200000000,24,24,24,1,1,24,1200000000,"window_factor_linearization_whitening","EXECUTED",1.052632,""
uwb-imu-pl/gate-d-diagnostics/v16,24,1200000000,24,24,24,1,1,24,1200000000,"window_dense_assembly","EXECUTED",0.112526,""
uwb-imu-pl/gate-d-diagnostics/v16,24,1200000000,24,24,24,1,1,24,1200000000,"window_svd","EXECUTED",8.4631120000000006,""
uwb-imu-pl/gate-d-diagnostics/v16,24,1200000000,24,24,24,1,1,24,1200000000,"window_normal_equations","EXECUTED",0.35830499999999998,""
uwb-imu-pl/gate-d-diagnostics/v16,24,1200000000,24,24,24,1,1,24,1200000000,"window_llt_state_solves","EXECUTED",0.10999299999999999,""
uwb-imu-pl/gate-d-diagnostics/v16,24,1200000000,24,24,24,1,1,24,1200000000,"window_fingerprint","EXECUTED",3.91811,""
uwb-imu-pl/gate-d-diagnostics/v16,24,1200000000,24,24,24,1,1,24,1200000000,"all_in_detector","EXECUTED",0.46489599999999998,""
uwb-imu-pl/gate-d-diagnostics/v16,24,1200000000,24,24,24,1,1,24,1200000000,"current_sensitivity","EXECUTED",0.72920200000000002,""
uwb-imu-pl/gate-d-diagnostics/v16,24,1200000000,24,24,24,1,1,24,1200000000,"model_generation","EXECUTED",309.64180500000003,""
uwb-imu-pl/gate-d-diagnostics/v16,24,1200000000,24,24,24,1,1,24,1200000000,"historical_sensitivity","EXECUTED",0.12822599999999998,""
uwb-imu-pl/gate-d-diagnostics/v16,24,1200000000,24,24,24,1,1,24,1200000000,"hypothesis_evidence","EXECUTED",1887.3244609999999,"effective_dimensions=1:464,2:41440,3:19200,other:0;context_bytes=10265792;worker_blocks=4"
uwb-imu-pl/gate-d-diagnostics/v16,24,1200000000,24,24,24,1,1,24,1200000000,"health_actions","EXECUTED",18.071258,""
uwb-imu-pl/gate-d-diagnostics/v16,24,1200000000,24,24,24,1,1,24,1200000000,"hypothesis_audit","SKIPPED",,"disabled by output.write_hypothesis_evidence"
uwb-imu-pl/gate-d-diagnostics/v16,24,1200000000,24,24,24,1,1,24,1200000000,"base_factorization","EXECUTED",0.28328700000000001,""
uwb-imu-pl/gate-d-diagnostics/v16,24,1200000000,24,24,24,1,1,24,1200000000,"shared_cache","EXECUTED",0.0017589999999999999,""
uwb-imu-pl/gate-d-diagnostics/v16,24,1200000000,24,24,24,1,1,24,1200000000,"candidate_evaluation","EXECUTED",444.02365400000002,"rank=1;dense=0;stream_protocol=2;stream_batches=1;stream_batch_capacity=1;stream_peak_batch_actions=1;stream_peak_resident_evaluated_actions=1;stream_peak_batch_full_proofs=0;stream_retained_full_candidates=0;stream_retained_full_proofs=0;stream_full_action_heavy_copy=0;stream_complete=1;stream_fde_preproof_selected_action=0;stream_fde_preproof_status=NO_VALID_CANDIDATE;stream_main_arena_action_full_proofs=0;stream_action_proof_retention=NORMAL_TWO_PASS_O_B_PLUS_ONE;stream_winner_recompute=0;stream_winner_recompute_test_seam=0"
uwb-imu-pl/gate-d-diagnostics/v16,24,1200000000,24,24,24,1,1,24,1200000000,"fde_decision","EXECUTED",25.493926999999999,""
uwb-imu-pl/gate-d-diagnostics/v16,24,1200000000,24,24,24,1,1,24,1200000000,"candidate_audit","EXECUTED",0.040002999999999997,"ACTION_REJECTION_FUNNEL_V2:1=REJECT_PL"
uwb-imu-pl/gate-d-diagnostics/v16,24,1200000000,24,24,24,1,1,24,1200000000,"commit","EXECUTED",2.3731949999999999,""
uwb-imu-pl/gate-d-diagnostics/v16,24,1200000000,24,24,24,1,1,24,1200000000,"state_audit","EXECUTED",0.00044099999999999999,""
uwb-imu-pl/gate-d-diagnostics/v16,24,1200000000,24,24,24,1,1,24,1200000000,"finalize_commit_audit","EXECUTED",32.652712000000001,"excludes separately timed commit/discard/state audit"
uwb-imu-pl/gate-d-diagnostics/v16,24,1200000000,24,24,24,1,1,24,1200000000,"discard","SKIPPED",,"upstream gate did not reach stage"
uwb-imu-pl/gate-d-diagnostics/v16,24,1200000000,24,24,24,1,1,24,1200000000,"core_total","EXECUTED",3852.504516,""
uwb-imu-pl/gate-d-diagnostics/v16,25,1250000000,25,25,25,1,1,25,1250000000,"prepare","EXECUTED",2.0183849999999999,""
uwb-imu-pl/gate-d-diagnostics/v16,25,1250000000,25,25,25,1,1,25,1250000000,"integrity_window","EXECUTED",1763.283246,""
uwb-imu-pl/gate-d-diagnostics/v16,25,1250000000,25,25,25,1,1,25,1250000000,"window_boundary_provenance","EXECUTED",1747.5062499999999,""
uwb-imu-pl/gate-d-diagnostics/v16,25,1250000000,25,25,25,1,1,25,1250000000,"window_factor_linearization_whitening","EXECUTED",0.96118700000000001,""
uwb-imu-pl/gate-d-diagnostics/v16,25,1250000000,25,25,25,1,1,25,1250000000,"window_dense_assembly","EXECUTED",0.12507599999999999,""
uwb-imu-pl/gate-d-diagnostics/v16,25,1250000000,25,25,25,1,1,25,1250000000,"window_svd","EXECUTED",8.9220319999999997,""
uwb-imu-pl/gate-d-diagnostics/v16,25,1250000000,25,25,25,1,1,25,1250000000,"window_normal_equations","EXECUTED",0.37105300000000002,""
uwb-imu-pl/gate-d-diagnostics/v16,25,1250000000,25,25,25,1,1,25,1250000000,"window_llt_state_solves","EXECUTED",0.13353599999999999,""
uwb-imu-pl/gate-d-diagnostics/v16,25,1250000000,25,25,25,1,1,25,1250000000,"window_fingerprint","EXECUTED",3.9249299999999998,""
uwb-imu-pl/gate-d-diagnostics/v16,25,1250000000,25,25,25,1,1,25,1250000000,"all_in_detector","EXECUTED",0.26880100000000001,""
uwb-imu-pl/gate-d-diagnostics/v16,25,1250000000,25,25,25,1,1,25,1250000000,"current_sensitivity","EXECUTED",0.64769299999999996,""
uwb-imu-pl/gate-d-diagnostics/v16,25,1250000000,25,25,25,1,1,25,1250000000,"model_generation","EXECUTED",298.07185500000003,""
uwb-imu-pl/gate-d-diagnostics/v16,25,1250000000,25,25,25,1,1,25,1250000000,"historical_sensitivity","EXECUTED",0.13774600000000001,""
uwb-imu-pl/gate-d-diagnostics/v16,25,1250000000,25,25,25,1,1,25,1250000000,"hypothesis_evidence","EXECUTED",1934.2714100000001,"effective_dimensions=1:464,2:41440,3:19200,other:0;context_bytes=10265792;worker_blocks=4"
uwb-imu-pl/gate-d-diagnostics/v16,25,1250000000,25,25,25,1,1,25,1250000000,"health_actions","EXECUTED",21.528459999999999,""
uwb-imu-pl/gate-d-diagnostics/v16,25,1250000000,25,25,25,1,1,25,1250000000,"hypothesis_audit","SKIPPED",,"disabled by output.write_hypothesis_evidence"
uwb-imu-pl/gate-d-diagnostics/v16,25,1250000000,25,25,25,1,1,25,1250000000,"base_factorization","EXECUTED",0.86183699999999996,""
uwb-imu-pl/gate-d-diagnostics/v16,25,1250000000,25,25,25,1,1,25,1250000000,"shared_cache","EXECUTED",0.002859,""
uwb-imu-pl/gate-d-diagnostics/v16,25,1250000000,25,25,25,1,1,25,1250000000,"candidate_evaluation","EXECUTED",461.767248,"rank=1;dense=0;stream_protocol=2;stream_batches=1;stream_batch_capacity=1;stream_peak_batch_actions=1;stream_peak_resident_evaluated_actions=1;stream_peak_batch_full_proofs=0;stream_retained_full_candidates=0;stream_retained_full_proofs=0;stream_full_action_heavy_copy=0;stream_complete=1;stream_fde_preproof_selected_action=0;stream_fde_preproof_status=NO_VALID_CANDIDATE;stream_main_arena_action_full_proofs=0;stream_action_proof_retention=NORMAL_TWO_PASS_O_B_PLUS_ONE;stream_winner_recompute=0;stream_winner_recompute_test_seam=0"
uwb-imu-pl/gate-d-diagnostics/v16,25,1250000000,25,25,25,1,1,25,1250000000,"fde_decision","EXECUTED",27.103331000000001,""
uwb-imu-pl/gate-d-diagnostics/v16,25,1250000000,25,25,25,1,1,25,1250000000,"candidate_audit","EXECUTED",0.040105000000000002,"ACTION_REJECTION_FUNNEL_V2:1=REJECT_PL"
uwb-imu-pl/gate-d-diagnostics/v16,25,1250000000,25,25,25,1,1,25,1250000000,"commit","EXECUTED",2.202194,""
uwb-imu-pl/gate-d-diagnostics/v16,25,1250000000,25,25,25,1,1,25,1250000000,"state_audit","EXECUTED",0.00042200000000000001,""
uwb-imu-pl/gate-d-diagnostics/v16,25,1250000000,25,25,25,1,1,25,1250000000,"finalize_commit_audit","EXECUTED",32.222759000000003,"excludes separately timed commit/discard/state audit"
uwb-imu-pl/gate-d-diagnostics/v16,25,1250000000,25,25,25,1,1,25,1250000000,"discard","SKIPPED",,"upstream gate did not reach stage"
uwb-imu-pl/gate-d-diagnostics/v16,25,1250000000,25,25,25,1,1,25,1250000000,"core_total","EXECUTED",4544.941366,""
uwb-imu-pl/gate-d-diagnostics/v16,26,1300000000,26,26,26,1,1,26,1300000000,"prepare","EXECUTED",2.4330259999999999,""
uwb-imu-pl/gate-d-diagnostics/v16,26,1300000000,26,26,26,1,1,26,1300000000,"integrity_window","EXECUTED",1966.2673110000001,""
uwb-imu-pl/gate-d-diagnostics/v16,26,1300000000,26,26,26,1,1,26,1300000000,"window_boundary_provenance","EXECUTED",1950.5491460000001,""
uwb-imu-pl/gate-d-diagnostics/v16,26,1300000000,26,26,26,1,1,26,1300000000,"window_factor_linearization_whitening","EXECUTED",0.99850899999999998,""
uwb-imu-pl/gate-d-diagnostics/v16,26,1300000000,26,26,26,1,1,26,1300000000,"window_dense_assembly","EXECUTED",0.117252,""
uwb-imu-pl/gate-d-diagnostics/v16,26,1300000000,26,26,26,1,1,26,1300000000,"window_svd","EXECUTED",8.6177960000000002,""
uwb-imu-pl/gate-d-diagnostics/v16,26,1300000000,26,26,26,1,1,26,1300000000,"window_normal_equations","EXECUTED",0.39860099999999998,""
uwb-imu-pl/gate-d-diagnostics/v16,26,1300000000,26,26,26,1,1,26,1300000000,"window_llt_state_solves","EXECUTED",0.137653,""
uwb-imu-pl/gate-d-diagnostics/v16,26,1300000000,26,26,26,1,1,26,1300000000,"window_fingerprint","EXECUTED",4.0948589999999996,""
uwb-imu-pl/gate-d-diagnostics/v16,26,1300000000,26,26,26,1,1,26,1300000000,"all_in_detector","EXECUTED",0.270042,""
uwb-imu-pl/gate-d-diagnostics/v16,26,1300000000,26,26,26,1,1,26,1300000000,"current_sensitivity","EXECUTED",0.56128100000000003,""
uwb-imu-pl/gate-d-diagnostics/v16,26,1300000000,26,26,26,1,1,26,1300000000,"model_generation","EXECUTED",301.36015299999997,""
uwb-imu-pl/gate-d-diagnostics/v16,26,1300000000,26,26,26,1,1,26,1300000000,"historical_sensitivity","EXECUTED",0.12029200000000001,""
uwb-imu-pl/gate-d-diagnostics/v16,26,1300000000,26,26,26,1,1,26,1300000000,"hypothesis_evidence","EXECUTED",1890.447314,"effective_dimensions=1:464,2:41440,3:19200,other:0;context_bytes=10265792;worker_blocks=4"
uwb-imu-pl/gate-d-diagnostics/v16,26,1300000000,26,26,26,1,1,26,1300000000,"health_actions","EXECUTED",17.882531,""
uwb-imu-pl/gate-d-diagnostics/v16,26,1300000000,26,26,26,1,1,26,1300000000,"hypothesis_audit","SKIPPED",,"disabled by output.write_hypothesis_evidence"
uwb-imu-pl/gate-d-diagnostics/v16,26,1300000000,26,26,26,1,1,26,1300000000,"base_factorization","EXECUTED",0.27857900000000002,""
uwb-imu-pl/gate-d-diagnostics/v16,26,1300000000,26,26,26,1,1,26,1300000000,"shared_cache","EXECUTED",0.0021459999999999999,""
uwb-imu-pl/gate-d-diagnostics/v16,26,1300000000,26,26,26,1,1,26,1300000000,"candidate_evaluation","EXECUTED",445.00069200000002,"rank=1;dense=0;stream_protocol=2;stream_batches=1;stream_batch_capacity=1;stream_peak_batch_actions=1;stream_peak_resident_evaluated_actions=1;stream_peak_batch_full_proofs=0;stream_retained_full_candidates=0;stream_retained_full_proofs=0;stream_full_action_heavy_copy=0;stream_complete=1;stream_fde_preproof_selected_action=0;stream_fde_preproof_status=NO_VALID_CANDIDATE;stream_main_arena_action_full_proofs=0;stream_action_proof_retention=NORMAL_TWO_PASS_O_B_PLUS_ONE;stream_winner_recompute=0;stream_winner_recompute_test_seam=0"
uwb-imu-pl/gate-d-diagnostics/v16,26,1300000000,26,26,26,1,1,26,1300000000,"fde_decision","EXECUTED",27.136095999999998,""
uwb-imu-pl/gate-d-diagnostics/v16,26,1300000000,26,26,26,1,1,26,1300000000,"candidate_audit","EXECUTED",0.039868000000000001,"ACTION_REJECTION_FUNNEL_V2:1=REJECT_PL"
uwb-imu-pl/gate-d-diagnostics/v16,26,1300000000,26,26,26,1,1,26,1300000000,"commit","EXECUTED",2.440553,""
uwb-imu-pl/gate-d-diagnostics/v16,26,1300000000,26,26,26,1,1,26,1300000000,"state_audit","EXECUTED",0.00041100000000000002,""
uwb-imu-pl/gate-d-diagnostics/v16,26,1300000000,26,26,26,1,1,26,1300000000,"finalize_commit_audit","EXECUTED",33.728038999999995,"excludes separately timed commit/discard/state audit"
uwb-imu-pl/gate-d-diagnostics/v16,26,1300000000,26,26,26,1,1,26,1300000000,"discard","SKIPPED",,"upstream gate did not reach stage"
uwb-imu-pl/gate-d-diagnostics/v16,26,1300000000,26,26,26,1,1,26,1300000000,"core_total","EXECUTED",4688.7310880000005,""
uwb-imu-pl/gate-d-diagnostics/v16,27,1350000000,27,27,27,1,1,27,1350000000,"prepare","EXECUTED",2.5098069999999999,""
uwb-imu-pl/gate-d-diagnostics/v16,27,1350000000,27,27,27,1,1,27,1350000000,"integrity_window","EXECUTED",2114.5021820000002,""
uwb-imu-pl/gate-d-diagnostics/v16,27,1350000000,27,27,27,1,1,27,1350000000,"window_boundary_provenance","EXECUTED",2096.257615,""
uwb-imu-pl/gate-d-diagnostics/v16,27,1350000000,27,27,27,1,1,27,1350000000,"window_factor_linearization_whitening","EXECUTED",1.026918,""
uwb-imu-pl/gate-d-diagnostics/v16,27,1350000000,27,27,27,1,1,27,1350000000,"window_dense_assembly","EXECUTED",0.12744800000000001,""
uwb-imu-pl/gate-d-diagnostics/v16,27,1350000000,27,27,27,1,1,27,1350000000,"window_svd","EXECUTED",10.639561,""
uwb-imu-pl/gate-d-diagnostics/v16,27,1350000000,27,27,27,1,1,27,1350000000,"window_normal_equations","EXECUTED",0.41571200000000003,""
uwb-imu-pl/gate-d-diagnostics/v16,27,1350000000,27,27,27,1,1,27,1350000000,"window_llt_state_solves","EXECUTED",0.161498,""
uwb-imu-pl/gate-d-diagnostics/v16,27,1350000000,27,27,27,1,1,27,1350000000,"window_fingerprint","EXECUTED",4.4391360000000004,""
uwb-imu-pl/gate-d-diagnostics/v16,27,1350000000,27,27,27,1,1,27,1350000000,"all_in_detector","EXECUTED",0.322239,""
uwb-imu-pl/gate-d-diagnostics/v16,27,1350000000,27,27,27,1,1,27,1350000000,"current_sensitivity","EXECUTED",0.98219400000000001,""
uwb-imu-pl/gate-d-diagnostics/v16,27,1350000000,27,27,27,1,1,27,1350000000,"model_generation","EXECUTED",305.73322199999996,""
uwb-imu-pl/gate-d-diagnostics/v16,27,1350000000,27,27,27,1,1,27,1350000000,"historical_sensitivity","EXECUTED",0.17263299999999998,""
uwb-imu-pl/gate-d-diagnostics/v16,27,1350000000,27,27,27,1,1,27,1350000000,"hypothesis_evidence","EXECUTED",1882.031385,"effective_dimensions=1:464,2:41440,3:19200,other:0;context_bytes=10265792;worker_blocks=4"
uwb-imu-pl/gate-d-diagnostics/v16,27,1350000000,27,27,27,1,1,27,1350000000,"health_actions","EXECUTED",20.217168999999998,""
uwb-imu-pl/gate-d-diagnostics/v16,27,1350000000,27,27,27,1,1,27,1350000000,"hypothesis_audit","SKIPPED",,"disabled by output.write_hypothesis_evidence"
uwb-imu-pl/gate-d-diagnostics/v16,27,1350000000,27,27,27,1,1,27,1350000000,"base_factorization","EXECUTED",0.26364799999999999,""
uwb-imu-pl/gate-d-diagnostics/v16,27,1350000000,27,27,27,1,1,27,1350000000,"shared_cache","EXECUTED",0.0018979999999999999,""
uwb-imu-pl/gate-d-diagnostics/v16,27,1350000000,27,27,27,1,1,27,1350000000,"candidate_evaluation","EXECUTED",449.22065300000003,"rank=1;dense=0;stream_protocol=2;stream_batches=1;stream_batch_capacity=1;stream_peak_batch_actions=1;stream_peak_resident_evaluated_actions=1;stream_peak_batch_full_proofs=0;stream_retained_full_candidates=0;stream_retained_full_proofs=0;stream_full_action_heavy_copy=0;stream_complete=1;stream_fde_preproof_selected_action=0;stream_fde_preproof_status=NO_VALID_CANDIDATE;stream_main_arena_action_full_proofs=0;stream_action_proof_retention=NORMAL_TWO_PASS_O_B_PLUS_ONE;stream_winner_recompute=0;stream_winner_recompute_test_seam=0"
uwb-imu-pl/gate-d-diagnostics/v16,27,1350000000,27,27,27,1,1,27,1350000000,"fde_decision","EXECUTED",25.814876999999999,""
uwb-imu-pl/gate-d-diagnostics/v16,27,1350000000,27,27,27,1,1,27,1350000000,"candidate_audit","EXECUTED",0.039102999999999999,"ACTION_REJECTION_FUNNEL_V2:1=REJECT_PL"
uwb-imu-pl/gate-d-diagnostics/v16,27,1350000000,27,27,27,1,1,27,1350000000,"commit","EXECUTED",2.2542960000000001,""
uwb-imu-pl/gate-d-diagnostics/v16,27,1350000000,27,27,27,1,1,27,1350000000,"state_audit","EXECUTED",0.00041800000000000002,""
uwb-imu-pl/gate-d-diagnostics/v16,27,1350000000,27,27,27,1,1,27,1350000000,"finalize_commit_audit","EXECUTED",33.398656000000003,"excludes separately timed commit/discard/state audit"
uwb-imu-pl/gate-d-diagnostics/v16,27,1350000000,27,27,27,1,1,27,1350000000,"discard","SKIPPED",,"upstream gate did not reach stage"
uwb-imu-pl/gate-d-diagnostics/v16,27,1350000000,27,27,27,1,1,27,1350000000,"core_total","EXECUTED",4838.073007,""
uwb-imu-pl/gate-d-diagnostics/v16,28,1400000000,28,28,28,1,1,28,1400000000,"prepare","EXECUTED",2.4253300000000002,""
uwb-imu-pl/gate-d-diagnostics/v16,28,1400000000,28,28,28,1,1,28,1400000000,"integrity_window","EXECUTED",2387.739556,""
uwb-imu-pl/gate-d-diagnostics/v16,28,1400000000,28,28,28,1,1,28,1400000000,"window_boundary_provenance","EXECUTED",2372.067974,""
uwb-imu-pl/gate-d-diagnostics/v16,28,1400000000,28,28,28,1,1,28,1400000000,"window_factor_linearization_whitening","EXECUTED",1.203438,""
uwb-imu-pl/gate-d-diagnostics/v16,28,1400000000,28,28,28,1,1,28,1400000000,"window_dense_assembly","EXECUTED",0.107602,""
uwb-imu-pl/gate-d-diagnostics/v16,28,1400000000,28,28,28,1,1,28,1400000000,"window_svd","EXECUTED",8.3133020000000002,""
uwb-imu-pl/gate-d-diagnostics/v16,28,1400000000,28,28,28,1,1,28,1400000000,"window_normal_equations","EXECUTED",0.43678,""
uwb-imu-pl/gate-d-diagnostics/v16,28,1400000000,28,28,28,1,1,28,1400000000,"window_llt_state_solves","EXECUTED",0.16468099999999999,""
uwb-imu-pl/gate-d-diagnostics/v16,28,1400000000,28,28,28,1,1,28,1400000000,"window_fingerprint","EXECUTED",4.0830349999999997,""
uwb-imu-pl/gate-d-diagnostics/v16,28,1400000000,28,28,28,1,1,28,1400000000,"all_in_detector","EXECUTED",0.25677499999999998,""
uwb-imu-pl/gate-d-diagnostics/v16,28,1400000000,28,28,28,1,1,28,1400000000,"current_sensitivity","EXECUTED",0.66688899999999995,""
uwb-imu-pl/gate-d-diagnostics/v16,28,1400000000,28,28,28,1,1,28,1400000000,"model_generation","EXECUTED",308.479399,""
uwb-imu-pl/gate-d-diagnostics/v16,28,1400000000,28,28,28,1,1,28,1400000000,"historical_sensitivity","EXECUTED",0.15626600000000002,""
uwb-imu-pl/gate-d-diagnostics/v16,28,1400000000,28,28,28,1,1,28,1400000000,"hypothesis_evidence","EXECUTED",1881.4395219999999,"effective_dimensions=1:464,2:41440,3:19200,other:0;context_bytes=10265792;worker_blocks=4"
uwb-imu-pl/gate-d-diagnostics/v16,28,1400000000,28,28,28,1,1,28,1400000000,"health_actions","EXECUTED",18.038205999999999,""
uwb-imu-pl/gate-d-diagnostics/v16,28,1400000000,28,28,28,1,1,28,1400000000,"hypothesis_audit","SKIPPED",,"disabled by output.write_hypothesis_evidence"
uwb-imu-pl/gate-d-diagnostics/v16,28,1400000000,28,28,28,1,1,28,1400000000,"base_factorization","EXECUTED",0.27014500000000002,""
uwb-imu-pl/gate-d-diagnostics/v16,28,1400000000,28,28,28,1,1,28,1400000000,"shared_cache","EXECUTED",0.0020569999999999998,""
uwb-imu-pl/gate-d-diagnostics/v16,28,1400000000,28,28,28,1,1,28,1400000000,"candidate_evaluation","EXECUTED",453.18838899999997,"rank=1;dense=0;stream_protocol=2;stream_batches=1;stream_batch_capacity=1;stream_peak_batch_actions=1;stream_peak_resident_evaluated_actions=1;stream_peak_batch_full_proofs=0;stream_retained_full_candidates=0;stream_retained_full_proofs=0;stream_full_action_heavy_copy=0;stream_complete=1;stream_fde_preproof_selected_action=0;stream_fde_preproof_status=NO_VALID_CANDIDATE;stream_main_arena_action_full_proofs=0;stream_action_proof_retention=NORMAL_TWO_PASS_O_B_PLUS_ONE;stream_winner_recompute=0;stream_winner_recompute_test_seam=0"
uwb-imu-pl/gate-d-diagnostics/v16,28,1400000000,28,28,28,1,1,28,1400000000,"fde_decision","EXECUTED",29.756508,""
uwb-imu-pl/gate-d-diagnostics/v16,28,1400000000,28,28,28,1,1,28,1400000000,"candidate_audit","EXECUTED",0.041537999999999999,"ACTION_REJECTION_FUNNEL_V2:1=REJECT_PL"
uwb-imu-pl/gate-d-diagnostics/v16,28,1400000000,28,28,28,1,1,28,1400000000,"commit","EXECUTED",2.1415860000000002,""
uwb-imu-pl/gate-d-diagnostics/v16,28,1400000000,28,28,28,1,1,28,1400000000,"state_audit","EXECUTED",0.00038099999999999999,""
uwb-imu-pl/gate-d-diagnostics/v16,28,1400000000,28,28,28,1,1,28,1400000000,"finalize_commit_audit","EXECUTED",35.241935999999995,"excludes separately timed commit/discard/state audit"
uwb-imu-pl/gate-d-diagnostics/v16,28,1400000000,28,28,28,1,1,28,1400000000,"discard","SKIPPED",,"upstream gate did not reach stage"
uwb-imu-pl/gate-d-diagnostics/v16,28,1400000000,28,28,28,1,1,28,1400000000,"core_total","EXECUTED",5121.1812609999997,""
uwb-imu-pl/gate-d-diagnostics/v16,29,1450000000,29,29,29,1,1,29,1450000000,"prepare","EXECUTED",2.7697120000000002,""
uwb-imu-pl/gate-d-diagnostics/v16,29,1450000000,29,29,29,1,1,29,1450000000,"integrity_window","EXECUTED",2773.1732440000001,""
uwb-imu-pl/gate-d-diagnostics/v16,29,1450000000,29,29,29,1,1,29,1450000000,"window_boundary_provenance","EXECUTED",2757.7343599999999,""
uwb-imu-pl/gate-d-diagnostics/v16,29,1450000000,29,29,29,1,1,29,1450000000,"window_factor_linearization_whitening","EXECUTED",1.66984,""
uwb-imu-pl/gate-d-diagnostics/v16,29,1450000000,29,29,29,1,1,29,1450000000,"window_dense_assembly","EXECUTED",0.116703,""
uwb-imu-pl/gate-d-diagnostics/v16,29,1450000000,29,29,29,1,1,29,1450000000,"window_svd","EXECUTED",7.8211649999999997,""
uwb-imu-pl/gate-d-diagnostics/v16,29,1450000000,29,29,29,1,1,29,1450000000,"window_normal_equations","EXECUTED",0.35863299999999998,""
uwb-imu-pl/gate-d-diagnostics/v16,29,1450000000,29,29,29,1,1,29,1450000000,"window_llt_state_solves","EXECUTED",0.12920100000000001,""
uwb-imu-pl/gate-d-diagnostics/v16,29,1450000000,29,29,29,1,1,29,1450000000,"window_fingerprint","EXECUTED",3.9170050000000001,""
uwb-imu-pl/gate-d-diagnostics/v16,29,1450000000,29,29,29,1,1,29,1450000000,"all_in_detector","EXECUTED",0.28865200000000002,""
uwb-imu-pl/gate-d-diagnostics/v16,29,1450000000,29,29,29,1,1,29,1450000000,"current_sensitivity","EXECUTED",0.557778,""
uwb-imu-pl/gate-d-diagnostics/v16,29,1450000000,29,29,29,1,1,29,1450000000,"model_generation","EXECUTED",299.28440900000004,""
uwb-imu-pl/gate-d-diagnostics/v16,29,1450000000,29,29,29,1,1,29,1450000000,"historical_sensitivity","EXECUTED",0.16438799999999998,""
uwb-imu-pl/gate-d-diagnostics/v16,29,1450000000,29,29,29,1,1,29,1450000000,"hypothesis_evidence","EXECUTED",1923.946216,"effective_dimensions=1:464,2:41440,3:19200,other:0;context_bytes=10265792;worker_blocks=4"
uwb-imu-pl/gate-d-diagnostics/v16,29,1450000000,29,29,29,1,1,29,1450000000,"health_actions","EXECUTED",16.405984,""
uwb-imu-pl/gate-d-diagnostics/v16,29,1450000000,29,29,29,1,1,29,1450000000,"hypothesis_audit","SKIPPED",,"disabled by output.write_hypothesis_evidence"
uwb-imu-pl/gate-d-diagnostics/v16,29,1450000000,29,29,29,1,1,29,1450000000,"base_factorization","EXECUTED",0.25950699999999999,""
uwb-imu-pl/gate-d-diagnostics/v16,29,1450000000,29,29,29,1,1,29,1450000000,"shared_cache","EXECUTED",0.0026229999999999999,""
uwb-imu-pl/gate-d-diagnostics/v16,29,1450000000,29,29,29,1,1,29,1450000000,"candidate_evaluation","EXECUTED",450.39541000000003,"rank=1;dense=0;stream_protocol=2;stream_batches=1;stream_batch_capacity=1;stream_peak_batch_actions=1;stream_peak_resident_evaluated_actions=1;stream_peak_batch_full_proofs=0;stream_retained_full_candidates=0;stream_retained_full_proofs=0;stream_full_action_heavy_copy=0;stream_complete=1;stream_fde_preproof_selected_action=0;stream_fde_preproof_status=NO_VALID_CANDIDATE;stream_main_arena_action_full_proofs=0;stream_action_proof_retention=NORMAL_TWO_PASS_O_B_PLUS_ONE;stream_winner_recompute=0;stream_winner_recompute_test_seam=0"
uwb-imu-pl/gate-d-diagnostics/v16,29,1450000000,29,29,29,1,1,29,1450000000,"fde_decision","EXECUTED",29.630990000000001,""
uwb-imu-pl/gate-d-diagnostics/v16,29,1450000000,29,29,29,1,1,29,1450000000,"candidate_audit","EXECUTED",0.038657999999999998,"ACTION_REJECTION_FUNNEL_V2:1=REJECT_PL"
uwb-imu-pl/gate-d-diagnostics/v16,29,1450000000,29,29,29,1,1,29,1450000000,"commit","EXECUTED",2.3526250000000002,""
uwb-imu-pl/gate-d-diagnostics/v16,29,1450000000,29,29,29,1,1,29,1450000000,"state_audit","EXECUTED",0.000437,""
uwb-imu-pl/gate-d-diagnostics/v16,29,1450000000,29,29,29,1,1,29,1450000000,"finalize_commit_audit","EXECUTED",36.397371999999997,"excludes separately timed commit/discard/state audit"
uwb-imu-pl/gate-d-diagnostics/v16,29,1450000000,29,29,29,1,1,29,1450000000,"discard","SKIPPED",,"upstream gate did not reach stage"
uwb-imu-pl/gate-d-diagnostics/v16,29,1450000000,29,29,29,1,1,29,1450000000,"core_total","EXECUTED",5536.2246679999998,""
uwb-imu-pl/gate-d-diagnostics/v16,30,1500000000,30,30,30,1,1,30,1500000000,"prepare","EXECUTED",2.5851160000000002,""
uwb-imu-pl/gate-d-diagnostics/v16,30,1500000000,30,30,30,1,1,30,1500000000,"integrity_window","EXECUTED",3288.7909140000002,""
uwb-imu-pl/gate-d-diagnostics/v16,30,1500000000,30,30,30,1,1,30,1500000000,"window_boundary_provenance","EXECUTED",3271.7362929999999,""
uwb-imu-pl/gate-d-diagnostics/v16,30,1500000000,30,30,30,1,1,30,1500000000,"window_factor_linearization_whitening","EXECUTED",1.9564779999999999,""
uwb-imu-pl/gate-d-diagnostics/v16,30,1500000000,30,30,30,1,1,30,1500000000,"window_dense_assembly","EXECUTED",0.21438199999999999,""
uwb-imu-pl/gate-d-diagnostics/v16,30,1500000000,30,30,30,1,1,30,1500000000,"window_svd","EXECUTED",9.1429539999999996,""
uwb-imu-pl/gate-d-diagnostics/v16,30,1500000000,30,30,30,1,1,30,1500000000,"window_normal_equations","EXECUTED",0.33711600000000003,""
uwb-imu-pl/gate-d-diagnostics/v16,30,1500000000,30,30,30,1,1,30,1500000000,"window_llt_state_solves","EXECUTED",0.106354,""
uwb-imu-pl/gate-d-diagnostics/v16,30,1500000000,30,30,30,1,1,30,1500000000,"window_fingerprint","EXECUTED",3.9320140000000001,""
uwb-imu-pl/gate-d-diagnostics/v16,30,1500000000,30,30,30,1,1,30,1500000000,"all_in_detector","EXECUTED",0.27588800000000002,""
uwb-imu-pl/gate-d-diagnostics/v16,30,1500000000,30,30,30,1,1,30,1500000000,"current_sensitivity","EXECUTED",0.55097300000000005,""
uwb-imu-pl/gate-d-diagnostics/v16,30,1500000000,30,30,30,1,1,30,1500000000,"model_generation","EXECUTED",303.650848,""
uwb-imu-pl/gate-d-diagnostics/v16,30,1500000000,30,30,30,1,1,30,1500000000,"historical_sensitivity","EXECUTED",0.129362,""
uwb-imu-pl/gate-d-diagnostics/v16,30,1500000000,30,30,30,1,1,30,1500000000,"hypothesis_evidence","EXECUTED",1875.080256,"effective_dimensions=1:464,2:41440,3:19200,other:0;context_bytes=10265792;worker_blocks=4"
uwb-imu-pl/gate-d-diagnostics/v16,30,1500000000,30,30,30,1,1,30,1500000000,"health_actions","EXECUTED",20.285796000000001,""
uwb-imu-pl/gate-d-diagnostics/v16,30,1500000000,30,30,30,1,1,30,1500000000,"hypothesis_audit","SKIPPED",,"disabled by output.write_hypothesis_evidence"
uwb-imu-pl/gate-d-diagnostics/v16,30,1500000000,30,30,30,1,1,30,1500000000,"base_factorization","EXECUTED",0.27642,""
uwb-imu-pl/gate-d-diagnostics/v16,30,1500000000,30,30,30,1,1,30,1500000000,"shared_cache","EXECUTED",0.0023340000000000001,""
uwb-imu-pl/gate-d-diagnostics/v16,30,1500000000,30,30,30,1,1,30,1500000000,"candidate_evaluation","EXECUTED",448.160346,"rank=1;dense=0;stream_protocol=2;stream_batches=1;stream_batch_capacity=1;stream_peak_batch_actions=1;stream_peak_resident_evaluated_actions=1;stream_peak_batch_full_proofs=0;stream_retained_full_candidates=0;stream_retained_full_proofs=0;stream_full_action_heavy_copy=0;stream_complete=1;stream_fde_preproof_selected_action=0;stream_fde_preproof_status=NO_VALID_CANDIDATE;stream_main_arena_action_full_proofs=0;stream_action_proof_retention=NORMAL_TWO_PASS_O_B_PLUS_ONE;stream_winner_recompute=0;stream_winner_recompute_test_seam=0"
uwb-imu-pl/gate-d-diagnostics/v16,30,1500000000,30,30,30,1,1,30,1500000000,"fde_decision","EXECUTED",30.745128000000001,""
uwb-imu-pl/gate-d-diagnostics/v16,30,1500000000,30,30,30,1,1,30,1500000000,"candidate_audit","EXECUTED",0.048585000000000003,"ACTION_REJECTION_FUNNEL_V2:1=REJECT_PL"
uwb-imu-pl/gate-d-diagnostics/v16,30,1500000000,30,30,30,1,1,30,1500000000,"commit","EXECUTED",2.7595329999999998,""
uwb-imu-pl/gate-d-diagnostics/v16,30,1500000000,30,30,30,1,1,30,1500000000,"state_audit","EXECUTED",0.000408,""
uwb-imu-pl/gate-d-diagnostics/v16,30,1500000000,30,30,30,1,1,30,1500000000,"finalize_commit_audit","EXECUTED",33.277581000000005,"excludes separately timed commit/discard/state audit"
uwb-imu-pl/gate-d-diagnostics/v16,30,1500000000,30,30,30,1,1,30,1500000000,"discard","SKIPPED",,"upstream gate did not reach stage"
uwb-imu-pl/gate-d-diagnostics/v16,30,1500000000,30,30,30,1,1,30,1500000000,"core_total","EXECUTED",6007.243305,""
uwb-imu-pl/gate-d-diagnostics/v16,31,1550000000,31,31,31,2,1,31,1550000000,"prepare","EXECUTED",3.0232519999999998,""
uwb-imu-pl/gate-d-diagnostics/v16,31,1550000000,31,31,31,2,1,31,1550000000,"integrity_window","EXECUTED",470.757294,""
uwb-imu-pl/gate-d-diagnostics/v16,31,1550000000,31,31,31,2,1,31,1550000000,"window_boundary_provenance","EXECUTED",454.71160800000001,""
uwb-imu-pl/gate-d-diagnostics/v16,31,1550000000,31,31,31,2,1,31,1550000000,"window_factor_linearization_whitening","EXECUTED",1.4455359999999999,""
uwb-imu-pl/gate-d-diagnostics/v16,31,1550000000,31,31,31,2,1,31,1550000000,"window_dense_assembly","EXECUTED",0.14530799999999999,""
uwb-imu-pl/gate-d-diagnostics/v16,31,1550000000,31,31,31,2,1,31,1550000000,"window_svd","EXECUTED",8.4015400000000007,""
uwb-imu-pl/gate-d-diagnostics/v16,31,1550000000,31,31,31,2,1,31,1550000000,"window_normal_equations","EXECUTED",0.37635000000000002,""
uwb-imu-pl/gate-d-diagnostics/v16,31,1550000000,31,31,31,2,1,31,1550000000,"window_llt_state_solves","EXECUTED",0.144459,""
uwb-imu-pl/gate-d-diagnostics/v16,31,1550000000,31,31,31,2,1,31,1550000000,"window_fingerprint","EXECUTED",4.1514360000000003,""
uwb-imu-pl/gate-d-diagnostics/v16,31,1550000000,31,31,31,2,1,31,1550000000,"all_in_detector","EXECUTED",0.35467799999999999,""
uwb-imu-pl/gate-d-diagnostics/v16,31,1550000000,31,31,31,2,1,31,1550000000,"current_sensitivity","EXECUTED",0.72702500000000003,""
uwb-imu-pl/gate-d-diagnostics/v16,31,1550000000,31,31,31,2,1,31,1550000000,"model_generation","EXECUTED",302.38132299999995,""
uwb-imu-pl/gate-d-diagnostics/v16,31,1550000000,31,31,31,2,1,31,1550000000,"historical_sensitivity","EXECUTED",0.128412,""
uwb-imu-pl/gate-d-diagnostics/v16,31,1550000000,31,31,31,2,1,31,1550000000,"hypothesis_evidence","EXECUTED",1927.0000319999999,"effective_dimensions=1:464,2:41440,3:19200,other:0;context_bytes=10265792;worker_blocks=4"
uwb-imu-pl/gate-d-diagnostics/v16,31,1550000000,31,31,31,2,1,31,1550000000,"health_actions","EXECUTED",26.199688999999999,""
uwb-imu-pl/gate-d-diagnostics/v16,31,1550000000,31,31,31,2,1,31,1550000000,"hypothesis_audit","SKIPPED",,"disabled by output.write_hypothesis_evidence"
uwb-imu-pl/gate-d-diagnostics/v16,31,1550000000,31,31,31,2,1,31,1550000000,"base_factorization","EXECUTED",0.26309300000000002,""
uwb-imu-pl/gate-d-diagnostics/v16,31,1550000000,31,31,31,2,1,31,1550000000,"shared_cache","EXECUTED",0.0022179999999999999,""
uwb-imu-pl/gate-d-diagnostics/v16,31,1550000000,31,31,31,2,1,31,1550000000,"candidate_evaluation","EXECUTED",443.75857100000002,"rank=1;dense=0;stream_protocol=2;stream_batches=1;stream_batch_capacity=1;stream_peak_batch_actions=1;stream_peak_resident_evaluated_actions=1;stream_peak_batch_full_proofs=0;stream_retained_full_candidates=0;stream_retained_full_proofs=0;stream_full_action_heavy_copy=0;stream_complete=1;stream_fde_preproof_selected_action=0;stream_fde_preproof_status=NO_VALID_CANDIDATE;stream_main_arena_action_full_proofs=0;stream_action_proof_retention=NORMAL_TWO_PASS_O_B_PLUS_ONE;stream_winner_recompute=0;stream_winner_recompute_test_seam=0"
uwb-imu-pl/gate-d-diagnostics/v16,31,1550000000,31,31,31,2,1,31,1550000000,"fde_decision","EXECUTED",26.500857,""
uwb-imu-pl/gate-d-diagnostics/v16,31,1550000000,31,31,31,2,1,31,1550000000,"candidate_audit","EXECUTED",0.041023999999999998,"ACTION_REJECTION_FUNNEL_V2:1=REJECT_PL"
uwb-imu-pl/gate-d-diagnostics/v16,31,1550000000,31,31,31,2,1,31,1550000000,"commit","EXECUTED",2.3620510000000001,""
uwb-imu-pl/gate-d-diagnostics/v16,31,1550000000,31,31,31,2,1,31,1550000000,"state_audit","EXECUTED",0.00038200000000000002,""
uwb-imu-pl/gate-d-diagnostics/v16,31,1550000000,31,31,31,2,1,31,1550000000,"finalize_commit_audit","EXECUTED",35.851247999999998,"excludes separately timed commit/discard/state audit"
uwb-imu-pl/gate-d-diagnostics/v16,31,1550000000,31,31,31,2,1,31,1550000000,"discard","SKIPPED",,"upstream gate did not reach stage"
uwb-imu-pl/gate-d-diagnostics/v16,31,1550000000,31,31,31,2,1,31,1550000000,"core_total","EXECUTED",3240.0821980000001,""
uwb-imu-pl/gate-d-diagnostics/v16,32,1600000000,32,32,32,3,1,32,1600000000,"prepare","EXECUTED",2.6049229999999999,""
uwb-imu-pl/gate-d-diagnostics/v16,32,1600000000,32,32,32,3,1,32,1600000000,"integrity_window","EXECUTED",414.26985400000001,""
uwb-imu-pl/gate-d-diagnostics/v16,32,1600000000,32,32,32,3,1,32,1600000000,"window_boundary_provenance","EXECUTED",399.27195499999999,""
uwb-imu-pl/gate-d-diagnostics/v16,32,1600000000,32,32,32,3,1,32,1600000000,"window_factor_linearization_whitening","EXECUTED",1.0357050000000001,""
uwb-imu-pl/gate-d-diagnostics/v16,32,1600000000,32,32,32,3,1,32,1600000000,"window_dense_assembly","EXECUTED",0.090773000000000006,""
uwb-imu-pl/gate-d-diagnostics/v16,32,1600000000,32,32,32,3,1,32,1600000000,"window_svd","EXECUTED",7.9345220000000003,""
uwb-imu-pl/gate-d-diagnostics/v16,32,1600000000,32,32,32,3,1,32,1600000000,"window_normal_equations","EXECUTED",0.333874,""
uwb-imu-pl/gate-d-diagnostics/v16,32,1600000000,32,32,32,3,1,32,1600000000,"window_llt_state_solves","EXECUTED",0.10320500000000001,""
uwb-imu-pl/gate-d-diagnostics/v16,32,1600000000,32,32,32,3,1,32,1600000000,"window_fingerprint","EXECUTED",3.876878,""
uwb-imu-pl/gate-d-diagnostics/v16,32,1600000000,32,32,32,3,1,32,1600000000,"all_in_detector","EXECUTED",0.32743800000000001,""
uwb-imu-pl/gate-d-diagnostics/v16,32,1600000000,32,32,32,3,1,32,1600000000,"current_sensitivity","EXECUTED",0.63888699999999998,""
uwb-imu-pl/gate-d-diagnostics/v16,32,1600000000,32,32,32,3,1,32,1600000000,"model_generation","EXECUTED",299.89724100000001,""
uwb-imu-pl/gate-d-diagnostics/v16,32,1600000000,32,32,32,3,1,32,1600000000,"historical_sensitivity","EXECUTED",0.13217599999999999,""
uwb-imu-pl/gate-d-diagnostics/v16,32,1600000000,32,32,32,3,1,32,1600000000,"hypothesis_evidence","EXECUTED",1937.327663,"effective_dimensions=1:464,2:41440,3:19200,other:0;context_bytes=10265792;worker_blocks=4"
uwb-imu-pl/gate-d-diagnostics/v16,32,1600000000,32,32,32,3,1,32,1600000000,"health_actions","EXECUTED",22.741099999999999,""
uwb-imu-pl/gate-d-diagnostics/v16,32,1600000000,32,32,32,3,1,32,1600000000,"hypothesis_audit","SKIPPED",,"disabled by output.write_hypothesis_evidence"
uwb-imu-pl/gate-d-diagnostics/v16,32,1600000000,32,32,32,3,1,32,1600000000,"base_factorization","EXECUTED",0.36470900000000001,""
uwb-imu-pl/gate-d-diagnostics/v16,32,1600000000,32,32,32,3,1,32,1600000000,"shared_cache","EXECUTED",0.0039789999999999999,""
uwb-imu-pl/gate-d-diagnostics/v16,32,1600000000,32,32,32,3,1,32,1600000000,"candidate_evaluation","EXECUTED",452.00976900000001,"rank=1;dense=0;stream_protocol=2;stream_batches=1;stream_batch_capacity=1;stream_peak_batch_actions=1;stream_peak_resident_evaluated_actions=1;stream_peak_batch_full_proofs=0;stream_retained_full_candidates=0;stream_retained_full_proofs=0;stream_full_action_heavy_copy=0;stream_complete=1;stream_fde_preproof_selected_action=0;stream_fde_preproof_status=NO_VALID_CANDIDATE;stream_main_arena_action_full_proofs=0;stream_action_proof_retention=NORMAL_TWO_PASS_O_B_PLUS_ONE;stream_winner_recompute=0;stream_winner_recompute_test_seam=0"
uwb-imu-pl/gate-d-diagnostics/v16,32,1600000000,32,32,32,3,1,32,1600000000,"fde_decision","EXECUTED",26.633941,""
uwb-imu-pl/gate-d-diagnostics/v16,32,1600000000,32,32,32,3,1,32,1600000000,"candidate_audit","EXECUTED",0.036715999999999999,"ACTION_REJECTION_FUNNEL_V2:1=REJECT_PL"
uwb-imu-pl/gate-d-diagnostics/v16,32,1600000000,32,32,32,3,1,32,1600000000,"commit","EXECUTED",2.3236140000000001,""
uwb-imu-pl/gate-d-diagnostics/v16,32,1600000000,32,32,32,3,1,32,1600000000,"state_audit","EXECUTED",0.00040200000000000001,""
uwb-imu-pl/gate-d-diagnostics/v16,32,1600000000,32,32,32,3,1,32,1600000000,"finalize_commit_audit","EXECUTED",36.185313000000001,"excludes separately timed commit/discard/state audit"
uwb-imu-pl/gate-d-diagnostics/v16,32,1600000000,32,32,32,3,1,32,1600000000,"discard","SKIPPED",,"upstream gate did not reach stage"
uwb-imu-pl/gate-d-diagnostics/v16,32,1600000000,32,32,32,3,1,32,1600000000,"core_total","EXECUTED",3196.3209700000002,""
uwb-imu-pl/gate-d-diagnostics/v16,33,1650000000,33,33,33,4,1,33,1650000000,"prepare","EXECUTED",3.364973,""
uwb-imu-pl/gate-d-diagnostics/v16,33,1650000000,33,33,33,4,1,33,1650000000,"integrity_window","EXECUTED",430.035394,""
uwb-imu-pl/gate-d-diagnostics/v16,33,1650000000,33,33,33,4,1,33,1650000000,"window_boundary_provenance","EXECUTED",412.14440999999999,""
uwb-imu-pl/gate-d-diagnostics/v16,33,1650000000,33,33,33,4,1,33,1650000000,"window_factor_linearization_whitening","EXECUTED",1.7145049999999999,""
uwb-imu-pl/gate-d-diagnostics/v16,33,1650000000,33,33,33,4,1,33,1650000000,"window_dense_assembly","EXECUTED",0.15276000000000001,""
uwb-imu-pl/gate-d-diagnostics/v16,33,1650000000,33,33,33,4,1,33,1650000000,"window_svd","EXECUTED",9.6512810000000009,""
uwb-imu-pl/gate-d-diagnostics/v16,33,1650000000,33,33,33,4,1,33,1650000000,"window_normal_equations","EXECUTED",0.409636,""
uwb-imu-pl/gate-d-diagnostics/v16,33,1650000000,33,33,33,4,1,33,1650000000,"window_llt_state_solves","EXECUTED",0.175651,""
uwb-imu-pl/gate-d-diagnostics/v16,33,1650000000,33,33,33,4,1,33,1650000000,"window_fingerprint","EXECUTED",4.3580120000000004,""
uwb-imu-pl/gate-d-diagnostics/v16,33,1650000000,33,33,33,4,1,33,1650000000,"all_in_detector","EXECUTED",0.31695899999999999,""
uwb-imu-pl/gate-d-diagnostics/v16,33,1650000000,33,33,33,4,1,33,1650000000,"current_sensitivity","EXECUTED",0.76094600000000001,""
uwb-imu-pl/gate-d-diagnostics/v16,33,1650000000,33,33,33,4,1,33,1650000000,"model_generation","EXECUTED",307.86172199999999,""
uwb-imu-pl/gate-d-diagnostics/v16,33,1650000000,33,33,33,4,1,33,1650000000,"historical_sensitivity","EXECUTED",0.19434200000000004,""
uwb-imu-pl/gate-d-diagnostics/v16,33,1650000000,33,33,33,4,1,33,1650000000,"hypothesis_evidence","EXECUTED",1876.4465299999999,"effective_dimensions=1:464,2:41440,3:19200,other:0;context_bytes=10265792;worker_blocks=4"
uwb-imu-pl/gate-d-diagnostics/v16,33,1650000000,33,33,33,4,1,33,1650000000,"health_actions","EXECUTED",15.834968999999999,""
uwb-imu-pl/gate-d-diagnostics/v16,33,1650000000,33,33,33,4,1,33,1650000000,"hypothesis_audit","SKIPPED",,"disabled by output.write_hypothesis_evidence"
uwb-imu-pl/gate-d-diagnostics/v16,33,1650000000,33,33,33,4,1,33,1650000000,"base_factorization","EXECUTED",0.27433000000000002,""
uwb-imu-pl/gate-d-diagnostics/v16,33,1650000000,33,33,33,4,1,33,1650000000,"shared_cache","EXECUTED",0.0021549999999999998,""
uwb-imu-pl/gate-d-diagnostics/v16,33,1650000000,33,33,33,4,1,33,1650000000,"candidate_evaluation","EXECUTED",444.247411,"rank=1;dense=0;stream_protocol=2;stream_batches=1;stream_batch_capacity=1;stream_peak_batch_actions=1;stream_peak_resident_evaluated_actions=1;stream_peak_batch_full_proofs=0;stream_retained_full_candidates=0;stream_retained_full_proofs=0;stream_full_action_heavy_copy=0;stream_complete=1;stream_fde_preproof_selected_action=0;stream_fde_preproof_status=NO_VALID_CANDIDATE;stream_main_arena_action_full_proofs=0;stream_action_proof_retention=NORMAL_TWO_PASS_O_B_PLUS_ONE;stream_winner_recompute=0;stream_winner_recompute_test_seam=0"
uwb-imu-pl/gate-d-diagnostics/v16,33,1650000000,33,33,33,4,1,33,1650000000,"fde_decision","EXECUTED",27.425847999999998,""
uwb-imu-pl/gate-d-diagnostics/v16,33,1650000000,33,33,33,4,1,33,1650000000,"candidate_audit","EXECUTED",0.046996999999999997,"ACTION_REJECTION_FUNNEL_V2:1=REJECT_PL"
uwb-imu-pl/gate-d-diagnostics/v16,33,1650000000,33,33,33,4,1,33,1650000000,"commit","EXECUTED",2.5599660000000002,""
uwb-imu-pl/gate-d-diagnostics/v16,33,1650000000,33,33,33,4,1,33,1650000000,"state_audit","EXECUTED",0.00045800000000000002,""
uwb-imu-pl/gate-d-diagnostics/v16,33,1650000000,33,33,33,4,1,33,1650000000,"finalize_commit_audit","EXECUTED",32.029933,"excludes separately timed commit/discard/state audit"
uwb-imu-pl/gate-d-diagnostics/v16,33,1650000000,33,33,33,4,1,33,1650000000,"discard","SKIPPED",,"upstream gate did not reach stage"
uwb-imu-pl/gate-d-diagnostics/v16,33,1650000000,33,33,33,4,1,33,1650000000,"core_total","EXECUTED",3142.1967599999998,""
uwb-imu-pl/gate-d-diagnostics/v16,34,1700000000,34,34,34,5,1,34,1700000000,"prepare","EXECUTED",2.4177409999999999,""
uwb-imu-pl/gate-d-diagnostics/v16,34,1700000000,34,34,34,5,1,34,1700000000,"integrity_window","EXECUTED",385.78219200000001,""
uwb-imu-pl/gate-d-diagnostics/v16,34,1700000000,34,34,34,5,1,34,1700000000,"window_boundary_provenance","EXECUTED",370.49684300000001,""
uwb-imu-pl/gate-d-diagnostics/v16,34,1700000000,34,34,34,5,1,34,1700000000,"window_factor_linearization_whitening","EXECUTED",1.2093430000000001,""
uwb-imu-pl/gate-d-diagnostics/v16,34,1700000000,34,34,34,5,1,34,1700000000,"window_dense_assembly","EXECUTED",0.118856,""
uwb-imu-pl/gate-d-diagnostics/v16,34,1700000000,34,34,34,5,1,34,1700000000,"window_svd","EXECUTED",8.2176480000000005,""
uwb-imu-pl/gate-d-diagnostics/v16,34,1700000000,34,34,34,5,1,34,1700000000,"window_normal_equations","EXECUTED",0.38084699999999999,""
uwb-imu-pl/gate-d-diagnostics/v16,34,1700000000,34,34,34,5,1,34,1700000000,"window_llt_state_solves","EXECUTED",0.116817,""
uwb-imu-pl/gate-d-diagnostics/v16,34,1700000000,34,34,34,5,1,34,1700000000,"window_fingerprint","EXECUTED",3.8722479999999999,""
uwb-imu-pl/gate-d-diagnostics/v16,34,1700000000,34,34,34,5,1,34,1700000000,"all_in_detector","EXECUTED",0.30672100000000002,""
uwb-imu-pl/gate-d-diagnostics/v16,34,1700000000,34,34,34,5,1,34,1700000000,"current_sensitivity","EXECUTED",0.58297100000000002,""
uwb-imu-pl/gate-d-diagnostics/v16,34,1700000000,34,34,34,5,1,34,1700000000,"model_generation","EXECUTED",303.12966599999999,""
uwb-imu-pl/gate-d-diagnostics/v16,34,1700000000,34,34,34,5,1,34,1700000000,"historical_sensitivity","EXECUTED",0.12689399999999998,""
uwb-imu-pl/gate-d-diagnostics/v16,34,1700000000,34,34,34,5,1,34,1700000000,"hypothesis_evidence","EXECUTED",1902.680558,"effective_dimensions=1:464,2:41440,3:19200,other:0;context_bytes=10265792;worker_blocks=4"
uwb-imu-pl/gate-d-diagnostics/v16,34,1700000000,34,34,34,5,1,34,1700000000,"health_actions","EXECUTED",17.868189999999998,""
uwb-imu-pl/gate-d-diagnostics/v16,34,1700000000,34,34,34,5,1,34,1700000000,"hypothesis_audit","SKIPPED",,"disabled by output.write_hypothesis_evidence"
uwb-imu-pl/gate-d-diagnostics/v16,34,1700000000,34,34,34,5,1,34,1700000000,"base_factorization","EXECUTED",0.25169799999999998,""
uwb-imu-pl/gate-d-diagnostics/v16,34,1700000000,34,34,34,5,1,34,1700000000,"shared_cache","EXECUTED",0.0024130000000000002,""
uwb-imu-pl/gate-d-diagnostics/v16,34,1700000000,34,34,34,5,1,34,1700000000,"candidate_evaluation","EXECUTED",458.50316600000002,"rank=1;dense=0;stream_protocol=2;stream_batches=1;stream_batch_capacity=1;stream_peak_batch_actions=1;stream_peak_resident_evaluated_actions=1;stream_peak_batch_full_proofs=0;stream_retained_full_candidates=0;stream_retained_full_proofs=0;stream_full_action_heavy_copy=0;stream_complete=1;stream_fde_preproof_selected_action=0;stream_fde_preproof_status=NO_VALID_CANDIDATE;stream_main_arena_action_full_proofs=0;stream_action_proof_retention=NORMAL_TWO_PASS_O_B_PLUS_ONE;stream_winner_recompute=0;stream_winner_recompute_test_seam=0"
uwb-imu-pl/gate-d-diagnostics/v16,34,1700000000,34,34,34,5,1,34,1700000000,"fde_decision","EXECUTED",26.814506000000002,""
uwb-imu-pl/gate-d-diagnostics/v16,34,1700000000,34,34,34,5,1,34,1700000000,"candidate_audit","EXECUTED",0.048544999999999998,"ACTION_REJECTION_FUNNEL_V2:1=REJECT_PL"
uwb-imu-pl/gate-d-diagnostics/v16,34,1700000000,34,34,34,5,1,34,1700000000,"commit","EXECUTED",3.6223200000000002,""
uwb-imu-pl/gate-d-diagnostics/v16,34,1700000000,34,34,34,5,1,34,1700000000,"state_audit","EXECUTED",0.00062299999999999996,""
uwb-imu-pl/gate-d-diagnostics/v16,34,1700000000,34,34,34,5,1,34,1700000000,"finalize_commit_audit","EXECUTED",35.717041000000002,"excludes separately timed commit/discard/state audit"
uwb-imu-pl/gate-d-diagnostics/v16,34,1700000000,34,34,34,5,1,34,1700000000,"discard","SKIPPED",,"upstream gate did not reach stage"
uwb-imu-pl/gate-d-diagnostics/v16,34,1700000000,34,34,34,5,1,34,1700000000,"core_total","EXECUTED",3138.5110530000002,""
uwb-imu-pl/gate-d-diagnostics/v16,35,1750000000,35,35,35,6,1,35,1750000000,"prepare","EXECUTED",4.2768740000000003,""
uwb-imu-pl/gate-d-diagnostics/v16,35,1750000000,35,35,35,6,1,35,1750000000,"integrity_window","EXECUTED",433.34605699999997,""
uwb-imu-pl/gate-d-diagnostics/v16,35,1750000000,35,35,35,6,1,35,1750000000,"window_boundary_provenance","EXECUTED",418.46818100000002,""
uwb-imu-pl/gate-d-diagnostics/v16,35,1750000000,35,35,35,6,1,35,1750000000,"window_factor_linearization_whitening","EXECUTED",1.1617459999999999,""
uwb-imu-pl/gate-d-diagnostics/v16,35,1750000000,35,35,35,6,1,35,1750000000,"window_dense_assembly","EXECUTED",0.101521,""
uwb-imu-pl/gate-d-diagnostics/v16,35,1750000000,35,35,35,6,1,35,1750000000,"window_svd","EXECUTED",7.8573649999999997,""
uwb-imu-pl/gate-d-diagnostics/v16,35,1750000000,35,35,35,6,1,35,1750000000,"window_normal_equations","EXECUTED",0.35510000000000003,""
uwb-imu-pl/gate-d-diagnostics/v16,35,1750000000,35,35,35,6,1,35,1750000000,"window_llt_state_solves","EXECUTED",0.112608,""
uwb-imu-pl/gate-d-diagnostics/v16,35,1750000000,35,35,35,6,1,35,1750000000,"window_fingerprint","EXECUTED",3.904722,""
uwb-imu-pl/gate-d-diagnostics/v16,35,1750000000,35,35,35,6,1,35,1750000000,"all_in_detector","EXECUTED",0.24774199999999999,""
uwb-imu-pl/gate-d-diagnostics/v16,35,1750000000,35,35,35,6,1,35,1750000000,"current_sensitivity","EXECUTED",0.52720800000000001,""
uwb-imu-pl/gate-d-diagnostics/v16,35,1750000000,35,35,35,6,1,35,1750000000,"model_generation","EXECUTED",300.74374800000004,""
uwb-imu-pl/gate-d-diagnostics/v16,35,1750000000,35,35,35,6,1,35,1750000000,"historical_sensitivity","EXECUTED",0.15486,""
uwb-imu-pl/gate-d-diagnostics/v16,35,1750000000,35,35,35,6,1,35,1750000000,"hypothesis_evidence","EXECUTED",1902.6405609999999,"effective_dimensions=1:464,2:41440,3:19200,other:0;context_bytes=10265792;worker_blocks=4"
uwb-imu-pl/gate-d-diagnostics/v16,35,1750000000,35,35,35,6,1,35,1750000000,"health_actions","EXECUTED",18.297511,""
uwb-imu-pl/gate-d-diagnostics/v16,35,1750000000,35,35,35,6,1,35,1750000000,"hypothesis_audit","SKIPPED",,"disabled by output.write_hypothesis_evidence"
uwb-imu-pl/gate-d-diagnostics/v16,35,1750000000,35,35,35,6,1,35,1750000000,"base_factorization","EXECUTED",0.27834599999999998,""
uwb-imu-pl/gate-d-diagnostics/v16,35,1750000000,35,35,35,6,1,35,1750000000,"shared_cache","EXECUTED",0.002604,""
uwb-imu-pl/gate-d-diagnostics/v16,35,1750000000,35,35,35,6,1,35,1750000000,"candidate_evaluation","EXECUTED",448.93438600000002,"rank=1;dense=0;stream_protocol=2;stream_batches=1;stream_batch_capacity=1;stream_peak_batch_actions=1;stream_peak_resident_evaluated_actions=1;stream_peak_batch_full_proofs=0;stream_retained_full_candidates=0;stream_retained_full_proofs=0;stream_full_action_heavy_copy=0;stream_complete=1;stream_fde_preproof_selected_action=0;stream_fde_preproof_status=NO_VALID_CANDIDATE;stream_main_arena_action_full_proofs=0;stream_action_proof_retention=NORMAL_TWO_PASS_O_B_PLUS_ONE;stream_winner_recompute=0;stream_winner_recompute_test_seam=0"
uwb-imu-pl/gate-d-diagnostics/v16,35,1750000000,35,35,35,6,1,35,1750000000,"fde_decision","EXECUTED",26.218498,""
uwb-imu-pl/gate-d-diagnostics/v16,35,1750000000,35,35,35,6,1,35,1750000000,"candidate_audit","EXECUTED",0.036792999999999999,"ACTION_REJECTION_FUNNEL_V2:1=REJECT_PL"
uwb-imu-pl/gate-d-diagnostics/v16,35,1750000000,35,35,35,6,1,35,1750000000,"commit","EXECUTED",2.6242260000000002,""
uwb-imu-pl/gate-d-diagnostics/v16,35,1750000000,35,35,35,6,1,35,1750000000,"state_audit","EXECUTED",0.00049399999999999997,""
uwb-imu-pl/gate-d-diagnostics/v16,35,1750000000,35,35,35,6,1,35,1750000000,"finalize_commit_audit","EXECUTED",33.212314999999997,"excludes separately timed commit/discard/state audit"
uwb-imu-pl/gate-d-diagnostics/v16,35,1750000000,35,35,35,6,1,35,1750000000,"discard","SKIPPED",,"upstream gate did not reach stage"
uwb-imu-pl/gate-d-diagnostics/v16,35,1750000000,35,35,35,6,1,35,1750000000,"core_total","EXECUTED",3172.1293890000002,""
uwb-imu-pl/gate-d-diagnostics/v16,36,1800000000,36,36,36,7,1,36,1800000000,"prepare","EXECUTED",2.710728,""
uwb-imu-pl/gate-d-diagnostics/v16,36,1800000000,36,36,36,7,1,36,1800000000,"integrity_window","EXECUTED",481.63133599999998,""
uwb-imu-pl/gate-d-diagnostics/v16,36,1800000000,36,36,36,7,1,36,1800000000,"window_boundary_provenance","EXECUTED",465.52441299999998,""
uwb-imu-pl/gate-d-diagnostics/v16,36,1800000000,36,36,36,7,1,36,1800000000,"window_factor_linearization_whitening","EXECUTED",1.099262,""
uwb-imu-pl/gate-d-diagnostics/v16,36,1800000000,36,36,36,7,1,36,1800000000,"window_dense_assembly","EXECUTED",0.103897,""
uwb-imu-pl/gate-d-diagnostics/v16,36,1800000000,36,36,36,7,1,36,1800000000,"window_svd","EXECUTED",8.7109220000000001,""
uwb-imu-pl/gate-d-diagnostics/v16,36,1800000000,36,36,36,7,1,36,1800000000,"window_normal_equations","EXECUTED",0.432417,""
uwb-imu-pl/gate-d-diagnostics/v16,36,1800000000,36,36,36,7,1,36,1800000000,"window_llt_state_solves","EXECUTED",0.348138,""
uwb-imu-pl/gate-d-diagnostics/v16,36,1800000000,36,36,36,7,1,36,1800000000,"window_fingerprint","EXECUTED",4.0589899999999997,""
uwb-imu-pl/gate-d-diagnostics/v16,36,1800000000,36,36,36,7,1,36,1800000000,"all_in_detector","EXECUTED",0.25942100000000001,""
uwb-imu-pl/gate-d-diagnostics/v16,36,1800000000,36,36,36,7,1,36,1800000000,"current_sensitivity","EXECUTED",0.58349700000000004,""
uwb-imu-pl/gate-d-diagnostics/v16,36,1800000000,36,36,36,7,1,36,1800000000,"model_generation","EXECUTED",313.56523700000002,""
uwb-imu-pl/gate-d-diagnostics/v16,36,1800000000,36,36,36,7,1,36,1800000000,"historical_sensitivity","EXECUTED",0.130494,""
uwb-imu-pl/gate-d-diagnostics/v16,36,1800000000,36,36,36,7,1,36,1800000000,"hypothesis_evidence","EXECUTED",1899.7987290000001,"effective_dimensions=1:464,2:41440,3:19200,other:0;context_bytes=10265792;worker_blocks=4"
uwb-imu-pl/gate-d-diagnostics/v16,36,1800000000,36,36,36,7,1,36,1800000000,"health_actions","EXECUTED",17.551489,""
uwb-imu-pl/gate-d-diagnostics/v16,36,1800000000,36,36,36,7,1,36,1800000000,"hypothesis_audit","SKIPPED",,"disabled by output.write_hypothesis_evidence"
uwb-imu-pl/gate-d-diagnostics/v16,36,1800000000,36,36,36,7,1,36,1800000000,"base_factorization","EXECUTED",0.276198,""
uwb-imu-pl/gate-d-diagnostics/v16,36,1800000000,36,36,36,7,1,36,1800000000,"shared_cache","EXECUTED",0.002372,""
uwb-imu-pl/gate-d-diagnostics/v16,36,1800000000,36,36,36,7,1,36,1800000000,"candidate_evaluation","EXECUTED",452.835759,"rank=1;dense=0;stream_protocol=2;stream_batches=1;stream_batch_capacity=1;stream_peak_batch_actions=1;stream_peak_resident_evaluated_actions=1;stream_peak_batch_full_proofs=0;stream_retained_full_candidates=0;stream_retained_full_proofs=0;stream_full_action_heavy_copy=0;stream_complete=1;stream_fde_preproof_selected_action=0;stream_fde_preproof_status=NO_VALID_CANDIDATE;stream_main_arena_action_full_proofs=0;stream_action_proof_retention=NORMAL_TWO_PASS_O_B_PLUS_ONE;stream_winner_recompute=0;stream_winner_recompute_test_seam=0"
uwb-imu-pl/gate-d-diagnostics/v16,36,1800000000,36,36,36,7,1,36,1800000000,"fde_decision","EXECUTED",34.391309,""
uwb-imu-pl/gate-d-diagnostics/v16,36,1800000000,36,36,36,7,1,36,1800000000,"candidate_audit","EXECUTED",0.055960000000000003,"ACTION_REJECTION_FUNNEL_V2:1=REJECT_PL"
uwb-imu-pl/gate-d-diagnostics/v16,36,1800000000,36,36,36,7,1,36,1800000000,"commit","EXECUTED",4.0932729999999999,""
uwb-imu-pl/gate-d-diagnostics/v16,36,1800000000,36,36,36,7,1,36,1800000000,"state_audit","EXECUTED",0.00041399999999999998,""
uwb-imu-pl/gate-d-diagnostics/v16,36,1800000000,36,36,36,7,1,36,1800000000,"finalize_commit_audit","EXECUTED",38.011683999999995,"excludes separately timed commit/discard/state audit"
uwb-imu-pl/gate-d-diagnostics/v16,36,1800000000,36,36,36,7,1,36,1800000000,"discard","SKIPPED",,"upstream gate did not reach stage"
uwb-imu-pl/gate-d-diagnostics/v16,36,1800000000,36,36,36,7,1,36,1800000000,"core_total","EXECUTED",3246.5914830000002,""
uwb-imu-pl/gate-d-diagnostics/v16,37,1850000000,37,37,37,8,1,37,1850000000,"prepare","EXECUTED",2.515253,""
uwb-imu-pl/gate-d-diagnostics/v16,37,1850000000,37,37,37,8,1,37,1850000000,"integrity_window","EXECUTED",479.39840900000002,""
uwb-imu-pl/gate-d-diagnostics/v16,37,1850000000,37,37,37,8,1,37,1850000000,"window_boundary_provenance","EXECUTED",464.50750499999998,""
uwb-imu-pl/gate-d-diagnostics/v16,37,1850000000,37,37,37,8,1,37,1850000000,"window_factor_linearization_whitening","EXECUTED",1.1192420000000001,""
uwb-imu-pl/gate-d-diagnostics/v16,37,1850000000,37,37,37,8,1,37,1850000000,"window_dense_assembly","EXECUTED",0.089234999999999995,""
uwb-imu-pl/gate-d-diagnostics/v16,37,1850000000,37,37,37,8,1,37,1850000000,"window_svd","EXECUTED",7.8848200000000004,""
uwb-imu-pl/gate-d-diagnostics/v16,37,1850000000,37,37,37,8,1,37,1850000000,"window_normal_equations","EXECUTED",0.341721,""
uwb-imu-pl/gate-d-diagnostics/v16,37,1850000000,37,37,37,8,1,37,1850000000,"window_llt_state_solves","EXECUTED",0.11249000000000001,""
uwb-imu-pl/gate-d-diagnostics/v16,37,1850000000,37,37,37,8,1,37,1850000000,"window_fingerprint","EXECUTED",3.9624869999999999,""
uwb-imu-pl/gate-d-diagnostics/v16,37,1850000000,37,37,37,8,1,37,1850000000,"all_in_detector","EXECUTED",0.28251300000000001,""
uwb-imu-pl/gate-d-diagnostics/v16,37,1850000000,37,37,37,8,1,37,1850000000,"current_sensitivity","EXECUTED",0.57993499999999998,""
uwb-imu-pl/gate-d-diagnostics/v16,37,1850000000,37,37,37,8,1,37,1850000000,"model_generation","EXECUTED",313.36199600000003,""
uwb-imu-pl/gate-d-diagnostics/v16,37,1850000000,37,37,37,8,1,37,1850000000,"historical_sensitivity","EXECUTED",0.12082200000000001,""
uwb-imu-pl/gate-d-diagnostics/v16,37,1850000000,37,37,37,8,1,37,1850000000,"hypothesis_evidence","EXECUTED",1917.6412539999999,"effective_dimensions=1:464,2:41440,3:19200,other:0;context_bytes=10265792;worker_blocks=4"
uwb-imu-pl/gate-d-diagnostics/v16,37,1850000000,37,37,37,8,1,37,1850000000,"health_actions","EXECUTED",18.583987,""
uwb-imu-pl/gate-d-diagnostics/v16,37,1850000000,37,37,37,8,1,37,1850000000,"hypothesis_audit","SKIPPED",,"disabled by output.write_hypothesis_evidence"
uwb-imu-pl/gate-d-diagnostics/v16,37,1850000000,37,37,37,8,1,37,1850000000,"base_factorization","EXECUTED",0.30688199999999999,""
uwb-imu-pl/gate-d-diagnostics/v16,37,1850000000,37,37,37,8,1,37,1850000000,"shared_cache","EXECUTED",0.002529,""
uwb-imu-pl/gate-d-diagnostics/v16,37,1850000000,37,37,37,8,1,37,1850000000,"candidate_evaluation","EXECUTED",465.28353199999998,"rank=1;dense=0;stream_protocol=2;stream_batches=1;stream_batch_capacity=1;stream_peak_batch_actions=1;stream_peak_resident_evaluated_actions=1;stream_peak_batch_full_proofs=0;stream_retained_full_candidates=0;stream_retained_full_proofs=0;stream_full_action_heavy_copy=0;stream_complete=1;stream_fde_preproof_selected_action=0;stream_fde_preproof_status=NO_VALID_CANDIDATE;stream_main_arena_action_full_proofs=0;stream_action_proof_retention=NORMAL_TWO_PASS_O_B_PLUS_ONE;stream_winner_recompute=0;stream_winner_recompute_test_seam=0"
uwb-imu-pl/gate-d-diagnostics/v16,37,1850000000,37,37,37,8,1,37,1850000000,"fde_decision","EXECUTED",25.594718,""
uwb-imu-pl/gate-d-diagnostics/v16,37,1850000000,37,37,37,8,1,37,1850000000,"candidate_audit","EXECUTED",0.037788000000000002,"ACTION_REJECTION_FUNNEL_V2:1=REJECT_PL"
uwb-imu-pl/gate-d-diagnostics/v16,37,1850000000,37,37,37,8,1,37,1850000000,"commit","EXECUTED",2.5279600000000002,""
uwb-imu-pl/gate-d-diagnostics/v16,37,1850000000,37,37,37,8,1,37,1850000000,"state_audit","EXECUTED",0.000426,""
uwb-imu-pl/gate-d-diagnostics/v16,37,1850000000,37,37,37,8,1,37,1850000000,"finalize_commit_audit","EXECUTED",32.001266000000001,"excludes separately timed commit/discard/state audit"
uwb-imu-pl/gate-d-diagnostics/v16,37,1850000000,37,37,37,8,1,37,1850000000,"discard","SKIPPED",,"upstream gate did not reach stage"
uwb-imu-pl/gate-d-diagnostics/v16,37,1850000000,37,37,37,8,1,37,1850000000,"core_total","EXECUTED",3258.8544489999999,""
uwb-imu-pl/gate-d-diagnostics/v16,38,1900000000,38,38,38,9,1,38,1900000000,"prepare","EXECUTED",3.1648459999999998,""
uwb-imu-pl/gate-d-diagnostics/v16,38,1900000000,38,38,38,9,1,38,1900000000,"integrity_window","EXECUTED",519.52885600000002,""
uwb-imu-pl/gate-d-diagnostics/v16,38,1900000000,38,38,38,9,1,38,1900000000,"window_boundary_provenance","EXECUTED",504.35706599999997,""
uwb-imu-pl/gate-d-diagnostics/v16,38,1900000000,38,38,38,9,1,38,1900000000,"window_factor_linearization_whitening","EXECUTED",1.151008,""
uwb-imu-pl/gate-d-diagnostics/v16,38,1900000000,38,38,38,9,1,38,1900000000,"window_dense_assembly","EXECUTED",0.11931700000000001,""
uwb-imu-pl/gate-d-diagnostics/v16,38,1900000000,38,38,38,9,1,38,1900000000,"window_svd","EXECUTED",8.0144289999999998,""
uwb-imu-pl/gate-d-diagnostics/v16,38,1900000000,38,38,38,9,1,38,1900000000,"window_normal_equations","EXECUTED",0.328347,""
uwb-imu-pl/gate-d-diagnostics/v16,38,1900000000,38,38,38,9,1,38,1900000000,"window_llt_state_solves","EXECUTED",0.10195799999999999,""
uwb-imu-pl/gate-d-diagnostics/v16,38,1900000000,38,38,38,9,1,38,1900000000,"window_fingerprint","EXECUTED",4.0736410000000003,""
uwb-imu-pl/gate-d-diagnostics/v16,38,1900000000,38,38,38,9,1,38,1900000000,"all_in_detector","EXECUTED",0.26497399999999999,""
uwb-imu-pl/gate-d-diagnostics/v16,38,1900000000,38,38,38,9,1,38,1900000000,"current_sensitivity","EXECUTED",0.52668000000000004,""
uwb-imu-pl/gate-d-diagnostics/v16,38,1900000000,38,38,38,9,1,38,1900000000,"model_generation","EXECUTED",303.271503,""
uwb-imu-pl/gate-d-diagnostics/v16,38,1900000000,38,38,38,9,1,38,1900000000,"historical_sensitivity","EXECUTED",0.124946,""
uwb-imu-pl/gate-d-diagnostics/v16,38,1900000000,38,38,38,9,1,38,1900000000,"hypothesis_evidence","EXECUTED",1877.1603130000001,"effective_dimensions=1:464,2:41440,3:19200,other:0;context_bytes=10265792;worker_blocks=4"
uwb-imu-pl/gate-d-diagnostics/v16,38,1900000000,38,38,38,9,1,38,1900000000,"health_actions","EXECUTED",18.693414000000001,""
uwb-imu-pl/gate-d-diagnostics/v16,38,1900000000,38,38,38,9,1,38,1900000000,"hypothesis_audit","SKIPPED",,"disabled by output.write_hypothesis_evidence"
uwb-imu-pl/gate-d-diagnostics/v16,38,1900000000,38,38,38,9,1,38,1900000000,"base_factorization","EXECUTED",0.290381,""
uwb-imu-pl/gate-d-diagnostics/v16,38,1900000000,38,38,38,9,1,38,1900000000,"shared_cache","EXECUTED",0.0025630000000000002,""
uwb-imu-pl/gate-d-diagnostics/v16,38,1900000000,38,38,38,9,1,38,1900000000,"candidate_evaluation","EXECUTED",453.97680400000002,"rank=1;dense=0;stream_protocol=2;stream_batches=1;stream_batch_capacity=1;stream_peak_batch_actions=1;stream_peak_resident_evaluated_actions=1;stream_peak_batch_full_proofs=0;stream_retained_full_candidates=0;stream_retained_full_proofs=0;stream_full_action_heavy_copy=0;stream_complete=1;stream_fde_preproof_selected_action=0;stream_fde_preproof_status=NO_VALID_CANDIDATE;stream_main_arena_action_full_proofs=0;stream_action_proof_retention=NORMAL_TWO_PASS_O_B_PLUS_ONE;stream_winner_recompute=0;stream_winner_recompute_test_seam=0"
uwb-imu-pl/gate-d-diagnostics/v16,38,1900000000,38,38,38,9,1,38,1900000000,"fde_decision","EXECUTED",28.231045000000002,""
uwb-imu-pl/gate-d-diagnostics/v16,38,1900000000,38,38,38,9,1,38,1900000000,"candidate_audit","EXECUTED",0.038896,"ACTION_REJECTION_FUNNEL_V2:1=REJECT_PL"
uwb-imu-pl/gate-d-diagnostics/v16,38,1900000000,38,38,38,9,1,38,1900000000,"commit","EXECUTED",2.7087979999999998,""
uwb-imu-pl/gate-d-diagnostics/v16,38,1900000000,38,38,38,9,1,38,1900000000,"state_audit","EXECUTED",0.000397,""
uwb-imu-pl/gate-d-diagnostics/v16,38,1900000000,38,38,38,9,1,38,1900000000,"finalize_commit_audit","EXECUTED",39.182027999999995,"excludes separately timed commit/discard/state audit"
uwb-imu-pl/gate-d-diagnostics/v16,38,1900000000,38,38,38,9,1,38,1900000000,"discard","SKIPPED",,"upstream gate did not reach stage"
uwb-imu-pl/gate-d-diagnostics/v16,38,1900000000,38,38,38,9,1,38,1900000000,"core_total","EXECUTED",3247.7129989999999,""
uwb-imu-pl/gate-d-diagnostics/v16,39,1950000000,39,39,39,10,1,39,1950000000,"prepare","EXECUTED",2.459816,""
uwb-imu-pl/gate-d-diagnostics/v16,39,1950000000,39,39,39,10,1,39,1950000000,"integrity_window","EXECUTED",562.33889499999998,""
uwb-imu-pl/gate-d-diagnostics/v16,39,1950000000,39,39,39,10,1,39,1950000000,"window_boundary_provenance","EXECUTED",547.271703,""
uwb-imu-pl/gate-d-diagnostics/v16,39,1950000000,39,39,39,10,1,39,1950000000,"window_factor_linearization_whitening","EXECUTED",1.089896,""
uwb-imu-pl/gate-d-diagnostics/v16,39,1950000000,39,39,39,10,1,39,1950000000,"window_dense_assembly","EXECUTED",0.18488499999999999,""
uwb-imu-pl/gate-d-diagnostics/v16,39,1950000000,39,39,39,10,1,39,1950000000,"window_svd","EXECUTED",8.017887,""
uwb-imu-pl/gate-d-diagnostics/v16,39,1950000000,39,39,39,10,1,39,1950000000,"window_normal_equations","EXECUTED",0.35052800000000001,""
uwb-imu-pl/gate-d-diagnostics/v16,39,1950000000,39,39,39,10,1,39,1950000000,"window_llt_state_solves","EXECUTED",0.109968,""
uwb-imu-pl/gate-d-diagnostics/v16,39,1950000000,39,39,39,10,1,39,1950000000,"window_fingerprint","EXECUTED",3.9469810000000001,""
uwb-imu-pl/gate-d-diagnostics/v16,39,1950000000,39,39,39,10,1,39,1950000000,"all_in_detector","EXECUTED",0.26449,""
uwb-imu-pl/gate-d-diagnostics/v16,39,1950000000,39,39,39,10,1,39,1950000000,"current_sensitivity","EXECUTED",0.55731600000000003,""
uwb-imu-pl/gate-d-diagnostics/v16,39,1950000000,39,39,39,10,1,39,1950000000,"model_generation","EXECUTED",301.86706099999998,""
uwb-imu-pl/gate-d-diagnostics/v16,39,1950000000,39,39,39,10,1,39,1950000000,"historical_sensitivity","EXECUTED",0.121028,""
uwb-imu-pl/gate-d-diagnostics/v16,39,1950000000,39,39,39,10,1,39,1950000000,"hypothesis_evidence","EXECUTED",1889.3997509999999,"effective_dimensions=1:464,2:41440,3:19200,other:0;context_bytes=10265792;worker_blocks=4"
uwb-imu-pl/gate-d-diagnostics/v16,39,1950000000,39,39,39,10,1,39,1950000000,"health_actions","EXECUTED",17.129152000000001,""
uwb-imu-pl/gate-d-diagnostics/v16,39,1950000000,39,39,39,10,1,39,1950000000,"hypothesis_audit","SKIPPED",,"disabled by output.write_hypothesis_evidence"
uwb-imu-pl/gate-d-diagnostics/v16,39,1950000000,39,39,39,10,1,39,1950000000,"base_factorization","EXECUTED",0.25984400000000002,""
uwb-imu-pl/gate-d-diagnostics/v16,39,1950000000,39,39,39,10,1,39,1950000000,"shared_cache","EXECUTED",0.0027669999999999999,""
uwb-imu-pl/gate-d-diagnostics/v16,39,1950000000,39,39,39,10,1,39,1950000000,"candidate_evaluation","EXECUTED",449.55328800000001,"rank=1;dense=0;stream_protocol=2;stream_batches=1;stream_batch_capacity=1;stream_peak_batch_actions=1;stream_peak_resident_evaluated_actions=1;stream_peak_batch_full_proofs=0;stream_retained_full_candidates=0;stream_retained_full_proofs=0;stream_full_action_heavy_copy=0;stream_complete=1;stream_fde_preproof_selected_action=0;stream_fde_preproof_status=NO_VALID_CANDIDATE;stream_main_arena_action_full_proofs=0;stream_action_proof_retention=NORMAL_TWO_PASS_O_B_PLUS_ONE;stream_winner_recompute=0;stream_winner_recompute_test_seam=0"
uwb-imu-pl/gate-d-diagnostics/v16,39,1950000000,39,39,39,10,1,39,1950000000,"fde_decision","EXECUTED",25.174012999999999,""
uwb-imu-pl/gate-d-diagnostics/v16,39,1950000000,39,39,39,10,1,39,1950000000,"candidate_audit","EXECUTED",0.038369,"ACTION_REJECTION_FUNNEL_V2:1=REJECT_PL"
uwb-imu-pl/gate-d-diagnostics/v16,39,1950000000,39,39,39,10,1,39,1950000000,"commit","EXECUTED",3.1756509999999998,""
uwb-imu-pl/gate-d-diagnostics/v16,39,1950000000,39,39,39,10,1,39,1950000000,"state_audit","EXECUTED",0.00055699999999999999,""
uwb-imu-pl/gate-d-diagnostics/v16,39,1950000000,39,39,39,10,1,39,1950000000,"finalize_commit_audit","EXECUTED",29.538992000000004,"excludes separately timed commit/discard/state audit"
uwb-imu-pl/gate-d-diagnostics/v16,39,1950000000,39,39,39,10,1,39,1950000000,"discard","SKIPPED",,"upstream gate did not reach stage"
uwb-imu-pl/gate-d-diagnostics/v16,39,1950000000,39,39,39,10,1,39,1950000000,"core_total","EXECUTED",3282.4594360000001,""
uwb-imu-pl/gate-d-diagnostics/v16,40,2000000000,40,40,40,11,1,40,2000000000,"prepare","EXECUTED",2.8358940000000001,""
uwb-imu-pl/gate-d-diagnostics/v16,40,2000000000,40,40,40,11,1,40,2000000000,"integrity_window","EXECUTED",550.88550299999997,""
uwb-imu-pl/gate-d-diagnostics/v16,40,2000000000,40,40,40,11,1,40,2000000000,"window_boundary_provenance","EXECUTED",535.79588699999999,""
uwb-imu-pl/gate-d-diagnostics/v16,40,2000000000,40,40,40,11,1,40,2000000000,"window_factor_linearization_whitening","EXECUTED",1.2443,""
uwb-imu-pl/gate-d-diagnostics/v16,40,2000000000,40,40,40,11,1,40,2000000000,"window_dense_assembly","EXECUTED",0.13858999999999999,""
uwb-imu-pl/gate-d-diagnostics/v16,40,2000000000,40,40,40,11,1,40,2000000000,"window_svd","EXECUTED",7.969932,""
uwb-imu-pl/gate-d-diagnostics/v16,40,2000000000,40,40,40,11,1,40,2000000000,"window_normal_equations","EXECUTED",0.35097800000000001,""
uwb-imu-pl/gate-d-diagnostics/v16,40,2000000000,40,40,40,11,1,40,2000000000,"window_llt_state_solves","EXECUTED",0.111723,""
uwb-imu-pl/gate-d-diagnostics/v16,40,2000000000,40,40,40,11,1,40,2000000000,"window_fingerprint","EXECUTED",3.8997350000000002,""
uwb-imu-pl/gate-d-diagnostics/v16,40,2000000000,40,40,40,11,1,40,2000000000,"all_in_detector","EXECUTED",0.25906099999999999,""
uwb-imu-pl/gate-d-diagnostics/v16,40,2000000000,40,40,40,11,1,40,2000000000,"current_sensitivity","EXECUTED",0.53654000000000002,""
uwb-imu-pl/gate-d-diagnostics/v16,40,2000000000,40,40,40,11,1,40,2000000000,"model_generation","EXECUTED",298.62426099999999,""
uwb-imu-pl/gate-d-diagnostics/v16,40,2000000000,40,40,40,11,1,40,2000000000,"historical_sensitivity","EXECUTED",0.12624400000000002,""
uwb-imu-pl/gate-d-diagnostics/v16,40,2000000000,40,40,40,11,1,40,2000000000,"hypothesis_evidence","EXECUTED",1914.294486,"effective_dimensions=1:464,2:41440,3:19200,other:0;context_bytes=10265792;worker_blocks=4"
uwb-imu-pl/gate-d-diagnostics/v16,40,2000000000,40,40,40,11,1,40,2000000000,"health_actions","EXECUTED",19.505465999999998,""
uwb-imu-pl/gate-d-diagnostics/v16,40,2000000000,40,40,40,11,1,40,2000000000,"hypothesis_audit","SKIPPED",,"disabled by output.write_hypothesis_evidence"
uwb-imu-pl/gate-d-diagnostics/v16,40,2000000000,40,40,40,11,1,40,2000000000,"base_factorization","EXECUTED",0.25479800000000002,""
uwb-imu-pl/gate-d-diagnostics/v16,40,2000000000,40,40,40,11,1,40,2000000000,"shared_cache","EXECUTED",0.0017459999999999999,""
uwb-imu-pl/gate-d-diagnostics/v16,40,2000000000,40,40,40,11,1,40,2000000000,"candidate_evaluation","EXECUTED",438.69776300000001,"rank=1;dense=0;stream_protocol=2;stream_batches=1;stream_batch_capacity=1;stream_peak_batch_actions=1;stream_peak_resident_evaluated_actions=1;stream_peak_batch_full_proofs=0;stream_retained_full_candidates=0;stream_retained_full_proofs=0;stream_full_action_heavy_copy=0;stream_complete=1;stream_fde_preproof_selected_action=0;stream_fde_preproof_status=NO_VALID_CANDIDATE;stream_main_arena_action_full_proofs=0;stream_action_proof_retention=NORMAL_TWO_PASS_O_B_PLUS_ONE;stream_winner_recompute=0;stream_winner_recompute_test_seam=0"
uwb-imu-pl/gate-d-diagnostics/v16,40,2000000000,40,40,40,11,1,40,2000000000,"fde_decision","EXECUTED",25.662414999999999,""
uwb-imu-pl/gate-d-diagnostics/v16,40,2000000000,40,40,40,11,1,40,2000000000,"candidate_audit","EXECUTED",0.038027999999999999,"ACTION_REJECTION_FUNNEL_V2:1=REJECT_PL"
uwb-imu-pl/gate-d-diagnostics/v16,40,2000000000,40,40,40,11,1,40,2000000000,"commit","EXECUTED",2.7337720000000001,""
uwb-imu-pl/gate-d-diagnostics/v16,40,2000000000,40,40,40,11,1,40,2000000000,"state_audit","EXECUTED",0.000415,""
uwb-imu-pl/gate-d-diagnostics/v16,40,2000000000,40,40,40,11,1,40,2000000000,"finalize_commit_audit","EXECUTED",36.787368999999998,"excludes separately timed commit/discard/state audit"
uwb-imu-pl/gate-d-diagnostics/v16,40,2000000000,40,40,40,11,1,40,2000000000,"discard","SKIPPED",,"upstream gate did not reach stage"
uwb-imu-pl/gate-d-diagnostics/v16,40,2000000000,40,40,40,11,1,40,2000000000,"core_total","EXECUTED",3291.8551339999999,""
uwb-imu-pl/gate-d-diagnostics/v16,41,2050000000,41,41,41,12,1,41,2050000000,"prepare","EXECUTED",2.3577900000000001,""
uwb-imu-pl/gate-d-diagnostics/v16,41,2050000000,41,41,41,12,1,41,2050000000,"integrity_window","EXECUTED",565.12055199999998,""
uwb-imu-pl/gate-d-diagnostics/v16,41,2050000000,41,41,41,12,1,41,2050000000,"window_boundary_provenance","EXECUTED",548.97258399999998,""
uwb-imu-pl/gate-d-diagnostics/v16,41,2050000000,41,41,41,12,1,41,2050000000,"window_factor_linearization_whitening","EXECUTED",1.163681,""
uwb-imu-pl/gate-d-diagnostics/v16,41,2050000000,41,41,41,12,1,41,2050000000,"window_dense_assembly","EXECUTED",0.100269,""
uwb-imu-pl/gate-d-diagnostics/v16,41,2050000000,41,41,41,12,1,41,2050000000,"window_svd","EXECUTED",7.9593069999999999,""
uwb-imu-pl/gate-d-diagnostics/v16,41,2050000000,41,41,41,12,1,41,2050000000,"window_normal_equations","EXECUTED",0.33913500000000002,""
uwb-imu-pl/gate-d-diagnostics/v16,41,2050000000,41,41,41,12,1,41,2050000000,"window_llt_state_solves","EXECUTED",0.128551,""
uwb-imu-pl/gate-d-diagnostics/v16,41,2050000000,41,41,41,12,1,41,2050000000,"window_fingerprint","EXECUTED",5.0947449999999996,""
uwb-imu-pl/gate-d-diagnostics/v16,41,2050000000,41,41,41,12,1,41,2050000000,"all_in_detector","EXECUTED",0.24115200000000001,""
uwb-imu-pl/gate-d-diagnostics/v16,41,2050000000,41,41,41,12,1,41,2050000000,"current_sensitivity","EXECUTED",0.56871700000000003,""
uwb-imu-pl/gate-d-diagnostics/v16,41,2050000000,41,41,41,12,1,41,2050000000,"model_generation","EXECUTED",304.70319000000001,""
uwb-imu-pl/gate-d-diagnostics/v16,41,2050000000,41,41,41,12,1,41,2050000000,"historical_sensitivity","EXECUTED",0.14228600000000002,""
uwb-imu-pl/gate-d-diagnostics/v16,41,2050000000,41,41,41,12,1,41,2050000000,"hypothesis_evidence","EXECUTED",1874.4180879999999,"effective_dimensions=1:464,2:41440,3:19200,other:0;context_bytes=10265792;worker_blocks=4"
uwb-imu-pl/gate-d-diagnostics/v16,41,2050000000,41,41,41,12,1,41,2050000000,"health_actions","EXECUTED",19.989526000000001,""
uwb-imu-pl/gate-d-diagnostics/v16,41,2050000000,41,41,41,12,1,41,2050000000,"hypothesis_audit","SKIPPED",,"disabled by output.write_hypothesis_evidence"
uwb-imu-pl/gate-d-diagnostics/v16,41,2050000000,41,41,41,12,1,41,2050000000,"base_factorization","EXECUTED",0.26840700000000001,""
uwb-imu-pl/gate-d-diagnostics/v16,41,2050000000,41,41,41,12,1,41,2050000000,"shared_cache","EXECUTED",0.0022820000000000002,""
uwb-imu-pl/gate-d-diagnostics/v16,41,2050000000,41,41,41,12,1,41,2050000000,"candidate_evaluation","EXECUTED",452.16545500000001,"rank=1;dense=0;stream_protocol=2;stream_batches=1;stream_batch_capacity=1;stream_peak_batch_actions=1;stream_peak_resident_evaluated_actions=1;stream_peak_batch_full_proofs=0;stream_retained_full_candidates=0;stream_retained_full_proofs=0;stream_full_action_heavy_copy=0;stream_complete=1;stream_fde_preproof_selected_action=0;stream_fde_preproof_status=NO_VALID_CANDIDATE;stream_main_arena_action_full_proofs=0;stream_action_proof_retention=NORMAL_TWO_PASS_O_B_PLUS_ONE;stream_winner_recompute=0;stream_winner_recompute_test_seam=0"
uwb-imu-pl/gate-d-diagnostics/v16,41,2050000000,41,41,41,12,1,41,2050000000,"fde_decision","EXECUTED",25.064675000000001,""
uwb-imu-pl/gate-d-diagnostics/v16,41,2050000000,41,41,41,12,1,41,2050000000,"candidate_audit","EXECUTED",0.038418000000000001,"ACTION_REJECTION_FUNNEL_V2:1=REJECT_PL"
uwb-imu-pl/gate-d-diagnostics/v16,41,2050000000,41,41,41,12,1,41,2050000000,"commit","EXECUTED",2.9851679999999998,""
uwb-imu-pl/gate-d-diagnostics/v16,41,2050000000,41,41,41,12,1,41,2050000000,"state_audit","EXECUTED",0.00040099999999999999,""
uwb-imu-pl/gate-d-diagnostics/v16,41,2050000000,41,41,41,12,1,41,2050000000,"finalize_commit_audit","EXECUTED",36.287361000000004,"excludes separately timed commit/discard/state audit"
uwb-imu-pl/gate-d-diagnostics/v16,41,2050000000,41,41,41,12,1,41,2050000000,"discard","SKIPPED",,"upstream gate did not reach stage"
uwb-imu-pl/gate-d-diagnostics/v16,41,2050000000,41,41,41,12,1,41,2050000000,"core_total","EXECUTED",3284.9380649999998,""
uwb-imu-pl/gate-d-diagnostics/v16,42,2100000000,42,42,42,13,1,42,2100000000,"prepare","EXECUTED",2.5326749999999998,""
uwb-imu-pl/gate-d-diagnostics/v16,42,2100000000,42,42,42,13,1,42,2100000000,"integrity_window","EXECUTED",619.67072099999996,""
uwb-imu-pl/gate-d-diagnostics/v16,42,2100000000,42,42,42,13,1,42,2100000000,"window_boundary_provenance","EXECUTED",604.99226799999997,""
uwb-imu-pl/gate-d-diagnostics/v16,42,2100000000,42,42,42,13,1,42,2100000000,"window_factor_linearization_whitening","EXECUTED",1.1162890000000001,""
uwb-imu-pl/gate-d-diagnostics/v16,42,2100000000,42,42,42,13,1,42,2100000000,"window_dense_assembly","EXECUTED",0.095788999999999999,""
uwb-imu-pl/gate-d-diagnostics/v16,42,2100000000,42,42,42,13,1,42,2100000000,"window_svd","EXECUTED",7.65137,""
uwb-imu-pl/gate-d-diagnostics/v16,42,2100000000,42,42,42,13,1,42,2100000000,"window_normal_equations","EXECUTED",0.35264699999999999,""
uwb-imu-pl/gate-d-diagnostics/v16,42,2100000000,42,42,42,13,1,42,2100000000,"window_llt_state_solves","EXECUTED",0.10674,""
uwb-imu-pl/gate-d-diagnostics/v16,42,2100000000,42,42,42,13,1,42,2100000000,"window_fingerprint","EXECUTED",3.9489559999999999,""
uwb-imu-pl/gate-d-diagnostics/v16,42,2100000000,42,42,42,13,1,42,2100000000,"all_in_detector","EXECUTED",0.240338,""
uwb-imu-pl/gate-d-diagnostics/v16,42,2100000000,42,42,42,13,1,42,2100000000,"current_sensitivity","EXECUTED",0.571469,""
uwb-imu-pl/gate-d-diagnostics/v16,42,2100000000,42,42,42,13,1,42,2100000000,"model_generation","EXECUTED",331.51271600000001,""
uwb-imu-pl/gate-d-diagnostics/v16,42,2100000000,42,42,42,13,1,42,2100000000,"historical_sensitivity","EXECUTED",0.20701700000000001,""
uwb-imu-pl/gate-d-diagnostics/v16,42,2100000000,42,42,42,13,1,42,2100000000,"hypothesis_evidence","EXECUTED",1917.3310590000001,"effective_dimensions=1:464,2:41440,3:19200,other:0;context_bytes=10265792;worker_blocks=4"
uwb-imu-pl/gate-d-diagnostics/v16,42,2100000000,42,42,42,13,1,42,2100000000,"health_actions","EXECUTED",17.416986999999999,""
uwb-imu-pl/gate-d-diagnostics/v16,42,2100000000,42,42,42,13,1,42,2100000000,"hypothesis_audit","SKIPPED",,"disabled by output.write_hypothesis_evidence"
uwb-imu-pl/gate-d-diagnostics/v16,42,2100000000,42,42,42,13,1,42,2100000000,"base_factorization","EXECUTED",0.25592500000000001,""
uwb-imu-pl/gate-d-diagnostics/v16,42,2100000000,42,42,42,13,1,42,2100000000,"shared_cache","EXECUTED",0.001784,""
uwb-imu-pl/gate-d-diagnostics/v16,42,2100000000,42,42,42,13,1,42,2100000000,"candidate_evaluation","EXECUTED",451.69534800000002,"rank=1;dense=0;stream_protocol=2;stream_batches=1;stream_batch_capacity=1;stream_peak_batch_actions=1;stream_peak_resident_evaluated_actions=1;stream_peak_batch_full_proofs=0;stream_retained_full_candidates=0;stream_retained_full_proofs=0;stream_full_action_heavy_copy=0;stream_complete=1;stream_fde_preproof_selected_action=0;stream_fde_preproof_status=NO_VALID_CANDIDATE;stream_main_arena_action_full_proofs=0;stream_action_proof_retention=NORMAL_TWO_PASS_O_B_PLUS_ONE;stream_winner_recompute=0;stream_winner_recompute_test_seam=0"
uwb-imu-pl/gate-d-diagnostics/v16,42,2100000000,42,42,42,13,1,42,2100000000,"fde_decision","EXECUTED",25.054656000000001,""
uwb-imu-pl/gate-d-diagnostics/v16,42,2100000000,42,42,42,13,1,42,2100000000,"candidate_audit","EXECUTED",0.03884,"ACTION_REJECTION_FUNNEL_V2:1=REJECT_PL"
uwb-imu-pl/gate-d-diagnostics/v16,42,2100000000,42,42,42,13,1,42,2100000000,"commit","EXECUTED",2.8757489999999999,""
uwb-imu-pl/gate-d-diagnostics/v16,42,2100000000,42,42,42,13,1,42,2100000000,"state_audit","EXECUTED",0.00038699999999999997,""
uwb-imu-pl/gate-d-diagnostics/v16,42,2100000000,42,42,42,13,1,42,2100000000,"finalize_commit_audit","EXECUTED",31.905888000000001,"excludes separately timed commit/discard/state audit"
uwb-imu-pl/gate-d-diagnostics/v16,42,2100000000,42,42,42,13,1,42,2100000000,"discard","SKIPPED",,"upstream gate did not reach stage"
uwb-imu-pl/gate-d-diagnostics/v16,42,2100000000,42,42,42,13,1,42,2100000000,"core_total","EXECUTED",3402.331232,""
uwb-imu-pl/gate-d-diagnostics/v16,43,2150000000,43,43,43,14,1,43,2150000000,"prepare","EXECUTED",3.4635210000000001,""
uwb-imu-pl/gate-d-diagnostics/v16,43,2150000000,43,43,43,14,1,43,2150000000,"integrity_window","EXECUTED",674.32822499999997,""
uwb-imu-pl/gate-d-diagnostics/v16,43,2150000000,43,43,43,14,1,43,2150000000,"window_boundary_provenance","EXECUTED",656.62479199999996,""
uwb-imu-pl/gate-d-diagnostics/v16,43,2150000000,43,43,43,14,1,43,2150000000,"window_factor_linearization_whitening","EXECUTED",2.0701360000000002,""
uwb-imu-pl/gate-d-diagnostics/v16,43,2150000000,43,43,43,14,1,43,2150000000,"window_dense_assembly","EXECUTED",0.13340199999999999,""
uwb-imu-pl/gate-d-diagnostics/v16,43,2150000000,43,43,43,14,1,43,2150000000,"window_svd","EXECUTED",9.1745389999999993,""
uwb-imu-pl/gate-d-diagnostics/v16,43,2150000000,43,43,43,14,1,43,2150000000,"window_normal_equations","EXECUTED",0.40637299999999998,""
uwb-imu-pl/gate-d-diagnostics/v16,43,2150000000,43,43,43,14,1,43,2150000000,"window_llt_state_solves","EXECUTED",0.15032499999999999,""
uwb-imu-pl/gate-d-diagnostics/v16,43,2150000000,43,43,43,14,1,43,2150000000,"window_fingerprint","EXECUTED",4.3362350000000003,""
uwb-imu-pl/gate-d-diagnostics/v16,43,2150000000,43,43,43,14,1,43,2150000000,"all_in_detector","EXECUTED",0.27472299999999999,""
uwb-imu-pl/gate-d-diagnostics/v16,43,2150000000,43,43,43,14,1,43,2150000000,"current_sensitivity","EXECUTED",0.572766,""
uwb-imu-pl/gate-d-diagnostics/v16,43,2150000000,43,43,43,14,1,43,2150000000,"model_generation","EXECUTED",311.670163,""
uwb-imu-pl/gate-d-diagnostics/v16,43,2150000000,43,43,43,14,1,43,2150000000,"historical_sensitivity","EXECUTED",0.127862,""
uwb-imu-pl/gate-d-diagnostics/v16,43,2150000000,43,43,43,14,1,43,2150000000,"hypothesis_evidence","EXECUTED",1876.639868,"effective_dimensions=1:464,2:41440,3:19200,other:0;context_bytes=10265792;worker_blocks=4"
uwb-imu-pl/gate-d-diagnostics/v16,43,2150000000,43,43,43,14,1,43,2150000000,"health_actions","EXECUTED",18.39995,""
uwb-imu-pl/gate-d-diagnostics/v16,43,2150000000,43,43,43,14,1,43,2150000000,"hypothesis_audit","SKIPPED",,"disabled by output.write_hypothesis_evidence"
uwb-imu-pl/gate-d-diagnostics/v16,43,2150000000,43,43,43,14,1,43,2150000000,"base_factorization","EXECUTED",0.25678499999999999,""
uwb-imu-pl/gate-d-diagnostics/v16,43,2150000000,43,43,43,14,1,43,2150000000,"shared_cache","EXECUTED",0.0021610000000000002,""
uwb-imu-pl/gate-d-diagnostics/v16,43,2150000000,43,43,43,14,1,43,2150000000,"candidate_evaluation","EXECUTED",450.94125400000001,"rank=1;dense=0;stream_protocol=2;stream_batches=1;stream_batch_capacity=1;stream_peak_batch_actions=1;stream_peak_resident_evaluated_actions=1;stream_peak_batch_full_proofs=0;stream_retained_full_candidates=0;stream_retained_full_proofs=0;stream_full_action_heavy_copy=0;stream_complete=1;stream_fde_preproof_selected_action=0;stream_fde_preproof_status=NO_VALID_CANDIDATE;stream_main_arena_action_full_proofs=0;stream_action_proof_retention=NORMAL_TWO_PASS_O_B_PLUS_ONE;stream_winner_recompute=0;stream_winner_recompute_test_seam=0"
uwb-imu-pl/gate-d-diagnostics/v16,43,2150000000,43,43,43,14,1,43,2150000000,"fde_decision","EXECUTED",28.119503000000002,""
uwb-imu-pl/gate-d-diagnostics/v16,43,2150000000,43,43,43,14,1,43,2150000000,"candidate_audit","EXECUTED",0.052927000000000002,"ACTION_REJECTION_FUNNEL_V2:1=REJECT_PL"
uwb-imu-pl/gate-d-diagnostics/v16,43,2150000000,43,43,43,14,1,43,2150000000,"commit","EXECUTED",3.0984609999999999,""
uwb-imu-pl/gate-d-diagnostics/v16,43,2150000000,43,43,43,14,1,43,2150000000,"state_audit","EXECUTED",0.00040499999999999998,""
uwb-imu-pl/gate-d-diagnostics/v16,43,2150000000,43,43,43,14,1,43,2150000000,"finalize_commit_audit","EXECUTED",40.724831000000002,"excludes separately timed commit/discard/state audit"
uwb-imu-pl/gate-d-diagnostics/v16,43,2150000000,43,43,43,14,1,43,2150000000,"discard","SKIPPED",,"upstream gate did not reach stage"
uwb-imu-pl/gate-d-diagnostics/v16,43,2150000000,43,43,43,14,1,43,2150000000,"core_total","EXECUTED",3409.3983290000001,""
uwb-imu-pl/gate-d-diagnostics/v16,44,2200000000,44,44,44,15,1,44,2200000000,"prepare","EXECUTED",3.3956010000000001,""
uwb-imu-pl/gate-d-diagnostics/v16,44,2200000000,44,44,44,15,1,44,2200000000,"integrity_window","EXECUTED",489.76110499999999,""
uwb-imu-pl/gate-d-diagnostics/v16,44,2200000000,44,44,44,15,1,44,2200000000,"window_boundary_provenance","EXECUTED",474.77649000000002,""
uwb-imu-pl/gate-d-diagnostics/v16,44,2200000000,44,44,44,15,1,44,2200000000,"window_factor_linearization_whitening","EXECUTED",1.110417,""
uwb-imu-pl/gate-d-diagnostics/v16,44,2200000000,44,44,44,15,1,44,2200000000,"window_dense_assembly","EXECUTED",0.12278,""
uwb-imu-pl/gate-d-diagnostics/v16,44,2200000000,44,44,44,15,1,44,2200000000,"window_svd","EXECUTED",7.8054690000000004,""
uwb-imu-pl/gate-d-diagnostics/v16,44,2200000000,44,44,44,15,1,44,2200000000,"window_normal_equations","EXECUTED",0.33694600000000002,""
uwb-imu-pl/gate-d-diagnostics/v16,44,2200000000,44,44,44,15,1,44,2200000000,"window_llt_state_solves","EXECUTED",0.10799499999999999,""
uwb-imu-pl/gate-d-diagnostics/v16,44,2200000000,44,44,44,15,1,44,2200000000,"window_fingerprint","EXECUTED",3.9476209999999998,""
uwb-imu-pl/gate-d-diagnostics/v16,44,2200000000,44,44,44,15,1,44,2200000000,"all_in_detector","EXECUTED",0.27113399999999999,""
uwb-imu-pl/gate-d-diagnostics/v16,44,2200000000,44,44,44,15,1,44,2200000000,"current_sensitivity","EXECUTED",0.58726,""
uwb-imu-pl/gate-d-diagnostics/v16,44,2200000000,44,44,44,15,1,44,2200000000,"model_generation","EXECUTED",312.28779500000002,""
uwb-imu-pl/gate-d-diagnostics/v16,44,2200000000,44,44,44,15,1,44,2200000000,"historical_sensitivity","EXECUTED",0.13137000000000001,""
uwb-imu-pl/gate-d-diagnostics/v16,44,2200000000,44,44,44,15,1,44,2200000000,"hypothesis_evidence","EXECUTED",1868.5984169999999,"effective_dimensions=1:464,2:41440,3:19200,other:0;context_bytes=10265792;worker_blocks=4"
uwb-imu-pl/gate-d-diagnostics/v16,44,2200000000,44,44,44,15,1,44,2200000000,"health_actions","EXECUTED",19.011154000000001,""
uwb-imu-pl/gate-d-diagnostics/v16,44,2200000000,44,44,44,15,1,44,2200000000,"hypothesis_audit","SKIPPED",,"disabled by output.write_hypothesis_evidence"
uwb-imu-pl/gate-d-diagnostics/v16,44,2200000000,44,44,44,15,1,44,2200000000,"base_factorization","EXECUTED",0.26011000000000001,""
uwb-imu-pl/gate-d-diagnostics/v16,44,2200000000,44,44,44,15,1,44,2200000000,"shared_cache","EXECUTED",0.001609,""
uwb-imu-pl/gate-d-diagnostics/v16,44,2200000000,44,44,44,15,1,44,2200000000,"candidate_evaluation","EXECUTED",446.043834,"rank=1;dense=0;stream_protocol=2;stream_batches=1;stream_batch_capacity=1;stream_peak_batch_actions=1;stream_peak_resident_evaluated_actions=1;stream_peak_batch_full_proofs=0;stream_retained_full_candidates=0;stream_retained_full_proofs=0;stream_full_action_heavy_copy=0;stream_complete=1;stream_fde_preproof_selected_action=0;stream_fde_preproof_status=NO_VALID_CANDIDATE;stream_main_arena_action_full_proofs=0;stream_action_proof_retention=NORMAL_TWO_PASS_O_B_PLUS_ONE;stream_winner_recompute=0;stream_winner_recompute_test_seam=0"
uwb-imu-pl/gate-d-diagnostics/v16,44,2200000000,44,44,44,15,1,44,2200000000,"fde_decision","EXECUTED",26.833952,""
uwb-imu-pl/gate-d-diagnostics/v16,44,2200000000,44,44,44,15,1,44,2200000000,"candidate_audit","EXECUTED",0.041422,"ACTION_REJECTION_FUNNEL_V2:1=REJECT_PL"
uwb-imu-pl/gate-d-diagnostics/v16,44,2200000000,44,44,44,15,1,44,2200000000,"commit","EXECUTED",2.8634650000000001,""
uwb-imu-pl/gate-d-diagnostics/v16,44,2200000000,44,44,44,15,1,44,2200000000,"state_audit","EXECUTED",0.00042900000000000002,""
uwb-imu-pl/gate-d-diagnostics/v16,44,2200000000,44,44,44,15,1,44,2200000000,"finalize_commit_audit","EXECUTED",34.464827,"excludes separately timed commit/discard/state audit"
uwb-imu-pl/gate-d-diagnostics/v16,44,2200000000,44,44,44,15,1,44,2200000000,"discard","SKIPPED",,"upstream gate did not reach stage"
uwb-imu-pl/gate-d-diagnostics/v16,44,2200000000,44,44,44,15,1,44,2200000000,"core_total","EXECUTED",3205.3688860000002,""
uwb-imu-pl/gate-d-diagnostics/v16,45,2250000000,45,45,45,16,1,45,2250000000,"prepare","EXECUTED",2.3188529999999998,""
uwb-imu-pl/gate-d-diagnostics/v16,45,2250000000,45,45,45,16,1,45,2250000000,"integrity_window","EXECUTED",515.33656800000006,""
uwb-imu-pl/gate-d-diagnostics/v16,45,2250000000,45,45,45,16,1,45,2250000000,"window_boundary_provenance","EXECUTED",498.99812100000003,""
uwb-imu-pl/gate-d-diagnostics/v16,45,2250000000,45,45,45,16,1,45,2250000000,"window_factor_linearization_whitening","EXECUTED",1.0922670000000001,""
uwb-imu-pl/gate-d-diagnostics/v16,45,2250000000,45,45,45,16,1,45,2250000000,"window_dense_assembly","EXECUTED",0.119631,""
uwb-imu-pl/gate-d-diagnostics/v16,45,2250000000,45,45,45,16,1,45,2250000000,"window_svd","EXECUTED",8.6407710000000009,""
uwb-imu-pl/gate-d-diagnostics/v16,45,2250000000,45,45,45,16,1,45,2250000000,"window_normal_equations","EXECUTED",0.44351000000000002,""
uwb-imu-pl/gate-d-diagnostics/v16,45,2250000000,45,45,45,16,1,45,2250000000,"window_llt_state_solves","EXECUTED",0.18166199999999999,""
uwb-imu-pl/gate-d-diagnostics/v16,45,2250000000,45,45,45,16,1,45,2250000000,"window_fingerprint","EXECUTED",4.4883230000000003,""
uwb-imu-pl/gate-d-diagnostics/v16,45,2250000000,45,45,45,16,1,45,2250000000,"all_in_detector","EXECUTED",0.27691500000000002,""
uwb-imu-pl/gate-d-diagnostics/v16,45,2250000000,45,45,45,16,1,45,2250000000,"current_sensitivity","EXECUTED",0.61020300000000005,""
uwb-imu-pl/gate-d-diagnostics/v16,45,2250000000,45,45,45,16,1,45,2250000000,"model_generation","EXECUTED",303.35847200000001,""
uwb-imu-pl/gate-d-diagnostics/v16,45,2250000000,45,45,45,16,1,45,2250000000,"historical_sensitivity","EXECUTED",0.12687799999999999,""
uwb-imu-pl/gate-d-diagnostics/v16,45,2250000000,45,45,45,16,1,45,2250000000,"hypothesis_evidence","EXECUTED",1934.321351,"effective_dimensions=1:464,2:41440,3:19200,other:0;context_bytes=10265792;worker_blocks=4"
uwb-imu-pl/gate-d-diagnostics/v16,45,2250000000,45,45,45,16,1,45,2250000000,"health_actions","EXECUTED",22.66658,""
uwb-imu-pl/gate-d-diagnostics/v16,45,2250000000,45,45,45,16,1,45,2250000000,"hypothesis_audit","SKIPPED",,"disabled by output.write_hypothesis_evidence"
uwb-imu-pl/gate-d-diagnostics/v16,45,2250000000,45,45,45,16,1,45,2250000000,"base_factorization","EXECUTED",0.323625,""
uwb-imu-pl/gate-d-diagnostics/v16,45,2250000000,45,45,45,16,1,45,2250000000,"shared_cache","EXECUTED",0.0027070000000000002,""
uwb-imu-pl/gate-d-diagnostics/v16,45,2250000000,45,45,45,16,1,45,2250000000,"candidate_evaluation","EXECUTED",451.23702500000002,"rank=1;dense=0;stream_protocol=2;stream_batches=1;stream_batch_capacity=1;stream_peak_batch_actions=1;stream_peak_resident_evaluated_actions=1;stream_peak_batch_full_proofs=0;stream_retained_full_candidates=0;stream_retained_full_proofs=0;stream_full_action_heavy_copy=0;stream_complete=1;stream_fde_preproof_selected_action=0;stream_fde_preproof_status=NO_VALID_CANDIDATE;stream_main_arena_action_full_proofs=0;stream_action_proof_retention=NORMAL_TWO_PASS_O_B_PLUS_ONE;stream_winner_recompute=0;stream_winner_recompute_test_seam=0"
uwb-imu-pl/gate-d-diagnostics/v16,45,2250000000,45,45,45,16,1,45,2250000000,"fde_decision","EXECUTED",25.776036000000001,""
uwb-imu-pl/gate-d-diagnostics/v16,45,2250000000,45,45,45,16,1,45,2250000000,"candidate_audit","EXECUTED",0.039935999999999999,"ACTION_REJECTION_FUNNEL_V2:1=REJECT_PL"
uwb-imu-pl/gate-d-diagnostics/v16,45,2250000000,45,45,45,16,1,45,2250000000,"commit","EXECUTED",3.4850310000000002,""
uwb-imu-pl/gate-d-diagnostics/v16,45,2250000000,45,45,45,16,1,45,2250000000,"state_audit","EXECUTED",0.00037100000000000002,""
uwb-imu-pl/gate-d-diagnostics/v16,45,2250000000,45,45,45,16,1,45,2250000000,"finalize_commit_audit","EXECUTED",34.189692999999998,"excludes separately timed commit/discard/state audit"
uwb-imu-pl/gate-d-diagnostics/v16,45,2250000000,45,45,45,16,1,45,2250000000,"discard","SKIPPED",,"upstream gate did not reach stage"
uwb-imu-pl/gate-d-diagnostics/v16,45,2250000000,45,45,45,16,1,45,2250000000,"core_total","EXECUTED",3294.7949749999998,""
