schema_version,input_attempt_id,input_timestamp_ns,transaction_id,window_id,graph_version,ordering_version,noise_model_version,linpoint_version,output_timestamp_ns,stage,status,wall_ms,reason
uwb-imu-pl/gate-d-diagnostics/v16,1,50000000,1,1,1,1,1,1,50000000,"prepare","EXECUTED",0.439973,""
uwb-imu-pl/gate-d-diagnostics/v16,1,50000000,1,1,1,1,1,1,50000000,"integrity_window","EXECUTED",0.71664099999999997,""
uwb-imu-pl/gate-d-diagnostics/v16,1,50000000,1,1,1,1,1,1,50000000,"window_boundary_provenance","EXECUTED",0.18326100000000001,""
uwb-imu-pl/gate-d-diagnostics/v16,1,50000000,1,1,1,1,1,1,50000000,"window_factor_linearization_whitening","EXECUTED",0.062796000000000005,""
uwb-imu-pl/gate-d-diagnostics/v16,1,50000000,1,1,1,1,1,1,50000000,"window_dense_assembly","EXECUTED",0.0029510000000000001,""
uwb-imu-pl/gate-d-diagnostics/v16,1,50000000,1,1,1,1,1,1,50000000,"window_svd","EXECUTED",0.29366300000000001,""
uwb-imu-pl/gate-d-diagnostics/v16,1,50000000,1,1,1,1,1,1,50000000,"window_normal_equations","EXECUTED",0.0044900000000000001,""
uwb-imu-pl/gate-d-diagnostics/v16,1,50000000,1,1,1,1,1,1,50000000,"window_llt_state_solves","EXECUTED",0.012102,""
uwb-imu-pl/gate-d-diagnostics/v16,1,50000000,1,1,1,1,1,1,50000000,"window_fingerprint","EXECUTED",0.10750899999999999,""
uwb-imu-pl/gate-d-diagnostics/v16,1,50000000,1,1,1,1,1,1,50000000,"all_in_detector","EXECUTED",0.045855,""
uwb-imu-pl/gate-d-diagnostics/v16,1,50000000,1,1,1,1,1,1,50000000,"current_sensitivity","EXECUTED",0.054642000000000003,""
uwb-imu-pl/gate-d-diagnostics/v16,1,50000000,1,1,1,1,1,1,50000000,"model_generation","EXECUTED",0.68365799999999999,""
uwb-imu-pl/gate-d-diagnostics/v16,1,50000000,1,1,1,1,1,1,50000000,"historical_sensitivity","EXECUTED",0,""
uwb-imu-pl/gate-d-diagnostics/v16,1,50000000,1,1,1,1,1,1,50000000,"hypothesis_evidence","EXECUTED",1.7265299999999999,"effective_dimensions=1:30,2:144,3:0,other:0;context_bytes=29552;worker_blocks=4"
uwb-imu-pl/gate-d-diagnostics/v16,1,50000000,1,1,1,1,1,1,50000000,"health_actions","EXECUTED",0.147253,""
uwb-imu-pl/gate-d-diagnostics/v16,1,50000000,1,1,1,1,1,1,50000000,"hypothesis_audit","SKIPPED",,"disabled by output.write_hypothesis_evidence"
uwb-imu-pl/gate-d-diagnostics/v16,1,50000000,1,1,1,1,1,1,50000000,"base_factorization","EXECUTED",0.013476,""
uwb-imu-pl/gate-d-diagnostics/v16,1,50000000,1,1,1,1,1,1,50000000,"shared_cache","EXECUTED",0.00071000000000000002,""
uwb-imu-pl/gate-d-diagnostics/v16,1,50000000,1,1,1,1,1,1,50000000,"candidate_evaluation","EXECUTED",5.4451219999999996,"rank=1;dense=0;stream_protocol=2;stream_batches=1;stream_batch_capacity=1;stream_peak_batch_actions=1;stream_peak_resident_evaluated_actions=1;stream_peak_batch_full_proofs=1;stream_retained_full_candidates=0;stream_retained_full_proofs=0;stream_full_action_heavy_copy=0;stream_complete=1;stream_fde_preproof_selected_action=0;stream_fde_preproof_status=RISK_BUDGET_INVALID;stream_main_arena_action_full_proofs=0;stream_action_proof_retention=NORMAL_TWO_PASS_O_B_PLUS_ONE;stream_winner_recompute=0;stream_winner_recompute_test_seam=0"
uwb-imu-pl/gate-d-diagnostics/v16,1,50000000,1,1,1,1,1,1,50000000,"fde_decision","EXECUTED",0.19664000000000001,""
uwb-imu-pl/gate-d-diagnostics/v16,1,50000000,1,1,1,1,1,1,50000000,"candidate_audit","EXECUTED",0.011684999999999999,"ACTION_REJECTION_FUNNEL_V2:1=REJECT_RISK_CLOSURE"
uwb-imu-pl/gate-d-diagnostics/v16,1,50000000,1,1,1,1,1,1,50000000,"commit","EXECUTED",0.32178499999999999,""
uwb-imu-pl/gate-d-diagnostics/v16,1,50000000,1,1,1,1,1,1,50000000,"state_audit","EXECUTED",0.000214,""
uwb-imu-pl/gate-d-diagnostics/v16,1,50000000,1,1,1,1,1,1,50000000,"finalize_commit_audit","EXECUTED",0.057071000000000038,"excludes separately timed commit/discard/state audit"
uwb-imu-pl/gate-d-diagnostics/v16,1,50000000,1,1,1,1,1,1,50000000,"discard","SKIPPED",,"upstream gate did not reach stage"
uwb-imu-pl/gate-d-diagnostics/v16,1,50000000,1,1,1,1,1,1,50000000,"core_total","EXECUTED",9.9540179999999996,""
uwb-imu-pl/gate-d-diagnostics/v16,2,100000000,2,2,2,1,1,2,100000000,"prepare","EXECUTED",0.24351900000000001,""
uwb-imu-pl/gate-d-diagnostics/v16,2,100000000,2,2,2,1,1,2,100000000,"integrity_window","EXECUTED",1.2184839999999999,""
uwb-imu-pl/gate-d-diagnostics/v16,2,100000000,2,2,2,1,1,2,100000000,"window_boundary_provenance","EXECUTED",0.133108,""
uwb-imu-pl/gate-d-diagnostics/v16,2,100000000,2,2,2,1,1,2,100000000,"window_factor_linearization_whitening","EXECUTED",0.088273000000000004,""
uwb-imu-pl/gate-d-diagnostics/v16,2,100000000,2,2,2,1,1,2,100000000,"window_dense_assembly","EXECUTED",0.0042700000000000004,""
uwb-imu-pl/gate-d-diagnostics/v16,2,100000000,2,2,2,1,1,2,100000000,"window_svd","EXECUTED",0.68280700000000005,""
uwb-imu-pl/gate-d-diagnostics/v16,2,100000000,2,2,2,1,1,2,100000000,"window_normal_equations","EXECUTED",0.0084740000000000006,""
uwb-imu-pl/gate-d-diagnostics/v16,2,100000000,2,2,2,1,1,2,100000000,"window_llt_state_solves","EXECUTED",0.021538000000000002,""
uwb-imu-pl/gate-d-diagnostics/v16,2,100000000,2,2,2,1,1,2,100000000,"window_fingerprint","EXECUTED",0.19198200000000001,""
uwb-imu-pl/gate-d-diagnostics/v16,2,100000000,2,2,2,1,1,2,100000000,"all_in_detector","EXECUTED",0.045227000000000003,""
uwb-imu-pl/gate-d-diagnostics/v16,2,100000000,2,2,2,1,1,2,100000000,"current_sensitivity","EXECUTED",0.105876,""
uwb-imu-pl/gate-d-diagnostics/v16,2,100000000,2,2,2,1,1,2,100000000,"model_generation","EXECUTED",2.4702550000000003,""
uwb-imu-pl/gate-d-diagnostics/v16,2,100000000,2,2,2,1,1,2,100000000,"historical_sensitivity","EXECUTED",0.087889999999999996,""
uwb-imu-pl/gate-d-diagnostics/v16,2,100000000,2,2,2,1,1,2,100000000,"hypothesis_evidence","EXECUTED",3.1648529999999999,"effective_dimensions=1:52,2:488,3:96,other:0;context_bytes=107168;worker_blocks=4"
uwb-imu-pl/gate-d-diagnostics/v16,2,100000000,2,2,2,1,1,2,100000000,"health_actions","EXECUTED",0.18490799999999999,""
uwb-imu-pl/gate-d-diagnostics/v16,2,100000000,2,2,2,1,1,2,100000000,"hypothesis_audit","SKIPPED",,"disabled by output.write_hypothesis_evidence"
uwb-imu-pl/gate-d-diagnostics/v16,2,100000000,2,2,2,1,1,2,100000000,"base_factorization","EXECUTED",0.017956,""
uwb-imu-pl/gate-d-diagnostics/v16,2,100000000,2,2,2,1,1,2,100000000,"shared_cache","EXECUTED",0.0010430000000000001,""
uwb-imu-pl/gate-d-diagnostics/v16,2,100000000,2,2,2,1,1,2,100000000,"candidate_evaluation","EXECUTED",195.32858400000001,"rank=1;dense=0;stream_protocol=2;stream_batches=1;stream_batch_capacity=1;stream_peak_batch_actions=1;stream_peak_resident_evaluated_actions=1;stream_peak_batch_full_proofs=1;stream_retained_full_candidates=0;stream_retained_full_proofs=0;stream_full_action_heavy_copy=0;stream_complete=1;stream_fde_preproof_selected_action=0;stream_fde_preproof_status=RISK_BUDGET_INVALID;stream_main_arena_action_full_proofs=0;stream_action_proof_retention=NORMAL_TWO_PASS_O_B_PLUS_ONE;stream_winner_recompute=0;stream_winner_recompute_test_seam=0"
uwb-imu-pl/gate-d-diagnostics/v16,2,100000000,2,2,2,1,1,2,100000000,"fde_decision","EXECUTED",0.509876,""
uwb-imu-pl/gate-d-diagnostics/v16,2,100000000,2,2,2,1,1,2,100000000,"candidate_audit","EXECUTED",0.0099570000000000006,"ACTION_REJECTION_FUNNEL_V2:1=REJECT_RISK_CLOSURE"
uwb-imu-pl/gate-d-diagnostics/v16,2,100000000,2,2,2,1,1,2,100000000,"commit","EXECUTED",0.62453899999999996,""
uwb-imu-pl/gate-d-diagnostics/v16,2,100000000,2,2,2,1,1,2,100000000,"state_audit","EXECUTED",0.00030699999999999998,""
uwb-imu-pl/gate-d-diagnostics/v16,2,100000000,2,2,2,1,1,2,100000000,"finalize_commit_audit","EXECUTED",0.28077400000000008,"excludes separately timed commit/discard/state audit"
uwb-imu-pl/gate-d-diagnostics/v16,2,100000000,2,2,2,1,1,2,100000000,"discard","SKIPPED",,"upstream gate did not reach stage"
uwb-imu-pl/gate-d-diagnostics/v16,2,100000000,2,2,2,1,1,2,100000000,"core_total","EXECUTED",204.366433,""
uwb-imu-pl/gate-d-diagnostics/v16,3,150000000,3,3,3,1,1,3,150000000,"prepare","EXECUTED",0.27507300000000001,""
uwb-imu-pl/gate-d-diagnostics/v16,3,150000000,3,3,3,1,1,3,150000000,"integrity_window","EXECUTED",1.9088989999999999,""
uwb-imu-pl/gate-d-diagnostics/v16,3,150000000,3,3,3,1,1,3,150000000,"window_boundary_provenance","EXECUTED",0.13736499999999999,""
uwb-imu-pl/gate-d-diagnostics/v16,3,150000000,3,3,3,1,1,3,150000000,"window_factor_linearization_whitening","EXECUTED",0.118156,""
uwb-imu-pl/gate-d-diagnostics/v16,3,150000000,3,3,3,1,1,3,150000000,"window_dense_assembly","EXECUTED",0.0077010000000000004,""
uwb-imu-pl/gate-d-diagnostics/v16,3,150000000,3,3,3,1,1,3,150000000,"window_svd","EXECUTED",1.1402810000000001,""
uwb-imu-pl/gate-d-diagnostics/v16,3,150000000,3,3,3,1,1,3,150000000,"window_normal_equations","EXECUTED",0.013195999999999999,""
uwb-imu-pl/gate-d-diagnostics/v16,3,150000000,3,3,3,1,1,3,150000000,"window_llt_state_solves","EXECUTED",0.018010000000000002,""
uwb-imu-pl/gate-d-diagnostics/v16,3,150000000,3,3,3,1,1,3,150000000,"window_fingerprint","EXECUTED",0.33265699999999998,""
uwb-imu-pl/gate-d-diagnostics/v16,3,150000000,3,3,3,1,1,3,150000000,"all_in_detector","EXECUTED",0.028986000000000001,""
uwb-imu-pl/gate-d-diagnostics/v16,3,150000000,3,3,3,1,1,3,150000000,"current_sensitivity","EXECUTED",0.072303999999999993,""
uwb-imu-pl/gate-d-diagnostics/v16,3,150000000,3,3,3,1,1,3,150000000,"model_generation","EXECUTED",4.7274200000000004,""
uwb-imu-pl/gate-d-diagnostics/v16,3,150000000,3,3,3,1,1,3,150000000,"historical_sensitivity","EXECUTED",0.020992,""
uwb-imu-pl/gate-d-diagnostics/v16,3,150000000,3,3,3,1,1,3,150000000,"hypothesis_evidence","EXECUTED",16.419274999999999,"effective_dimensions=1:74,2:1024,3:288,other:0;context_bytes=233168;worker_blocks=4"
uwb-imu-pl/gate-d-diagnostics/v16,3,150000000,3,3,3,1,1,3,150000000,"health_actions","EXECUTED",0.33023400000000003,""
uwb-imu-pl/gate-d-diagnostics/v16,3,150000000,3,3,3,1,1,3,150000000,"hypothesis_audit","SKIPPED",,"disabled by output.write_hypothesis_evidence"
uwb-imu-pl/gate-d-diagnostics/v16,3,150000000,3,3,3,1,1,3,150000000,"base_factorization","EXECUTED",0.033833000000000002,""
uwb-imu-pl/gate-d-diagnostics/v16,3,150000000,3,3,3,1,1,3,150000000,"shared_cache","EXECUTED",0.001091,""
uwb-imu-pl/gate-d-diagnostics/v16,3,150000000,3,3,3,1,1,3,150000000,"candidate_evaluation","EXECUTED",46.483694,"rank=1;dense=0;stream_protocol=2;stream_batches=1;stream_batch_capacity=1;stream_peak_batch_actions=1;stream_peak_resident_evaluated_actions=1;stream_peak_batch_full_proofs=1;stream_retained_full_candidates=0;stream_retained_full_proofs=0;stream_full_action_heavy_copy=0;stream_complete=1;stream_fde_preproof_selected_action=0;stream_fde_preproof_status=RISK_BUDGET_INVALID;stream_main_arena_action_full_proofs=0;stream_action_proof_retention=NORMAL_TWO_PASS_O_B_PLUS_ONE;stream_winner_recompute=0;stream_winner_recompute_test_seam=0"
uwb-imu-pl/gate-d-diagnostics/v16,3,150000000,3,3,3,1,1,3,150000000,"fde_decision","EXECUTED",1.20211,""
uwb-imu-pl/gate-d-diagnostics/v16,3,150000000,3,3,3,1,1,3,150000000,"candidate_audit","EXECUTED",0.0092479999999999993,"ACTION_REJECTION_FUNNEL_V2:1=REJECT_RISK_CLOSURE"
uwb-imu-pl/gate-d-diagnostics/v16,3,150000000,3,3,3,1,1,3,150000000,"commit","EXECUTED",0.57732300000000003,""
uwb-imu-pl/gate-d-diagnostics/v16,3,150000000,3,3,3,1,1,3,150000000,"state_audit","EXECUTED",0.000224,""
uwb-imu-pl/gate-d-diagnostics/v16,3,150000000,3,3,3,1,1,3,150000000,"finalize_commit_audit","EXECUTED",0.53510799999999992,"excludes separately timed commit/discard/state audit"
uwb-imu-pl/gate-d-diagnostics/v16,3,150000000,3,3,3,1,1,3,150000000,"discard","SKIPPED",,"upstream gate did not reach stage"
uwb-imu-pl/gate-d-diagnostics/v16,3,150000000,3,3,3,1,1,3,150000000,"core_total","EXECUTED",72.711343999999997,""
uwb-imu-pl/gate-d-diagnostics/v16,4,200000000,4,4,4,1,1,4,200000000,"prepare","EXECUTED",0.34984599999999999,""
uwb-imu-pl/gate-d-diagnostics/v16,4,200000000,4,4,4,1,1,4,200000000,"integrity_window","EXECUTED",2.7556919999999998,""
uwb-imu-pl/gate-d-diagnostics/v16,4,200000000,4,4,4,1,1,4,200000000,"window_boundary_provenance","EXECUTED",0.13886299999999999,""
uwb-imu-pl/gate-d-diagnostics/v16,4,200000000,4,4,4,1,1,4,200000000,"window_factor_linearization_whitening","EXECUTED",0.14660200000000001,""
uwb-imu-pl/gate-d-diagnostics/v16,4,200000000,4,4,4,1,1,4,200000000,"window_dense_assembly","EXECUTED",0.011117,""
uwb-imu-pl/gate-d-diagnostics/v16,4,200000000,4,4,4,1,1,4,200000000,"window_svd","EXECUTED",1.649899,""
uwb-imu-pl/gate-d-diagnostics/v16,4,200000000,4,4,4,1,1,4,200000000,"window_normal_equations","EXECUTED",0.040858999999999999,""
uwb-imu-pl/gate-d-diagnostics/v16,4,200000000,4,4,4,1,1,4,200000000,"window_llt_state_solves","EXECUTED",0.028601999999999999,""
uwb-imu-pl/gate-d-diagnostics/v16,4,200000000,4,4,4,1,1,4,200000000,"window_fingerprint","EXECUTED",0.52196900000000002,""
uwb-imu-pl/gate-d-diagnostics/v16,4,200000000,4,4,4,1,1,4,200000000,"all_in_detector","EXECUTED",0.027875,""
uwb-imu-pl/gate-d-diagnostics/v16,4,200000000,4,4,4,1,1,4,200000000,"current_sensitivity","EXECUTED",0.079015000000000002,""
uwb-imu-pl/gate-d-diagnostics/v16,4,200000000,4,4,4,1,1,4,200000000,"model_generation","EXECUTED",9.7549989999999998,""
uwb-imu-pl/gate-d-diagnostics/v16,4,200000000,4,4,4,1,1,4,200000000,"historical_sensitivity","EXECUTED",0.032672,""
uwb-imu-pl/gate-d-diagnostics/v16,4,200000000,4,4,4,1,1,4,200000000,"hypothesis_evidence","EXECUTED",31.386569000000001,"effective_dimensions=1:96,2:1752,3:576,other:0;context_bytes=407552;worker_blocks=4"
uwb-imu-pl/gate-d-diagnostics/v16,4,200000000,4,4,4,1,1,4,200000000,"health_actions","EXECUTED",0.47610200000000003,""
uwb-imu-pl/gate-d-diagnostics/v16,4,200000000,4,4,4,1,1,4,200000000,"hypothesis_audit","SKIPPED",,"disabled by output.write_hypothesis_evidence"
uwb-imu-pl/gate-d-diagnostics/v16,4,200000000,4,4,4,1,1,4,200000000,"base_factorization","EXECUTED",0.046101999999999997,""
uwb-imu-pl/gate-d-diagnostics/v16,4,200000000,4,4,4,1,1,4,200000000,"shared_cache","EXECUTED",0.0012440000000000001,""
uwb-imu-pl/gate-d-diagnostics/v16,4,200000000,4,4,4,1,1,4,200000000,"candidate_evaluation","EXECUTED",94.400869,"rank=1;dense=0;stream_protocol=2;stream_batches=1;stream_batch_capacity=1;stream_peak_batch_actions=1;stream_peak_resident_evaluated_actions=1;stream_peak_batch_full_proofs=1;stream_retained_full_candidates=0;stream_retained_full_proofs=0;stream_full_action_heavy_copy=0;stream_complete=1;stream_fde_preproof_selected_action=0;stream_fde_preproof_status=RISK_BUDGET_INVALID;stream_main_arena_action_full_proofs=0;stream_action_proof_retention=NORMAL_TWO_PASS_O_B_PLUS_ONE;stream_winner_recompute=0;stream_winner_recompute_test_seam=0"
uwb-imu-pl/gate-d-diagnostics/v16,4,200000000,4,4,4,1,1,4,200000000,"fde_decision","EXECUTED",2.3135330000000001,""
uwb-imu-pl/gate-d-diagnostics/v16,4,200000000,4,4,4,1,1,4,200000000,"candidate_audit","EXECUTED",0.014756999999999999,"ACTION_REJECTION_FUNNEL_V2:1=REJECT_RISK_CLOSURE"
uwb-imu-pl/gate-d-diagnostics/v16,4,200000000,4,4,4,1,1,4,200000000,"commit","EXECUTED",0.59072999999999998,""
uwb-imu-pl/gate-d-diagnostics/v16,4,200000000,4,4,4,1,1,4,200000000,"state_audit","EXECUTED",0.00022699999999999999,""
uwb-imu-pl/gate-d-diagnostics/v16,4,200000000,4,4,4,1,1,4,200000000,"finalize_commit_audit","EXECUTED",0.85477800000000004,"excludes separately timed commit/discard/state audit"
uwb-imu-pl/gate-d-diagnostics/v16,4,200000000,4,4,4,1,1,4,200000000,"discard","SKIPPED",,"upstream gate did not reach stage"
uwb-imu-pl/gate-d-diagnostics/v16,4,200000000,4,4,4,1,1,4,200000000,"core_total","EXECUTED",143.193985,""
uwb-imu-pl/gate-d-diagnostics/v16,5,250000000,5,5,5,1,1,5,250000000,"prepare","EXECUTED",0.43670100000000001,""
uwb-imu-pl/gate-d-diagnostics/v16,5,250000000,5,5,5,1,1,5,250000000,"integrity_window","EXECUTED",3.728726,""
uwb-imu-pl/gate-d-diagnostics/v16,5,250000000,5,5,5,1,1,5,250000000,"window_boundary_provenance","EXECUTED",0.14424600000000001,""
uwb-imu-pl/gate-d-diagnostics/v16,5,250000000,5,5,5,1,1,5,250000000,"window_factor_linearization_whitening","EXECUTED",0.18307599999999999,""
uwb-imu-pl/gate-d-diagnostics/v16,5,250000000,5,5,5,1,1,5,250000000,"window_dense_assembly","EXECUTED",0.020105000000000001,""
uwb-imu-pl/gate-d-diagnostics/v16,5,250000000,5,5,5,1,1,5,250000000,"window_svd","EXECUTED",2.2337440000000002,""
uwb-imu-pl/gate-d-diagnostics/v16,5,250000000,5,5,5,1,1,5,250000000,"window_normal_equations","EXECUTED",0.047197000000000003,""
uwb-imu-pl/gate-d-diagnostics/v16,5,250000000,5,5,5,1,1,5,250000000,"window_llt_state_solves","EXECUTED",0.035188999999999998,""
uwb-imu-pl/gate-d-diagnostics/v16,5,250000000,5,5,5,1,1,5,250000000,"window_fingerprint","EXECUTED",0.75288200000000005,""
uwb-imu-pl/gate-d-diagnostics/v16,5,250000000,5,5,5,1,1,5,250000000,"all_in_detector","EXECUTED",0.039076,""
uwb-imu-pl/gate-d-diagnostics/v16,5,250000000,5,5,5,1,1,5,250000000,"current_sensitivity","EXECUTED",0.097338999999999995,""
uwb-imu-pl/gate-d-diagnostics/v16,5,250000000,5,5,5,1,1,5,250000000,"model_generation","EXECUTED",13.339020999999999,""
uwb-imu-pl/gate-d-diagnostics/v16,5,250000000,5,5,5,1,1,5,250000000,"historical_sensitivity","EXECUTED",0.048256,""
uwb-imu-pl/gate-d-diagnostics/v16,5,250000000,5,5,5,1,1,5,250000000,"hypothesis_evidence","EXECUTED",50.330081,"effective_dimensions=1:118,2:2672,3:960,other:0;context_bytes=630320;worker_blocks=4"
uwb-imu-pl/gate-d-diagnostics/v16,5,250000000,5,5,5,1,1,5,250000000,"health_actions","EXECUTED",0.79503599999999996,""
uwb-imu-pl/gate-d-diagnostics/v16,5,250000000,5,5,5,1,1,5,250000000,"hypothesis_audit","SKIPPED",,"disabled by output.write_hypothesis_evidence"
uwb-imu-pl/gate-d-diagnostics/v16,5,250000000,5,5,5,1,1,5,250000000,"base_factorization","EXECUTED",0.064756999999999995,""
uwb-imu-pl/gate-d-diagnostics/v16,5,250000000,5,5,5,1,1,5,250000000,"shared_cache","EXECUTED",0.0013699999999999999,""
uwb-imu-pl/gate-d-diagnostics/v16,5,250000000,5,5,5,1,1,5,250000000,"candidate_evaluation","EXECUTED",151.43729300000001,"rank=1;dense=0;stream_protocol=2;stream_batches=1;stream_batch_capacity=1;stream_peak_batch_actions=1;stream_peak_resident_evaluated_actions=1;stream_peak_batch_full_proofs=1;stream_retained_full_candidates=0;stream_retained_full_proofs=0;stream_full_action_heavy_copy=0;stream_complete=1;stream_fde_preproof_selected_action=0;stream_fde_preproof_status=RISK_BUDGET_INVALID;stream_main_arena_action_full_proofs=0;stream_action_proof_retention=NORMAL_TWO_PASS_O_B_PLUS_ONE;stream_winner_recompute=0;stream_winner_recompute_test_seam=0"
uwb-imu-pl/gate-d-diagnostics/v16,5,250000000,5,5,5,1,1,5,250000000,"fde_decision","EXECUTED",3.2819199999999999,""
uwb-imu-pl/gate-d-diagnostics/v16,5,250000000,5,5,5,1,1,5,250000000,"candidate_audit","EXECUTED",0.020514000000000001,"ACTION_REJECTION_FUNNEL_V2:1=REJECT_RISK_CLOSURE"
uwb-imu-pl/gate-d-diagnostics/v16,5,250000000,5,5,5,1,1,5,250000000,"commit","EXECUTED",0.70885600000000004,""
uwb-imu-pl/gate-d-diagnostics/v16,5,250000000,5,5,5,1,1,5,250000000,"state_audit","EXECUTED",0.00036000000000000002,""
uwb-imu-pl/gate-d-diagnostics/v16,5,250000000,5,5,5,1,1,5,250000000,"finalize_commit_audit","EXECUTED",1.1377059999999999,"excludes separately timed commit/discard/state audit"
uwb-imu-pl/gate-d-diagnostics/v16,5,250000000,5,5,5,1,1,5,250000000,"discard","SKIPPED",,"upstream gate did not reach stage"
uwb-imu-pl/gate-d-diagnostics/v16,5,250000000,5,5,5,1,1,5,250000000,"core_total","EXECUTED",225.60517300000001,""
uwb-imu-pl/gate-d-diagnostics/v16,6,300000000,6,6,6,1,1,6,300000000,"prepare","EXECUTED",0.50110600000000005,""
uwb-imu-pl/gate-d-diagnostics/v16,6,300000000,6,6,6,1,1,6,300000000,"integrity_window","EXECUTED",5.0346200000000003,""
uwb-imu-pl/gate-d-diagnostics/v16,6,300000000,6,6,6,1,1,6,300000000,"window_boundary_provenance","EXECUTED",0.15462200000000001,""
uwb-imu-pl/gate-d-diagnostics/v16,6,300000000,6,6,6,1,1,6,300000000,"window_factor_linearization_whitening","EXECUTED",0.216228,""
uwb-imu-pl/gate-d-diagnostics/v16,6,300000000,6,6,6,1,1,6,300000000,"window_dense_assembly","EXECUTED",0.026852999999999998,""
uwb-imu-pl/gate-d-diagnostics/v16,6,300000000,6,6,6,1,1,6,300000000,"window_svd","EXECUTED",2.9476689999999999,""
uwb-imu-pl/gate-d-diagnostics/v16,6,300000000,6,6,6,1,1,6,300000000,"window_normal_equations","EXECUTED",0.095786999999999997,""
uwb-imu-pl/gate-d-diagnostics/v16,6,300000000,6,6,6,1,1,6,300000000,"window_llt_state_solves","EXECUTED",0.047787000000000003,""
uwb-imu-pl/gate-d-diagnostics/v16,6,300000000,6,6,6,1,1,6,300000000,"window_fingerprint","EXECUTED",1.109181,""
uwb-imu-pl/gate-d-diagnostics/v16,6,300000000,6,6,6,1,1,6,300000000,"all_in_detector","EXECUTED",0.061681,""
uwb-imu-pl/gate-d-diagnostics/v16,6,300000000,6,6,6,1,1,6,300000000,"current_sensitivity","EXECUTED",0.18592800000000001,""
uwb-imu-pl/gate-d-diagnostics/v16,6,300000000,6,6,6,1,1,6,300000000,"model_generation","EXECUTED",20.058723000000001,""
uwb-imu-pl/gate-d-diagnostics/v16,6,300000000,6,6,6,1,1,6,300000000,"historical_sensitivity","EXECUTED",0.10402,""
uwb-imu-pl/gate-d-diagnostics/v16,6,300000000,6,6,6,1,1,6,300000000,"hypothesis_evidence","EXECUTED",79.452107999999996,"effective_dimensions=1:140,2:3784,3:1440,other:0;context_bytes=901472;worker_blocks=4"
uwb-imu-pl/gate-d-diagnostics/v16,6,300000000,6,6,6,1,1,6,300000000,"health_actions","EXECUTED",1.129194,""
uwb-imu-pl/gate-d-diagnostics/v16,6,300000000,6,6,6,1,1,6,300000000,"hypothesis_audit","SKIPPED",,"disabled by output.write_hypothesis_evidence"
uwb-imu-pl/gate-d-diagnostics/v16,6,300000000,6,6,6,1,1,6,300000000,"base_factorization","EXECUTED",0.082633999999999999,""
uwb-imu-pl/gate-d-diagnostics/v16,6,300000000,6,6,6,1,1,6,300000000,"shared_cache","EXECUTED",0.001549,""
uwb-imu-pl/gate-d-diagnostics/v16,6,300000000,6,6,6,1,1,6,300000000,"candidate_evaluation","EXECUTED",243.72213099999999,"rank=1;dense=0;stream_protocol=2;stream_batches=1;stream_batch_capacity=1;stream_peak_batch_actions=1;stream_peak_resident_evaluated_actions=1;stream_peak_batch_full_proofs=1;stream_retained_full_candidates=0;stream_retained_full_proofs=0;stream_full_action_heavy_copy=0;stream_complete=1;stream_fde_preproof_selected_action=0;stream_fde_preproof_status=RISK_BUDGET_INVALID;stream_main_arena_action_full_proofs=0;stream_action_proof_retention=NORMAL_TWO_PASS_O_B_PLUS_ONE;stream_winner_recompute=0;stream_winner_recompute_test_seam=0"
uwb-imu-pl/gate-d-diagnostics/v16,6,300000000,6,6,6,1,1,6,300000000,"fde_decision","EXECUTED",4.6058680000000001,""
uwb-imu-pl/gate-d-diagnostics/v16,6,300000000,6,6,6,1,1,6,300000000,"candidate_audit","EXECUTED",0.021805000000000001,"ACTION_REJECTION_FUNNEL_V2:1=REJECT_RISK_CLOSURE"
uwb-imu-pl/gate-d-diagnostics/v16,6,300000000,6,6,6,1,1,6,300000000,"commit","EXECUTED",0.69682999999999995,""
uwb-imu-pl/gate-d-diagnostics/v16,6,300000000,6,6,6,1,1,6,300000000,"state_audit","EXECUTED",0.000232,""
uwb-imu-pl/gate-d-diagnostics/v16,6,300000000,6,6,6,1,1,6,300000000,"finalize_commit_audit","EXECUTED",1.9435740000000004,"excludes separately timed commit/discard/state audit"
uwb-imu-pl/gate-d-diagnostics/v16,6,300000000,6,6,6,1,1,6,300000000,"discard","SKIPPED",,"upstream gate did not reach stage"
uwb-imu-pl/gate-d-diagnostics/v16,6,300000000,6,6,6,1,1,6,300000000,"core_total","EXECUTED",357.74588899999998,""
uwb-imu-pl/gate-d-diagnostics/v16,7,350000000,7,7,7,1,1,7,350000000,"prepare","EXECUTED",0.68892900000000001,""
uwb-imu-pl/gate-d-diagnostics/v16,7,350000000,7,7,7,1,1,7,350000000,"integrity_window","EXECUTED",6.380871,""
uwb-imu-pl/gate-d-diagnostics/v16,7,350000000,7,7,7,1,1,7,350000000,"window_boundary_provenance","EXECUTED",0.18879199999999999,""
uwb-imu-pl/gate-d-diagnostics/v16,7,350000000,7,7,7,1,1,7,350000000,"window_factor_linearization_whitening","EXECUTED",0.30949100000000002,""
uwb-imu-pl/gate-d-diagnostics/v16,7,350000000,7,7,7,1,1,7,350000000,"window_dense_assembly","EXECUTED",0.036816000000000002,""
uwb-imu-pl/gate-d-diagnostics/v16,7,350000000,7,7,7,1,1,7,350000000,"window_svd","EXECUTED",3.71238,""
uwb-imu-pl/gate-d-diagnostics/v16,7,350000000,7,7,7,1,1,7,350000000,"window_normal_equations","EXECUTED",0.097909999999999997,""
uwb-imu-pl/gate-d-diagnostics/v16,7,350000000,7,7,7,1,1,7,350000000,"window_llt_state_solves","EXECUTED",0.054649999999999997,""
uwb-imu-pl/gate-d-diagnostics/v16,7,350000000,7,7,7,1,1,7,350000000,"window_fingerprint","EXECUTED",1.4089499999999999,""
uwb-imu-pl/gate-d-diagnostics/v16,7,350000000,7,7,7,1,1,7,350000000,"all_in_detector","EXECUTED",0.046186999999999999,""
uwb-imu-pl/gate-d-diagnostics/v16,7,350000000,7,7,7,1,1,7,350000000,"current_sensitivity","EXECUTED",0.17153299999999999,""
uwb-imu-pl/gate-d-diagnostics/v16,7,350000000,7,7,7,1,1,7,350000000,"model_generation","EXECUTED",26.432911999999998,""
uwb-imu-pl/gate-d-diagnostics/v16,7,350000000,7,7,7,1,1,7,350000000,"historical_sensitivity","EXECUTED",0.058463999999999995,""
uwb-imu-pl/gate-d-diagnostics/v16,7,350000000,7,7,7,1,1,7,350000000,"hypothesis_evidence","EXECUTED",119.451857,"effective_dimensions=1:162,2:5088,3:2016,other:0;context_bytes=1221008;worker_blocks=4"
uwb-imu-pl/gate-d-diagnostics/v16,7,350000000,7,7,7,1,1,7,350000000,"health_actions","EXECUTED",1.330198,""
uwb-imu-pl/gate-d-diagnostics/v16,7,350000000,7,7,7,1,1,7,350000000,"hypothesis_audit","SKIPPED",,"disabled by output.write_hypothesis_evidence"
uwb-imu-pl/gate-d-diagnostics/v16,7,350000000,7,7,7,1,1,7,350000000,"base_factorization","EXECUTED",0.110389,""
uwb-imu-pl/gate-d-diagnostics/v16,7,350000000,7,7,7,1,1,7,350000000,"shared_cache","EXECUTED",0.002251,""
uwb-imu-pl/gate-d-diagnostics/v16,7,350000000,7,7,7,1,1,7,350000000,"candidate_evaluation","EXECUTED",362.74544300000002,"rank=1;dense=0;stream_protocol=2;stream_batches=1;stream_batch_capacity=1;stream_peak_batch_actions=1;stream_peak_resident_evaluated_actions=1;stream_peak_batch_full_proofs=1;stream_retained_full_candidates=0;stream_retained_full_proofs=0;stream_full_action_heavy_copy=0;stream_complete=1;stream_fde_preproof_selected_action=0;stream_fde_preproof_status=RISK_BUDGET_INVALID;stream_main_arena_action_full_proofs=0;stream_action_proof_retention=NORMAL_TWO_PASS_O_B_PLUS_ONE;stream_winner_recompute=0;stream_winner_recompute_test_seam=0"
uwb-imu-pl/gate-d-diagnostics/v16,7,350000000,7,7,7,1,1,7,350000000,"fde_decision","EXECUTED",6.3262960000000001,""
uwb-imu-pl/gate-d-diagnostics/v16,7,350000000,7,7,7,1,1,7,350000000,"candidate_audit","EXECUTED",0.022242999999999999,"ACTION_REJECTION_FUNNEL_V2:1=REJECT_RISK_CLOSURE"
uwb-imu-pl/gate-d-diagnostics/v16,7,350000000,7,7,7,1,1,7,350000000,"commit","EXECUTED",0.77908999999999995,""
uwb-imu-pl/gate-d-diagnostics/v16,7,350000000,7,7,7,1,1,7,350000000,"state_audit","EXECUTED",0.00038000000000000002,""
uwb-imu-pl/gate-d-diagnostics/v16,7,350000000,7,7,7,1,1,7,350000000,"finalize_commit_audit","EXECUTED",2.7410209999999999,"excludes separately timed commit/discard/state audit"
uwb-imu-pl/gate-d-diagnostics/v16,7,350000000,7,7,7,1,1,7,350000000,"discard","SKIPPED",,"upstream gate did not reach stage"
uwb-imu-pl/gate-d-diagnostics/v16,7,350000000,7,7,7,1,1,7,350000000,"core_total","EXECUTED",527.48594700000001,""
uwb-imu-pl/gate-d-diagnostics/v16,8,400000000,8,8,8,1,1,8,400000000,"prepare","EXECUTED",1.2100550000000001,""
uwb-imu-pl/gate-d-diagnostics/v16,8,400000000,8,8,8,1,1,8,400000000,"integrity_window","EXECUTED",9.5271150000000002,""
uwb-imu-pl/gate-d-diagnostics/v16,8,400000000,8,8,8,1,1,8,400000000,"window_boundary_provenance","EXECUTED",0.32883800000000002,""
uwb-imu-pl/gate-d-diagnostics/v16,8,400000000,8,8,8,1,1,8,400000000,"window_factor_linearization_whitening","EXECUTED",0.62031700000000001,""
uwb-imu-pl/gate-d-diagnostics/v16,8,400000000,8,8,8,1,1,8,400000000,"window_dense_assembly","EXECUTED",0.064514000000000002,""
uwb-imu-pl/gate-d-diagnostics/v16,8,400000000,8,8,8,1,1,8,400000000,"window_svd","EXECUTED",5.7482319999999998,""
uwb-imu-pl/gate-d-diagnostics/v16,8,400000000,8,8,8,1,1,8,400000000,"window_normal_equations","EXECUTED",0.14584,""
uwb-imu-pl/gate-d-diagnostics/v16,8,400000000,8,8,8,1,1,8,400000000,"window_llt_state_solves","EXECUTED",0.096207000000000001,""
uwb-imu-pl/gate-d-diagnostics/v16,8,400000000,8,8,8,1,1,8,400000000,"window_fingerprint","EXECUTED",1.8000579999999999,""
uwb-imu-pl/gate-d-diagnostics/v16,8,400000000,8,8,8,1,1,8,400000000,"all_in_detector","EXECUTED",0.063972000000000001,""
uwb-imu-pl/gate-d-diagnostics/v16,8,400000000,8,8,8,1,1,8,400000000,"current_sensitivity","EXECUTED",0.20788200000000001,""
uwb-imu-pl/gate-d-diagnostics/v16,8,400000000,8,8,8,1,1,8,400000000,"model_generation","EXECUTED",36.709147000000002,""
uwb-imu-pl/gate-d-diagnostics/v16,8,400000000,8,8,8,1,1,8,400000000,"historical_sensitivity","EXECUTED",0.070085000000000008,""
uwb-imu-pl/gate-d-diagnostics/v16,8,400000000,8,8,8,1,1,8,400000000,"hypothesis_evidence","EXECUTED",167.49354099999999,"effective_dimensions=1:184,2:6584,3:2688,other:0;context_bytes=1588928;worker_blocks=4"
uwb-imu-pl/gate-d-diagnostics/v16,8,400000000,8,8,8,1,1,8,400000000,"health_actions","EXECUTED",1.988035,""
uwb-imu-pl/gate-d-diagnostics/v16,8,400000000,8,8,8,1,1,8,400000000,"hypothesis_audit","SKIPPED",,"disabled by output.write_hypothesis_evidence"
uwb-imu-pl/gate-d-diagnostics/v16,8,400000000,8,8,8,1,1,8,400000000,"base_factorization","EXECUTED",0.125109,""
uwb-imu-pl/gate-d-diagnostics/v16,8,400000000,8,8,8,1,1,8,400000000,"shared_cache","EXECUTED",0.0010920000000000001,""
uwb-imu-pl/gate-d-diagnostics/v16,8,400000000,8,8,8,1,1,8,400000000,"candidate_evaluation","EXECUTED",526.42287399999998,"rank=1;dense=0;stream_protocol=2;stream_batches=1;stream_batch_capacity=1;stream_peak_batch_actions=1;stream_peak_resident_evaluated_actions=1;stream_peak_batch_full_proofs=1;stream_retained_full_candidates=0;stream_retained_full_proofs=0;stream_full_action_heavy_copy=0;stream_complete=1;stream_fde_preproof_selected_action=0;stream_fde_preproof_status=RISK_BUDGET_INVALID;stream_main_arena_action_full_proofs=0;stream_action_proof_retention=NORMAL_TWO_PASS_O_B_PLUS_ONE;stream_winner_recompute=0;stream_winner_recompute_test_seam=0"
uwb-imu-pl/gate-d-diagnostics/v16,8,400000000,8,8,8,1,1,8,400000000,"fde_decision","EXECUTED",9.3252360000000003,""
uwb-imu-pl/gate-d-diagnostics/v16,8,400000000,8,8,8,1,1,8,400000000,"candidate_audit","EXECUTED",0.033509999999999998,"ACTION_REJECTION_FUNNEL_V2:1=REJECT_RISK_CLOSURE"
uwb-imu-pl/gate-d-diagnostics/v16,8,400000000,8,8,8,1,1,8,400000000,"commit","EXECUTED",0.92475200000000002,""
uwb-imu-pl/gate-d-diagnostics/v16,8,400000000,8,8,8,1,1,8,400000000,"state_audit","EXECUTED",0.00036600000000000001,""
uwb-imu-pl/gate-d-diagnostics/v16,8,400000000,8,8,8,1,1,8,400000000,"finalize_commit_audit","EXECUTED",4.0067149999999998,"excludes separately timed commit/discard/state audit"
uwb-imu-pl/gate-d-diagnostics/v16,8,400000000,8,8,8,1,1,8,400000000,"discard","SKIPPED",,"upstream gate did not reach stage"
uwb-imu-pl/gate-d-diagnostics/v16,8,400000000,8,8,8,1,1,8,400000000,"core_total","EXECUTED",758.32870300000002,""
uwb-imu-pl/gate-d-diagnostics/v16,9,450000000,9,9,9,1,1,9,450000000,"prepare","EXECUTED",0.73917999999999995,""
uwb-imu-pl/gate-d-diagnostics/v16,9,450000000,9,9,9,1,1,9,450000000,"integrity_window","EXECUTED",10.178236,""
uwb-imu-pl/gate-d-diagnostics/v16,9,450000000,9,9,9,1,1,9,450000000,"window_boundary_provenance","EXECUTED",0.17814099999999999,""
uwb-imu-pl/gate-d-diagnostics/v16,9,450000000,9,9,9,1,1,9,450000000,"window_factor_linearization_whitening","EXECUTED",0.36713299999999999,""
uwb-imu-pl/gate-d-diagnostics/v16,9,450000000,9,9,9,1,1,9,450000000,"window_dense_assembly","EXECUTED",0.057058999999999999,""
uwb-imu-pl/gate-d-diagnostics/v16,9,450000000,9,9,9,1,1,9,450000000,"window_svd","EXECUTED",6.0852259999999996,""
uwb-imu-pl/gate-d-diagnostics/v16,9,450000000,9,9,9,1,1,9,450000000,"window_normal_equations","EXECUTED",0.20184299999999999,""
uwb-imu-pl/gate-d-diagnostics/v16,9,450000000,9,9,9,1,1,9,450000000,"window_llt_state_solves","EXECUTED",0.086685999999999999,""
uwb-imu-pl/gate-d-diagnostics/v16,9,450000000,9,9,9,1,1,9,450000000,"window_fingerprint","EXECUTED",2.3115649999999999,""
uwb-imu-pl/gate-d-diagnostics/v16,9,450000000,9,9,9,1,1,9,450000000,"all_in_detector","EXECUTED",0.058394000000000001,""
uwb-imu-pl/gate-d-diagnostics/v16,9,450000000,9,9,9,1,1,9,450000000,"current_sensitivity","EXECUTED",0.22938500000000001,""
uwb-imu-pl/gate-d-diagnostics/v16,9,450000000,9,9,9,1,1,9,450000000,"model_generation","EXECUTED",50.395044999999996,""
uwb-imu-pl/gate-d-diagnostics/v16,9,450000000,9,9,9,1,1,9,450000000,"historical_sensitivity","EXECUTED",0.08287700000000002,""
uwb-imu-pl/gate-d-diagnostics/v16,9,450000000,9,9,9,1,1,9,450000000,"hypothesis_evidence","EXECUTED",234.33897200000001,"effective_dimensions=1:206,2:8272,3:3456,other:0;context_bytes=2005232;worker_blocks=4"
uwb-imu-pl/gate-d-diagnostics/v16,9,450000000,9,9,9,1,1,9,450000000,"health_actions","EXECUTED",2.070649,""
uwb-imu-pl/gate-d-diagnostics/v16,9,450000000,9,9,9,1,1,9,450000000,"hypothesis_audit","SKIPPED",,"disabled by output.write_hypothesis_evidence"
uwb-imu-pl/gate-d-diagnostics/v16,9,450000000,9,9,9,1,1,9,450000000,"base_factorization","EXECUTED",0.157419,""
uwb-imu-pl/gate-d-diagnostics/v16,9,450000000,9,9,9,1,1,9,450000000,"shared_cache","EXECUTED",0.0011850000000000001,""
uwb-imu-pl/gate-d-diagnostics/v16,9,450000000,9,9,9,1,1,9,450000000,"candidate_evaluation","EXECUTED",691.94843300000002,"rank=1;dense=0;stream_protocol=2;stream_batches=1;stream_batch_capacity=1;stream_peak_batch_actions=1;stream_peak_resident_evaluated_actions=1;stream_peak_batch_full_proofs=1;stream_retained_full_candidates=0;stream_retained_full_proofs=0;stream_full_action_heavy_copy=0;stream_complete=1;stream_fde_preproof_selected_action=0;stream_fde_preproof_status=RISK_BUDGET_INVALID;stream_main_arena_action_full_proofs=0;stream_action_proof_retention=NORMAL_TWO_PASS_O_B_PLUS_ONE;stream_winner_recompute=0;stream_winner_recompute_test_seam=0"
uwb-imu-pl/gate-d-diagnostics/v16,9,450000000,9,9,9,1,1,9,450000000,"fde_decision","EXECUTED",11.18643,""
uwb-imu-pl/gate-d-diagnostics/v16,9,450000000,9,9,9,1,1,9,450000000,"candidate_audit","EXECUTED",0.032580999999999999,"ACTION_REJECTION_FUNNEL_V2:1=REJECT_RISK_CLOSURE"
uwb-imu-pl/gate-d-diagnostics/v16,9,450000000,9,9,9,1,1,9,450000000,"commit","EXECUTED",0.91837800000000003,""
uwb-imu-pl/gate-d-diagnostics/v16,9,450000000,9,9,9,1,1,9,450000000,"state_audit","EXECUTED",0.00038999999999999999,""
uwb-imu-pl/gate-d-diagnostics/v16,9,450000000,9,9,9,1,1,9,450000000,"finalize_commit_audit","EXECUTED",5.2311800000000002,"excludes separately timed commit/discard/state audit"
uwb-imu-pl/gate-d-diagnostics/v16,9,450000000,9,9,9,1,1,9,450000000,"discard","SKIPPED",,"upstream gate did not reach stage"
uwb-imu-pl/gate-d-diagnostics/v16,9,450000000,9,9,9,1,1,9,450000000,"core_total","EXECUTED",1007.77573,""
uwb-imu-pl/gate-d-diagnostics/v16,10,500000000,10,10,10,1,1,10,500000000,"prepare","EXECUTED",1.0212380000000001,""
uwb-imu-pl/gate-d-diagnostics/v16,10,500000000,10,10,10,1,1,10,500000000,"integrity_window","EXECUTED",12.603971,""
uwb-imu-pl/gate-d-diagnostics/v16,10,500000000,10,10,10,1,1,10,500000000,"window_boundary_provenance","EXECUTED",0.17794299999999999,""
uwb-imu-pl/gate-d-diagnostics/v16,10,500000000,10,10,10,1,1,10,500000000,"window_factor_linearization_whitening","EXECUTED",0.458893,""
uwb-imu-pl/gate-d-diagnostics/v16,10,500000000,10,10,10,1,1,10,500000000,"window_dense_assembly","EXECUTED",0.069438,""
uwb-imu-pl/gate-d-diagnostics/v16,10,500000000,10,10,10,1,1,10,500000000,"window_svd","EXECUTED",7.4046250000000002,""
uwb-imu-pl/gate-d-diagnostics/v16,10,500000000,10,10,10,1,1,10,500000000,"window_normal_equations","EXECUTED",0.316361,""
uwb-imu-pl/gate-d-diagnostics/v16,10,500000000,10,10,10,1,1,10,500000000,"window_llt_state_solves","EXECUTED",0.104126,""
uwb-imu-pl/gate-d-diagnostics/v16,10,500000000,10,10,10,1,1,10,500000000,"window_fingerprint","EXECUTED",3.0053000000000001,""
uwb-imu-pl/gate-d-diagnostics/v16,10,500000000,10,10,10,1,1,10,500000000,"all_in_detector","EXECUTED",0.061844000000000003,""
uwb-imu-pl/gate-d-diagnostics/v16,10,500000000,10,10,10,1,1,10,500000000,"current_sensitivity","EXECUTED",0.25599100000000002,""
uwb-imu-pl/gate-d-diagnostics/v16,10,500000000,10,10,10,1,1,10,500000000,"model_generation","EXECUTED",65.265363000000008,""
uwb-imu-pl/gate-d-diagnostics/v16,10,500000000,10,10,10,1,1,10,500000000,"historical_sensitivity","EXECUTED",0.11174500000000001,""
uwb-imu-pl/gate-d-diagnostics/v16,10,500000000,10,10,10,1,1,10,500000000,"hypothesis_evidence","EXECUTED",312.41299600000002,"effective_dimensions=1:228,2:10152,3:4320,other:0;context_bytes=2469920;worker_blocks=4"
uwb-imu-pl/gate-d-diagnostics/v16,10,500000000,10,10,10,1,1,10,500000000,"health_actions","EXECUTED",3.2832669999999999,""
uwb-imu-pl/gate-d-diagnostics/v16,10,500000000,10,10,10,1,1,10,500000000,"hypothesis_audit","SKIPPED",,"disabled by output.write_hypothesis_evidence"
uwb-imu-pl/gate-d-diagnostics/v16,10,500000000,10,10,10,1,1,10,500000000,"base_factorization","EXECUTED",0.20518800000000001,""
uwb-imu-pl/gate-d-diagnostics/v16,10,500000000,10,10,10,1,1,10,500000000,"shared_cache","EXECUTED",0.001421,""
uwb-imu-pl/gate-d-diagnostics/v16,10,500000000,10,10,10,1,1,10,500000000,"candidate_evaluation","EXECUTED",914.73751600000003,"rank=1;dense=0;stream_protocol=2;stream_batches=1;stream_batch_capacity=1;stream_peak_batch_actions=1;stream_peak_resident_evaluated_actions=1;stream_peak_batch_full_proofs=1;stream_retained_full_candidates=0;stream_retained_full_proofs=0;stream_full_action_heavy_copy=0;stream_complete=1;stream_fde_preproof_selected_action=0;stream_fde_preproof_status=RISK_BUDGET_INVALID;stream_main_arena_action_full_proofs=0;stream_action_proof_retention=NORMAL_TWO_PASS_O_B_PLUS_ONE;stream_winner_recompute=0;stream_winner_recompute_test_seam=0"
uwb-imu-pl/gate-d-diagnostics/v16,10,500000000,10,10,10,1,1,10,500000000,"fde_decision","EXECUTED",13.81658,""
uwb-imu-pl/gate-d-diagnostics/v16,10,500000000,10,10,10,1,1,10,500000000,"candidate_audit","EXECUTED",0.03286,"ACTION_REJECTION_FUNNEL_V2:1=REJECT_RISK_CLOSURE"
uwb-imu-pl/gate-d-diagnostics/v16,10,500000000,10,10,10,1,1,10,500000000,"commit","EXECUTED",1.0095130000000001,""
uwb-imu-pl/gate-d-diagnostics/v16,10,500000000,10,10,10,1,1,10,500000000,"state_audit","EXECUTED",0.00040299999999999998,""
uwb-imu-pl/gate-d-diagnostics/v16,10,500000000,10,10,10,1,1,10,500000000,"finalize_commit_audit","EXECUTED",6.1896749999999994,"excludes separately timed commit/discard/state audit"
uwb-imu-pl/gate-d-diagnostics/v16,10,500000000,10,10,10,1,1,10,500000000,"discard","SKIPPED",,"upstream gate did not reach stage"
uwb-imu-pl/gate-d-diagnostics/v16,10,500000000,10,10,10,1,1,10,500000000,"core_total","EXECUTED",1331.4167070000001,""
uwb-imu-pl/gate-d-diagnostics/v16,11,550000000,11,11,11,1,1,11,550000000,"prepare","EXECUTED",1.017752,""
uwb-imu-pl/gate-d-diagnostics/v16,11,550000000,11,11,11,1,1,11,550000000,"integrity_window","EXECUTED",13.01214,""
uwb-imu-pl/gate-d-diagnostics/v16,11,550000000,11,11,11,1,1,11,550000000,"window_boundary_provenance","EXECUTED",0.425263,""
uwb-imu-pl/gate-d-diagnostics/v16,11,550000000,11,11,11,1,1,11,550000000,"window_factor_linearization_whitening","EXECUTED",0.48756899999999997,""
uwb-imu-pl/gate-d-diagnostics/v16,11,550000000,11,11,11,1,1,11,550000000,"window_dense_assembly","EXECUTED",0.074055999999999997,""
uwb-imu-pl/gate-d-diagnostics/v16,11,550000000,11,11,11,1,1,11,550000000,"window_svd","EXECUTED",7.7628620000000002,""
uwb-imu-pl/gate-d-diagnostics/v16,11,550000000,11,11,11,1,1,11,550000000,"window_normal_equations","EXECUTED",0.26330700000000001,""
uwb-imu-pl/gate-d-diagnostics/v16,11,550000000,11,11,11,1,1,11,550000000,"window_llt_state_solves","EXECUTED",0.104583,""
uwb-imu-pl/gate-d-diagnostics/v16,11,550000000,11,11,11,1,1,11,550000000,"window_fingerprint","EXECUTED",2.8256399999999999,""
uwb-imu-pl/gate-d-diagnostics/v16,11,550000000,11,11,11,1,1,11,550000000,"all_in_detector","EXECUTED",0.061792,""
uwb-imu-pl/gate-d-diagnostics/v16,11,550000000,11,11,11,1,1,11,550000000,"current_sensitivity","EXECUTED",0.24859800000000001,""
uwb-imu-pl/gate-d-diagnostics/v16,11,550000000,11,11,11,1,1,11,550000000,"model_generation","EXECUTED",72.417749999999998,""
uwb-imu-pl/gate-d-diagnostics/v16,11,550000000,11,11,11,1,1,11,550000000,"historical_sensitivity","EXECUTED",0.17327499999999998,""
uwb-imu-pl/gate-d-diagnostics/v16,11,550000000,11,11,11,1,1,11,550000000,"hypothesis_evidence","EXECUTED",349.45729699999998,"effective_dimensions=1:244,2:11120,3:4800,other:0;context_bytes=2715872;worker_blocks=4"
uwb-imu-pl/gate-d-diagnostics/v16,11,550000000,11,11,11,1,1,11,550000000,"health_actions","EXECUTED",2.922145,""
uwb-imu-pl/gate-d-diagnostics/v16,11,550000000,11,11,11,1,1,11,550000000,"hypothesis_audit","SKIPPED",,"disabled by output.write_hypothesis_evidence"
uwb-imu-pl/gate-d-diagnostics/v16,11,550000000,11,11,11,1,1,11,550000000,"base_factorization","EXECUTED",0.31132300000000002,""
uwb-imu-pl/gate-d-diagnostics/v16,11,550000000,11,11,11,1,1,11,550000000,"shared_cache","EXECUTED",0.0022139999999999998,""
uwb-imu-pl/gate-d-diagnostics/v16,11,550000000,11,11,11,1,1,11,550000000,"candidate_evaluation","EXECUTED",1058.1629949999999,"rank=1;dense=0;stream_protocol=2;stream_batches=1;stream_batch_capacity=1;stream_peak_batch_actions=1;stream_peak_resident_evaluated_actions=1;stream_peak_batch_full_proofs=1;stream_retained_full_candidates=0;stream_retained_full_proofs=0;stream_full_action_heavy_copy=0;stream_complete=1;stream_fde_preproof_selected_action=0;stream_fde_preproof_status=RISK_BUDGET_INVALID;stream_main_arena_action_full_proofs=0;stream_action_proof_retention=NORMAL_TWO_PASS_O_B_PLUS_ONE;stream_winner_recompute=0;stream_winner_recompute_test_seam=0"
uwb-imu-pl/gate-d-diagnostics/v16,11,550000000,11,11,11,1,1,11,550000000,"fde_decision","EXECUTED",14.415341,""
uwb-imu-pl/gate-d-diagnostics/v16,11,550000000,11,11,11,1,1,11,550000000,"candidate_audit","EXECUTED",0.032001000000000002,"ACTION_REJECTION_FUNNEL_V2:1=REJECT_RISK_CLOSURE"
uwb-imu-pl/gate-d-diagnostics/v16,11,550000000,11,11,11,1,1,11,550000000,"commit","EXECUTED",1.0915840000000001,""
uwb-imu-pl/gate-d-diagnostics/v16,11,550000000,11,11,11,1,1,11,550000000,"state_audit","EXECUTED",0.000397,""
uwb-imu-pl/gate-d-diagnostics/v16,11,550000000,11,11,11,1,1,11,550000000,"finalize_commit_audit","EXECUTED",6.4819569999999995,"excludes separately timed commit/discard/state audit"
uwb-imu-pl/gate-d-diagnostics/v16,11,550000000,11,11,11,1,1,11,550000000,"discard","SKIPPED",,"upstream gate did not reach stage"
uwb-imu-pl/gate-d-diagnostics/v16,11,550000000,11,11,11,1,1,11,550000000,"core_total","EXECUTED",1520.140578,""
uwb-imu-pl/gate-d-diagnostics/v16,12,600000000,12,12,12,1,1,12,600000000,"prepare","EXECUTED",1.293315,""
uwb-imu-pl/gate-d-diagnostics/v16,12,600000000,12,12,12,1,1,12,600000000,"integrity_window","EXECUTED",14.420671,""
uwb-imu-pl/gate-d-diagnostics/v16,12,600000000,12,12,12,1,1,12,600000000,"window_boundary_provenance","EXECUTED",1.6997530000000001,""
uwb-imu-pl/gate-d-diagnostics/v16,12,600000000,12,12,12,1,1,12,600000000,"window_factor_linearization_whitening","EXECUTED",0.46671299999999999,""
uwb-imu-pl/gate-d-diagnostics/v16,12,600000000,12,12,12,1,1,12,600000000,"window_dense_assembly","EXECUTED",0.075365000000000001,""
uwb-imu-pl/gate-d-diagnostics/v16,12,600000000,12,12,12,1,1,12,600000000,"window_svd","EXECUTED",7.7620110000000002,""
uwb-imu-pl/gate-d-diagnostics/v16,12,600000000,12,12,12,1,1,12,600000000,"window_normal_equations","EXECUTED",0.28309200000000001,""
uwb-imu-pl/gate-d-diagnostics/v16,12,600000000,12,12,12,1,1,12,600000000,"window_llt_state_solves","EXECUTED",0.104689,""
uwb-imu-pl/gate-d-diagnostics/v16,12,600000000,12,12,12,1,1,12,600000000,"window_fingerprint","EXECUTED",2.9368150000000002,""
uwb-imu-pl/gate-d-diagnostics/v16,12,600000000,12,12,12,1,1,12,600000000,"all_in_detector","EXECUTED",0.063686000000000006,""
uwb-imu-pl/gate-d-diagnostics/v16,12,600000000,12,12,12,1,1,12,600000000,"current_sensitivity","EXECUTED",0.24830099999999999,""
uwb-imu-pl/gate-d-diagnostics/v16,12,600000000,12,12,12,1,1,12,600000000,"model_generation","EXECUTED",96.416108000000008,""
uwb-imu-pl/gate-d-diagnostics/v16,12,600000000,12,12,12,1,1,12,600000000,"historical_sensitivity","EXECUTED",0.100788,""
uwb-imu-pl/gate-d-diagnostics/v16,12,600000000,12,12,12,1,1,12,600000000,"hypothesis_evidence","EXECUTED",418.075242,"effective_dimensions=1:266,2:13288,3:5808,other:0;context_bytes=3253136;worker_blocks=4"
uwb-imu-pl/gate-d-diagnostics/v16,12,600000000,12,12,12,1,1,12,600000000,"health_actions","EXECUTED",3.484623,""
uwb-imu-pl/gate-d-diagnostics/v16,12,600000000,12,12,12,1,1,12,600000000,"hypothesis_audit","SKIPPED",,"disabled by output.write_hypothesis_evidence"
uwb-imu-pl/gate-d-diagnostics/v16,12,600000000,12,12,12,1,1,12,600000000,"base_factorization","EXECUTED",0.19711699999999999,""
uwb-imu-pl/gate-d-diagnostics/v16,12,600000000,12,12,12,1,1,12,600000000,"shared_cache","EXECUTED",0.0012489999999999999,""
uwb-imu-pl/gate-d-diagnostics/v16,12,600000000,12,12,12,1,1,12,600000000,"candidate_evaluation","EXECUTED",177.116974,"rank=1;dense=0;stream_protocol=2;stream_batches=1;stream_batch_capacity=1;stream_peak_batch_actions=1;stream_peak_resident_evaluated_actions=1;stream_peak_batch_full_proofs=0;stream_retained_full_candidates=0;stream_retained_full_proofs=0;stream_full_action_heavy_copy=0;stream_complete=1;stream_fde_preproof_selected_action=0;stream_fde_preproof_status=NO_VALID_CANDIDATE;stream_main_arena_action_full_proofs=0;stream_action_proof_retention=NORMAL_TWO_PASS_O_B_PLUS_ONE;stream_winner_recompute=0;stream_winner_recompute_test_seam=0"
uwb-imu-pl/gate-d-diagnostics/v16,12,600000000,12,12,12,1,1,12,600000000,"fde_decision","EXECUTED",7.7082319999999998,""
uwb-imu-pl/gate-d-diagnostics/v16,12,600000000,12,12,12,1,1,12,600000000,"candidate_audit","EXECUTED",0.033750000000000002,"ACTION_REJECTION_FUNNEL_V2:1=REJECT_PL"
uwb-imu-pl/gate-d-diagnostics/v16,12,600000000,12,12,12,1,1,12,600000000,"commit","EXECUTED",1.1194170000000001,""
uwb-imu-pl/gate-d-diagnostics/v16,12,600000000,12,12,12,1,1,12,600000000,"state_audit","EXECUTED",0.00042000000000000002,""
uwb-imu-pl/gate-d-diagnostics/v16,12,600000000,12,12,12,1,1,12,600000000,"finalize_commit_audit","EXECUTED",7.9966879999999989,"excludes separately timed commit/discard/state audit"
uwb-imu-pl/gate-d-diagnostics/v16,12,600000000,12,12,12,1,1,12,600000000,"discard","SKIPPED",,"upstream gate did not reach stage"
uwb-imu-pl/gate-d-diagnostics/v16,12,600000000,12,12,12,1,1,12,600000000,"core_total","EXECUTED",728.59003900000005,""
uwb-imu-pl/gate-d-diagnostics/v16,13,650000000,13,13,13,1,1,13,650000000,"prepare","EXECUTED",1.14473,""
uwb-imu-pl/gate-d-diagnostics/v16,13,650000000,13,13,13,1,1,13,650000000,"integrity_window","EXECUTED",18.292152999999999,""
uwb-imu-pl/gate-d-diagnostics/v16,13,650000000,13,13,13,1,1,13,650000000,"window_boundary_provenance","EXECUTED",5.6697540000000002,""
uwb-imu-pl/gate-d-diagnostics/v16,13,650000000,13,13,13,1,1,13,650000000,"window_factor_linearization_whitening","EXECUTED",0.61187100000000005,""
uwb-imu-pl/gate-d-diagnostics/v16,13,650000000,13,13,13,1,1,13,650000000,"window_dense_assembly","EXECUTED",0.074972999999999998,""
uwb-imu-pl/gate-d-diagnostics/v16,13,650000000,13,13,13,1,1,13,650000000,"window_svd","EXECUTED",7.4991219999999998,""
uwb-imu-pl/gate-d-diagnostics/v16,13,650000000,13,13,13,1,1,13,650000000,"window_normal_equations","EXECUTED",0.27016000000000001,""
uwb-imu-pl/gate-d-diagnostics/v16,13,650000000,13,13,13,1,1,13,650000000,"window_llt_state_solves","EXECUTED",0.122201,""
uwb-imu-pl/gate-d-diagnostics/v16,13,650000000,13,13,13,1,1,13,650000000,"window_fingerprint","EXECUTED",2.9125589999999999,""
uwb-imu-pl/gate-d-diagnostics/v16,13,650000000,13,13,13,1,1,13,650000000,"all_in_detector","EXECUTED",0.069682999999999995,""
uwb-imu-pl/gate-d-diagnostics/v16,13,650000000,13,13,13,1,1,13,650000000,"current_sensitivity","EXECUTED",0.244675,""
uwb-imu-pl/gate-d-diagnostics/v16,13,650000000,13,13,13,1,1,13,650000000,"model_generation","EXECUTED",104.464275,""
uwb-imu-pl/gate-d-diagnostics/v16,13,650000000,13,13,13,1,1,13,650000000,"historical_sensitivity","EXECUTED",0.11552599999999999,""
uwb-imu-pl/gate-d-diagnostics/v16,13,650000000,13,13,13,1,1,13,650000000,"hypothesis_evidence","EXECUTED",523.33108300000004,"effective_dimensions=1:288,2:15648,3:6912,other:0;context_bytes=3838784;worker_blocks=4"
uwb-imu-pl/gate-d-diagnostics/v16,13,650000000,13,13,13,1,1,13,650000000,"health_actions","EXECUTED",4.4979810000000002,""
uwb-imu-pl/gate-d-diagnostics/v16,13,650000000,13,13,13,1,1,13,650000000,"hypothesis_audit","SKIPPED",,"disabled by output.write_hypothesis_evidence"
uwb-imu-pl/gate-d-diagnostics/v16,13,650000000,13,13,13,1,1,13,650000000,"base_factorization","EXECUTED",0.22653999999999999,""
uwb-imu-pl/gate-d-diagnostics/v16,13,650000000,13,13,13,1,1,13,650000000,"shared_cache","EXECUTED",0.001583,""
uwb-imu-pl/gate-d-diagnostics/v16,13,650000000,13,13,13,1,1,13,650000000,"candidate_evaluation","EXECUTED",193.861155,"rank=1;dense=0;stream_protocol=2;stream_batches=1;stream_batch_capacity=1;stream_peak_batch_actions=1;stream_peak_resident_evaluated_actions=1;stream_peak_batch_full_proofs=0;stream_retained_full_candidates=0;stream_retained_full_proofs=0;stream_full_action_heavy_copy=0;stream_complete=1;stream_fde_preproof_selected_action=0;stream_fde_preproof_status=NO_VALID_CANDIDATE;stream_main_arena_action_full_proofs=0;stream_action_proof_retention=NORMAL_TWO_PASS_O_B_PLUS_ONE;stream_winner_recompute=0;stream_winner_recompute_test_seam=0"
uwb-imu-pl/gate-d-diagnostics/v16,13,650000000,13,13,13,1,1,13,650000000,"fde_decision","EXECUTED",8.6331039999999994,""
uwb-imu-pl/gate-d-diagnostics/v16,13,650000000,13,13,13,1,1,13,650000000,"candidate_audit","EXECUTED",0.031206000000000001,"ACTION_REJECTION_FUNNEL_V2:1=REJECT_PL"
uwb-imu-pl/gate-d-diagnostics/v16,13,650000000,13,13,13,1,1,13,650000000,"commit","EXECUTED",1.0633319999999999,""
uwb-imu-pl/gate-d-diagnostics/v16,13,650000000,13,13,13,1,1,13,650000000,"state_audit","EXECUTED",0.00021900000000000001,""
uwb-imu-pl/gate-d-diagnostics/v16,13,650000000,13,13,13,1,1,13,650000000,"finalize_commit_audit","EXECUTED",9.0169820000000005,"excludes separately timed commit/discard/state audit"
uwb-imu-pl/gate-d-diagnostics/v16,13,650000000,13,13,13,1,1,13,650000000,"discard","SKIPPED",,"upstream gate did not reach stage"
uwb-imu-pl/gate-d-diagnostics/v16,13,650000000,13,13,13,1,1,13,650000000,"core_total","EXECUTED",865.36487,""
uwb-imu-pl/gate-d-diagnostics/v16,14,700000000,14,14,14,1,1,14,700000000,"prepare","EXECUTED",1.2017420000000001,""
uwb-imu-pl/gate-d-diagnostics/v16,14,700000000,14,14,14,1,1,14,700000000,"integrity_window","EXECUTED",26.363150999999998,""
uwb-imu-pl/gate-d-diagnostics/v16,14,700000000,14,14,14,1,1,14,700000000,"window_boundary_provenance","EXECUTED",12.552792,""
uwb-imu-pl/gate-d-diagnostics/v16,14,700000000,14,14,14,1,1,14,700000000,"window_factor_linearization_whitening","EXECUTED",0.954287,""
uwb-imu-pl/gate-d-diagnostics/v16,14,700000000,14,14,14,1,1,14,700000000,"window_dense_assembly","EXECUTED",0.16800699999999999,""
uwb-imu-pl/gate-d-diagnostics/v16,14,700000000,14,14,14,1,1,14,700000000,"window_svd","EXECUTED",7.995965,""
uwb-imu-pl/gate-d-diagnostics/v16,14,700000000,14,14,14,1,1,14,700000000,"window_normal_equations","EXECUTED",0.283304,""
uwb-imu-pl/gate-d-diagnostics/v16,14,700000000,14,14,14,1,1,14,700000000,"window_llt_state_solves","EXECUTED",0.10245799999999999,""
uwb-imu-pl/gate-d-diagnostics/v16,14,700000000,14,14,14,1,1,14,700000000,"window_fingerprint","EXECUTED",3.1092499999999998,""
uwb-imu-pl/gate-d-diagnostics/v16,14,700000000,14,14,14,1,1,14,700000000,"all_in_detector","EXECUTED",0.090341000000000005,""
uwb-imu-pl/gate-d-diagnostics/v16,14,700000000,14,14,14,1,1,14,700000000,"current_sensitivity","EXECUTED",0.35185899999999998,""
uwb-imu-pl/gate-d-diagnostics/v16,14,700000000,14,14,14,1,1,14,700000000,"model_generation","EXECUTED",134.33139599999998,""
uwb-imu-pl/gate-d-diagnostics/v16,14,700000000,14,14,14,1,1,14,700000000,"historical_sensitivity","EXECUTED",0.094813999999999996,""
uwb-imu-pl/gate-d-diagnostics/v16,14,700000000,14,14,14,1,1,14,700000000,"hypothesis_evidence","EXECUTED",625.52552100000003,"effective_dimensions=1:310,2:18200,3:8112,other:0;context_bytes=4472816;worker_blocks=4"
uwb-imu-pl/gate-d-diagnostics/v16,14,700000000,14,14,14,1,1,14,700000000,"health_actions","EXECUTED",6.3166019999999996,""
uwb-imu-pl/gate-d-diagnostics/v16,14,700000000,14,14,14,1,1,14,700000000,"hypothesis_audit","SKIPPED",,"disabled by output.write_hypothesis_evidence"
uwb-imu-pl/gate-d-diagnostics/v16,14,700000000,14,14,14,1,1,14,700000000,"base_factorization","EXECUTED",0.46226400000000001,""
uwb-imu-pl/gate-d-diagnostics/v16,14,700000000,14,14,14,1,1,14,700000000,"shared_cache","EXECUTED",0.0029729999999999999,""
uwb-imu-pl/gate-d-diagnostics/v16,14,700000000,14,14,14,1,1,14,700000000,"candidate_evaluation","EXECUTED",223.621499,"rank=1;dense=0;stream_protocol=2;stream_batches=1;stream_batch_capacity=1;stream_peak_batch_actions=1;stream_peak_resident_evaluated_actions=1;stream_peak_batch_full_proofs=0;stream_retained_full_candidates=0;stream_retained_full_proofs=0;stream_full_action_heavy_copy=0;stream_complete=1;stream_fde_preproof_selected_action=0;stream_fde_preproof_status=NO_VALID_CANDIDATE;stream_main_arena_action_full_proofs=0;stream_action_proof_retention=NORMAL_TWO_PASS_O_B_PLUS_ONE;stream_winner_recompute=0;stream_winner_recompute_test_seam=0"
uwb-imu-pl/gate-d-diagnostics/v16,14,700000000,14,14,14,1,1,14,700000000,"fde_decision","EXECUTED",11.192030000000001,""
uwb-imu-pl/gate-d-diagnostics/v16,14,700000000,14,14,14,1,1,14,700000000,"candidate_audit","EXECUTED",0.037310999999999997,"ACTION_REJECTION_FUNNEL_V2:1=REJECT_PL"
uwb-imu-pl/gate-d-diagnostics/v16,14,700000000,14,14,14,1,1,14,700000000,"commit","EXECUTED",1.69163,""
uwb-imu-pl/gate-d-diagnostics/v16,14,700000000,14,14,14,1,1,14,700000000,"state_audit","EXECUTED",0.00042000000000000002,""
uwb-imu-pl/gate-d-diagnostics/v16,14,700000000,14,14,14,1,1,14,700000000,"finalize_commit_audit","EXECUTED",11.390551,"excludes separately timed commit/discard/state audit"
uwb-imu-pl/gate-d-diagnostics/v16,14,700000000,14,14,14,1,1,14,700000000,"discard","SKIPPED",,"upstream gate did not reach stage"
uwb-imu-pl/gate-d-diagnostics/v16,14,700000000,14,14,14,1,1,14,700000000,"core_total","EXECUTED",1043.0396410000001,""
uwb-imu-pl/gate-d-diagnostics/v16,15,750000000,15,15,15,1,1,15,750000000,"prepare","EXECUTED",1.288675,""
uwb-imu-pl/gate-d-diagnostics/v16,15,750000000,15,15,15,1,1,15,750000000,"integrity_window","EXECUTED",38.822870999999999,""
uwb-imu-pl/gate-d-diagnostics/v16,15,750000000,15,15,15,1,1,15,750000000,"window_boundary_provenance","EXECUTED",24.466930999999999,""
uwb-imu-pl/gate-d-diagnostics/v16,15,750000000,15,15,15,1,1,15,750000000,"window_factor_linearization_whitening","EXECUTED",1.1933450000000001,""
uwb-imu-pl/gate-d-diagnostics/v16,15,750000000,15,15,15,1,1,15,750000000,"window_dense_assembly","EXECUTED",0.139045,""
uwb-imu-pl/gate-d-diagnostics/v16,15,750000000,15,15,15,1,1,15,750000000,"window_svd","EXECUTED",8.217727,""
uwb-imu-pl/gate-d-diagnostics/v16,15,750000000,15,15,15,1,1,15,750000000,"window_normal_equations","EXECUTED",0.28763699999999998,""
uwb-imu-pl/gate-d-diagnostics/v16,15,750000000,15,15,15,1,1,15,750000000,"window_llt_state_solves","EXECUTED",0.10523200000000001,""
uwb-imu-pl/gate-d-diagnostics/v16,15,750000000,15,15,15,1,1,15,750000000,"window_fingerprint","EXECUTED",3.2240540000000002,""
uwb-imu-pl/gate-d-diagnostics/v16,15,750000000,15,15,15,1,1,15,750000000,"all_in_detector","EXECUTED",0.10639899999999999,""
uwb-imu-pl/gate-d-diagnostics/v16,15,750000000,15,15,15,1,1,15,750000000,"current_sensitivity","EXECUTED",0.41275800000000001,""
uwb-imu-pl/gate-d-diagnostics/v16,15,750000000,15,15,15,1,1,15,750000000,"model_generation","EXECUTED",150.03168599999998,""
uwb-imu-pl/gate-d-diagnostics/v16,15,750000000,15,15,15,1,1,15,750000000,"historical_sensitivity","EXECUTED",0.12515299999999999,""
uwb-imu-pl/gate-d-diagnostics/v16,15,750000000,15,15,15,1,1,15,750000000,"hypothesis_evidence","EXECUTED",760.20917499999996,"effective_dimensions=1:332,2:20944,3:9408,other:0;context_bytes=5155232;worker_blocks=4"
uwb-imu-pl/gate-d-diagnostics/v16,15,750000000,15,15,15,1,1,15,750000000,"health_actions","EXECUTED",6.1518920000000001,""
uwb-imu-pl/gate-d-diagnostics/v16,15,750000000,15,15,15,1,1,15,750000000,"hypothesis_audit","SKIPPED",,"disabled by output.write_hypothesis_evidence"
uwb-imu-pl/gate-d-diagnostics/v16,15,750000000,15,15,15,1,1,15,750000000,"base_factorization","EXECUTED",0.22137000000000001,""
uwb-imu-pl/gate-d-diagnostics/v16,15,750000000,15,15,15,1,1,15,750000000,"shared_cache","EXECUTED",0.001653,""
uwb-imu-pl/gate-d-diagnostics/v16,15,750000000,15,15,15,1,1,15,750000000,"candidate_evaluation","EXECUTED",247.839033,"rank=1;dense=0;stream_protocol=2;stream_batches=1;stream_batch_capacity=1;stream_peak_batch_actions=1;stream_peak_resident_evaluated_actions=1;stream_peak_batch_full_proofs=0;stream_retained_full_candidates=0;stream_retained_full_proofs=0;stream_full_action_heavy_copy=0;stream_complete=1;stream_fde_preproof_selected_action=0;stream_fde_preproof_status=NO_VALID_CANDIDATE;stream_main_arena_action_full_proofs=0;stream_action_proof_retention=NORMAL_TWO_PASS_O_B_PLUS_ONE;stream_winner_recompute=0;stream_winner_recompute_test_seam=0"
uwb-imu-pl/gate-d-diagnostics/v16,15,750000000,15,15,15,1,1,15,750000000,"fde_decision","EXECUTED",12.827572,""
uwb-imu-pl/gate-d-diagnostics/v16,15,750000000,15,15,15,1,1,15,750000000,"candidate_audit","EXECUTED",0.036198000000000001,"ACTION_REJECTION_FUNNEL_V2:1=REJECT_PL"
uwb-imu-pl/gate-d-diagnostics/v16,15,750000000,15,15,15,1,1,15,750000000,"commit","EXECUTED",1.3709910000000001,""
uwb-imu-pl/gate-d-diagnostics/v16,15,750000000,15,15,15,1,1,15,750000000,"state_audit","EXECUTED",0.00039599999999999998,""
uwb-imu-pl/gate-d-diagnostics/v16,15,750000000,15,15,15,1,1,15,750000000,"finalize_commit_audit","EXECUTED",15.100795,"excludes separately timed commit/discard/state audit"
uwb-imu-pl/gate-d-diagnostics/v16,15,750000000,15,15,15,1,1,15,750000000,"discard","SKIPPED",,"upstream gate did not reach stage"
uwb-imu-pl/gate-d-diagnostics/v16,15,750000000,15,15,15,1,1,15,750000000,"core_total","EXECUTED",1235.0268450000001,""
uwb-imu-pl/gate-d-diagnostics/v16,16,800000000,16,16,16,1,1,16,800000000,"prepare","EXECUTED",1.315188,""
uwb-imu-pl/gate-d-diagnostics/v16,16,800000000,16,16,16,1,1,16,800000000,"integrity_window","EXECUTED",57.909247999999998,""
uwb-imu-pl/gate-d-diagnostics/v16,16,800000000,16,16,16,1,1,16,800000000,"window_boundary_provenance","EXECUTED",44.580109,""
uwb-imu-pl/gate-d-diagnostics/v16,16,800000000,16,16,16,1,1,16,800000000,"window_factor_linearization_whitening","EXECUTED",0.77885499999999996,""
uwb-imu-pl/gate-d-diagnostics/v16,16,800000000,16,16,16,1,1,16,800000000,"window_dense_assembly","EXECUTED",0.079390000000000002,""
uwb-imu-pl/gate-d-diagnostics/v16,16,800000000,16,16,16,1,1,16,800000000,"window_svd","EXECUTED",7.5671379999999999,""
uwb-imu-pl/gate-d-diagnostics/v16,16,800000000,16,16,16,1,1,16,800000000,"window_normal_equations","EXECUTED",0.29928700000000003,""
uwb-imu-pl/gate-d-diagnostics/v16,16,800000000,16,16,16,1,1,16,800000000,"window_llt_state_solves","EXECUTED",0.115576,""
uwb-imu-pl/gate-d-diagnostics/v16,16,800000000,16,16,16,1,1,16,800000000,"window_fingerprint","EXECUTED",3.320789,""
uwb-imu-pl/gate-d-diagnostics/v16,16,800000000,16,16,16,1,1,16,800000000,"all_in_detector","EXECUTED",0.098154000000000005,""
uwb-imu-pl/gate-d-diagnostics/v16,16,800000000,16,16,16,1,1,16,800000000,"current_sensitivity","EXECUTED",0.31463999999999998,""
uwb-imu-pl/gate-d-diagnostics/v16,16,800000000,16,16,16,1,1,16,800000000,"model_generation","EXECUTED",164.29015699999999,""
uwb-imu-pl/gate-d-diagnostics/v16,16,800000000,16,16,16,1,1,16,800000000,"historical_sensitivity","EXECUTED",0.13734000000000002,""
uwb-imu-pl/gate-d-diagnostics/v16,16,800000000,16,16,16,1,1,16,800000000,"hypothesis_evidence","EXECUTED",909.26111500000002,"effective_dimensions=1:354,2:23880,3:10800,other:0;context_bytes=5886032;worker_blocks=4"
uwb-imu-pl/gate-d-diagnostics/v16,16,800000000,16,16,16,1,1,16,800000000,"health_actions","EXECUTED",8.2664629999999999,""
uwb-imu-pl/gate-d-diagnostics/v16,16,800000000,16,16,16,1,1,16,800000000,"hypothesis_audit","SKIPPED",,"disabled by output.write_hypothesis_evidence"
uwb-imu-pl/gate-d-diagnostics/v16,16,800000000,16,16,16,1,1,16,800000000,"base_factorization","EXECUTED",0.27704699999999999,""
uwb-imu-pl/gate-d-diagnostics/v16,16,800000000,16,16,16,1,1,16,800000000,"shared_cache","EXECUTED",0.002581,""
uwb-imu-pl/gate-d-diagnostics/v16,16,800000000,16,16,16,1,1,16,800000000,"candidate_evaluation","EXECUTED",285.33563400000003,"rank=1;dense=0;stream_protocol=2;stream_batches=1;stream_batch_capacity=1;stream_peak_batch_actions=1;stream_peak_resident_evaluated_actions=1;stream_peak_batch_full_proofs=0;stream_retained_full_candidates=0;stream_retained_full_proofs=0;stream_full_action_heavy_copy=0;stream_complete=1;stream_fde_preproof_selected_action=0;stream_fde_preproof_status=NO_VALID_CANDIDATE;stream_main_arena_action_full_proofs=0;stream_action_proof_retention=NORMAL_TWO_PASS_O_B_PLUS_ONE;stream_winner_recompute=0;stream_winner_recompute_test_seam=0"
uwb-imu-pl/gate-d-diagnostics/v16,16,800000000,16,16,16,1,1,16,800000000,"fde_decision","EXECUTED",13.751310999999999,""
uwb-imu-pl/gate-d-diagnostics/v16,16,800000000,16,16,16,1,1,16,800000000,"candidate_audit","EXECUTED",0.034764000000000003,"ACTION_REJECTION_FUNNEL_V2:1=REJECT_PL"
uwb-imu-pl/gate-d-diagnostics/v16,16,800000000,16,16,16,1,1,16,800000000,"commit","EXECUTED",1.982893,""
uwb-imu-pl/gate-d-diagnostics/v16,16,800000000,16,16,16,1,1,16,800000000,"state_audit","EXECUTED",0.00038000000000000002,""
uwb-imu-pl/gate-d-diagnostics/v16,16,800000000,16,16,16,1,1,16,800000000,"finalize_commit_audit","EXECUTED",21.517561999999998,"excludes separately timed commit/discard/state audit"
uwb-imu-pl/gate-d-diagnostics/v16,16,800000000,16,16,16,1,1,16,800000000,"discard","SKIPPED",,"upstream gate did not reach stage"
uwb-imu-pl/gate-d-diagnostics/v16,16,800000000,16,16,16,1,1,16,800000000,"core_total","EXECUTED",1464.979104,""
uwb-imu-pl/gate-d-diagnostics/v16,17,850000000,17,17,17,1,1,17,850000000,"prepare","EXECUTED",2.649499,""
uwb-imu-pl/gate-d-diagnostics/v16,17,850000000,17,17,17,1,1,17,850000000,"integrity_window","EXECUTED",100.62483,""
uwb-imu-pl/gate-d-diagnostics/v16,17,850000000,17,17,17,1,1,17,850000000,"window_boundary_provenance","EXECUTED",86.995188999999996,""
uwb-imu-pl/gate-d-diagnostics/v16,17,850000000,17,17,17,1,1,17,850000000,"window_factor_linearization_whitening","EXECUTED",0.83260500000000004,""
uwb-imu-pl/gate-d-diagnostics/v16,17,850000000,17,17,17,1,1,17,850000000,"window_dense_assembly","EXECUTED",0.084106,""
uwb-imu-pl/gate-d-diagnostics/v16,17,850000000,17,17,17,1,1,17,850000000,"window_svd","EXECUTED",7.5554819999999996,""
uwb-imu-pl/gate-d-diagnostics/v16,17,850000000,17,17,17,1,1,17,850000000,"window_normal_equations","EXECUTED",0.297207,""
uwb-imu-pl/gate-d-diagnostics/v16,17,850000000,17,17,17,1,1,17,850000000,"window_llt_state_solves","EXECUTED",0.102212,""
uwb-imu-pl/gate-d-diagnostics/v16,17,850000000,17,17,17,1,1,17,850000000,"window_fingerprint","EXECUTED",3.5482,""
uwb-imu-pl/gate-d-diagnostics/v16,17,850000000,17,17,17,1,1,17,850000000,"all_in_detector","EXECUTED",0.13464200000000001,""
uwb-imu-pl/gate-d-diagnostics/v16,17,850000000,17,17,17,1,1,17,850000000,"current_sensitivity","EXECUTED",0.46655200000000002,""
uwb-imu-pl/gate-d-diagnostics/v16,17,850000000,17,17,17,1,1,17,850000000,"model_generation","EXECUTED",192.30373699999998,""
uwb-imu-pl/gate-d-diagnostics/v16,17,850000000,17,17,17,1,1,17,850000000,"historical_sensitivity","EXECUTED",0.119258,""
uwb-imu-pl/gate-d-diagnostics/v16,17,850000000,17,17,17,1,1,17,850000000,"hypothesis_evidence","EXECUTED",1087.7131879999999,"effective_dimensions=1:376,2:27008,3:12288,other:0;context_bytes=6665216;worker_blocks=4"
uwb-imu-pl/gate-d-diagnostics/v16,17,850000000,17,17,17,1,1,17,850000000,"health_actions","EXECUTED",9.7482279999999992,""
uwb-imu-pl/gate-d-diagnostics/v16,17,850000000,17,17,17,1,1,17,850000000,"hypothesis_audit","SKIPPED",,"disabled by output.write_hypothesis_evidence"
uwb-imu-pl/gate-d-diagnostics/v16,17,850000000,17,17,17,1,1,17,850000000,"base_factorization","EXECUTED",0.23064699999999999,""
uwb-imu-pl/gate-d-diagnostics/v16,17,850000000,17,17,17,1,1,17,850000000,"shared_cache","EXECUTED",0.0019719999999999998,""
uwb-imu-pl/gate-d-diagnostics/v16,17,850000000,17,17,17,1,1,17,850000000,"candidate_evaluation","EXECUTED",310.95764700000001,"rank=1;dense=0;stream_protocol=2;stream_batches=1;stream_batch_capacity=1;stream_peak_batch_actions=1;stream_peak_resident_evaluated_actions=1;stream_peak_batch_full_proofs=0;stream_retained_full_candidates=0;stream_retained_full_proofs=0;stream_full_action_heavy_copy=0;stream_complete=1;stream_fde_preproof_selected_action=0;stream_fde_preproof_status=NO_VALID_CANDIDATE;stream_main_arena_action_full_proofs=0;stream_action_proof_retention=NORMAL_TWO_PASS_O_B_PLUS_ONE;stream_winner_recompute=0;stream_winner_recompute_test_seam=0"
uwb-imu-pl/gate-d-diagnostics/v16,17,850000000,17,17,17,1,1,17,850000000,"fde_decision","EXECUTED",18.172877,""
uwb-imu-pl/gate-d-diagnostics/v16,17,850000000,17,17,17,1,1,17,850000000,"candidate_audit","EXECUTED",0.042673999999999997,"ACTION_REJECTION_FUNNEL_V2:1=REJECT_PL"
uwb-imu-pl/gate-d-diagnostics/v16,17,850000000,17,17,17,1,1,17,850000000,"commit","EXECUTED",2.071793,""
uwb-imu-pl/gate-d-diagnostics/v16,17,850000000,17,17,17,1,1,17,850000000,"state_audit","EXECUTED",0.00037800000000000003,""
uwb-imu-pl/gate-d-diagnostics/v16,17,850000000,17,17,17,1,1,17,850000000,"finalize_commit_audit","EXECUTED",27.871019999999998,"excludes separately timed commit/discard/state audit"
uwb-imu-pl/gate-d-diagnostics/v16,17,850000000,17,17,17,1,1,17,850000000,"discard","SKIPPED",,"upstream gate did not reach stage"
uwb-imu-pl/gate-d-diagnostics/v16,17,850000000,17,17,17,1,1,17,850000000,"core_total","EXECUTED",1753.8958419999999,""
uwb-imu-pl/gate-d-diagnostics/v16,18,900000000,18,18,18,1,1,18,900000000,"prepare","EXECUTED",1.8936809999999999,""
uwb-imu-pl/gate-d-diagnostics/v16,18,900000000,18,18,18,1,1,18,900000000,"integrity_window","EXECUTED",159.838382,""
uwb-imu-pl/gate-d-diagnostics/v16,18,900000000,18,18,18,1,1,18,900000000,"window_boundary_provenance","EXECUTED",145.84666200000001,""
uwb-imu-pl/gate-d-diagnostics/v16,18,900000000,18,18,18,1,1,18,900000000,"window_factor_linearization_whitening","EXECUTED",0.83714500000000003,""
uwb-imu-pl/gate-d-diagnostics/v16,18,900000000,18,18,18,1,1,18,900000000,"window_dense_assembly","EXECUTED",0.058918999999999999,""
uwb-imu-pl/gate-d-diagnostics/v16,18,900000000,18,18,18,1,1,18,900000000,"window_svd","EXECUTED",7.8930319999999998,""
uwb-imu-pl/gate-d-diagnostics/v16,18,900000000,18,18,18,1,1,18,900000000,"window_normal_equations","EXECUTED",0.35800300000000002,""
uwb-imu-pl/gate-d-diagnostics/v16,18,900000000,18,18,18,1,1,18,900000000,"window_llt_state_solves","EXECUTED",0.107802,""
uwb-imu-pl/gate-d-diagnostics/v16,18,900000000,18,18,18,1,1,18,900000000,"window_fingerprint","EXECUTED",3.5188869999999999,""
uwb-imu-pl/gate-d-diagnostics/v16,18,900000000,18,18,18,1,1,18,900000000,"all_in_detector","EXECUTED",0.13941000000000001,""
uwb-imu-pl/gate-d-diagnostics/v16,18,900000000,18,18,18,1,1,18,900000000,"current_sensitivity","EXECUTED",0.411493,""
uwb-imu-pl/gate-d-diagnostics/v16,18,900000000,18,18,18,1,1,18,900000000,"model_generation","EXECUTED",235.283784,""
uwb-imu-pl/gate-d-diagnostics/v16,18,900000000,18,18,18,1,1,18,900000000,"historical_sensitivity","EXECUTED",0.21349600000000002,""
uwb-imu-pl/gate-d-diagnostics/v16,18,900000000,18,18,18,1,1,18,900000000,"hypothesis_evidence","EXECUTED",1254.0545030000001,"effective_dimensions=1:398,2:30328,3:13872,other:0;context_bytes=7492784;worker_blocks=4"
uwb-imu-pl/gate-d-diagnostics/v16,18,900000000,18,18,18,1,1,18,900000000,"health_actions","EXECUTED",11.003095999999999,""
uwb-imu-pl/gate-d-diagnostics/v16,18,900000000,18,18,18,1,1,18,900000000,"hypothesis_audit","SKIPPED",,"disabled by output.write_hypothesis_evidence"
uwb-imu-pl/gate-d-diagnostics/v16,18,900000000,18,18,18,1,1,18,900000000,"base_factorization","EXECUTED",0.27306799999999998,""
uwb-imu-pl/gate-d-diagnostics/v16,18,900000000,18,18,18,1,1,18,900000000,"shared_cache","EXECUTED",0.0026679999999999998,""
uwb-imu-pl/gate-d-diagnostics/v16,18,900000000,18,18,18,1,1,18,900000000,"candidate_evaluation","EXECUTED",350.17765300000002,"rank=1;dense=0;stream_protocol=2;stream_batches=1;stream_batch_capacity=1;stream_peak_batch_actions=1;stream_peak_resident_evaluated_actions=1;stream_peak_batch_full_proofs=0;stream_retained_full_candidates=0;stream_retained_full_proofs=0;stream_full_action_heavy_copy=0;stream_complete=1;stream_fde_preproof_selected_action=0;stream_fde_preproof_status=NO_VALID_CANDIDATE;stream_main_arena_action_full_proofs=0;stream_action_proof_retention=NORMAL_TWO_PASS_O_B_PLUS_ONE;stream_winner_recompute=0;stream_winner_recompute_test_seam=0"
uwb-imu-pl/gate-d-diagnostics/v16,18,900000000,18,18,18,1,1,18,900000000,"fde_decision","EXECUTED",20.082239000000001,""
uwb-imu-pl/gate-d-diagnostics/v16,18,900000000,18,18,18,1,1,18,900000000,"candidate_audit","EXECUTED",0.040330999999999999,"ACTION_REJECTION_FUNNEL_V2:1=REJECT_PL"
uwb-imu-pl/gate-d-diagnostics/v16,18,900000000,18,18,18,1,1,18,900000000,"commit","EXECUTED",1.7330680000000001,""
uwb-imu-pl/gate-d-diagnostics/v16,18,900000000,18,18,18,1,1,18,900000000,"state_audit","EXECUTED",0.000368,""
uwb-imu-pl/gate-d-diagnostics/v16,18,900000000,18,18,18,1,1,18,900000000,"finalize_commit_audit","EXECUTED",22.184954999999999,"excludes separately timed commit/discard/state audit"
uwb-imu-pl/gate-d-diagnostics/v16,18,900000000,18,18,18,1,1,18,900000000,"discard","SKIPPED",,"upstream gate did not reach stage"
uwb-imu-pl/gate-d-diagnostics/v16,18,900000000,18,18,18,1,1,18,900000000,"core_total","EXECUTED",2057.9415239999998,""
uwb-imu-pl/gate-d-diagnostics/v16,19,950000000,19,19,19,1,1,19,950000000,"prepare","EXECUTED",2.3467449999999999,""
uwb-imu-pl/gate-d-diagnostics/v16,19,950000000,19,19,19,1,1,19,950000000,"integrity_window","EXECUTED",300.27654200000001,""
uwb-imu-pl/gate-d-diagnostics/v16,19,950000000,19,19,19,1,1,19,950000000,"window_boundary_provenance","EXECUTED",285.724942,""
uwb-imu-pl/gate-d-diagnostics/v16,19,950000000,19,19,19,1,1,19,950000000,"window_factor_linearization_whitening","EXECUTED",0.98447200000000001,""
uwb-imu-pl/gate-d-diagnostics/v16,19,950000000,19,19,19,1,1,19,950000000,"window_dense_assembly","EXECUTED",0.103966,""
uwb-imu-pl/gate-d-diagnostics/v16,19,950000000,19,19,19,1,1,19,950000000,"window_svd","EXECUTED",7.9055790000000004,""
uwb-imu-pl/gate-d-diagnostics/v16,19,950000000,19,19,19,1,1,19,950000000,"window_normal_equations","EXECUTED",0.35497000000000001,""
uwb-imu-pl/gate-d-diagnostics/v16,19,950000000,19,19,19,1,1,19,950000000,"window_llt_state_solves","EXECUTED",0.113805,""
uwb-imu-pl/gate-d-diagnostics/v16,19,950000000,19,19,19,1,1,19,950000000,"window_fingerprint","EXECUTED",3.7023450000000002,""
uwb-imu-pl/gate-d-diagnostics/v16,19,950000000,19,19,19,1,1,19,950000000,"all_in_detector","EXECUTED",0.22939699999999999,""
uwb-imu-pl/gate-d-diagnostics/v16,19,950000000,19,19,19,1,1,19,950000000,"current_sensitivity","EXECUTED",0.53657500000000002,""
uwb-imu-pl/gate-d-diagnostics/v16,19,950000000,19,19,19,1,1,19,950000000,"model_generation","EXECUTED",247.50448299999999,""
uwb-imu-pl/gate-d-diagnostics/v16,19,950000000,19,19,19,1,1,19,950000000,"historical_sensitivity","EXECUTED",0.11415499999999999,""
uwb-imu-pl/gate-d-diagnostics/v16,19,950000000,19,19,19,1,1,19,950000000,"hypothesis_evidence","EXECUTED",1430.799049,"effective_dimensions=1:420,2:33840,3:15552,other:0;context_bytes=8368736;worker_blocks=4"
uwb-imu-pl/gate-d-diagnostics/v16,19,950000000,19,19,19,1,1,19,950000000,"health_actions","EXECUTED",14.355191,""
uwb-imu-pl/gate-d-diagnostics/v16,19,950000000,19,19,19,1,1,19,950000000,"hypothesis_audit","SKIPPED",,"disabled by output.write_hypothesis_evidence"
uwb-imu-pl/gate-d-diagnostics/v16,19,950000000,19,19,19,1,1,19,950000000,"base_factorization","EXECUTED",0.24497099999999999,""
uwb-imu-pl/gate-d-diagnostics/v16,19,950000000,19,19,19,1,1,19,950000000,"shared_cache","EXECUTED",0.0021220000000000002,""
uwb-imu-pl/gate-d-diagnostics/v16,19,950000000,19,19,19,1,1,19,950000000,"candidate_evaluation","EXECUTED",391.135989,"rank=1;dense=0;stream_protocol=2;stream_batches=1;stream_batch_capacity=1;stream_peak_batch_actions=1;stream_peak_resident_evaluated_actions=1;stream_peak_batch_full_proofs=0;stream_retained_full_candidates=0;stream_retained_full_proofs=0;stream_full_action_heavy_copy=0;stream_complete=1;stream_fde_preproof_selected_action=0;stream_fde_preproof_status=NO_VALID_CANDIDATE;stream_main_arena_action_full_proofs=0;stream_action_proof_retention=NORMAL_TWO_PASS_O_B_PLUS_ONE;stream_winner_recompute=0;stream_winner_recompute_test_seam=0"
uwb-imu-pl/gate-d-diagnostics/v16,19,950000000,19,19,19,1,1,19,950000000,"fde_decision","EXECUTED",20.744337000000002,""
uwb-imu-pl/gate-d-diagnostics/v16,19,950000000,19,19,19,1,1,19,950000000,"candidate_audit","EXECUTED",0.037026000000000003,"ACTION_REJECTION_FUNNEL_V2:1=REJECT_PL"
uwb-imu-pl/gate-d-diagnostics/v16,19,950000000,19,19,19,1,1,19,950000000,"commit","EXECUTED",1.7721549999999999,""
uwb-imu-pl/gate-d-diagnostics/v16,19,950000000,19,19,19,1,1,19,950000000,"state_audit","EXECUTED",0.00037800000000000003,""
uwb-imu-pl/gate-d-diagnostics/v16,19,950000000,19,19,19,1,1,19,950000000,"finalize_commit_audit","EXECUTED",25.080643000000002,"excludes separately timed commit/discard/state audit"
uwb-imu-pl/gate-d-diagnostics/v16,19,950000000,19,19,19,1,1,19,950000000,"discard","SKIPPED",,"upstream gate did not reach stage"
uwb-imu-pl/gate-d-diagnostics/v16,19,950000000,19,19,19,1,1,19,950000000,"core_total","EXECUTED",2435.760252,""
uwb-imu-pl/gate-d-diagnostics/v16,20,1000000000,20,20,20,1,1,20,1000000000,"prepare","EXECUTED",2.584473,""
uwb-imu-pl/gate-d-diagnostics/v16,20,1000000000,20,20,20,1,1,20,1000000000,"integrity_window","EXECUTED",388.40104100000002,""
uwb-imu-pl/gate-d-diagnostics/v16,20,1000000000,20,20,20,1,1,20,1000000000,"window_boundary_provenance","EXECUTED",374.07825700000001,""
uwb-imu-pl/gate-d-diagnostics/v16,20,1000000000,20,20,20,1,1,20,1000000000,"window_factor_linearization_whitening","EXECUTED",0.91374299999999997,""
uwb-imu-pl/gate-d-diagnostics/v16,20,1000000000,20,20,20,1,1,20,1000000000,"window_dense_assembly","EXECUTED",0.112274,""
uwb-imu-pl/gate-d-diagnostics/v16,20,1000000000,20,20,20,1,1,20,1000000000,"window_svd","EXECUTED",7.7846679999999999,""
uwb-imu-pl/gate-d-diagnostics/v16,20,1000000000,20,20,20,1,1,20,1000000000,"window_normal_equations","EXECUTED",0.33935799999999999,""
uwb-imu-pl/gate-d-diagnostics/v16,20,1000000000,20,20,20,1,1,20,1000000000,"window_llt_state_solves","EXECUTED",0.10413699999999999,""
uwb-imu-pl/gate-d-diagnostics/v16,20,1000000000,20,20,20,1,1,20,1000000000,"window_fingerprint","EXECUTED",3.7245889999999999,""
uwb-imu-pl/gate-d-diagnostics/v16,20,1000000000,20,20,20,1,1,20,1000000000,"all_in_detector","EXECUTED",0.25895800000000002,""
uwb-imu-pl/gate-d-diagnostics/v16,20,1000000000,20,20,20,1,1,20,1000000000,"current_sensitivity","EXECUTED",0.51494499999999999,""
uwb-imu-pl/gate-d-diagnostics/v16,20,1000000000,20,20,20,1,1,20,1000000000,"model_generation","EXECUTED",277.60251,""
uwb-imu-pl/gate-d-diagnostics/v16,20,1000000000,20,20,20,1,1,20,1000000000,"historical_sensitivity","EXECUTED",0.16659200000000002,""
uwb-imu-pl/gate-d-diagnostics/v16,20,1000000000,20,20,20,1,1,20,1000000000,"hypothesis_evidence","EXECUTED",1646.856691,"effective_dimensions=1:442,2:37544,3:17328,other:0;context_bytes=9293072;worker_blocks=4"
uwb-imu-pl/gate-d-diagnostics/v16,20,1000000000,20,20,20,1,1,20,1000000000,"health_actions","EXECUTED",15.169230000000001,""
uwb-imu-pl/gate-d-diagnostics/v16,20,1000000000,20,20,20,1,1,20,1000000000,"hypothesis_audit","SKIPPED",,"disabled by output.write_hypothesis_evidence"
uwb-imu-pl/gate-d-diagnostics/v16,20,1000000000,20,20,20,1,1,20,1000000000,"base_factorization","EXECUTED",0.27537899999999998,""
uwb-imu-pl/gate-d-diagnostics/v16,20,1000000000,20,20,20,1,1,20,1000000000,"shared_cache","EXECUTED",0.0027230000000000002,""
uwb-imu-pl/gate-d-diagnostics/v16,20,1000000000,20,20,20,1,1,20,1000000000,"candidate_evaluation","EXECUTED",412.93175200000002,"rank=1;dense=0;stream_protocol=2;stream_batches=1;stream_batch_capacity=1;stream_peak_batch_actions=1;stream_peak_resident_evaluated_actions=1;stream_peak_batch_full_proofs=0;stream_retained_full_candidates=0;stream_retained_full_proofs=0;stream_full_action_heavy_copy=0;stream_complete=1;stream_fde_preproof_selected_action=0;stream_fde_preproof_status=NO_VALID_CANDIDATE;stream_main_arena_action_full_proofs=0;stream_action_proof_retention=NORMAL_TWO_PASS_O_B_PLUS_ONE;stream_winner_recompute=0;stream_winner_recompute_test_seam=0"
uwb-imu-pl/gate-d-diagnostics/v16,20,1000000000,20,20,20,1,1,20,1000000000,"fde_decision","EXECUTED",27.261292999999998,""
uwb-imu-pl/gate-d-diagnostics/v16,20,1000000000,20,20,20,1,1,20,1000000000,"candidate_audit","EXECUTED",0.040112000000000002,"ACTION_REJECTION_FUNNEL_V2:1=REJECT_PL"
uwb-imu-pl/gate-d-diagnostics/v16,20,1000000000,20,20,20,1,1,20,1000000000,"commit","EXECUTED",2.1175519999999999,""
uwb-imu-pl/gate-d-diagnostics/v16,20,1000000000,20,20,20,1,1,20,1000000000,"state_audit","EXECUTED",0.00042400000000000001,""
uwb-imu-pl/gate-d-diagnostics/v16,20,1000000000,20,20,20,1,1,20,1000000000,"finalize_commit_audit","EXECUTED",32.522517000000001,"excludes separately timed commit/discard/state audit"
uwb-imu-pl/gate-d-diagnostics/v16,20,1000000000,20,20,20,1,1,20,1000000000,"discard","SKIPPED",,"upstream gate did not reach stage"
uwb-imu-pl/gate-d-diagnostics/v16,20,1000000000,20,20,20,1,1,20,1000000000,"core_total","EXECUTED",2807.3761850000001,""
uwb-imu-pl/gate-d-diagnostics/v16,21,1050000000,21,21,21,1,1,21,1050000000,"prepare","EXECUTED",3.2218559999999998,""
uwb-imu-pl/gate-d-diagnostics/v16,21,1050000000,21,21,21,1,1,21,1050000000,"integrity_window","EXECUTED",544.86188400000003,""
uwb-imu-pl/gate-d-diagnostics/v16,21,1050000000,21,21,21,1,1,21,1050000000,"window_boundary_provenance","EXECUTED",529.11458000000005,""
uwb-imu-pl/gate-d-diagnostics/v16,21,1050000000,21,21,21,1,1,21,1050000000,"window_factor_linearization_whitening","EXECUTED",1.246051,""
uwb-imu-pl/gate-d-diagnostics/v16,21,1050000000,21,21,21,1,1,21,1050000000,"window_dense_assembly","EXECUTED",0.13974400000000001,""
uwb-imu-pl/gate-d-diagnostics/v16,21,1050000000,21,21,21,1,1,21,1050000000,"window_svd","EXECUTED",8.3239020000000004,""
uwb-imu-pl/gate-d-diagnostics/v16,21,1050000000,21,21,21,1,1,21,1050000000,"window_normal_equations","EXECUTED",0.367676,""
uwb-imu-pl/gate-d-diagnostics/v16,21,1050000000,21,21,21,1,1,21,1050000000,"window_llt_state_solves","EXECUTED",0.112345,""
uwb-imu-pl/gate-d-diagnostics/v16,21,1050000000,21,21,21,1,1,21,1050000000,"window_fingerprint","EXECUTED",4.2084760000000001,""
uwb-imu-pl/gate-d-diagnostics/v16,21,1050000000,21,21,21,1,1,21,1050000000,"all_in_detector","EXECUTED",0.31046200000000002,""
uwb-imu-pl/gate-d-diagnostics/v16,21,1050000000,21,21,21,1,1,21,1050000000,"current_sensitivity","EXECUTED",0.65236799999999995,""
uwb-imu-pl/gate-d-diagnostics/v16,21,1050000000,21,21,21,1,1,21,1050000000,"model_generation","EXECUTED",310.560698,""
uwb-imu-pl/gate-d-diagnostics/v16,21,1050000000,21,21,21,1,1,21,1050000000,"historical_sensitivity","EXECUTED",0.12935199999999999,""
uwb-imu-pl/gate-d-diagnostics/v16,21,1050000000,21,21,21,1,1,21,1050000000,"hypothesis_evidence","EXECUTED",1906.961695,"effective_dimensions=1:464,2:41440,3:19200,other:0;context_bytes=10265792;worker_blocks=4"
uwb-imu-pl/gate-d-diagnostics/v16,21,1050000000,21,21,21,1,1,21,1050000000,"health_actions","EXECUTED",18.064737000000001,""
uwb-imu-pl/gate-d-diagnostics/v16,21,1050000000,21,21,21,1,1,21,1050000000,"hypothesis_audit","SKIPPED",,"disabled by output.write_hypothesis_evidence"
uwb-imu-pl/gate-d-diagnostics/v16,21,1050000000,21,21,21,1,1,21,1050000000,"base_factorization","EXECUTED",0.271254,""
uwb-imu-pl/gate-d-diagnostics/v16,21,1050000000,21,21,21,1,1,21,1050000000,"shared_cache","EXECUTED",0.0021979999999999999,""
uwb-imu-pl/gate-d-diagnostics/v16,21,1050000000,21,21,21,1,1,21,1050000000,"candidate_evaluation","EXECUTED",456.26548500000001,"rank=1;dense=0;stream_protocol=2;stream_batches=1;stream_batch_capacity=1;stream_peak_batch_actions=1;stream_peak_resident_evaluated_actions=1;stream_peak_batch_full_proofs=0;stream_retained_full_candidates=0;stream_retained_full_proofs=0;stream_full_action_heavy_copy=0;stream_complete=1;stream_fde_preproof_selected_action=0;stream_fde_preproof_status=NO_VALID_CANDIDATE;stream_main_arena_action_full_proofs=0;stream_action_proof_retention=NORMAL_TWO_PASS_O_B_PLUS_ONE;stream_winner_recompute=0;stream_winner_recompute_test_seam=0"
uwb-imu-pl/gate-d-diagnostics/v16,21,1050000000,21,21,21,1,1,21,1050000000,"fde_decision","EXECUTED",28.04513,""
uwb-imu-pl/gate-d-diagnostics/v16,21,1050000000,21,21,21,1,1,21,1050000000,"candidate_audit","EXECUTED",0.039683000000000003,"ACTION_REJECTION_FUNNEL_V2:1=REJECT_PL"
uwb-imu-pl/gate-d-diagnostics/v16,21,1050000000,21,21,21,1,1,21,1050000000,"commit","EXECUTED",2.0592419999999998,""
uwb-imu-pl/gate-d-diagnostics/v16,21,1050000000,21,21,21,1,1,21,1050000000,"state_audit","EXECUTED",0.00038000000000000002,""
uwb-imu-pl/gate-d-diagnostics/v16,21,1050000000,21,21,21,1,1,21,1050000000,"finalize_commit_audit","EXECUTED",31.201212000000002,"excludes separately timed commit/discard/state audit"
uwb-imu-pl/gate-d-diagnostics/v16,21,1050000000,21,21,21,1,1,21,1050000000,"discard","SKIPPED",,"upstream gate did not reach stage"
uwb-imu-pl/gate-d-diagnostics/v16,21,1050000000,21,21,21,1,1,21,1050000000,"core_total","EXECUTED",3303.3812010000001,""
uwb-imu-pl/gate-d-diagnostics/v16,22,1100000000,22,22,22,1,1,22,1100000000,"prepare","EXECUTED",2.1386259999999999,""
uwb-imu-pl/gate-d-diagnostics/v16,22,1100000000,22,22,22,1,1,22,1100000000,"integrity_window","EXECUTED",710.81822899999997,""
uwb-imu-pl/gate-d-diagnostics/v16,22,1100000000,22,22,22,1,1,22,1100000000,"window_boundary_provenance","EXECUTED",694.46974299999999,""
uwb-imu-pl/gate-d-diagnostics/v16,22,1100000000,22,22,22,1,1,22,1100000000,"window_factor_linearization_whitening","EXECUTED",1.0093529999999999,""
uwb-imu-pl/gate-d-diagnostics/v16,22,1100000000,22,22,22,1,1,22,1100000000,"window_dense_assembly","EXECUTED",0.098201999999999998,""
uwb-imu-pl/gate-d-diagnostics/v16,22,1100000000,22,22,22,1,1,22,1100000000,"window_svd","EXECUTED",8.629569,""
uwb-imu-pl/gate-d-diagnostics/v16,22,1100000000,22,22,22,1,1,22,1100000000,"window_normal_equations","EXECUTED",0.41491800000000001,""
uwb-imu-pl/gate-d-diagnostics/v16,22,1100000000,22,22,22,1,1,22,1100000000,"window_llt_state_solves","EXECUTED",0.174397,""
uwb-imu-pl/gate-d-diagnostics/v16,22,1100000000,22,22,22,1,1,22,1100000000,"window_fingerprint","EXECUTED",4.657591,""
uwb-imu-pl/gate-d-diagnostics/v16,22,1100000000,22,22,22,1,1,22,1100000000,"all_in_detector","EXECUTED",0.36314800000000003,""
uwb-imu-pl/gate-d-diagnostics/v16,22,1100000000,22,22,22,1,1,22,1100000000,"current_sensitivity","EXECUTED",0.80972900000000003,""
uwb-imu-pl/gate-d-diagnostics/v16,22,1100000000,22,22,22,1,1,22,1100000000,"model_generation","EXECUTED",300.18270099999995,""
uwb-imu-pl/gate-d-diagnostics/v16,22,1100000000,22,22,22,1,1,22,1100000000,"historical_sensitivity","EXECUTED",0.11823500000000001,""
uwb-imu-pl/gate-d-diagnostics/v16,22,1100000000,22,22,22,1,1,22,1100000000,"hypothesis_evidence","EXECUTED",1909.7546629999999,"effective_dimensions=1:464,2:41440,3:19200,other:0;context_bytes=10265792;worker_blocks=4"
uwb-imu-pl/gate-d-diagnostics/v16,22,1100000000,22,22,22,1,1,22,1100000000,"health_actions","EXECUTED",20.546606000000001,""
uwb-imu-pl/gate-d-diagnostics/v16,22,1100000000,22,22,22,1,1,22,1100000000,"hypothesis_audit","SKIPPED",,"disabled by output.write_hypothesis_evidence"
uwb-imu-pl/gate-d-diagnostics/v16,22,1100000000,22,22,22,1,1,22,1100000000,"base_factorization","EXECUTED",0.29646499999999998,""
uwb-imu-pl/gate-d-diagnostics/v16,22,1100000000,22,22,22,1,1,22,1100000000,"shared_cache","EXECUTED",0.0024299999999999999,""
uwb-imu-pl/gate-d-diagnostics/v16,22,1100000000,22,22,22,1,1,22,1100000000,"candidate_evaluation","EXECUTED",451.68427100000002,"rank=1;dense=0;stream_protocol=2;stream_batches=1;stream_batch_capacity=1;stream_peak_batch_actions=1;stream_peak_resident_evaluated_actions=1;stream_peak_batch_full_proofs=0;stream_retained_full_candidates=0;stream_retained_full_proofs=0;stream_full_action_heavy_copy=0;stream_complete=1;stream_fde_preproof_selected_action=0;stream_fde_preproof_status=NO_VALID_CANDIDATE;stream_main_arena_action_full_proofs=0;stream_action_proof_retention=NORMAL_TWO_PASS_O_B_PLUS_ONE;stream_winner_recompute=0;stream_winner_recompute_test_seam=0"
uwb-imu-pl/gate-d-diagnostics/v16,22,1100000000,22,22,22,1,1,22,1100000000,"fde_decision","EXECUTED",28.26153,""
uwb-imu-pl/gate-d-diagnostics/v16,22,1100000000,22,22,22,1,1,22,1100000000,"candidate_audit","EXECUTED",0.039490999999999998,"ACTION_REJECTION_FUNNEL_V2:1=REJECT_PL"
uwb-imu-pl/gate-d-diagnostics/v16,22,1100000000,22,22,22,1,1,22,1100000000,"commit","EXECUTED",2.136628,""
uwb-imu-pl/gate-d-diagnostics/v16,22,1100000000,22,22,22,1,1,22,1100000000,"state_audit","EXECUTED",0.00040999999999999999,""
uwb-imu-pl/gate-d-diagnostics/v16,22,1100000000,22,22,22,1,1,22,1100000000,"finalize_commit_audit","EXECUTED",34.062191000000006,"excludes separately timed commit/discard/state audit"
uwb-imu-pl/gate-d-diagnostics/v16,22,1100000000,22,22,22,1,1,22,1100000000,"discard","SKIPPED",,"upstream gate did not reach stage"
uwb-imu-pl/gate-d-diagnostics/v16,22,1100000000,22,22,22,1,1,22,1100000000,"core_total","EXECUTED",3461.980552,""
uwb-imu-pl/gate-d-diagnostics/v16,23,1150000000,23,23,23,1,1,23,1150000000,"prepare","EXECUTED",1.9933810000000001,""
uwb-imu-pl/gate-d-diagnostics/v16,23,1150000000,23,23,23,1,1,23,1150000000,"integrity_window","EXECUTED",933.06505800000002,""
uwb-imu-pl/gate-d-diagnostics/v16,23,1150000000,23,23,23,1,1,23,1150000000,"window_boundary_provenance","EXECUTED",917.58811900000001,""
uwb-imu-pl/gate-d-diagnostics/v16,23,1150000000,23,23,23,1,1,23,1150000000,"window_factor_linearization_whitening","EXECUTED",1.099097,""
uwb-imu-pl/gate-d-diagnostics/v16,23,1150000000,23,23,23,1,1,23,1150000000,"window_dense_assembly","EXECUTED",0.11959400000000001,""
uwb-imu-pl/gate-d-diagnostics/v16,23,1150000000,23,23,23,1,1,23,1150000000,"window_svd","EXECUTED",8.5455579999999998,""
uwb-imu-pl/gate-d-diagnostics/v16,23,1150000000,23,23,23,1,1,23,1150000000,"window_normal_equations","EXECUTED",0.34539999999999998,""
uwb-imu-pl/gate-d-diagnostics/v16,23,1150000000,23,23,23,1,1,23,1150000000,"window_llt_state_solves","EXECUTED",0.10509,""
uwb-imu-pl/gate-d-diagnostics/v16,23,1150000000,23,23,23,1,1,23,1150000000,"window_fingerprint","EXECUTED",3.881783,""
uwb-imu-pl/gate-d-diagnostics/v16,23,1150000000,23,23,23,1,1,23,1150000000,"all_in_detector","EXECUTED",0.28592299999999998,""
uwb-imu-pl/gate-d-diagnostics/v16,23,1150000000,23,23,23,1,1,23,1150000000,"current_sensitivity","EXECUTED",0.56594599999999995,""
uwb-imu-pl/gate-d-diagnostics/v16,23,1150000000,23,23,23,1,1,23,1150000000,"model_generation","EXECUTED",313.788206,""
uwb-imu-pl/gate-d-diagnostics/v16,23,1150000000,23,23,23,1,1,23,1150000000,"historical_sensitivity","EXECUTED",0.120626,""
uwb-imu-pl/gate-d-diagnostics/v16,23,1150000000,23,23,23,1,1,23,1150000000,"hypothesis_evidence","EXECUTED",1907.9915590000001,"effective_dimensions=1:464,2:41440,3:19200,other:0;context_bytes=10265792;worker_blocks=4"
uwb-imu-pl/gate-d-diagnostics/v16,23,1150000000,23,23,23,1,1,23,1150000000,"health_actions","EXECUTED",16.208219,""
uwb-imu-pl/gate-d-diagnostics/v16,23,1150000000,23,23,23,1,1,23,1150000000,"hypothesis_audit","SKIPPED",,"disabled by output.write_hypothesis_evidence"
uwb-imu-pl/gate-d-diagnostics/v16,23,1150000000,23,23,23,1,1,23,1150000000,"base_factorization","EXECUTED",0.27727200000000002,""
uwb-imu-pl/gate-d-diagnostics/v16,23,1150000000,23,23,23,1,1,23,1150000000,"shared_cache","EXECUTED",0.0019559999999999998,""
uwb-imu-pl/gate-d-diagnostics/v16,23,1150000000,23,23,23,1,1,23,1150000000,"candidate_evaluation","EXECUTED",459.35856699999999,"rank=1;dense=0;stream_protocol=2;stream_batches=1;stream_batch_capacity=1;stream_peak_batch_actions=1;stream_peak_resident_evaluated_actions=1;stream_peak_batch_full_proofs=0;stream_retained_full_candidates=0;stream_retained_full_proofs=0;stream_full_action_heavy_copy=0;stream_complete=1;stream_fde_preproof_selected_action=0;stream_fde_preproof_status=NO_VALID_CANDIDATE;stream_main_arena_action_full_proofs=0;stream_action_proof_retention=NORMAL_TWO_PASS_O_B_PLUS_ONE;stream_winner_recompute=0;stream_winner_recompute_test_seam=0"
uwb-imu-pl/gate-d-diagnostics/v16,23,1150000000,23,23,23,1,1,23,1150000000,"fde_decision","EXECUTED",29.712607999999999,""
uwb-imu-pl/gate-d-diagnostics/v16,23,1150000000,23,23,23,1,1,23,1150000000,"candidate_audit","EXECUTED",0.050071999999999998,"ACTION_REJECTION_FUNNEL_V2:1=REJECT_PL"
uwb-imu-pl/gate-d-diagnostics/v16,23,1150000000,23,23,23,1,1,23,1150000000,"commit","EXECUTED",3.256446,""
uwb-imu-pl/gate-d-diagnostics/v16,23,1150000000,23,23,23,1,1,23,1150000000,"state_audit","EXECUTED",0.00082600000000000002,""
uwb-imu-pl/gate-d-diagnostics/v16,23,1150000000,23,23,23,1,1,23,1150000000,"finalize_commit_audit","EXECUTED",35.589624999999998,"excludes separately timed commit/discard/state audit"
uwb-imu-pl/gate-d-diagnostics/v16,23,1150000000,23,23,23,1,1,23,1150000000,"discard","SKIPPED",,"upstream gate did not reach stage"
uwb-imu-pl/gate-d-diagnostics/v16,23,1150000000,23,23,23,1,1,23,1150000000,"core_total","EXECUTED",3703.0694360000002,""
uwb-imu-pl/gate-d-diagnostics/v16,24,1200000000,24,24,24,1,1,24,1200000000,"prepare","EXECUTED",2.196383,""
uwb-imu-pl/gate-d-diagnostics/v16,24,1200000000,24,24,24,1,1,24,1200000000,"integrity_window","EXECUTED",1181.5209850000001,""
uwb-imu-pl/gate-d-diagnostics/v16,24,1200000000,24,24,24,1,1,24,1200000000,"window_boundary_provenance","EXECUTED",1166.6710760000001,""
uwb-imu-pl/gate-d-diagnostics/v16,24,1200000000,24,24,24,1,1,24,1200000000,"window_factor_linearization_whitening","EXECUTED",1.0810770000000001,""
uwb-imu-pl/gate-d-diagnostics/v16,24,1200000000,24,24,24,1,1,24,1200000000,"window_dense_assembly","EXECUTED",0.099592,""
uwb-imu-pl/gate-d-diagnostics/v16,24,1200000000,24,24,24,1,1,24,1200000000,"window_svd","EXECUTED",7.9239629999999996,""
uwb-imu-pl/gate-d-diagnostics/v16,24,1200000000,24,24,24,1,1,24,1200000000,"window_normal_equations","EXECUTED",0.34176899999999999,""
uwb-imu-pl/gate-d-diagnostics/v16,24,1200000000,24,24,24,1,1,24,1200000000,"window_llt_state_solves","EXECUTED",0.113284,""
uwb-imu-pl/gate-d-diagnostics/v16,24,1200000000,24,24,24,1,1,24,1200000000,"window_fingerprint","EXECUTED",3.9301590000000002,""
uwb-imu-pl/gate-d-diagnostics/v16,24,1200000000,24,24,24,1,1,24,1200000000,"all_in_detector","EXECUTED",0.25041000000000002,""
uwb-imu-pl/gate-d-diagnostics/v16,24,1200000000,24,24,24,1,1,24,1200000000,"current_sensitivity","EXECUTED",0.58684400000000003,""
uwb-imu-pl/gate-d-diagnostics/v16,24,1200000000,24,24,24,1,1,24,1200000000,"model_generation","EXECUTED",322.745878,""
uwb-imu-pl/gate-d-diagnostics/v16,24,1200000000,24,24,24,1,1,24,1200000000,"historical_sensitivity","EXECUTED",0.12462399999999998,""
uwb-imu-pl/gate-d-diagnostics/v16,24,1200000000,24,24,24,1,1,24,1200000000,"hypothesis_evidence","EXECUTED",1891.4435040000001,"effective_dimensions=1:464,2:41440,3:19200,other:0;context_bytes=10265792;worker_blocks=4"
uwb-imu-pl/gate-d-diagnostics/v16,24,1200000000,24,24,24,1,1,24,1200000000,"health_actions","EXECUTED",20.985745999999999,""
uwb-imu-pl/gate-d-diagnostics/v16,24,1200000000,24,24,24,1,1,24,1200000000,"hypothesis_audit","SKIPPED",,"disabled by output.write_hypothesis_evidence"
uwb-imu-pl/gate-d-diagnostics/v16,24,1200000000,24,24,24,1,1,24,1200000000,"base_factorization","EXECUTED",0.273171,""
uwb-imu-pl/gate-d-diagnostics/v16,24,1200000000,24,24,24,1,1,24,1200000000,"shared_cache","EXECUTED",0.002519,""
uwb-imu-pl/gate-d-diagnostics/v16,24,1200000000,24,24,24,1,1,24,1200000000,"candidate_evaluation","EXECUTED",446.318805,"rank=1;dense=0;stream_protocol=2;stream_batches=1;stream_batch_capacity=1;stream_peak_batch_actions=1;stream_peak_resident_evaluated_actions=1;stream_peak_batch_full_proofs=0;stream_retained_full_candidates=0;stream_retained_full_proofs=0;stream_full_action_heavy_copy=0;stream_complete=1;stream_fde_preproof_selected_action=0;stream_fde_preproof_status=NO_VALID_CANDIDATE;stream_main_arena_action_full_proofs=0;stream_action_proof_retention=NORMAL_TWO_PASS_O_B_PLUS_ONE;stream_winner_recompute=0;stream_winner_recompute_test_seam=0"
uwb-imu-pl/gate-d-diagnostics/v16,24,1200000000,24,24,24,1,1,24,1200000000,"fde_decision","EXECUTED",25.605,""
uwb-imu-pl/gate-d-diagnostics/v16,24,1200000000,24,24,24,1,1,24,1200000000,"candidate_audit","EXECUTED",0.038306,"ACTION_REJECTION_FUNNEL_V2:1=REJECT_PL"
uwb-imu-pl/gate-d-diagnostics/v16,24,1200000000,24,24,24,1,1,24,1200000000,"commit","EXECUTED",2.1624110000000001,""
uwb-imu-pl/gate-d-diagnostics/v16,24,1200000000,24,24,24,1,1,24,1200000000,"state_audit","EXECUTED",0.00038200000000000002,""
uwb-imu-pl/gate-d-diagnostics/v16,24,1200000000,24,24,24,1,1,24,1200000000,"finalize_commit_audit","EXECUTED",32.696612999999999,"excludes separately timed commit/discard/state audit"
uwb-imu-pl/gate-d-diagnostics/v16,24,1200000000,24,24,24,1,1,24,1200000000,"discard","SKIPPED",,"upstream gate did not reach stage"
uwb-imu-pl/gate-d-diagnostics/v16,24,1200000000,24,24,24,1,1,24,1200000000,"core_total","EXECUTED",3927.6118719999999,""
uwb-imu-pl/gate-d-diagnostics/v16,25,1250000000,25,25,25,1,1,25,1250000000,"prepare","EXECUTED",4.3717730000000001,""
uwb-imu-pl/gate-d-diagnostics/v16,25,1250000000,25,25,25,1,1,25,1250000000,"integrity_window","EXECUTED",1814.0684409999999,""
uwb-imu-pl/gate-d-diagnostics/v16,25,1250000000,25,25,25,1,1,25,1250000000,"window_boundary_provenance","EXECUTED",1798.5897809999999,""
uwb-imu-pl/gate-d-diagnostics/v16,25,1250000000,25,25,25,1,1,25,1250000000,"window_factor_linearization_whitening","EXECUTED",1.2355179999999999,""
uwb-imu-pl/gate-d-diagnostics/v16,25,1250000000,25,25,25,1,1,25,1250000000,"window_dense_assembly","EXECUTED",0.095980999999999997,""
uwb-imu-pl/gate-d-diagnostics/v16,25,1250000000,25,25,25,1,1,25,1250000000,"window_svd","EXECUTED",8.2912859999999995,""
uwb-imu-pl/gate-d-diagnostics/v16,25,1250000000,25,25,25,1,1,25,1250000000,"window_normal_equations","EXECUTED",0.35984899999999997,""
uwb-imu-pl/gate-d-diagnostics/v16,25,1250000000,25,25,25,1,1,25,1250000000,"window_llt_state_solves","EXECUTED",0.13303999999999999,""
uwb-imu-pl/gate-d-diagnostics/v16,25,1250000000,25,25,25,1,1,25,1250000000,"window_fingerprint","EXECUTED",3.8695520000000001,""
uwb-imu-pl/gate-d-diagnostics/v16,25,1250000000,25,25,25,1,1,25,1250000000,"all_in_detector","EXECUTED",0.26688000000000001,""
uwb-imu-pl/gate-d-diagnostics/v16,25,1250000000,25,25,25,1,1,25,1250000000,"current_sensitivity","EXECUTED",0.63136599999999998,""
uwb-imu-pl/gate-d-diagnostics/v16,25,1250000000,25,25,25,1,1,25,1250000000,"model_generation","EXECUTED",316.04862299999996,""
uwb-imu-pl/gate-d-diagnostics/v16,25,1250000000,25,25,25,1,1,25,1250000000,"historical_sensitivity","EXECUTED",0.15970700000000002,""
uwb-imu-pl/gate-d-diagnostics/v16,25,1250000000,25,25,25,1,1,25,1250000000,"hypothesis_evidence","EXECUTED",1943.789082,"effective_dimensions=1:464,2:41440,3:19200,other:0;context_bytes=10265792;worker_blocks=4"
uwb-imu-pl/gate-d-diagnostics/v16,25,1250000000,25,25,25,1,1,25,1250000000,"health_actions","EXECUTED",18.574802999999999,""
uwb-imu-pl/gate-d-diagnostics/v16,25,1250000000,25,25,25,1,1,25,1250000000,"hypothesis_audit","SKIPPED",,"disabled by output.write_hypothesis_evidence"
uwb-imu-pl/gate-d-diagnostics/v16,25,1250000000,25,25,25,1,1,25,1250000000,"base_factorization","EXECUTED",0.32022099999999998,""
uwb-imu-pl/gate-d-diagnostics/v16,25,1250000000,25,25,25,1,1,25,1250000000,"shared_cache","EXECUTED",0.0023219999999999998,""
uwb-imu-pl/gate-d-diagnostics/v16,25,1250000000,25,25,25,1,1,25,1250000000,"candidate_evaluation","EXECUTED",449.572474,"rank=1;dense=0;stream_protocol=2;stream_batches=1;stream_batch_capacity=1;stream_peak_batch_actions=1;stream_peak_resident_evaluated_actions=1;stream_peak_batch_full_proofs=0;stream_retained_full_candidates=0;stream_retained_full_proofs=0;stream_full_action_heavy_copy=0;stream_complete=1;stream_fde_preproof_selected_action=0;stream_fde_preproof_status=NO_VALID_CANDIDATE;stream_main_arena_action_full_proofs=0;stream_action_proof_retention=NORMAL_TWO_PASS_O_B_PLUS_ONE;stream_winner_recompute=0;stream_winner_recompute_test_seam=0"
uwb-imu-pl/gate-d-diagnostics/v16,25,1250000000,25,25,25,1,1,25,1250000000,"fde_decision","EXECUTED",26.149290000000001,""
uwb-imu-pl/gate-d-diagnostics/v16,25,1250000000,25,25,25,1,1,25,1250000000,"candidate_audit","EXECUTED",0.039285,"ACTION_REJECTION_FUNNEL_V2:1=REJECT_PL"
uwb-imu-pl/gate-d-diagnostics/v16,25,1250000000,25,25,25,1,1,25,1250000000,"commit","EXECUTED",2.6357810000000002,""
uwb-imu-pl/gate-d-diagnostics/v16,25,1250000000,25,25,25,1,1,25,1250000000,"state_audit","EXECUTED",0.00038699999999999997,""
uwb-imu-pl/gate-d-diagnostics/v16,25,1250000000,25,25,25,1,1,25,1250000000,"finalize_commit_audit","EXECUTED",35.396971000000001,"excludes separately timed commit/discard/state audit"
uwb-imu-pl/gate-d-diagnostics/v16,25,1250000000,25,25,25,1,1,25,1250000000,"discard","SKIPPED",,"upstream gate did not reach stage"
uwb-imu-pl/gate-d-diagnostics/v16,25,1250000000,25,25,25,1,1,25,1250000000,"core_total","EXECUTED",4612.9747589999997,""
uwb-imu-pl/gate-d-diagnostics/v16,26,1300000000,26,26,26,1,1,26,1300000000,"prepare","EXECUTED",2.5890439999999999,""
uwb-imu-pl/gate-d-diagnostics/v16,26,1300000000,26,26,26,1,1,26,1300000000,"integrity_window","EXECUTED",2077.7280860000001,""
uwb-imu-pl/gate-d-diagnostics/v16,26,1300000000,26,26,26,1,1,26,1300000000,"window_boundary_provenance","EXECUTED",2062.217643,""
uwb-imu-pl/gate-d-diagnostics/v16,26,1300000000,26,26,26,1,1,26,1300000000,"window_factor_linearization_whitening","EXECUTED",1.4958199999999999,""
uwb-imu-pl/gate-d-diagnostics/v16,26,1300000000,26,26,26,1,1,26,1300000000,"window_dense_assembly","EXECUTED",0.11788800000000001,""
uwb-imu-pl/gate-d-diagnostics/v16,26,1300000000,26,26,26,1,1,26,1300000000,"window_svd","EXECUTED",7.9867549999999996,""
uwb-imu-pl/gate-d-diagnostics/v16,26,1300000000,26,26,26,1,1,26,1300000000,"window_normal_equations","EXECUTED",0.47616000000000003,""
uwb-imu-pl/gate-d-diagnostics/v16,26,1300000000,26,26,26,1,1,26,1300000000,"window_llt_state_solves","EXECUTED",0.10775899999999999,""
uwb-imu-pl/gate-d-diagnostics/v16,26,1300000000,26,26,26,1,1,26,1300000000,"window_fingerprint","EXECUTED",3.9687730000000001,""
uwb-imu-pl/gate-d-diagnostics/v16,26,1300000000,26,26,26,1,1,26,1300000000,"all_in_detector","EXECUTED",0.26592100000000002,""
uwb-imu-pl/gate-d-diagnostics/v16,26,1300000000,26,26,26,1,1,26,1300000000,"current_sensitivity","EXECUTED",0.51903299999999997,""
uwb-imu-pl/gate-d-diagnostics/v16,26,1300000000,26,26,26,1,1,26,1300000000,"model_generation","EXECUTED",316.39002099999999,""
uwb-imu-pl/gate-d-diagnostics/v16,26,1300000000,26,26,26,1,1,26,1300000000,"historical_sensitivity","EXECUTED",0.12137400000000002,""
uwb-imu-pl/gate-d-diagnostics/v16,26,1300000000,26,26,26,1,1,26,1300000000,"hypothesis_evidence","EXECUTED",1891.620455,"effective_dimensions=1:464,2:41440,3:19200,other:0;context_bytes=10265792;worker_blocks=4"
uwb-imu-pl/gate-d-diagnostics/v16,26,1300000000,26,26,26,1,1,26,1300000000,"health_actions","EXECUTED",20.183519,""
uwb-imu-pl/gate-d-diagnostics/v16,26,1300000000,26,26,26,1,1,26,1300000000,"hypothesis_audit","SKIPPED",,"disabled by output.write_hypothesis_evidence"
uwb-imu-pl/gate-d-diagnostics/v16,26,1300000000,26,26,26,1,1,26,1300000000,"base_factorization","EXECUTED",0.29474699999999998,""
uwb-imu-pl/gate-d-diagnostics/v16,26,1300000000,26,26,26,1,1,26,1300000000,"shared_cache","EXECUTED",0.0024559999999999998,""
uwb-imu-pl/gate-d-diagnostics/v16,26,1300000000,26,26,26,1,1,26,1300000000,"candidate_evaluation","EXECUTED",445.51512600000001,"rank=1;dense=0;stream_protocol=2;stream_batches=1;stream_batch_capacity=1;stream_peak_batch_actions=1;stream_peak_resident_evaluated_actions=1;stream_peak_batch_full_proofs=0;stream_retained_full_candidates=0;stream_retained_full_proofs=0;stream_full_action_heavy_copy=0;stream_complete=1;stream_fde_preproof_selected_action=0;stream_fde_preproof_status=NO_VALID_CANDIDATE;stream_main_arena_action_full_proofs=0;stream_action_proof_retention=NORMAL_TWO_PASS_O_B_PLUS_ONE;stream_winner_recompute=0;stream_winner_recompute_test_seam=0"
uwb-imu-pl/gate-d-diagnostics/v16,26,1300000000,26,26,26,1,1,26,1300000000,"fde_decision","EXECUTED",25.733070999999999,""
uwb-imu-pl/gate-d-diagnostics/v16,26,1300000000,26,26,26,1,1,26,1300000000,"candidate_audit","EXECUTED",0.039042,"ACTION_REJECTION_FUNNEL_V2:1=REJECT_PL"
uwb-imu-pl/gate-d-diagnostics/v16,26,1300000000,26,26,26,1,1,26,1300000000,"commit","EXECUTED",2.1294119999999999,""
uwb-imu-pl/gate-d-diagnostics/v16,26,1300000000,26,26,26,1,1,26,1300000000,"state_audit","EXECUTED",0.00023599999999999999,""
uwb-imu-pl/gate-d-diagnostics/v16,26,1300000000,26,26,26,1,1,26,1300000000,"finalize_commit_audit","EXECUTED",33.737051999999998,"excludes separately timed commit/discard/state audit"
uwb-imu-pl/gate-d-diagnostics/v16,26,1300000000,26,26,26,1,1,26,1300000000,"discard","SKIPPED",,"upstream gate did not reach stage"
uwb-imu-pl/gate-d-diagnostics/v16,26,1300000000,26,26,26,1,1,26,1300000000,"core_total","EXECUTED",4817.5748540000004,""
uwb-imu-pl/gate-d-diagnostics/v16,27,1350000000,27,27,27,1,1,27,1350000000,"prepare","EXECUTED",2.514043,""
uwb-imu-pl/gate-d-diagnostics/v16,27,1350000000,27,27,27,1,1,27,1350000000,"integrity_window","EXECUTED",2196.6456750000002,""
uwb-imu-pl/gate-d-diagnostics/v16,27,1350000000,27,27,27,1,1,27,1350000000,"window_boundary_provenance","EXECUTED",2181.471751,""
uwb-imu-pl/gate-d-diagnostics/v16,27,1350000000,27,27,27,1,1,27,1350000000,"window_factor_linearization_whitening","EXECUTED",1.1178140000000001,""
uwb-imu-pl/gate-d-diagnostics/v16,27,1350000000,27,27,27,1,1,27,1350000000,"window_dense_assembly","EXECUTED",0.14321600000000001,""
uwb-imu-pl/gate-d-diagnostics/v16,27,1350000000,27,27,27,1,1,27,1350000000,"window_svd","EXECUTED",7.9895849999999999,""
uwb-imu-pl/gate-d-diagnostics/v16,27,1350000000,27,27,27,1,1,27,1350000000,"window_normal_equations","EXECUTED",0.35030800000000001,""
uwb-imu-pl/gate-d-diagnostics/v16,27,1350000000,27,27,27,1,1,27,1350000000,"window_llt_state_solves","EXECUTED",0.108255,""
uwb-imu-pl/gate-d-diagnostics/v16,27,1350000000,27,27,27,1,1,27,1350000000,"window_fingerprint","EXECUTED",4.0381039999999997,""
uwb-imu-pl/gate-d-diagnostics/v16,27,1350000000,27,27,27,1,1,27,1350000000,"all_in_detector","EXECUTED",0.318407,""
uwb-imu-pl/gate-d-diagnostics/v16,27,1350000000,27,27,27,1,1,27,1350000000,"current_sensitivity","EXECUTED",0.61798900000000001,""
uwb-imu-pl/gate-d-diagnostics/v16,27,1350000000,27,27,27,1,1,27,1350000000,"model_generation","EXECUTED",325.52488999999997,""
uwb-imu-pl/gate-d-diagnostics/v16,27,1350000000,27,27,27,1,1,27,1350000000,"historical_sensitivity","EXECUTED",0.12812299999999999,""
uwb-imu-pl/gate-d-diagnostics/v16,27,1350000000,27,27,27,1,1,27,1350000000,"hypothesis_evidence","EXECUTED",1908.2029379999999,"effective_dimensions=1:464,2:41440,3:19200,other:0;context_bytes=10265792;worker_blocks=4"
uwb-imu-pl/gate-d-diagnostics/v16,27,1350000000,27,27,27,1,1,27,1350000000,"health_actions","EXECUTED",18.188172999999999,""
uwb-imu-pl/gate-d-diagnostics/v16,27,1350000000,27,27,27,1,1,27,1350000000,"hypothesis_audit","SKIPPED",,"disabled by output.write_hypothesis_evidence"
uwb-imu-pl/gate-d-diagnostics/v16,27,1350000000,27,27,27,1,1,27,1350000000,"base_factorization","EXECUTED",0.25977499999999998,""
uwb-imu-pl/gate-d-diagnostics/v16,27,1350000000,27,27,27,1,1,27,1350000000,"shared_cache","EXECUTED",0.00298,""
uwb-imu-pl/gate-d-diagnostics/v16,27,1350000000,27,27,27,1,1,27,1350000000,"candidate_evaluation","EXECUTED",443.73737299999999,"rank=1;dense=0;stream_protocol=2;stream_batches=1;stream_batch_capacity=1;stream_peak_batch_actions=1;stream_peak_resident_evaluated_actions=1;stream_peak_batch_full_proofs=0;stream_retained_full_candidates=0;stream_retained_full_proofs=0;stream_full_action_heavy_copy=0;stream_complete=1;stream_fde_preproof_selected_action=0;stream_fde_preproof_status=NO_VALID_CANDIDATE;stream_main_arena_action_full_proofs=0;stream_action_proof_retention=NORMAL_TWO_PASS_O_B_PLUS_ONE;stream_winner_recompute=0;stream_winner_recompute_test_seam=0"
uwb-imu-pl/gate-d-diagnostics/v16,27,1350000000,27,27,27,1,1,27,1350000000,"fde_decision","EXECUTED",26.230636000000001,""
uwb-imu-pl/gate-d-diagnostics/v16,27,1350000000,27,27,27,1,1,27,1350000000,"candidate_audit","EXECUTED",0.038353999999999999,"ACTION_REJECTION_FUNNEL_V2:1=REJECT_PL"
uwb-imu-pl/gate-d-diagnostics/v16,27,1350000000,27,27,27,1,1,27,1350000000,"commit","EXECUTED",2.3882089999999998,""
uwb-imu-pl/gate-d-diagnostics/v16,27,1350000000,27,27,27,1,1,27,1350000000,"state_audit","EXECUTED",0.00057399999999999997,""
uwb-imu-pl/gate-d-diagnostics/v16,27,1350000000,27,27,27,1,1,27,1350000000,"finalize_commit_audit","EXECUTED",29.854969999999998,"excludes separately timed commit/discard/state audit"
uwb-imu-pl/gate-d-diagnostics/v16,27,1350000000,27,27,27,1,1,27,1350000000,"discard","SKIPPED",,"upstream gate did not reach stage"
uwb-imu-pl/gate-d-diagnostics/v16,27,1350000000,27,27,27,1,1,27,1350000000,"core_total","EXECUTED",4955.277419,""
uwb-imu-pl/gate-d-diagnostics/v16,28,1400000000,28,28,28,1,1,28,1400000000,"prepare","EXECUTED",2.6550549999999999,""
uwb-imu-pl/gate-d-diagnostics/v16,28,1400000000,28,28,28,1,1,28,1400000000,"integrity_window","EXECUTED",2459.09465,""
uwb-imu-pl/gate-d-diagnostics/v16,28,1400000000,28,28,28,1,1,28,1400000000,"window_boundary_provenance","EXECUTED",2443.9243700000002,""
uwb-imu-pl/gate-d-diagnostics/v16,28,1400000000,28,28,28,1,1,28,1400000000,"window_factor_linearization_whitening","EXECUTED",1.2985800000000001,""
uwb-imu-pl/gate-d-diagnostics/v16,28,1400000000,28,28,28,1,1,28,1400000000,"window_dense_assembly","EXECUTED",0.11101999999999999,""
uwb-imu-pl/gate-d-diagnostics/v16,28,1400000000,28,28,28,1,1,28,1400000000,"window_svd","EXECUTED",8.0640599999999996,""
uwb-imu-pl/gate-d-diagnostics/v16,28,1400000000,28,28,28,1,1,28,1400000000,"window_normal_equations","EXECUTED",0.337945,""
uwb-imu-pl/gate-d-diagnostics/v16,28,1400000000,28,28,28,1,1,28,1400000000,"window_llt_state_solves","EXECUTED",0.105444,""
uwb-imu-pl/gate-d-diagnostics/v16,28,1400000000,28,28,28,1,1,28,1400000000,"window_fingerprint","EXECUTED",3.857666,""
uwb-imu-pl/gate-d-diagnostics/v16,28,1400000000,28,28,28,1,1,28,1400000000,"all_in_detector","EXECUTED",0.247701,""
uwb-imu-pl/gate-d-diagnostics/v16,28,1400000000,28,28,28,1,1,28,1400000000,"current_sensitivity","EXECUTED",0.60160599999999997,""
uwb-imu-pl/gate-d-diagnostics/v16,28,1400000000,28,28,28,1,1,28,1400000000,"model_generation","EXECUTED",308.92310900000001,""
uwb-imu-pl/gate-d-diagnostics/v16,28,1400000000,28,28,28,1,1,28,1400000000,"historical_sensitivity","EXECUTED",0.13731599999999999,""
uwb-imu-pl/gate-d-diagnostics/v16,28,1400000000,28,28,28,1,1,28,1400000000,"hypothesis_evidence","EXECUTED",1894.118412,"effective_dimensions=1:464,2:41440,3:19200,other:0;context_bytes=10265792;worker_blocks=4"
uwb-imu-pl/gate-d-diagnostics/v16,28,1400000000,28,28,28,1,1,28,1400000000,"health_actions","EXECUTED",22.884025999999999,""
uwb-imu-pl/gate-d-diagnostics/v16,28,1400000000,28,28,28,1,1,28,1400000000,"hypothesis_audit","SKIPPED",,"disabled by output.write_hypothesis_evidence"
uwb-imu-pl/gate-d-diagnostics/v16,28,1400000000,28,28,28,1,1,28,1400000000,"base_factorization","EXECUTED",0.260793,""
uwb-imu-pl/gate-d-diagnostics/v16,28,1400000000,28,28,28,1,1,28,1400000000,"shared_cache","EXECUTED",0.0025170000000000001,""
uwb-imu-pl/gate-d-diagnostics/v16,28,1400000000,28,28,28,1,1,28,1400000000,"candidate_evaluation","EXECUTED",461.943985,"rank=1;dense=0;stream_protocol=2;stream_batches=1;stream_batch_capacity=1;stream_peak_batch_actions=1;stream_peak_resident_evaluated_actions=1;stream_peak_batch_full_proofs=0;stream_retained_full_candidates=0;stream_retained_full_proofs=0;stream_full_action_heavy_copy=0;stream_complete=1;stream_fde_preproof_selected_action=0;stream_fde_preproof_status=NO_VALID_CANDIDATE;stream_main_arena_action_full_proofs=0;stream_action_proof_retention=NORMAL_TWO_PASS_O_B_PLUS_ONE;stream_winner_recompute=0;stream_winner_recompute_test_seam=0"
uwb-imu-pl/gate-d-diagnostics/v16,28,1400000000,28,28,28,1,1,28,1400000000,"fde_decision","EXECUTED",26.165427000000001,""
uwb-imu-pl/gate-d-diagnostics/v16,28,1400000000,28,28,28,1,1,28,1400000000,"candidate_audit","EXECUTED",0.039260999999999997,"ACTION_REJECTION_FUNNEL_V2:1=REJECT_PL"
uwb-imu-pl/gate-d-diagnostics/v16,28,1400000000,28,28,28,1,1,28,1400000000,"commit","EXECUTED",2.0729259999999998,""
uwb-imu-pl/gate-d-diagnostics/v16,28,1400000000,28,28,28,1,1,28,1400000000,"state_audit","EXECUTED",0.000435,""
uwb-imu-pl/gate-d-diagnostics/v16,28,1400000000,28,28,28,1,1,28,1400000000,"finalize_commit_audit","EXECUTED",37.637851000000005,"excludes separately timed commit/discard/state audit"
uwb-imu-pl/gate-d-diagnostics/v16,28,1400000000,28,28,28,1,1,28,1400000000,"discard","SKIPPED",,"upstream gate did not reach stage"
uwb-imu-pl/gate-d-diagnostics/v16,28,1400000000,28,28,28,1,1,28,1400000000,"core_total","EXECUTED",5217.6390350000001,""
uwb-imu-pl/gate-d-diagnostics/v16,29,1450000000,29,29,29,1,1,29,1450000000,"prepare","EXECUTED",2.903689,""
uwb-imu-pl/gate-d-diagnostics/v16,29,1450000000,29,29,29,1,1,29,1450000000,"integrity_window","EXECUTED",2872.8321350000001,""
uwb-imu-pl/gate-d-diagnostics/v16,29,1450000000,29,29,29,1,1,29,1450000000,"window_boundary_provenance","EXECUTED",2858.0118910000001,""
uwb-imu-pl/gate-d-diagnostics/v16,29,1450000000,29,29,29,1,1,29,1450000000,"window_factor_linearization_whitening","EXECUTED",1.135845,""
uwb-imu-pl/gate-d-diagnostics/v16,29,1450000000,29,29,29,1,1,29,1450000000,"window_dense_assembly","EXECUTED",0.11387700000000001,""
uwb-imu-pl/gate-d-diagnostics/v16,29,1450000000,29,29,29,1,1,29,1450000000,"window_svd","EXECUTED",7.8596000000000004,""
uwb-imu-pl/gate-d-diagnostics/v16,29,1450000000,29,29,29,1,1,29,1450000000,"window_normal_equations","EXECUTED",0.35223100000000002,""
uwb-imu-pl/gate-d-diagnostics/v16,29,1450000000,29,29,29,1,1,29,1450000000,"window_llt_state_solves","EXECUTED",0.113229,""
uwb-imu-pl/gate-d-diagnostics/v16,29,1450000000,29,29,29,1,1,29,1450000000,"window_fingerprint","EXECUTED",3.8857599999999999,""
uwb-imu-pl/gate-d-diagnostics/v16,29,1450000000,29,29,29,1,1,29,1450000000,"all_in_detector","EXECUTED",0.25131399999999998,""
uwb-imu-pl/gate-d-diagnostics/v16,29,1450000000,29,29,29,1,1,29,1450000000,"current_sensitivity","EXECUTED",0.61763299999999999,""
uwb-imu-pl/gate-d-diagnostics/v16,29,1450000000,29,29,29,1,1,29,1450000000,"model_generation","EXECUTED",306.83389600000004,""
uwb-imu-pl/gate-d-diagnostics/v16,29,1450000000,29,29,29,1,1,29,1450000000,"historical_sensitivity","EXECUTED",0.13023100000000004,""
uwb-imu-pl/gate-d-diagnostics/v16,29,1450000000,29,29,29,1,1,29,1450000000,"hypothesis_evidence","EXECUTED",1936.008632,"effective_dimensions=1:464,2:41440,3:19200,other:0;context_bytes=10265792;worker_blocks=4"
uwb-imu-pl/gate-d-diagnostics/v16,29,1450000000,29,29,29,1,1,29,1450000000,"health_actions","EXECUTED",19.230081999999999,""
uwb-imu-pl/gate-d-diagnostics/v16,29,1450000000,29,29,29,1,1,29,1450000000,"hypothesis_audit","SKIPPED",,"disabled by output.write_hypothesis_evidence"
uwb-imu-pl/gate-d-diagnostics/v16,29,1450000000,29,29,29,1,1,29,1450000000,"base_factorization","EXECUTED",0.38742599999999999,""
uwb-imu-pl/gate-d-diagnostics/v16,29,1450000000,29,29,29,1,1,29,1450000000,"shared_cache","EXECUTED",0.003447,""
uwb-imu-pl/gate-d-diagnostics/v16,29,1450000000,29,29,29,1,1,29,1450000000,"candidate_evaluation","EXECUTED",456.25904100000002,"rank=1;dense=0;stream_protocol=2;stream_batches=1;stream_batch_capacity=1;stream_peak_batch_actions=1;stream_peak_resident_evaluated_actions=1;stream_peak_batch_full_proofs=0;stream_retained_full_candidates=0;stream_retained_full_proofs=0;stream_full_action_heavy_copy=0;stream_complete=1;stream_fde_preproof_selected_action=0;stream_fde_preproof_status=NO_VALID_CANDIDATE;stream_main_arena_action_full_proofs=0;stream_action_proof_retention=NORMAL_TWO_PASS_O_B_PLUS_ONE;stream_winner_recompute=0;stream_winner_recompute_test_seam=0"
uwb-imu-pl/gate-d-diagnostics/v16,29,1450000000,29,29,29,1,1,29,1450000000,"fde_decision","EXECUTED",29.429531000000001,""
uwb-imu-pl/gate-d-diagnostics/v16,29,1450000000,29,29,29,1,1,29,1450000000,"candidate_audit","EXECUTED",0.043056999999999998,"ACTION_REJECTION_FUNNEL_V2:1=REJECT_PL"
uwb-imu-pl/gate-d-diagnostics/v16,29,1450000000,29,29,29,1,1,29,1450000000,"commit","EXECUTED",2.9973100000000001,""
uwb-imu-pl/gate-d-diagnostics/v16,29,1450000000,29,29,29,1,1,29,1450000000,"state_audit","EXECUTED",0.000611,""
uwb-imu-pl/gate-d-diagnostics/v16,29,1450000000,29,29,29,1,1,29,1450000000,"finalize_commit_audit","EXECUTED",37.869010000000003,"excludes separately timed commit/discard/state audit"
uwb-imu-pl/gate-d-diagnostics/v16,29,1450000000,29,29,29,1,1,29,1450000000,"discard","SKIPPED",,"upstream gate did not reach stage"
uwb-imu-pl/gate-d-diagnostics/v16,29,1450000000,29,29,29,1,1,29,1450000000,"core_total","EXECUTED",5666.4999209999996,""
uwb-imu-pl/gate-d-diagnostics/v16,30,1500000000,30,30,30,1,1,30,1500000000,"prepare","EXECUTED",2.5173809999999999,""
uwb-imu-pl/gate-d-diagnostics/v16,30,1500000000,30,30,30,1,1,30,1500000000,"integrity_window","EXECUTED",3384.679592,""
uwb-imu-pl/gate-d-diagnostics/v16,30,1500000000,30,30,30,1,1,30,1500000000,"window_boundary_provenance","EXECUTED",3368.7424850000002,""
uwb-imu-pl/gate-d-diagnostics/v16,30,1500000000,30,30,30,1,1,30,1500000000,"window_factor_linearization_whitening","EXECUTED",1.518878,""
uwb-imu-pl/gate-d-diagnostics/v16,30,1500000000,30,30,30,1,1,30,1500000000,"window_dense_assembly","EXECUTED",0.15531900000000001,""
uwb-imu-pl/gate-d-diagnostics/v16,30,1500000000,30,30,30,1,1,30,1500000000,"window_svd","EXECUTED",8.4326249999999998,""
uwb-imu-pl/gate-d-diagnostics/v16,30,1500000000,30,30,30,1,1,30,1500000000,"window_normal_equations","EXECUTED",0.343501,""
uwb-imu-pl/gate-d-diagnostics/v16,30,1500000000,30,30,30,1,1,30,1500000000,"window_llt_state_solves","EXECUTED",0.12682599999999999,""
uwb-imu-pl/gate-d-diagnostics/v16,30,1500000000,30,30,30,1,1,30,1500000000,"window_fingerprint","EXECUTED",4.0053210000000004,""
uwb-imu-pl/gate-d-diagnostics/v16,30,1500000000,30,30,30,1,1,30,1500000000,"all_in_detector","EXECUTED",0.31637500000000002,""
uwb-imu-pl/gate-d-diagnostics/v16,30,1500000000,30,30,30,1,1,30,1500000000,"current_sensitivity","EXECUTED",0.70357099999999995,""
uwb-imu-pl/gate-d-diagnostics/v16,30,1500000000,30,30,30,1,1,30,1500000000,"model_generation","EXECUTED",322.88124699999997,""
uwb-imu-pl/gate-d-diagnostics/v16,30,1500000000,30,30,30,1,1,30,1500000000,"historical_sensitivity","EXECUTED",0.126142,""
uwb-imu-pl/gate-d-diagnostics/v16,30,1500000000,30,30,30,1,1,30,1500000000,"hypothesis_evidence","EXECUTED",1903.0965839999999,"effective_dimensions=1:464,2:41440,3:19200,other:0;context_bytes=10265792;worker_blocks=4"
uwb-imu-pl/gate-d-diagnostics/v16,30,1500000000,30,30,30,1,1,30,1500000000,"health_actions","EXECUTED",25.137194999999998,""
uwb-imu-pl/gate-d-diagnostics/v16,30,1500000000,30,30,30,1,1,30,1500000000,"hypothesis_audit","SKIPPED",,"disabled by output.write_hypothesis_evidence"
uwb-imu-pl/gate-d-diagnostics/v16,30,1500000000,30,30,30,1,1,30,1500000000,"base_factorization","EXECUTED",0.27141199999999999,""
uwb-imu-pl/gate-d-diagnostics/v16,30,1500000000,30,30,30,1,1,30,1500000000,"shared_cache","EXECUTED",0.0020939999999999999,""
uwb-imu-pl/gate-d-diagnostics/v16,30,1500000000,30,30,30,1,1,30,1500000000,"candidate_evaluation","EXECUTED",468.86451599999998,"rank=1;dense=0;stream_protocol=2;stream_batches=1;stream_batch_capacity=1;stream_peak_batch_actions=1;stream_peak_resident_evaluated_actions=1;stream_peak_batch_full_proofs=0;stream_retained_full_candidates=0;stream_retained_full_proofs=0;stream_full_action_heavy_copy=0;stream_complete=1;stream_fde_preproof_selected_action=0;stream_fde_preproof_status=NO_VALID_CANDIDATE;stream_main_arena_action_full_proofs=0;stream_action_proof_retention=NORMAL_TWO_PASS_O_B_PLUS_ONE;stream_winner_recompute=0;stream_winner_recompute_test_seam=0"
uwb-imu-pl/gate-d-diagnostics/v16,30,1500000000,30,30,30,1,1,30,1500000000,"fde_decision","EXECUTED",26.694865,""
uwb-imu-pl/gate-d-diagnostics/v16,30,1500000000,30,30,30,1,1,30,1500000000,"candidate_audit","EXECUTED",0.038927000000000003,"ACTION_REJECTION_FUNNEL_V2:1=REJECT_PL"
uwb-imu-pl/gate-d-diagnostics/v16,30,1500000000,30,30,30,1,1,30,1500000000,"commit","EXECUTED",2.6550319999999998,""
uwb-imu-pl/gate-d-diagnostics/v16,30,1500000000,30,30,30,1,1,30,1500000000,"state_audit","EXECUTED",0.00050699999999999996,""
uwb-imu-pl/gate-d-diagnostics/v16,30,1500000000,30,30,30,1,1,30,1500000000,"finalize_commit_audit","EXECUTED",38.890751000000002,"excludes separately timed commit/discard/state audit"
uwb-imu-pl/gate-d-diagnostics/v16,30,1500000000,30,30,30,1,1,30,1500000000,"discard","SKIPPED",,"upstream gate did not reach stage"
uwb-imu-pl/gate-d-diagnostics/v16,30,1500000000,30,30,30,1,1,30,1500000000,"core_total","EXECUTED",6177.5293140000003,""
uwb-imu-pl/gate-d-diagnostics/v16,31,1550000000,31,31,31,2,1,31,1550000000,"prepare","EXECUTED",4.4811290000000001,""
uwb-imu-pl/gate-d-diagnostics/v16,31,1550000000,31,31,31,2,1,31,1550000000,"integrity_window","EXECUTED",478.45394700000003,""
uwb-imu-pl/gate-d-diagnostics/v16,31,1550000000,31,31,31,2,1,31,1550000000,"window_boundary_provenance","EXECUTED",463.08072499999997,""
uwb-imu-pl/gate-d-diagnostics/v16,31,1550000000,31,31,31,2,1,31,1550000000,"window_factor_linearization_whitening","EXECUTED",1.211697,""
uwb-imu-pl/gate-d-diagnostics/v16,31,1550000000,31,31,31,2,1,31,1550000000,"window_dense_assembly","EXECUTED",0.101658,""
uwb-imu-pl/gate-d-diagnostics/v16,31,1550000000,31,31,31,2,1,31,1550000000,"window_svd","EXECUTED",8.0949980000000004,""
uwb-imu-pl/gate-d-diagnostics/v16,31,1550000000,31,31,31,2,1,31,1550000000,"window_normal_equations","EXECUTED",0.33984500000000001,""
uwb-imu-pl/gate-d-diagnostics/v16,31,1550000000,31,31,31,2,1,31,1550000000,"window_llt_state_solves","EXECUTED",0.10875700000000001,""
uwb-imu-pl/gate-d-diagnostics/v16,31,1550000000,31,31,31,2,1,31,1550000000,"window_fingerprint","EXECUTED",3.9491489999999998,""
uwb-imu-pl/gate-d-diagnostics/v16,31,1550000000,31,31,31,2,1,31,1550000000,"all_in_detector","EXECUTED",0.32172600000000001,""
uwb-imu-pl/gate-d-diagnostics/v16,31,1550000000,31,31,31,2,1,31,1550000000,"current_sensitivity","EXECUTED",0.73267300000000002,""
uwb-imu-pl/gate-d-diagnostics/v16,31,1550000000,31,31,31,2,1,31,1550000000,"model_generation","EXECUTED",339.402582,""
uwb-imu-pl/gate-d-diagnostics/v16,31,1550000000,31,31,31,2,1,31,1550000000,"historical_sensitivity","EXECUTED",0.13031699999999999,""
uwb-imu-pl/gate-d-diagnostics/v16,31,1550000000,31,31,31,2,1,31,1550000000,"hypothesis_evidence","EXECUTED",1909.270417,"effective_dimensions=1:464,2:41440,3:19200,other:0;context_bytes=10265792;worker_blocks=4"
uwb-imu-pl/gate-d-diagnostics/v16,31,1550000000,31,31,31,2,1,31,1550000000,"health_actions","EXECUTED",26.797919,""
uwb-imu-pl/gate-d-diagnostics/v16,31,1550000000,31,31,31,2,1,31,1550000000,"hypothesis_audit","SKIPPED",,"disabled by output.write_hypothesis_evidence"
uwb-imu-pl/gate-d-diagnostics/v16,31,1550000000,31,31,31,2,1,31,1550000000,"base_factorization","EXECUTED",0.26944099999999999,""
uwb-imu-pl/gate-d-diagnostics/v16,31,1550000000,31,31,31,2,1,31,1550000000,"shared_cache","EXECUTED",0.002382,""
uwb-imu-pl/gate-d-diagnostics/v16,31,1550000000,31,31,31,2,1,31,1550000000,"candidate_evaluation","EXECUTED",446.923316,"rank=1;dense=0;stream_protocol=2;stream_batches=1;stream_batch_capacity=1;stream_peak_batch_actions=1;stream_peak_resident_evaluated_actions=1;stream_peak_batch_full_proofs=0;stream_retained_full_candidates=0;stream_retained_full_proofs=0;stream_full_action_heavy_copy=0;stream_complete=1;stream_fde_preproof_selected_action=0;stream_fde_preproof_status=NO_VALID_CANDIDATE;stream_main_arena_action_full_proofs=0;stream_action_proof_retention=NORMAL_TWO_PASS_O_B_PLUS_ONE;stream_winner_recompute=0;stream_winner_recompute_test_seam=0"
uwb-imu-pl/gate-d-diagnostics/v16,31,1550000000,31,31,31,2,1,31,1550000000,"fde_decision","EXECUTED",27.731983,""
uwb-imu-pl/gate-d-diagnostics/v16,31,1550000000,31,31,31,2,1,31,1550000000,"candidate_audit","EXECUTED",0.038287000000000002,"ACTION_REJECTION_FUNNEL_V2:1=REJECT_PL"
uwb-imu-pl/gate-d-diagnostics/v16,31,1550000000,31,31,31,2,1,31,1550000000,"commit","EXECUTED",2.2983310000000001,""
uwb-imu-pl/gate-d-diagnostics/v16,31,1550000000,31,31,31,2,1,31,1550000000,"state_audit","EXECUTED",0.00039300000000000001,""
uwb-imu-pl/gate-d-diagnostics/v16,31,1550000000,31,31,31,2,1,31,1550000000,"finalize_commit_audit","EXECUTED",33.939394,"excludes separately timed commit/discard/state audit"
uwb-imu-pl/gate-d-diagnostics/v16,31,1550000000,31,31,31,2,1,31,1550000000,"discard","SKIPPED",,"upstream gate did not reach stage"
uwb-imu-pl/gate-d-diagnostics/v16,31,1550000000,31,31,31,2,1,31,1550000000,"core_total","EXECUTED",3271.4119369999999,""
uwb-imu-pl/gate-d-diagnostics/v16,32,1600000000,32,32,32,3,1,32,1600000000,"prepare","EXECUTED",2.4549479999999999,""
uwb-imu-pl/gate-d-diagnostics/v16,32,1600000000,32,32,32,3,1,32,1600000000,"integrity_window","EXECUTED",431.51881500000002,""
uwb-imu-pl/gate-d-diagnostics/v16,32,1600000000,32,32,32,3,1,32,1600000000,"window_boundary_provenance","EXECUTED",415.40280899999999,""
uwb-imu-pl/gate-d-diagnostics/v16,32,1600000000,32,32,32,3,1,32,1600000000,"window_factor_linearization_whitening","EXECUTED",1.49383,""
uwb-imu-pl/gate-d-diagnostics/v16,32,1600000000,32,32,32,3,1,32,1600000000,"window_dense_assembly","EXECUTED",0.098798999999999998,""
uwb-imu-pl/gate-d-diagnostics/v16,32,1600000000,32,32,32,3,1,32,1600000000,"window_svd","EXECUTED",8.6844780000000004,""
uwb-imu-pl/gate-d-diagnostics/v16,32,1600000000,32,32,32,3,1,32,1600000000,"window_normal_equations","EXECUTED",0.34480699999999997,""
uwb-imu-pl/gate-d-diagnostics/v16,32,1600000000,32,32,32,3,1,32,1600000000,"window_llt_state_solves","EXECUTED",0.108331,""
uwb-imu-pl/gate-d-diagnostics/v16,32,1600000000,32,32,32,3,1,32,1600000000,"window_fingerprint","EXECUTED",4.0268129999999998,""
uwb-imu-pl/gate-d-diagnostics/v16,32,1600000000,32,32,32,3,1,32,1600000000,"all_in_detector","EXECUTED",0.24576500000000001,""
uwb-imu-pl/gate-d-diagnostics/v16,32,1600000000,32,32,32,3,1,32,1600000000,"current_sensitivity","EXECUTED",0.63597099999999995,""
uwb-imu-pl/gate-d-diagnostics/v16,32,1600000000,32,32,32,3,1,32,1600000000,"model_generation","EXECUTED",312.796694,""
uwb-imu-pl/gate-d-diagnostics/v16,32,1600000000,32,32,32,3,1,32,1600000000,"historical_sensitivity","EXECUTED",0.13894099999999998,""
uwb-imu-pl/gate-d-diagnostics/v16,32,1600000000,32,32,32,3,1,32,1600000000,"hypothesis_evidence","EXECUTED",1910.5432860000001,"effective_dimensions=1:464,2:41440,3:19200,other:0;context_bytes=10265792;worker_blocks=4"
uwb-imu-pl/gate-d-diagnostics/v16,32,1600000000,32,32,32,3,1,32,1600000000,"health_actions","EXECUTED",21.62519,""
uwb-imu-pl/gate-d-diagnostics/v16,32,1600000000,32,32,32,3,1,32,1600000000,"hypothesis_audit","SKIPPED",,"disabled by output.write_hypothesis_evidence"
uwb-imu-pl/gate-d-diagnostics/v16,32,1600000000,32,32,32,3,1,32,1600000000,"base_factorization","EXECUTED",0.284524,""
uwb-imu-pl/gate-d-diagnostics/v16,32,1600000000,32,32,32,3,1,32,1600000000,"shared_cache","EXECUTED",0.0021619999999999999,""
uwb-imu-pl/gate-d-diagnostics/v16,32,1600000000,32,32,32,3,1,32,1600000000,"candidate_evaluation","EXECUTED",457.08519200000001,"rank=1;dense=0;stream_protocol=2;stream_batches=1;stream_batch_capacity=1;stream_peak_batch_actions=1;stream_peak_resident_evaluated_actions=1;stream_peak_batch_full_proofs=0;stream_retained_full_candidates=0;stream_retained_full_proofs=0;stream_full_action_heavy_copy=0;stream_complete=1;stream_fde_preproof_selected_action=0;stream_fde_preproof_status=NO_VALID_CANDIDATE;stream_main_arena_action_full_proofs=0;stream_action_proof_retention=NORMAL_TWO_PASS_O_B_PLUS_ONE;stream_winner_recompute=0;stream_winner_recompute_test_seam=0"
uwb-imu-pl/gate-d-diagnostics/v16,32,1600000000,32,32,32,3,1,32,1600000000,"fde_decision","EXECUTED",27.423566000000001,""
uwb-imu-pl/gate-d-diagnostics/v16,32,1600000000,32,32,32,3,1,32,1600000000,"candidate_audit","EXECUTED",0.036503000000000001,"ACTION_REJECTION_FUNNEL_V2:1=REJECT_PL"
uwb-imu-pl/gate-d-diagnostics/v16,32,1600000000,32,32,32,3,1,32,1600000000,"commit","EXECUTED",2.4976639999999999,""
uwb-imu-pl/gate-d-diagnostics/v16,32,1600000000,32,32,32,3,1,32,1600000000,"state_audit","EXECUTED",0.00053700000000000004,""
uwb-imu-pl/gate-d-diagnostics/v16,32,1600000000,32,32,32,3,1,32,1600000000,"finalize_commit_audit","EXECUTED",34.932324000000001,"excludes separately timed commit/discard/state audit"
uwb-imu-pl/gate-d-diagnostics/v16,32,1600000000,32,32,32,3,1,32,1600000000,"discard","SKIPPED",,"upstream gate did not reach stage"
uwb-imu-pl/gate-d-diagnostics/v16,32,1600000000,32,32,32,3,1,32,1600000000,"core_total","EXECUTED",3202.918291,""
uwb-imu-pl/gate-d-diagnostics/v16,33,1650000000,33,33,33,4,1,33,1650000000,"prepare","EXECUTED",2.4184549999999998,""
uwb-imu-pl/gate-d-diagnostics/v16,33,1650000000,33,33,33,4,1,33,1650000000,"integrity_window","EXECUTED",418.78703100000001,""
uwb-imu-pl/gate-d-diagnostics/v16,33,1650000000,33,33,33,4,1,33,1650000000,"window_boundary_provenance","EXECUTED",402.45633700000002,""
uwb-imu-pl/gate-d-diagnostics/v16,33,1650000000,33,33,33,4,1,33,1650000000,"window_factor_linearization_whitening","EXECUTED",1.439009,""
uwb-imu-pl/gate-d-diagnostics/v16,33,1650000000,33,33,33,4,1,33,1650000000,"window_dense_assembly","EXECUTED",0.130524,""
uwb-imu-pl/gate-d-diagnostics/v16,33,1650000000,33,33,33,4,1,33,1650000000,"window_svd","EXECUTED",8.3371490000000001,""
uwb-imu-pl/gate-d-diagnostics/v16,33,1650000000,33,33,33,4,1,33,1650000000,"window_normal_equations","EXECUTED",0.35411300000000001,""
uwb-imu-pl/gate-d-diagnostics/v16,33,1650000000,33,33,33,4,1,33,1650000000,"window_llt_state_solves","EXECUTED",0.116743,""
uwb-imu-pl/gate-d-diagnostics/v16,33,1650000000,33,33,33,4,1,33,1650000000,"window_fingerprint","EXECUTED",4.5192079999999999,""
uwb-imu-pl/gate-d-diagnostics/v16,33,1650000000,33,33,33,4,1,33,1650000000,"all_in_detector","EXECUTED",0.350991,""
uwb-imu-pl/gate-d-diagnostics/v16,33,1650000000,33,33,33,4,1,33,1650000000,"current_sensitivity","EXECUTED",0.78346400000000005,""
uwb-imu-pl/gate-d-diagnostics/v16,33,1650000000,33,33,33,4,1,33,1650000000,"model_generation","EXECUTED",310.29108200000002,""
uwb-imu-pl/gate-d-diagnostics/v16,33,1650000000,33,33,33,4,1,33,1650000000,"historical_sensitivity","EXECUTED",0.12241000000000002,""
uwb-imu-pl/gate-d-diagnostics/v16,33,1650000000,33,33,33,4,1,33,1650000000,"hypothesis_evidence","EXECUTED",1910.946156,"effective_dimensions=1:464,2:41440,3:19200,other:0;context_bytes=10265792;worker_blocks=4"
uwb-imu-pl/gate-d-diagnostics/v16,33,1650000000,33,33,33,4,1,33,1650000000,"health_actions","EXECUTED",20.709769000000001,""
uwb-imu-pl/gate-d-diagnostics/v16,33,1650000000,33,33,33,4,1,33,1650000000,"hypothesis_audit","SKIPPED",,"disabled by output.write_hypothesis_evidence"
uwb-imu-pl/gate-d-diagnostics/v16,33,1650000000,33,33,33,4,1,33,1650000000,"base_factorization","EXECUTED",0.26533699999999999,""
uwb-imu-pl/gate-d-diagnostics/v16,33,1650000000,33,33,33,4,1,33,1650000000,"shared_cache","EXECUTED",0.001725,""
uwb-imu-pl/gate-d-diagnostics/v16,33,1650000000,33,33,33,4,1,33,1650000000,"candidate_evaluation","EXECUTED",447.41399100000001,"rank=1;dense=0;stream_protocol=2;stream_batches=1;stream_batch_capacity=1;stream_peak_batch_actions=1;stream_peak_resident_evaluated_actions=1;stream_peak_batch_full_proofs=0;stream_retained_full_candidates=0;stream_retained_full_proofs=0;stream_full_action_heavy_copy=0;stream_complete=1;stream_fde_preproof_selected_action=0;stream_fde_preproof_status=NO_VALID_CANDIDATE;stream_main_arena_action_full_proofs=0;stream_action_proof_retention=NORMAL_TWO_PASS_O_B_PLUS_ONE;stream_winner_recompute=0;stream_winner_recompute_test_seam=0"
uwb-imu-pl/gate-d-diagnostics/v16,33,1650000000,33,33,33,4,1,33,1650000000,"fde_decision","EXECUTED",26.320810000000002,""
uwb-imu-pl/gate-d-diagnostics/v16,33,1650000000,33,33,33,4,1,33,1650000000,"candidate_audit","EXECUTED",0.047578000000000002,"ACTION_REJECTION_FUNNEL_V2:1=REJECT_PL"
uwb-imu-pl/gate-d-diagnostics/v16,33,1650000000,33,33,33,4,1,33,1650000000,"commit","EXECUTED",2.8261630000000002,""
uwb-imu-pl/gate-d-diagnostics/v16,33,1650000000,33,33,33,4,1,33,1650000000,"state_audit","EXECUTED",0.00055900000000000004,""
uwb-imu-pl/gate-d-diagnostics/v16,33,1650000000,33,33,33,4,1,33,1650000000,"finalize_commit_audit","EXECUTED",34.939215000000004,"excludes separately timed commit/discard/state audit"
uwb-imu-pl/gate-d-diagnostics/v16,33,1650000000,33,33,33,4,1,33,1650000000,"discard","SKIPPED",,"upstream gate did not reach stage"
uwb-imu-pl/gate-d-diagnostics/v16,33,1650000000,33,33,33,4,1,33,1650000000,"core_total","EXECUTED",3177.1256840000001,""
uwb-imu-pl/gate-d-diagnostics/v16,34,1700000000,34,34,34,5,1,34,1700000000,"prepare","EXECUTED",2.4423870000000001,""
uwb-imu-pl/gate-d-diagnostics/v16,34,1700000000,34,34,34,5,1,34,1700000000,"integrity_window","EXECUTED",432.68918500000001,""
uwb-imu-pl/gate-d-diagnostics/v16,34,1700000000,34,34,34,5,1,34,1700000000,"window_boundary_provenance","EXECUTED",417.20149300000003,""
uwb-imu-pl/gate-d-diagnostics/v16,34,1700000000,34,34,34,5,1,34,1700000000,"window_factor_linearization_whitening","EXECUTED",1.2009069999999999,""
uwb-imu-pl/gate-d-diagnostics/v16,34,1700000000,34,34,34,5,1,34,1700000000,"window_dense_assembly","EXECUTED",0.11856700000000001,""
uwb-imu-pl/gate-d-diagnostics/v16,34,1700000000,34,34,34,5,1,34,1700000000,"window_svd","EXECUTED",8.4259819999999994,""
uwb-imu-pl/gate-d-diagnostics/v16,34,1700000000,34,34,34,5,1,34,1700000000,"window_normal_equations","EXECUTED",0.33948899999999999,""
uwb-imu-pl/gate-d-diagnostics/v16,34,1700000000,34,34,34,5,1,34,1700000000,"window_llt_state_solves","EXECUTED",0.109194,""
uwb-imu-pl/gate-d-diagnostics/v16,34,1700000000,34,34,34,5,1,34,1700000000,"window_fingerprint","EXECUTED",3.8772959999999999,""
uwb-imu-pl/gate-d-diagnostics/v16,34,1700000000,34,34,34,5,1,34,1700000000,"all_in_detector","EXECUTED",0.27233600000000002,""
uwb-imu-pl/gate-d-diagnostics/v16,34,1700000000,34,34,34,5,1,34,1700000000,"current_sensitivity","EXECUTED",0.73063100000000003,""
uwb-imu-pl/gate-d-diagnostics/v16,34,1700000000,34,34,34,5,1,34,1700000000,"model_generation","EXECUTED",307.06756300000001,""
uwb-imu-pl/gate-d-diagnostics/v16,34,1700000000,34,34,34,5,1,34,1700000000,"historical_sensitivity","EXECUTED",0.11827100000000002,""
uwb-imu-pl/gate-d-diagnostics/v16,34,1700000000,34,34,34,5,1,34,1700000000,"hypothesis_evidence","EXECUTED",1901.414978,"effective_dimensions=1:464,2:41440,3:19200,other:0;context_bytes=10265792;worker_blocks=4"
uwb-imu-pl/gate-d-diagnostics/v16,34,1700000000,34,34,34,5,1,34,1700000000,"health_actions","EXECUTED",18.374907,""
uwb-imu-pl/gate-d-diagnostics/v16,34,1700000000,34,34,34,5,1,34,1700000000,"hypothesis_audit","SKIPPED",,"disabled by output.write_hypothesis_evidence"
uwb-imu-pl/gate-d-diagnostics/v16,34,1700000000,34,34,34,5,1,34,1700000000,"base_factorization","EXECUTED",0.26713500000000001,""
uwb-imu-pl/gate-d-diagnostics/v16,34,1700000000,34,34,34,5,1,34,1700000000,"shared_cache","EXECUTED",0.0020560000000000001,""
uwb-imu-pl/gate-d-diagnostics/v16,34,1700000000,34,34,34,5,1,34,1700000000,"candidate_evaluation","EXECUTED",459.85175500000003,"rank=1;dense=0;stream_protocol=2;stream_batches=1;stream_batch_capacity=1;stream_peak_batch_actions=1;stream_peak_resident_evaluated_actions=1;stream_peak_batch_full_proofs=0;stream_retained_full_candidates=0;stream_retained_full_proofs=0;stream_full_action_heavy_copy=0;stream_complete=1;stream_fde_preproof_selected_action=0;stream_fde_preproof_status=NO_VALID_CANDIDATE;stream_main_arena_action_full_proofs=0;stream_action_proof_retention=NORMAL_TWO_PASS_O_B_PLUS_ONE;stream_winner_recompute=0;stream_winner_recompute_test_seam=0"
uwb-imu-pl/gate-d-diagnostics/v16,34,1700000000,34,34,34,5,1,34,1700000000,"fde_decision","EXECUTED",26.789735,""
uwb-imu-pl/gate-d-diagnostics/v16,34,1700000000,34,34,34,5,1,34,1700000000,"candidate_audit","EXECUTED",0.049435,"ACTION_REJECTION_FUNNEL_V2:1=REJECT_PL"
uwb-imu-pl/gate-d-diagnostics/v16,34,1700000000,34,34,34,5,1,34,1700000000,"commit","EXECUTED",3.620139,""
uwb-imu-pl/gate-d-diagnostics/v16,34,1700000000,34,34,34,5,1,34,1700000000,"state_audit","EXECUTED",0.00025799999999999998,""
uwb-imu-pl/gate-d-diagnostics/v16,34,1700000000,34,34,34,5,1,34,1700000000,"finalize_commit_audit","EXECUTED",35.110035000000003,"excludes separately timed commit/discard/state audit"
uwb-imu-pl/gate-d-diagnostics/v16,34,1700000000,34,34,34,5,1,34,1700000000,"discard","SKIPPED",,"upstream gate did not reach stage"
uwb-imu-pl/gate-d-diagnostics/v16,34,1700000000,34,34,34,5,1,34,1700000000,"core_total","EXECUTED",3189.663763,""
uwb-imu-pl/gate-d-diagnostics/v16,35,1750000000,35,35,35,6,1,35,1750000000,"prepare","EXECUTED",2.5531069999999998,""
uwb-imu-pl/gate-d-diagnostics/v16,35,1750000000,35,35,35,6,1,35,1750000000,"integrity_window","EXECUTED",412.96407599999998,""
uwb-imu-pl/gate-d-diagnostics/v16,35,1750000000,35,35,35,6,1,35,1750000000,"window_boundary_provenance","EXECUTED",397.14095300000002,""
uwb-imu-pl/gate-d-diagnostics/v16,35,1750000000,35,35,35,6,1,35,1750000000,"window_factor_linearization_whitening","EXECUTED",1.298292,""
uwb-imu-pl/gate-d-diagnostics/v16,35,1750000000,35,35,35,6,1,35,1750000000,"window_dense_assembly","EXECUTED",0.117351,""
uwb-imu-pl/gate-d-diagnostics/v16,35,1750000000,35,35,35,6,1,35,1750000000,"window_svd","EXECUTED",8.6891390000000008,""
uwb-imu-pl/gate-d-diagnostics/v16,35,1750000000,35,35,35,6,1,35,1750000000,"window_normal_equations","EXECUTED",0.33942,""
uwb-imu-pl/gate-d-diagnostics/v16,35,1750000000,35,35,35,6,1,35,1750000000,"window_llt_state_solves","EXECUTED",0.10938100000000001,""
uwb-imu-pl/gate-d-diagnostics/v16,35,1750000000,35,35,35,6,1,35,1750000000,"window_fingerprint","EXECUTED",3.8931930000000001,""
uwb-imu-pl/gate-d-diagnostics/v16,35,1750000000,35,35,35,6,1,35,1750000000,"all_in_detector","EXECUTED",0.282775,""
uwb-imu-pl/gate-d-diagnostics/v16,35,1750000000,35,35,35,6,1,35,1750000000,"current_sensitivity","EXECUTED",0.58028999999999997,""
uwb-imu-pl/gate-d-diagnostics/v16,35,1750000000,35,35,35,6,1,35,1750000000,"model_generation","EXECUTED",305.46226300000001,""
uwb-imu-pl/gate-d-diagnostics/v16,35,1750000000,35,35,35,6,1,35,1750000000,"historical_sensitivity","EXECUTED",0.12194799999999999,""
uwb-imu-pl/gate-d-diagnostics/v16,35,1750000000,35,35,35,6,1,35,1750000000,"hypothesis_evidence","EXECUTED",1913.3626850000001,"effective_dimensions=1:464,2:41440,3:19200,other:0;context_bytes=10265792;worker_blocks=4"
uwb-imu-pl/gate-d-diagnostics/v16,35,1750000000,35,35,35,6,1,35,1750000000,"health_actions","EXECUTED",19.930841999999998,""
uwb-imu-pl/gate-d-diagnostics/v16,35,1750000000,35,35,35,6,1,35,1750000000,"hypothesis_audit","SKIPPED",,"disabled by output.write_hypothesis_evidence"
uwb-imu-pl/gate-d-diagnostics/v16,35,1750000000,35,35,35,6,1,35,1750000000,"base_factorization","EXECUTED",0.26927200000000001,""
uwb-imu-pl/gate-d-diagnostics/v16,35,1750000000,35,35,35,6,1,35,1750000000,"shared_cache","EXECUTED",0.001836,""
uwb-imu-pl/gate-d-diagnostics/v16,35,1750000000,35,35,35,6,1,35,1750000000,"candidate_evaluation","EXECUTED",452.650531,"rank=1;dense=0;stream_protocol=2;stream_batches=1;stream_batch_capacity=1;stream_peak_batch_actions=1;stream_peak_resident_evaluated_actions=1;stream_peak_batch_full_proofs=0;stream_retained_full_candidates=0;stream_retained_full_proofs=0;stream_full_action_heavy_copy=0;stream_complete=1;stream_fde_preproof_selected_action=0;stream_fde_preproof_status=NO_VALID_CANDIDATE;stream_main_arena_action_full_proofs=0;stream_action_proof_retention=NORMAL_TWO_PASS_O_B_PLUS_ONE;stream_winner_recompute=0;stream_winner_recompute_test_seam=0"
uwb-imu-pl/gate-d-diagnostics/v16,35,1750000000,35,35,35,6,1,35,1750000000,"fde_decision","EXECUTED",29.884865000000001,""
uwb-imu-pl/gate-d-diagnostics/v16,35,1750000000,35,35,35,6,1,35,1750000000,"candidate_audit","EXECUTED",0.038447000000000002,"ACTION_REJECTION_FUNNEL_V2:1=REJECT_PL"
uwb-imu-pl/gate-d-diagnostics/v16,35,1750000000,35,35,35,6,1,35,1750000000,"commit","EXECUTED",2.7555049999999999,""
uwb-imu-pl/gate-d-diagnostics/v16,35,1750000000,35,35,35,6,1,35,1750000000,"state_audit","EXECUTED",0.00040900000000000002,""
uwb-imu-pl/gate-d-diagnostics/v16,35,1750000000,35,35,35,6,1,35,1750000000,"finalize_commit_audit","EXECUTED",33.501608000000004,"excludes separately timed commit/discard/state audit"
uwb-imu-pl/gate-d-diagnostics/v16,35,1750000000,35,35,35,6,1,35,1750000000,"discard","SKIPPED",,"upstream gate did not reach stage"
uwb-imu-pl/gate-d-diagnostics/v16,35,1750000000,35,35,35,6,1,35,1750000000,"core_total","EXECUTED",3175.1117680000002,""
uwb-imu-pl/gate-d-diagnostics/v16,36,1800000000,36,36,36,7,1,36,1800000000,"prepare","EXECUTED",2.597391,""
uwb-imu-pl/gate-d-diagnostics/v16,36,1800000000,36,36,36,7,1,36,1800000000,"integrity_window","EXECUTED",475.35846299999997,""
uwb-imu-pl/gate-d-diagnostics/v16,36,1800000000,36,36,36,7,1,36,1800000000,"window_boundary_provenance","EXECUTED",458.91533299999998,""
uwb-imu-pl/gate-d-diagnostics/v16,36,1800000000,36,36,36,7,1,36,1800000000,"window_factor_linearization_whitening","EXECUTED",1.10056,""
uwb-imu-pl/gate-d-diagnostics/v16,36,1800000000,36,36,36,7,1,36,1800000000,"window_dense_assembly","EXECUTED",0.123472,""
uwb-imu-pl/gate-d-diagnostics/v16,36,1800000000,36,36,36,7,1,36,1800000000,"window_svd","EXECUTED",9.4352119999999999,""
uwb-imu-pl/gate-d-diagnostics/v16,36,1800000000,36,36,36,7,1,36,1800000000,"window_normal_equations","EXECUTED",0.39371899999999999,""
uwb-imu-pl/gate-d-diagnostics/v16,36,1800000000,36,36,36,7,1,36,1800000000,"window_llt_state_solves","EXECUTED",0.11518399999999999,""
uwb-imu-pl/gate-d-diagnostics/v16,36,1800000000,36,36,36,7,1,36,1800000000,"window_fingerprint","EXECUTED",3.8922270000000001,""
uwb-imu-pl/gate-d-diagnostics/v16,36,1800000000,36,36,36,7,1,36,1800000000,"all_in_detector","EXECUTED",0.29705500000000001,""
uwb-imu-pl/gate-d-diagnostics/v16,36,1800000000,36,36,36,7,1,36,1800000000,"current_sensitivity","EXECUTED",0.61352799999999996,""
uwb-imu-pl/gate-d-diagnostics/v16,36,1800000000,36,36,36,7,1,36,1800000000,"model_generation","EXECUTED",321.07823300000001,""
uwb-imu-pl/gate-d-diagnostics/v16,36,1800000000,36,36,36,7,1,36,1800000000,"historical_sensitivity","EXECUTED",0.127526,""
uwb-imu-pl/gate-d-diagnostics/v16,36,1800000000,36,36,36,7,1,36,1800000000,"hypothesis_evidence","EXECUTED",1900.8147039999999,"effective_dimensions=1:464,2:41440,3:19200,other:0;context_bytes=10265792;worker_blocks=4"
uwb-imu-pl/gate-d-diagnostics/v16,36,1800000000,36,36,36,7,1,36,1800000000,"health_actions","EXECUTED",23.098196999999999,""
uwb-imu-pl/gate-d-diagnostics/v16,36,1800000000,36,36,36,7,1,36,1800000000,"hypothesis_audit","SKIPPED",,"disabled by output.write_hypothesis_evidence"
uwb-imu-pl/gate-d-diagnostics/v16,36,1800000000,36,36,36,7,1,36,1800000000,"base_factorization","EXECUTED",0.38516400000000001,""
uwb-imu-pl/gate-d-diagnostics/v16,36,1800000000,36,36,36,7,1,36,1800000000,"shared_cache","EXECUTED",0.0038920000000000001,""
uwb-imu-pl/gate-d-diagnostics/v16,36,1800000000,36,36,36,7,1,36,1800000000,"candidate_evaluation","EXECUTED",456.19975399999998,"rank=1;dense=0;stream_protocol=2;stream_batches=1;stream_batch_capacity=1;stream_peak_batch_actions=1;stream_peak_resident_evaluated_actions=1;stream_peak_batch_full_proofs=0;stream_retained_full_candidates=0;stream_retained_full_proofs=0;stream_full_action_heavy_copy=0;stream_complete=1;stream_fde_preproof_selected_action=0;stream_fde_preproof_status=NO_VALID_CANDIDATE;stream_main_arena_action_full_proofs=0;stream_action_proof_retention=NORMAL_TWO_PASS_O_B_PLUS_ONE;stream_winner_recompute=0;stream_winner_recompute_test_seam=0"
uwb-imu-pl/gate-d-diagnostics/v16,36,1800000000,36,36,36,7,1,36,1800000000,"fde_decision","EXECUTED",25.693940000000001,""
uwb-imu-pl/gate-d-diagnostics/v16,36,1800000000,36,36,36,7,1,36,1800000000,"candidate_audit","EXECUTED",0.040613999999999997,"ACTION_REJECTION_FUNNEL_V2:1=REJECT_PL"
uwb-imu-pl/gate-d-diagnostics/v16,36,1800000000,36,36,36,7,1,36,1800000000,"commit","EXECUTED",2.4916320000000001,""
uwb-imu-pl/gate-d-diagnostics/v16,36,1800000000,36,36,36,7,1,36,1800000000,"state_audit","EXECUTED",0.000379,""
uwb-imu-pl/gate-d-diagnostics/v16,36,1800000000,36,36,36,7,1,36,1800000000,"finalize_commit_audit","EXECUTED",34.049889,"excludes separately timed commit/discard/state audit"
uwb-imu-pl/gate-d-diagnostics/v16,36,1800000000,36,36,36,7,1,36,1800000000,"discard","SKIPPED",,"upstream gate did not reach stage"
uwb-imu-pl/gate-d-diagnostics/v16,36,1800000000,36,36,36,7,1,36,1800000000,"core_total","EXECUTED",3243.4885559999998,""
uwb-imu-pl/gate-d-diagnostics/v16,37,1850000000,37,37,37,8,1,37,1850000000,"prepare","EXECUTED",2.4059650000000001,""
uwb-imu-pl/gate-d-diagnostics/v16,37,1850000000,37,37,37,8,1,37,1850000000,"integrity_window","EXECUTED",491.410618,""
uwb-imu-pl/gate-d-diagnostics/v16,37,1850000000,37,37,37,8,1,37,1850000000,"window_boundary_provenance","EXECUTED",475.180657,""
uwb-imu-pl/gate-d-diagnostics/v16,37,1850000000,37,37,37,8,1,37,1850000000,"window_factor_linearization_whitening","EXECUTED",1.204113,""
uwb-imu-pl/gate-d-diagnostics/v16,37,1850000000,37,37,37,8,1,37,1850000000,"window_dense_assembly","EXECUTED",0.107575,""
uwb-imu-pl/gate-d-diagnostics/v16,37,1850000000,37,37,37,8,1,37,1850000000,"window_svd","EXECUTED",8.3283299999999993,""
uwb-imu-pl/gate-d-diagnostics/v16,37,1850000000,37,37,37,8,1,37,1850000000,"window_normal_equations","EXECUTED",0.37296699999999999,""
uwb-imu-pl/gate-d-diagnostics/v16,37,1850000000,37,37,37,8,1,37,1850000000,"window_llt_state_solves","EXECUTED",0.14490900000000001,""
uwb-imu-pl/gate-d-diagnostics/v16,37,1850000000,37,37,37,8,1,37,1850000000,"window_fingerprint","EXECUTED",4.6413580000000003,""
uwb-imu-pl/gate-d-diagnostics/v16,37,1850000000,37,37,37,8,1,37,1850000000,"all_in_detector","EXECUTED",0.30848799999999998,""
uwb-imu-pl/gate-d-diagnostics/v16,37,1850000000,37,37,37,8,1,37,1850000000,"current_sensitivity","EXECUTED",0.90520299999999998,""
uwb-imu-pl/gate-d-diagnostics/v16,37,1850000000,37,37,37,8,1,37,1850000000,"model_generation","EXECUTED",315.34987599999999,""
uwb-imu-pl/gate-d-diagnostics/v16,37,1850000000,37,37,37,8,1,37,1850000000,"historical_sensitivity","EXECUTED",0.119814,""
uwb-imu-pl/gate-d-diagnostics/v16,37,1850000000,37,37,37,8,1,37,1850000000,"hypothesis_evidence","EXECUTED",1923.641132,"effective_dimensions=1:464,2:41440,3:19200,other:0;context_bytes=10265792;worker_blocks=4"
uwb-imu-pl/gate-d-diagnostics/v16,37,1850000000,37,37,37,8,1,37,1850000000,"health_actions","EXECUTED",19.886945000000001,""
uwb-imu-pl/gate-d-diagnostics/v16,37,1850000000,37,37,37,8,1,37,1850000000,"hypothesis_audit","SKIPPED",,"disabled by output.write_hypothesis_evidence"
uwb-imu-pl/gate-d-diagnostics/v16,37,1850000000,37,37,37,8,1,37,1850000000,"base_factorization","EXECUTED",0.26811699999999999,""
uwb-imu-pl/gate-d-diagnostics/v16,37,1850000000,37,37,37,8,1,37,1850000000,"shared_cache","EXECUTED",0.0026350000000000002,""
uwb-imu-pl/gate-d-diagnostics/v16,37,1850000000,37,37,37,8,1,37,1850000000,"candidate_evaluation","EXECUTED",464.75458900000001,"rank=1;dense=0;stream_protocol=2;stream_batches=1;stream_batch_capacity=1;stream_peak_batch_actions=1;stream_peak_resident_evaluated_actions=1;stream_peak_batch_full_proofs=0;stream_retained_full_candidates=0;stream_retained_full_proofs=0;stream_full_action_heavy_copy=0;stream_complete=1;stream_fde_preproof_selected_action=0;stream_fde_preproof_status=NO_VALID_CANDIDATE;stream_main_arena_action_full_proofs=0;stream_action_proof_retention=NORMAL_TWO_PASS_O_B_PLUS_ONE;stream_winner_recompute=0;stream_winner_recompute_test_seam=0"
uwb-imu-pl/gate-d-diagnostics/v16,37,1850000000,37,37,37,8,1,37,1850000000,"fde_decision","EXECUTED",30.664255000000001,""
uwb-imu-pl/gate-d-diagnostics/v16,37,1850000000,37,37,37,8,1,37,1850000000,"candidate_audit","EXECUTED",0.039993000000000001,"ACTION_REJECTION_FUNNEL_V2:1=REJECT_PL"
uwb-imu-pl/gate-d-diagnostics/v16,37,1850000000,37,37,37,8,1,37,1850000000,"commit","EXECUTED",2.8512749999999998,""
uwb-imu-pl/gate-d-diagnostics/v16,37,1850000000,37,37,37,8,1,37,1850000000,"state_audit","EXECUTED",0.00039500000000000001,""
uwb-imu-pl/gate-d-diagnostics/v16,37,1850000000,37,37,37,8,1,37,1850000000,"finalize_commit_audit","EXECUTED",36.903441000000001,"excludes separately timed commit/discard/state audit"
uwb-imu-pl/gate-d-diagnostics/v16,37,1850000000,37,37,37,8,1,37,1850000000,"discard","SKIPPED",,"upstream gate did not reach stage"
uwb-imu-pl/gate-d-diagnostics/v16,37,1850000000,37,37,37,8,1,37,1850000000,"core_total","EXECUTED",3290.3007579999999,""
uwb-imu-pl/gate-d-diagnostics/v16,38,1900000000,38,38,38,9,1,38,1900000000,"prepare","EXECUTED",2.5489250000000001,""
uwb-imu-pl/gate-d-diagnostics/v16,38,1900000000,38,38,38,9,1,38,1900000000,"integrity_window","EXECUTED",525.34315600000002,""
uwb-imu-pl/gate-d-diagnostics/v16,38,1900000000,38,38,38,9,1,38,1900000000,"window_boundary_provenance","EXECUTED",509.94727899999998,""
uwb-imu-pl/gate-d-diagnostics/v16,38,1900000000,38,38,38,9,1,38,1900000000,"window_factor_linearization_whitening","EXECUTED",1.1984710000000001,""
uwb-imu-pl/gate-d-diagnostics/v16,38,1900000000,38,38,38,9,1,38,1900000000,"window_dense_assembly","EXECUTED",0.12744800000000001,""
uwb-imu-pl/gate-d-diagnostics/v16,38,1900000000,38,38,38,9,1,38,1900000000,"window_svd","EXECUTED",8.1383390000000002,""
uwb-imu-pl/gate-d-diagnostics/v16,38,1900000000,38,38,38,9,1,38,1900000000,"window_normal_equations","EXECUTED",0.331872,""
uwb-imu-pl/gate-d-diagnostics/v16,38,1900000000,38,38,38,9,1,38,1900000000,"window_llt_state_solves","EXECUTED",0.109219,""
uwb-imu-pl/gate-d-diagnostics/v16,38,1900000000,38,38,38,9,1,38,1900000000,"window_fingerprint","EXECUTED",4.1349229999999997,""
uwb-imu-pl/gate-d-diagnostics/v16,38,1900000000,38,38,38,9,1,38,1900000000,"all_in_detector","EXECUTED",0.25389200000000001,""
uwb-imu-pl/gate-d-diagnostics/v16,38,1900000000,38,38,38,9,1,38,1900000000,"current_sensitivity","EXECUTED",0.56196599999999997,""
uwb-imu-pl/gate-d-diagnostics/v16,38,1900000000,38,38,38,9,1,38,1900000000,"model_generation","EXECUTED",309.36511100000001,""
uwb-imu-pl/gate-d-diagnostics/v16,38,1900000000,38,38,38,9,1,38,1900000000,"historical_sensitivity","EXECUTED",0.11826999999999999,""
uwb-imu-pl/gate-d-diagnostics/v16,38,1900000000,38,38,38,9,1,38,1900000000,"hypothesis_evidence","EXECUTED",1901.2651840000001,"effective_dimensions=1:464,2:41440,3:19200,other:0;context_bytes=10265792;worker_blocks=4"
uwb-imu-pl/gate-d-diagnostics/v16,38,1900000000,38,38,38,9,1,38,1900000000,"health_actions","EXECUTED",20.103142999999999,""
uwb-imu-pl/gate-d-diagnostics/v16,38,1900000000,38,38,38,9,1,38,1900000000,"hypothesis_audit","SKIPPED",,"disabled by output.write_hypothesis_evidence"
uwb-imu-pl/gate-d-diagnostics/v16,38,1900000000,38,38,38,9,1,38,1900000000,"base_factorization","EXECUTED",0.263575,""
uwb-imu-pl/gate-d-diagnostics/v16,38,1900000000,38,38,38,9,1,38,1900000000,"shared_cache","EXECUTED",0.0020990000000000002,""
uwb-imu-pl/gate-d-diagnostics/v16,38,1900000000,38,38,38,9,1,38,1900000000,"candidate_evaluation","EXECUTED",453.093658,"rank=1;dense=0;stream_protocol=2;stream_batches=1;stream_batch_capacity=1;stream_peak_batch_actions=1;stream_peak_resident_evaluated_actions=1;stream_peak_batch_full_proofs=0;stream_retained_full_candidates=0;stream_retained_full_proofs=0;stream_full_action_heavy_copy=0;stream_complete=1;stream_fde_preproof_selected_action=0;stream_fde_preproof_status=NO_VALID_CANDIDATE;stream_main_arena_action_full_proofs=0;stream_action_proof_retention=NORMAL_TWO_PASS_O_B_PLUS_ONE;stream_winner_recompute=0;stream_winner_recompute_test_seam=0"
uwb-imu-pl/gate-d-diagnostics/v16,38,1900000000,38,38,38,9,1,38,1900000000,"fde_decision","EXECUTED",27.689951000000001,""
uwb-imu-pl/gate-d-diagnostics/v16,38,1900000000,38,38,38,9,1,38,1900000000,"candidate_audit","EXECUTED",0.037471999999999998,"ACTION_REJECTION_FUNNEL_V2:1=REJECT_PL"
uwb-imu-pl/gate-d-diagnostics/v16,38,1900000000,38,38,38,9,1,38,1900000000,"commit","EXECUTED",3.2597339999999999,""
uwb-imu-pl/gate-d-diagnostics/v16,38,1900000000,38,38,38,9,1,38,1900000000,"state_audit","EXECUTED",0.00057700000000000004,""
uwb-imu-pl/gate-d-diagnostics/v16,38,1900000000,38,38,38,9,1,38,1900000000,"finalize_commit_audit","EXECUTED",36.326011000000001,"excludes separately timed commit/discard/state audit"
uwb-imu-pl/gate-d-diagnostics/v16,38,1900000000,38,38,38,9,1,38,1900000000,"discard","SKIPPED",,"upstream gate did not reach stage"
uwb-imu-pl/gate-d-diagnostics/v16,38,1900000000,38,38,38,9,1,38,1900000000,"core_total","EXECUTED",3280.8672660000002,""
uwb-imu-pl/gate-d-diagnostics/v16,39,1950000000,39,39,39,10,1,39,1950000000,"prepare","EXECUTED",2.5129709999999998,""
uwb-imu-pl/gate-d-diagnostics/v16,39,1950000000,39,39,39,10,1,39,1950000000,"integrity_window","EXECUTED",577.75037099999997,""
uwb-imu-pl/gate-d-diagnostics/v16,39,1950000000,39,39,39,10,1,39,1950000000,"window_boundary_provenance","EXECUTED",560.748153,""
uwb-imu-pl/gate-d-diagnostics/v16,39,1950000000,39,39,39,10,1,39,1950000000,"window_factor_linearization_whitening","EXECUTED",1.1598139999999999,""
uwb-imu-pl/gate-d-diagnostics/v16,39,1950000000,39,39,39,10,1,39,1950000000,"window_dense_assembly","EXECUTED",0.132077,""
uwb-imu-pl/gate-d-diagnostics/v16,39,1950000000,39,39,39,10,1,39,1950000000,"window_svd","EXECUTED",9.2308199999999996,""
uwb-imu-pl/gate-d-diagnostics/v16,39,1950000000,39,39,39,10,1,39,1950000000,"window_normal_equations","EXECUTED",0.53108699999999998,""
uwb-imu-pl/gate-d-diagnostics/v16,39,1950000000,39,39,39,10,1,39,1950000000,"window_llt_state_solves","EXECUTED",0.19766800000000001,""
uwb-imu-pl/gate-d-diagnostics/v16,39,1950000000,39,39,39,10,1,39,1950000000,"window_fingerprint","EXECUTED",4.1307999999999998,""
uwb-imu-pl/gate-d-diagnostics/v16,39,1950000000,39,39,39,10,1,39,1950000000,"all_in_detector","EXECUTED",0.43988500000000003,""
uwb-imu-pl/gate-d-diagnostics/v16,39,1950000000,39,39,39,10,1,39,1950000000,"current_sensitivity","EXECUTED",0.74480000000000002,""
uwb-imu-pl/gate-d-diagnostics/v16,39,1950000000,39,39,39,10,1,39,1950000000,"model_generation","EXECUTED",306.94567000000001,""
uwb-imu-pl/gate-d-diagnostics/v16,39,1950000000,39,39,39,10,1,39,1950000000,"historical_sensitivity","EXECUTED",0.13328000000000001,""
uwb-imu-pl/gate-d-diagnostics/v16,39,1950000000,39,39,39,10,1,39,1950000000,"hypothesis_evidence","EXECUTED",1872.8427260000001,"effective_dimensions=1:464,2:41440,3:19200,other:0;context_bytes=10265792;worker_blocks=4"
uwb-imu-pl/gate-d-diagnostics/v16,39,1950000000,39,39,39,10,1,39,1950000000,"health_actions","EXECUTED",20.300454999999999,""
uwb-imu-pl/gate-d-diagnostics/v16,39,1950000000,39,39,39,10,1,39,1950000000,"hypothesis_audit","SKIPPED",,"disabled by output.write_hypothesis_evidence"
uwb-imu-pl/gate-d-diagnostics/v16,39,1950000000,39,39,39,10,1,39,1950000000,"base_factorization","EXECUTED",0.31158400000000003,""
uwb-imu-pl/gate-d-diagnostics/v16,39,1950000000,39,39,39,10,1,39,1950000000,"shared_cache","EXECUTED",0.0025850000000000001,""
uwb-imu-pl/gate-d-diagnostics/v16,39,1950000000,39,39,39,10,1,39,1950000000,"candidate_evaluation","EXECUTED",448.433244,"rank=1;dense=0;stream_protocol=2;stream_batches=1;stream_batch_capacity=1;stream_peak_batch_actions=1;stream_peak_resident_evaluated_actions=1;stream_peak_batch_full_proofs=0;stream_retained_full_candidates=0;stream_retained_full_proofs=0;stream_full_action_heavy_copy=0;stream_complete=1;stream_fde_preproof_selected_action=0;stream_fde_preproof_status=NO_VALID_CANDIDATE;stream_main_arena_action_full_proofs=0;stream_action_proof_retention=NORMAL_TWO_PASS_O_B_PLUS_ONE;stream_winner_recompute=0;stream_winner_recompute_test_seam=0"
uwb-imu-pl/gate-d-diagnostics/v16,39,1950000000,39,39,39,10,1,39,1950000000,"fde_decision","EXECUTED",26.152522999999999,""
uwb-imu-pl/gate-d-diagnostics/v16,39,1950000000,39,39,39,10,1,39,1950000000,"candidate_audit","EXECUTED",0.038004000000000003,"ACTION_REJECTION_FUNNEL_V2:1=REJECT_PL"
uwb-imu-pl/gate-d-diagnostics/v16,39,1950000000,39,39,39,10,1,39,1950000000,"commit","EXECUTED",3.6722809999999999,""
uwb-imu-pl/gate-d-diagnostics/v16,39,1950000000,39,39,39,10,1,39,1950000000,"state_audit","EXECUTED",0.00053499999999999999,""
uwb-imu-pl/gate-d-diagnostics/v16,39,1950000000,39,39,39,10,1,39,1950000000,"finalize_commit_audit","EXECUTED",34.825975,"excludes separately timed commit/discard/state audit"
uwb-imu-pl/gate-d-diagnostics/v16,39,1950000000,39,39,39,10,1,39,1950000000,"discard","SKIPPED",,"upstream gate did not reach stage"
uwb-imu-pl/gate-d-diagnostics/v16,39,1950000000,39,39,39,10,1,39,1950000000,"core_total","EXECUTED",3295.7703379999998,""
uwb-imu-pl/gate-d-diagnostics/v16,40,2000000000,40,40,40,11,1,40,2000000000,"prepare","EXECUTED",2.7827069999999998,""
uwb-imu-pl/gate-d-diagnostics/v16,40,2000000000,40,40,40,11,1,40,2000000000,"integrity_window","EXECUTED",607.64593600000001,""
uwb-imu-pl/gate-d-diagnostics/v16,40,2000000000,40,40,40,11,1,40,2000000000,"window_boundary_provenance","EXECUTED",592.52573600000005,""
uwb-imu-pl/gate-d-diagnostics/v16,40,2000000000,40,40,40,11,1,40,2000000000,"window_factor_linearization_whitening","EXECUTED",1.256446,""
uwb-imu-pl/gate-d-diagnostics/v16,40,2000000000,40,40,40,11,1,40,2000000000,"window_dense_assembly","EXECUTED",0.115108,""
uwb-imu-pl/gate-d-diagnostics/v16,40,2000000000,40,40,40,11,1,40,2000000000,"window_svd","EXECUTED",7.9387379999999999,""
uwb-imu-pl/gate-d-diagnostics/v16,40,2000000000,40,40,40,11,1,40,2000000000,"window_normal_equations","EXECUTED",0.33969700000000003,""
uwb-imu-pl/gate-d-diagnostics/v16,40,2000000000,40,40,40,11,1,40,2000000000,"window_llt_state_solves","EXECUTED",0.10598,""
uwb-imu-pl/gate-d-diagnostics/v16,40,2000000000,40,40,40,11,1,40,2000000000,"window_fingerprint","EXECUTED",3.939133,""
uwb-imu-pl/gate-d-diagnostics/v16,40,2000000000,40,40,40,11,1,40,2000000000,"all_in_detector","EXECUTED",0.27983599999999997,""
uwb-imu-pl/gate-d-diagnostics/v16,40,2000000000,40,40,40,11,1,40,2000000000,"current_sensitivity","EXECUTED",0.60184700000000002,""
uwb-imu-pl/gate-d-diagnostics/v16,40,2000000000,40,40,40,11,1,40,2000000000,"model_generation","EXECUTED",309.02822300000003,""
uwb-imu-pl/gate-d-diagnostics/v16,40,2000000000,40,40,40,11,1,40,2000000000,"historical_sensitivity","EXECUTED",0.13089900000000002,""
uwb-imu-pl/gate-d-diagnostics/v16,40,2000000000,40,40,40,11,1,40,2000000000,"hypothesis_evidence","EXECUTED",1894.3129449999999,"effective_dimensions=1:464,2:41440,3:19200,other:0;context_bytes=10265792;worker_blocks=4"
uwb-imu-pl/gate-d-diagnostics/v16,40,2000000000,40,40,40,11,1,40,2000000000,"health_actions","EXECUTED",20.224945999999999,""
uwb-imu-pl/gate-d-diagnostics/v16,40,2000000000,40,40,40,11,1,40,2000000000,"hypothesis_audit","SKIPPED",,"disabled by output.write_hypothesis_evidence"
uwb-imu-pl/gate-d-diagnostics/v16,40,2000000000,40,40,40,11,1,40,2000000000,"base_factorization","EXECUTED",0.26955499999999999,""
uwb-imu-pl/gate-d-diagnostics/v16,40,2000000000,40,40,40,11,1,40,2000000000,"shared_cache","EXECUTED",0.0022799999999999999,""
uwb-imu-pl/gate-d-diagnostics/v16,40,2000000000,40,40,40,11,1,40,2000000000,"candidate_evaluation","EXECUTED",456.05553600000002,"rank=1;dense=0;stream_protocol=2;stream_batches=1;stream_batch_capacity=1;stream_peak_batch_actions=1;stream_peak_resident_evaluated_actions=1;stream_peak_batch_full_proofs=0;stream_retained_full_candidates=0;stream_retained_full_proofs=0;stream_full_action_heavy_copy=0;stream_complete=1;stream_fde_preproof_selected_action=0;stream_fde_preproof_status=NO_VALID_CANDIDATE;stream_main_arena_action_full_proofs=0;stream_action_proof_retention=NORMAL_TWO_PASS_O_B_PLUS_ONE;stream_winner_recompute=0;stream_winner_recompute_test_seam=0"
uwb-imu-pl/gate-d-diagnostics/v16,40,2000000000,40,40,40,11,1,40,2000000000,"fde_decision","EXECUTED",27.147611999999999,""
uwb-imu-pl/gate-d-diagnostics/v16,40,2000000000,40,40,40,11,1,40,2000000000,"candidate_audit","EXECUTED",0.039365999999999998,"ACTION_REJECTION_FUNNEL_V2:1=REJECT_PL"
uwb-imu-pl/gate-d-diagnostics/v16,40,2000000000,40,40,40,11,1,40,2000000000,"commit","EXECUTED",2.8022649999999998,""
uwb-imu-pl/gate-d-diagnostics/v16,40,2000000000,40,40,40,11,1,40,2000000000,"state_audit","EXECUTED",0.00037399999999999998,""
uwb-imu-pl/gate-d-diagnostics/v16,40,2000000000,40,40,40,11,1,40,2000000000,"finalize_commit_audit","EXECUTED",38.070596000000002,"excludes separately timed commit/discard/state audit"
uwb-imu-pl/gate-d-diagnostics/v16,40,2000000000,40,40,40,11,1,40,2000000000,"discard","SKIPPED",,"upstream gate did not reach stage"
uwb-imu-pl/gate-d-diagnostics/v16,40,2000000000,40,40,40,11,1,40,2000000000,"core_total","EXECUTED",3360.069935,""
uwb-imu-pl/gate-d-diagnostics/v16,41,2050000000,41,41,41,12,1,41,2050000000,"prepare","EXECUTED",2.3666589999999998,""
uwb-imu-pl/gate-d-diagnostics/v16,41,2050000000,41,41,41,12,1,41,2050000000,"integrity_window","EXECUTED",592.764543,""
uwb-imu-pl/gate-d-diagnostics/v16,41,2050000000,41,41,41,12,1,41,2050000000,"window_boundary_provenance","EXECUTED",577.24455399999999,""
uwb-imu-pl/gate-d-diagnostics/v16,41,2050000000,41,41,41,12,1,41,2050000000,"window_factor_linearization_whitening","EXECUTED",1.121375,""
uwb-imu-pl/gate-d-diagnostics/v16,41,2050000000,41,41,41,12,1,41,2050000000,"window_dense_assembly","EXECUTED",0.11670700000000001,""
uwb-imu-pl/gate-d-diagnostics/v16,41,2050000000,41,41,41,12,1,41,2050000000,"window_svd","EXECUTED",8.0641160000000003,""
uwb-imu-pl/gate-d-diagnostics/v16,41,2050000000,41,41,41,12,1,41,2050000000,"window_normal_equations","EXECUTED",0.37267299999999998,""
uwb-imu-pl/gate-d-diagnostics/v16,41,2050000000,41,41,41,12,1,41,2050000000,"window_llt_state_solves","EXECUTED",0.139316,""
uwb-imu-pl/gate-d-diagnostics/v16,41,2050000000,41,41,41,12,1,41,2050000000,"window_fingerprint","EXECUTED",4.3307989999999998,""
uwb-imu-pl/gate-d-diagnostics/v16,41,2050000000,41,41,41,12,1,41,2050000000,"all_in_detector","EXECUTED",0.28988999999999998,""
uwb-imu-pl/gate-d-diagnostics/v16,41,2050000000,41,41,41,12,1,41,2050000000,"current_sensitivity","EXECUTED",0.61812,""
uwb-imu-pl/gate-d-diagnostics/v16,41,2050000000,41,41,41,12,1,41,2050000000,"model_generation","EXECUTED",306.793117,""
uwb-imu-pl/gate-d-diagnostics/v16,41,2050000000,41,41,41,12,1,41,2050000000,"historical_sensitivity","EXECUTED",0.13713500000000001,""
uwb-imu-pl/gate-d-diagnostics/v16,41,2050000000,41,41,41,12,1,41,2050000000,"hypothesis_evidence","EXECUTED",1925.0409609999999,"effective_dimensions=1:464,2:41440,3:19200,other:0;context_bytes=10265792;worker_blocks=4"
uwb-imu-pl/gate-d-diagnostics/v16,41,2050000000,41,41,41,12,1,41,2050000000,"health_actions","EXECUTED",23.286431,""
uwb-imu-pl/gate-d-diagnostics/v16,41,2050000000,41,41,41,12,1,41,2050000000,"hypothesis_audit","SKIPPED",,"disabled by output.write_hypothesis_evidence"
uwb-imu-pl/gate-d-diagnostics/v16,41,2050000000,41,41,41,12,1,41,2050000000,"base_factorization","EXECUTED",0.36806100000000003,""
uwb-imu-pl/gate-d-diagnostics/v16,41,2050000000,41,41,41,12,1,41,2050000000,"shared_cache","EXECUTED",0.002797,""
uwb-imu-pl/gate-d-diagnostics/v16,41,2050000000,41,41,41,12,1,41,2050000000,"candidate_evaluation","EXECUTED",445.11092000000002,"rank=1;dense=0;stream_protocol=2;stream_batches=1;stream_batch_capacity=1;stream_peak_batch_actions=1;stream_peak_resident_evaluated_actions=1;stream_peak_batch_full_proofs=0;stream_retained_full_candidates=0;stream_retained_full_proofs=0;stream_full_action_heavy_copy=0;stream_complete=1;stream_fde_preproof_selected_action=0;stream_fde_preproof_status=NO_VALID_CANDIDATE;stream_main_arena_action_full_proofs=0;stream_action_proof_retention=NORMAL_TWO_PASS_O_B_PLUS_ONE;stream_winner_recompute=0;stream_winner_recompute_test_seam=0"
uwb-imu-pl/gate-d-diagnostics/v16,41,2050000000,41,41,41,12,1,41,2050000000,"fde_decision","EXECUTED",29.830486000000001,""
uwb-imu-pl/gate-d-diagnostics/v16,41,2050000000,41,41,41,12,1,41,2050000000,"candidate_audit","EXECUTED",0.039438000000000001,"ACTION_REJECTION_FUNNEL_V2:1=REJECT_PL"
uwb-imu-pl/gate-d-diagnostics/v16,41,2050000000,41,41,41,12,1,41,2050000000,"commit","EXECUTED",3.1006589999999998,""
uwb-imu-pl/gate-d-diagnostics/v16,41,2050000000,41,41,41,12,1,41,2050000000,"state_audit","EXECUTED",0.00057700000000000004,""
uwb-imu-pl/gate-d-diagnostics/v16,41,2050000000,41,41,41,12,1,41,2050000000,"finalize_commit_audit","EXECUTED",33.858713000000002,"excludes separately timed commit/discard/state audit"
uwb-imu-pl/gate-d-diagnostics/v16,41,2050000000,41,41,41,12,1,41,2050000000,"discard","SKIPPED",,"upstream gate did not reach stage"
uwb-imu-pl/gate-d-diagnostics/v16,41,2050000000,41,41,41,12,1,41,2050000000,"core_total","EXECUTED",3364.2361289999999,""
uwb-imu-pl/gate-d-diagnostics/v16,42,2100000000,42,42,42,13,1,42,2100000000,"prepare","EXECUTED",2.9779689999999999,""
uwb-imu-pl/gate-d-diagnostics/v16,42,2100000000,42,42,42,13,1,42,2100000000,"integrity_window","EXECUTED",662.53610800000001,""
uwb-imu-pl/gate-d-diagnostics/v16,42,2100000000,42,42,42,13,1,42,2100000000,"window_boundary_provenance","EXECUTED",647.25887799999998,""
uwb-imu-pl/gate-d-diagnostics/v16,42,2100000000,42,42,42,13,1,42,2100000000,"window_factor_linearization_whitening","EXECUTED",1.1581220000000001,""
uwb-imu-pl/gate-d-diagnostics/v16,42,2100000000,42,42,42,13,1,42,2100000000,"window_dense_assembly","EXECUTED",0.112307,""
uwb-imu-pl/gate-d-diagnostics/v16,42,2100000000,42,42,42,13,1,42,2100000000,"window_svd","EXECUTED",7.9670620000000003,""
uwb-imu-pl/gate-d-diagnostics/v16,42,2100000000,42,42,42,13,1,42,2100000000,"window_normal_equations","EXECUTED",0.34701399999999999,""
uwb-imu-pl/gate-d-diagnostics/v16,42,2100000000,42,42,42,13,1,42,2100000000,"window_llt_state_solves","EXECUTED",0.14483799999999999,""
uwb-imu-pl/gate-d-diagnostics/v16,42,2100000000,42,42,42,13,1,42,2100000000,"window_fingerprint","EXECUTED",4.0479659999999997,""
uwb-imu-pl/gate-d-diagnostics/v16,42,2100000000,42,42,42,13,1,42,2100000000,"all_in_detector","EXECUTED",0.300479,""
uwb-imu-pl/gate-d-diagnostics/v16,42,2100000000,42,42,42,13,1,42,2100000000,"current_sensitivity","EXECUTED",0.80084,""
uwb-imu-pl/gate-d-diagnostics/v16,42,2100000000,42,42,42,13,1,42,2100000000,"model_generation","EXECUTED",326.76393999999999,""
uwb-imu-pl/gate-d-diagnostics/v16,42,2100000000,42,42,42,13,1,42,2100000000,"historical_sensitivity","EXECUTED",0.13943,""
uwb-imu-pl/gate-d-diagnostics/v16,42,2100000000,42,42,42,13,1,42,2100000000,"hypothesis_evidence","EXECUTED",1899.1800020000001,"effective_dimensions=1:464,2:41440,3:19200,other:0;context_bytes=10265792;worker_blocks=4"
uwb-imu-pl/gate-d-diagnostics/v16,42,2100000000,42,42,42,13,1,42,2100000000,"health_actions","EXECUTED",23.158075,""
uwb-imu-pl/gate-d-diagnostics/v16,42,2100000000,42,42,42,13,1,42,2100000000,"hypothesis_audit","SKIPPED",,"disabled by output.write_hypothesis_evidence"
uwb-imu-pl/gate-d-diagnostics/v16,42,2100000000,42,42,42,13,1,42,2100000000,"base_factorization","EXECUTED",0.45990799999999998,""
uwb-imu-pl/gate-d-diagnostics/v16,42,2100000000,42,42,42,13,1,42,2100000000,"shared_cache","EXECUTED",0.0041900000000000001,""
uwb-imu-pl/gate-d-diagnostics/v16,42,2100000000,42,42,42,13,1,42,2100000000,"candidate_evaluation","EXECUTED",473.50986599999999,"rank=1;dense=0;stream_protocol=2;stream_batches=1;stream_batch_capacity=1;stream_peak_batch_actions=1;stream_peak_resident_evaluated_actions=1;stream_peak_batch_full_proofs=0;stream_retained_full_candidates=0;stream_retained_full_proofs=0;stream_full_action_heavy_copy=0;stream_complete=1;stream_fde_preproof_selected_action=0;stream_fde_preproof_status=NO_VALID_CANDIDATE;stream_main_arena_action_full_proofs=0;stream_action_proof_retention=NORMAL_TWO_PASS_O_B_PLUS_ONE;stream_winner_recompute=0;stream_winner_recompute_test_seam=0"
uwb-imu-pl/gate-d-diagnostics/v16,42,2100000000,42,42,42,13,1,42,2100000000,"fde_decision","EXECUTED",26.537668,""
uwb-imu-pl/gate-d-diagnostics/v16,42,2100000000,42,42,42,13,1,42,2100000000,"candidate_audit","EXECUTED",0.040402,"ACTION_REJECTION_FUNNEL_V2:1=REJECT_PL"
uwb-imu-pl/gate-d-diagnostics/v16,42,2100000000,42,42,42,13,1,42,2100000000,"commit","EXECUTED",3.1552120000000001,""
uwb-imu-pl/gate-d-diagnostics/v16,42,2100000000,42,42,42,13,1,42,2100000000,"state_audit","EXECUTED",0.00041599999999999997,""
uwb-imu-pl/gate-d-diagnostics/v16,42,2100000000,42,42,42,13,1,42,2100000000,"finalize_commit_audit","EXECUTED",37.424988999999997,"excludes separately timed commit/discard/state audit"
uwb-imu-pl/gate-d-diagnostics/v16,42,2100000000,42,42,42,13,1,42,2100000000,"discard","SKIPPED",,"upstream gate did not reach stage"
uwb-imu-pl/gate-d-diagnostics/v16,42,2100000000,42,42,42,13,1,42,2100000000,"core_total","EXECUTED",3457.6018170000002,""
uwb-imu-pl/gate-d-diagnostics/v16,43,2150000000,43,43,43,14,1,43,2150000000,"prepare","EXECUTED",2.517353,""
uwb-imu-pl/gate-d-diagnostics/v16,43,2150000000,43,43,43,14,1,43,2150000000,"integrity_window","EXECUTED",746.89654900000005,""
uwb-imu-pl/gate-d-diagnostics/v16,43,2150000000,43,43,43,14,1,43,2150000000,"window_boundary_provenance","EXECUTED",727.47067500000003,""
uwb-imu-pl/gate-d-diagnostics/v16,43,2150000000,43,43,43,14,1,43,2150000000,"window_factor_linearization_whitening","EXECUTED",1.245914,""
uwb-imu-pl/gate-d-diagnostics/v16,43,2150000000,43,43,43,14,1,43,2150000000,"window_dense_assembly","EXECUTED",0.13448499999999999,""
uwb-imu-pl/gate-d-diagnostics/v16,43,2150000000,43,43,43,14,1,43,2150000000,"window_svd","EXECUTED",11.678318000000001,""
uwb-imu-pl/gate-d-diagnostics/v16,43,2150000000,43,43,43,14,1,43,2150000000,"window_normal_equations","EXECUTED",0.35503699999999999,""
uwb-imu-pl/gate-d-diagnostics/v16,43,2150000000,43,43,43,14,1,43,2150000000,"window_llt_state_solves","EXECUTED",0.122097,""
uwb-imu-pl/gate-d-diagnostics/v16,43,2150000000,43,43,43,14,1,43,2150000000,"window_fingerprint","EXECUTED",4.4141830000000004,""
uwb-imu-pl/gate-d-diagnostics/v16,43,2150000000,43,43,43,14,1,43,2150000000,"all_in_detector","EXECUTED",0.34685500000000002,""
uwb-imu-pl/gate-d-diagnostics/v16,43,2150000000,43,43,43,14,1,43,2150000000,"current_sensitivity","EXECUTED",0.89138300000000004,""
uwb-imu-pl/gate-d-diagnostics/v16,43,2150000000,43,43,43,14,1,43,2150000000,"model_generation","EXECUTED",322.20747800000004,""
uwb-imu-pl/gate-d-diagnostics/v16,43,2150000000,43,43,43,14,1,43,2150000000,"historical_sensitivity","EXECUTED",0.12041799999999998,""
uwb-imu-pl/gate-d-diagnostics/v16,43,2150000000,43,43,43,14,1,43,2150000000,"hypothesis_evidence","EXECUTED",1954.7230119999999,"effective_dimensions=1:464,2:41440,3:19200,other:0;context_bytes=10265792;worker_blocks=4"
uwb-imu-pl/gate-d-diagnostics/v16,43,2150000000,43,43,43,14,1,43,2150000000,"health_actions","EXECUTED",20.988672999999999,""
uwb-imu-pl/gate-d-diagnostics/v16,43,2150000000,43,43,43,14,1,43,2150000000,"hypothesis_audit","SKIPPED",,"disabled by output.write_hypothesis_evidence"
uwb-imu-pl/gate-d-diagnostics/v16,43,2150000000,43,43,43,14,1,43,2150000000,"base_factorization","EXECUTED",0.27613900000000002,""
uwb-imu-pl/gate-d-diagnostics/v16,43,2150000000,43,43,43,14,1,43,2150000000,"shared_cache","EXECUTED",0.0026740000000000002,""
uwb-imu-pl/gate-d-diagnostics/v16,43,2150000000,43,43,43,14,1,43,2150000000,"candidate_evaluation","EXECUTED",449.80350700000002,"rank=1;dense=0;stream_protocol=2;stream_batches=1;stream_batch_capacity=1;stream_peak_batch_actions=1;stream_peak_resident_evaluated_actions=1;stream_peak_batch_full_proofs=0;stream_retained_full_candidates=0;stream_retained_full_proofs=0;stream_full_action_heavy_copy=0;stream_complete=1;stream_fde_preproof_selected_action=0;stream_fde_preproof_status=NO_VALID_CANDIDATE;stream_main_arena_action_full_proofs=0;stream_action_proof_retention=NORMAL_TWO_PASS_O_B_PLUS_ONE;stream_winner_recompute=0;stream_winner_recompute_test_seam=0"
uwb-imu-pl/gate-d-diagnostics/v16,43,2150000000,43,43,43,14,1,43,2150000000,"fde_decision","EXECUTED",26.65371,""
uwb-imu-pl/gate-d-diagnostics/v16,43,2150000000,43,43,43,14,1,43,2150000000,"candidate_audit","EXECUTED",0.038295000000000003,"ACTION_REJECTION_FUNNEL_V2:1=REJECT_PL"
uwb-imu-pl/gate-d-diagnostics/v16,43,2150000000,43,43,43,14,1,43,2150000000,"commit","EXECUTED",3.0444439999999999,""
uwb-imu-pl/gate-d-diagnostics/v16,43,2150000000,43,43,43,14,1,43,2150000000,"state_audit","EXECUTED",0.00039199999999999999,""
uwb-imu-pl/gate-d-diagnostics/v16,43,2150000000,43,43,43,14,1,43,2150000000,"finalize_commit_audit","EXECUTED",33.365302999999997,"excludes separately timed commit/discard/state audit"
uwb-imu-pl/gate-d-diagnostics/v16,43,2150000000,43,43,43,14,1,43,2150000000,"discard","SKIPPED",,"upstream gate did not reach stage"
uwb-imu-pl/gate-d-diagnostics/v16,43,2150000000,43,43,43,14,1,43,2150000000,"core_total","EXECUTED",3562.437551,""
uwb-imu-pl/gate-d-diagnostics/v16,44,2200000000,44,44,44,15,1,44,2200000000,"prepare","EXECUTED",2.5413260000000002,""
uwb-imu-pl/gate-d-diagnostics/v16,44,2200000000,44,44,44,15,1,44,2200000000,"integrity_window","EXECUTED",495.35662300000001,""
uwb-imu-pl/gate-d-diagnostics/v16,44,2200000000,44,44,44,15,1,44,2200000000,"window_boundary_provenance","EXECUTED",479.93400600000001,""
uwb-imu-pl/gate-d-diagnostics/v16,44,2200000000,44,44,44,15,1,44,2200000000,"window_factor_linearization_whitening","EXECUTED",1.259973,""
uwb-imu-pl/gate-d-diagnostics/v16,44,2200000000,44,44,44,15,1,44,2200000000,"window_dense_assembly","EXECUTED",0.19126799999999999,""
uwb-imu-pl/gate-d-diagnostics/v16,44,2200000000,44,44,44,15,1,44,2200000000,"window_svd","EXECUTED",8.2300129999999996,""
uwb-imu-pl/gate-d-diagnostics/v16,44,2200000000,44,44,44,15,1,44,2200000000,"window_normal_equations","EXECUTED",0.40217700000000001,""
uwb-imu-pl/gate-d-diagnostics/v16,44,2200000000,44,44,44,15,1,44,2200000000,"window_llt_state_solves","EXECUTED",0.11570800000000001,""
uwb-imu-pl/gate-d-diagnostics/v16,44,2200000000,44,44,44,15,1,44,2200000000,"window_fingerprint","EXECUTED",3.8795299999999999,""
uwb-imu-pl/gate-d-diagnostics/v16,44,2200000000,44,44,44,15,1,44,2200000000,"all_in_detector","EXECUTED",0.26832800000000001,""
uwb-imu-pl/gate-d-diagnostics/v16,44,2200000000,44,44,44,15,1,44,2200000000,"current_sensitivity","EXECUTED",0.56630400000000003,""
uwb-imu-pl/gate-d-diagnostics/v16,44,2200000000,44,44,44,15,1,44,2200000000,"model_generation","EXECUTED",326.81957299999999,""
uwb-imu-pl/gate-d-diagnostics/v16,44,2200000000,44,44,44,15,1,44,2200000000,"historical_sensitivity","EXECUTED",0.12639799999999998,""
uwb-imu-pl/gate-d-diagnostics/v16,44,2200000000,44,44,44,15,1,44,2200000000,"hypothesis_evidence","EXECUTED",1913.269452,"effective_dimensions=1:464,2:41440,3:19200,other:0;context_bytes=10265792;worker_blocks=4"
uwb-imu-pl/gate-d-diagnostics/v16,44,2200000000,44,44,44,15,1,44,2200000000,"health_actions","EXECUTED",19.044961000000001,""
uwb-imu-pl/gate-d-diagnostics/v16,44,2200000000,44,44,44,15,1,44,2200000000,"hypothesis_audit","SKIPPED",,"disabled by output.write_hypothesis_evidence"
uwb-imu-pl/gate-d-diagnostics/v16,44,2200000000,44,44,44,15,1,44,2200000000,"base_factorization","EXECUTED",0.27632200000000001,""
uwb-imu-pl/gate-d-diagnostics/v16,44,2200000000,44,44,44,15,1,44,2200000000,"shared_cache","EXECUTED",0.0022690000000000002,""
uwb-imu-pl/gate-d-diagnostics/v16,44,2200000000,44,44,44,15,1,44,2200000000,"candidate_evaluation","EXECUTED",451.26596499999999,"rank=1;dense=0;stream_protocol=2;stream_batches=1;stream_batch_capacity=1;stream_peak_batch_actions=1;stream_peak_resident_evaluated_actions=1;stream_peak_batch_full_proofs=0;stream_retained_full_candidates=0;stream_retained_full_proofs=0;stream_full_action_heavy_copy=0;stream_complete=1;stream_fde_preproof_selected_action=0;stream_fde_preproof_status=NO_VALID_CANDIDATE;stream_main_arena_action_full_proofs=0;stream_action_proof_retention=NORMAL_TWO_PASS_O_B_PLUS_ONE;stream_winner_recompute=0;stream_winner_recompute_test_seam=0"
uwb-imu-pl/gate-d-diagnostics/v16,44,2200000000,44,44,44,15,1,44,2200000000,"fde_decision","EXECUTED",26.421914999999998,""
uwb-imu-pl/gate-d-diagnostics/v16,44,2200000000,44,44,44,15,1,44,2200000000,"candidate_audit","EXECUTED",0.039170000000000003,"ACTION_REJECTION_FUNNEL_V2:1=REJECT_PL"
uwb-imu-pl/gate-d-diagnostics/v16,44,2200000000,44,44,44,15,1,44,2200000000,"commit","EXECUTED",3.2816559999999999,""
uwb-imu-pl/gate-d-diagnostics/v16,44,2200000000,44,44,44,15,1,44,2200000000,"state_audit","EXECUTED",0.00040900000000000002,""
uwb-imu-pl/gate-d-diagnostics/v16,44,2200000000,44,44,44,15,1,44,2200000000,"finalize_commit_audit","EXECUTED",38.110151999999999,"excludes separately timed commit/discard/state audit"
uwb-imu-pl/gate-d-diagnostics/v16,44,2200000000,44,44,44,15,1,44,2200000000,"discard","SKIPPED",,"upstream gate did not reach stage"
uwb-imu-pl/gate-d-diagnostics/v16,44,2200000000,44,44,44,15,1,44,2200000000,"core_total","EXECUTED",3278.0314149999999,""
uwb-imu-pl/gate-d-diagnostics/v16,45,2250000000,45,45,45,16,1,45,2250000000,"prepare","EXECUTED",4.2892869999999998,""
uwb-imu-pl/gate-d-diagnostics/v16,45,2250000000,45,45,45,16,1,45,2250000000,"integrity_window","EXECUTED",528.75246700000002,""
uwb-imu-pl/gate-d-diagnostics/v16,45,2250000000,45,45,45,16,1,45,2250000000,"window_boundary_provenance","EXECUTED",513.36384599999997,""
uwb-imu-pl/gate-d-diagnostics/v16,45,2250000000,45,45,45,16,1,45,2250000000,"window_factor_linearization_whitening","EXECUTED",1.2176640000000001,""
uwb-imu-pl/gate-d-diagnostics/v16,45,2250000000,45,45,45,16,1,45,2250000000,"window_dense_assembly","EXECUTED",0.111177,""
uwb-imu-pl/gate-d-diagnostics/v16,45,2250000000,45,45,45,16,1,45,2250000000,"window_svd","EXECUTED",8.2199720000000003,""
uwb-imu-pl/gate-d-diagnostics/v16,45,2250000000,45,45,45,16,1,45,2250000000,"window_normal_equations","EXECUTED",0.341922,""
uwb-imu-pl/gate-d-diagnostics/v16,45,2250000000,45,45,45,16,1,45,2250000000,"window_llt_state_solves","EXECUTED",0.14128099999999999,""
uwb-imu-pl/gate-d-diagnostics/v16,45,2250000000,45,45,45,16,1,45,2250000000,"window_fingerprint","EXECUTED",3.9497520000000002,""
uwb-imu-pl/gate-d-diagnostics/v16,45,2250000000,45,45,45,16,1,45,2250000000,"all_in_detector","EXECUTED",0.23877799999999999,""
uwb-imu-pl/gate-d-diagnostics/v16,45,2250000000,45,45,45,16,1,45,2250000000,"current_sensitivity","EXECUTED",0.59042600000000001,""
uwb-imu-pl/gate-d-diagnostics/v16,45,2250000000,45,45,45,16,1,45,2250000000,"model_generation","EXECUTED",306.28986800000001,""
uwb-imu-pl/gate-d-diagnostics/v16,45,2250000000,45,45,45,16,1,45,2250000000,"historical_sensitivity","EXECUTED",0.12567700000000004,""
uwb-imu-pl/gate-d-diagnostics/v16,45,2250000000,45,45,45,16,1,45,2250000000,"hypothesis_evidence","EXECUTED",1921.1666660000001,"effective_dimensions=1:464,2:41440,3:19200,other:0;context_bytes=10265792;worker_blocks=4"
uwb-imu-pl/gate-d-diagnostics/v16,45,2250000000,45,45,45,16,1,45,2250000000,"health_actions","EXECUTED",19.098364,""
uwb-imu-pl/gate-d-diagnostics/v16,45,2250000000,45,45,45,16,1,45,2250000000,"hypothesis_audit","SKIPPED",,"disabled by output.write_hypothesis_evidence"
uwb-imu-pl/gate-d-diagnostics/v16,45,2250000000,45,45,45,16,1,45,2250000000,"base_factorization","EXECUTED",0.26202799999999998,""
uwb-imu-pl/gate-d-diagnostics/v16,45,2250000000,45,45,45,16,1,45,2250000000,"shared_cache","EXECUTED",0.0022790000000000002,""
uwb-imu-pl/gate-d-diagnostics/v16,45,2250000000,45,45,45,16,1,45,2250000000,"candidate_evaluation","EXECUTED",450.81934100000001,"rank=1;dense=0;stream_protocol=2;stream_batches=1;stream_batch_capacity=1;stream_peak_batch_actions=1;stream_peak_resident_evaluated_actions=1;stream_peak_batch_full_proofs=0;stream_retained_full_candidates=0;stream_retained_full_proofs=0;stream_full_action_heavy_copy=0;stream_complete=1;stream_fde_preproof_selected_action=0;stream_fde_preproof_status=NO_VALID_CANDIDATE;stream_main_arena_action_full_proofs=0;stream_action_proof_retention=NORMAL_TWO_PASS_O_B_PLUS_ONE;stream_winner_recompute=0;stream_winner_recompute_test_seam=0"
uwb-imu-pl/gate-d-diagnostics/v16,45,2250000000,45,45,45,16,1,45,2250000000,"fde_decision","EXECUTED",28.087754,""
uwb-imu-pl/gate-d-diagnostics/v16,45,2250000000,45,45,45,16,1,45,2250000000,"candidate_audit","EXECUTED",0.037880999999999998,"ACTION_REJECTION_FUNNEL_V2:1=REJECT_PL"
uwb-imu-pl/gate-d-diagnostics/v16,45,2250000000,45,45,45,16,1,45,2250000000,"commit","EXECUTED",3.2422770000000001,""
uwb-imu-pl/gate-d-diagnostics/v16,45,2250000000,45,45,45,16,1,45,2250000000,"state_audit","EXECUTED",0.00039800000000000002,""
uwb-imu-pl/gate-d-diagnostics/v16,45,2250000000,45,45,45,16,1,45,2250000000,"finalize_commit_audit","EXECUTED",39.251598000000001,"excludes separately timed commit/discard/state audit"
uwb-imu-pl/gate-d-diagnostics/v16,45,2250000000,45,45,45,16,1,45,2250000000,"discard","SKIPPED",,"upstream gate did not reach stage"
uwb-imu-pl/gate-d-diagnostics/v16,45,2250000000,45,45,45,16,1,45,2250000000,"core_total","EXECUTED",3303.0163699999998,""
