schema_version,input_attempt_id,input_timestamp_ns,transaction_id,window_id,graph_version,ordering_version,noise_model_version,linpoint_version,output_timestamp_ns,stage,status,wall_ms,reason
uwb-imu-pl/gate-d-diagnostics/v16,1,50000000,1,1,1,1,1,1,50000000,"prepare","EXECUTED",0.30968699999999999,""
uwb-imu-pl/gate-d-diagnostics/v16,1,50000000,1,1,1,1,1,1,50000000,"integrity_window","EXECUTED",0.70581799999999995,""
uwb-imu-pl/gate-d-diagnostics/v16,1,50000000,1,1,1,1,1,1,50000000,"window_boundary_provenance","EXECUTED",0.17439399999999999,""
uwb-imu-pl/gate-d-diagnostics/v16,1,50000000,1,1,1,1,1,1,50000000,"window_factor_linearization_whitening","EXECUTED",0.058885,""
uwb-imu-pl/gate-d-diagnostics/v16,1,50000000,1,1,1,1,1,1,50000000,"window_dense_assembly","EXECUTED",0.0028990000000000001,""
uwb-imu-pl/gate-d-diagnostics/v16,1,50000000,1,1,1,1,1,1,50000000,"window_svd","EXECUTED",0.28534700000000002,""
uwb-imu-pl/gate-d-diagnostics/v16,1,50000000,1,1,1,1,1,1,50000000,"window_normal_equations","EXECUTED",0.0044510000000000001,""
uwb-imu-pl/gate-d-diagnostics/v16,1,50000000,1,1,1,1,1,1,50000000,"window_llt_state_solves","EXECUTED",0.011032,""
uwb-imu-pl/gate-d-diagnostics/v16,1,50000000,1,1,1,1,1,1,50000000,"window_fingerprint","EXECUTED",0.120971,""
uwb-imu-pl/gate-d-diagnostics/v16,1,50000000,1,1,1,1,1,1,50000000,"all_in_detector","EXECUTED",0.046342000000000001,""
uwb-imu-pl/gate-d-diagnostics/v16,1,50000000,1,1,1,1,1,1,50000000,"current_sensitivity","EXECUTED",0.053975000000000002,""
uwb-imu-pl/gate-d-diagnostics/v16,1,50000000,1,1,1,1,1,1,50000000,"model_generation","EXECUTED",0.65699799999999997,""
uwb-imu-pl/gate-d-diagnostics/v16,1,50000000,1,1,1,1,1,1,50000000,"historical_sensitivity","EXECUTED",0,""
uwb-imu-pl/gate-d-diagnostics/v16,1,50000000,1,1,1,1,1,1,50000000,"hypothesis_evidence","EXECUTED",1.795676,"effective_dimensions=1:30,2:144,3:0,other:0;context_bytes=29552;worker_blocks=4"
uwb-imu-pl/gate-d-diagnostics/v16,1,50000000,1,1,1,1,1,1,50000000,"health_actions","EXECUTED",0.14099200000000001,""
uwb-imu-pl/gate-d-diagnostics/v16,1,50000000,1,1,1,1,1,1,50000000,"hypothesis_audit","SKIPPED",,"disabled by output.write_hypothesis_evidence"
uwb-imu-pl/gate-d-diagnostics/v16,1,50000000,1,1,1,1,1,1,50000000,"base_factorization","EXECUTED",0.014392,""
uwb-imu-pl/gate-d-diagnostics/v16,1,50000000,1,1,1,1,1,1,50000000,"shared_cache","EXECUTED",0.00077499999999999997,""
uwb-imu-pl/gate-d-diagnostics/v16,1,50000000,1,1,1,1,1,1,50000000,"candidate_evaluation","EXECUTED",5.3436399999999997,"rank=1;dense=0;stream_protocol=2;stream_batches=1;stream_batch_capacity=1;stream_peak_batch_actions=1;stream_peak_resident_evaluated_actions=1;stream_peak_batch_full_proofs=1;stream_retained_full_candidates=0;stream_retained_full_proofs=0;stream_full_action_heavy_copy=0;stream_complete=1;stream_fde_preproof_selected_action=0;stream_fde_preproof_status=RISK_BUDGET_INVALID;stream_main_arena_action_full_proofs=0;stream_action_proof_retention=NORMAL_TWO_PASS_O_B_PLUS_ONE;stream_winner_recompute=0;stream_winner_recompute_test_seam=0"
uwb-imu-pl/gate-d-diagnostics/v16,1,50000000,1,1,1,1,1,1,50000000,"fde_decision","EXECUTED",0.17858299999999999,""
uwb-imu-pl/gate-d-diagnostics/v16,1,50000000,1,1,1,1,1,1,50000000,"candidate_audit","EXECUTED",0.011427,"ACTION_REJECTION_FUNNEL_V2:1=REJECT_RISK_CLOSURE"
uwb-imu-pl/gate-d-diagnostics/v16,1,50000000,1,1,1,1,1,1,50000000,"commit","EXECUTED",0.28199800000000003,""
uwb-imu-pl/gate-d-diagnostics/v16,1,50000000,1,1,1,1,1,1,50000000,"state_audit","EXECUTED",0.00027099999999999997,""
uwb-imu-pl/gate-d-diagnostics/v16,1,50000000,1,1,1,1,1,1,50000000,"finalize_commit_audit","EXECUTED",0.054836999999999969,"excludes separately timed commit/discard/state audit"
uwb-imu-pl/gate-d-diagnostics/v16,1,50000000,1,1,1,1,1,1,50000000,"discard","SKIPPED",,"upstream gate did not reach stage"
uwb-imu-pl/gate-d-diagnostics/v16,1,50000000,1,1,1,1,1,1,50000000,"core_total","EXECUTED",9.6779580000000003,""
uwb-imu-pl/gate-d-diagnostics/v16,2,100000000,2,2,2,1,1,2,100000000,"prepare","EXECUTED",0.19537499999999999,""
uwb-imu-pl/gate-d-diagnostics/v16,2,100000000,2,2,2,1,1,2,100000000,"integrity_window","EXECUTED",1.1693480000000001,""
uwb-imu-pl/gate-d-diagnostics/v16,2,100000000,2,2,2,1,1,2,100000000,"window_boundary_provenance","EXECUTED",0.119785,""
uwb-imu-pl/gate-d-diagnostics/v16,2,100000000,2,2,2,1,1,2,100000000,"window_factor_linearization_whitening","EXECUTED",0.083119999999999999,""
uwb-imu-pl/gate-d-diagnostics/v16,2,100000000,2,2,2,1,1,2,100000000,"window_dense_assembly","EXECUTED",0.0041770000000000002,""
uwb-imu-pl/gate-d-diagnostics/v16,2,100000000,2,2,2,1,1,2,100000000,"window_svd","EXECUTED",0.63260000000000005,""
uwb-imu-pl/gate-d-diagnostics/v16,2,100000000,2,2,2,1,1,2,100000000,"window_normal_equations","EXECUTED",0.0067039999999999999,""
uwb-imu-pl/gate-d-diagnostics/v16,2,100000000,2,2,2,1,1,2,100000000,"window_llt_state_solves","EXECUTED",0.016323000000000001,""
uwb-imu-pl/gate-d-diagnostics/v16,2,100000000,2,2,2,1,1,2,100000000,"window_fingerprint","EXECUTED",0.20241100000000001,""
uwb-imu-pl/gate-d-diagnostics/v16,2,100000000,2,2,2,1,1,2,100000000,"all_in_detector","EXECUTED",0.025420999999999999,""
uwb-imu-pl/gate-d-diagnostics/v16,2,100000000,2,2,2,1,1,2,100000000,"current_sensitivity","EXECUTED",0.060145999999999998,""
uwb-imu-pl/gate-d-diagnostics/v16,2,100000000,2,2,2,1,1,2,100000000,"model_generation","EXECUTED",2.7440169999999999,""
uwb-imu-pl/gate-d-diagnostics/v16,2,100000000,2,2,2,1,1,2,100000000,"historical_sensitivity","EXECUTED",0.011920999999999999,""
uwb-imu-pl/gate-d-diagnostics/v16,2,100000000,2,2,2,1,1,2,100000000,"hypothesis_evidence","EXECUTED",3.069369,"effective_dimensions=1:52,2:488,3:96,other:0;context_bytes=107168;worker_blocks=4"
uwb-imu-pl/gate-d-diagnostics/v16,2,100000000,2,2,2,1,1,2,100000000,"health_actions","EXECUTED",0.20379700000000001,""
uwb-imu-pl/gate-d-diagnostics/v16,2,100000000,2,2,2,1,1,2,100000000,"hypothesis_audit","SKIPPED",,"disabled by output.write_hypothesis_evidence"
uwb-imu-pl/gate-d-diagnostics/v16,2,100000000,2,2,2,1,1,2,100000000,"base_factorization","EXECUTED",0.021246000000000001,""
uwb-imu-pl/gate-d-diagnostics/v16,2,100000000,2,2,2,1,1,2,100000000,"shared_cache","EXECUTED",0.0012960000000000001,""
uwb-imu-pl/gate-d-diagnostics/v16,2,100000000,2,2,2,1,1,2,100000000,"candidate_evaluation","EXECUTED",196.01610500000001,"rank=1;dense=0;stream_protocol=2;stream_batches=1;stream_batch_capacity=1;stream_peak_batch_actions=1;stream_peak_resident_evaluated_actions=1;stream_peak_batch_full_proofs=1;stream_retained_full_candidates=0;stream_retained_full_proofs=0;stream_full_action_heavy_copy=0;stream_complete=1;stream_fde_preproof_selected_action=0;stream_fde_preproof_status=RISK_BUDGET_INVALID;stream_main_arena_action_full_proofs=0;stream_action_proof_retention=NORMAL_TWO_PASS_O_B_PLUS_ONE;stream_winner_recompute=0;stream_winner_recompute_test_seam=0"
uwb-imu-pl/gate-d-diagnostics/v16,2,100000000,2,2,2,1,1,2,100000000,"fde_decision","EXECUTED",0.50359299999999996,""
uwb-imu-pl/gate-d-diagnostics/v16,2,100000000,2,2,2,1,1,2,100000000,"candidate_audit","EXECUTED",0.0093620000000000005,"ACTION_REJECTION_FUNNEL_V2:1=REJECT_RISK_CLOSURE"
uwb-imu-pl/gate-d-diagnostics/v16,2,100000000,2,2,2,1,1,2,100000000,"commit","EXECUTED",0.59924900000000003,""
uwb-imu-pl/gate-d-diagnostics/v16,2,100000000,2,2,2,1,1,2,100000000,"state_audit","EXECUTED",0.00038299999999999999,""
uwb-imu-pl/gate-d-diagnostics/v16,2,100000000,2,2,2,1,1,2,100000000,"finalize_commit_audit","EXECUTED",0.2701849999999999,"excludes separately timed commit/discard/state audit"
uwb-imu-pl/gate-d-diagnostics/v16,2,100000000,2,2,2,1,1,2,100000000,"discard","SKIPPED",,"upstream gate did not reach stage"
uwb-imu-pl/gate-d-diagnostics/v16,2,100000000,2,2,2,1,1,2,100000000,"core_total","EXECUTED",204.97527700000001,""
uwb-imu-pl/gate-d-diagnostics/v16,3,150000000,3,3,3,1,1,3,150000000,"prepare","EXECUTED",0.30501400000000001,""
uwb-imu-pl/gate-d-diagnostics/v16,3,150000000,3,3,3,1,1,3,150000000,"integrity_window","EXECUTED",1.883032,""
uwb-imu-pl/gate-d-diagnostics/v16,3,150000000,3,3,3,1,1,3,150000000,"window_boundary_provenance","EXECUTED",0.13906399999999999,""
uwb-imu-pl/gate-d-diagnostics/v16,3,150000000,3,3,3,1,1,3,150000000,"window_factor_linearization_whitening","EXECUTED",0.121098,""
uwb-imu-pl/gate-d-diagnostics/v16,3,150000000,3,3,3,1,1,3,150000000,"window_dense_assembly","EXECUTED",0.0073709999999999999,""
uwb-imu-pl/gate-d-diagnostics/v16,3,150000000,3,3,3,1,1,3,150000000,"window_svd","EXECUTED",1.1118300000000001,""
uwb-imu-pl/gate-d-diagnostics/v16,3,150000000,3,3,3,1,1,3,150000000,"window_normal_equations","EXECUTED",0.013154000000000001,""
uwb-imu-pl/gate-d-diagnostics/v16,3,150000000,3,3,3,1,1,3,150000000,"window_llt_state_solves","EXECUTED",0.018242999999999999,""
uwb-imu-pl/gate-d-diagnostics/v16,3,150000000,3,3,3,1,1,3,150000000,"window_fingerprint","EXECUTED",0.330982,""
uwb-imu-pl/gate-d-diagnostics/v16,3,150000000,3,3,3,1,1,3,150000000,"all_in_detector","EXECUTED",0.026082000000000001,""
uwb-imu-pl/gate-d-diagnostics/v16,3,150000000,3,3,3,1,1,3,150000000,"current_sensitivity","EXECUTED",0.072401999999999994,""
uwb-imu-pl/gate-d-diagnostics/v16,3,150000000,3,3,3,1,1,3,150000000,"model_generation","EXECUTED",4.6308489999999995,""
uwb-imu-pl/gate-d-diagnostics/v16,3,150000000,3,3,3,1,1,3,150000000,"historical_sensitivity","EXECUTED",0.0201,""
uwb-imu-pl/gate-d-diagnostics/v16,3,150000000,3,3,3,1,1,3,150000000,"hypothesis_evidence","EXECUTED",15.161593999999999,"effective_dimensions=1:74,2:1024,3:288,other:0;context_bytes=233168;worker_blocks=4"
uwb-imu-pl/gate-d-diagnostics/v16,3,150000000,3,3,3,1,1,3,150000000,"health_actions","EXECUTED",0.30274200000000001,""
uwb-imu-pl/gate-d-diagnostics/v16,3,150000000,3,3,3,1,1,3,150000000,"hypothesis_audit","SKIPPED",,"disabled by output.write_hypothesis_evidence"
uwb-imu-pl/gate-d-diagnostics/v16,3,150000000,3,3,3,1,1,3,150000000,"base_factorization","EXECUTED",0.033743000000000002,""
uwb-imu-pl/gate-d-diagnostics/v16,3,150000000,3,3,3,1,1,3,150000000,"shared_cache","EXECUTED",0.00116,""
uwb-imu-pl/gate-d-diagnostics/v16,3,150000000,3,3,3,1,1,3,150000000,"candidate_evaluation","EXECUTED",54.190792999999999,"rank=1;dense=0;stream_protocol=2;stream_batches=1;stream_batch_capacity=1;stream_peak_batch_actions=1;stream_peak_resident_evaluated_actions=1;stream_peak_batch_full_proofs=1;stream_retained_full_candidates=0;stream_retained_full_proofs=0;stream_full_action_heavy_copy=0;stream_complete=1;stream_fde_preproof_selected_action=0;stream_fde_preproof_status=RISK_BUDGET_INVALID;stream_main_arena_action_full_proofs=0;stream_action_proof_retention=NORMAL_TWO_PASS_O_B_PLUS_ONE;stream_winner_recompute=0;stream_winner_recompute_test_seam=0"
uwb-imu-pl/gate-d-diagnostics/v16,3,150000000,3,3,3,1,1,3,150000000,"fde_decision","EXECUTED",1.470097,""
uwb-imu-pl/gate-d-diagnostics/v16,3,150000000,3,3,3,1,1,3,150000000,"candidate_audit","EXECUTED",0.016240000000000001,"ACTION_REJECTION_FUNNEL_V2:1=REJECT_RISK_CLOSURE"
uwb-imu-pl/gate-d-diagnostics/v16,3,150000000,3,3,3,1,1,3,150000000,"commit","EXECUTED",0.67138200000000003,""
uwb-imu-pl/gate-d-diagnostics/v16,3,150000000,3,3,3,1,1,3,150000000,"state_audit","EXECUTED",0.00063900000000000003,""
uwb-imu-pl/gate-d-diagnostics/v16,3,150000000,3,3,3,1,1,3,150000000,"finalize_commit_audit","EXECUTED",0.65138200000000013,"excludes separately timed commit/discard/state audit"
uwb-imu-pl/gate-d-diagnostics/v16,3,150000000,3,3,3,1,1,3,150000000,"discard","SKIPPED",,"upstream gate did not reach stage"
uwb-imu-pl/gate-d-diagnostics/v16,3,150000000,3,3,3,1,1,3,150000000,"core_total","EXECUTED",79.560668000000007,""
uwb-imu-pl/gate-d-diagnostics/v16,4,200000000,4,4,4,1,1,4,200000000,"prepare","EXECUTED",0.49462499999999998,""
uwb-imu-pl/gate-d-diagnostics/v16,4,200000000,4,4,4,1,1,4,200000000,"integrity_window","EXECUTED",3.2602639999999998,""
uwb-imu-pl/gate-d-diagnostics/v16,4,200000000,4,4,4,1,1,4,200000000,"window_boundary_provenance","EXECUTED",0.18430199999999999,""
uwb-imu-pl/gate-d-diagnostics/v16,4,200000000,4,4,4,1,1,4,200000000,"window_factor_linearization_whitening","EXECUTED",0.207764,""
uwb-imu-pl/gate-d-diagnostics/v16,4,200000000,4,4,4,1,1,4,200000000,"window_dense_assembly","EXECUTED",0.016400999999999999,""
uwb-imu-pl/gate-d-diagnostics/v16,4,200000000,4,4,4,1,1,4,200000000,"window_svd","EXECUTED",1.8913660000000001,""
uwb-imu-pl/gate-d-diagnostics/v16,4,200000000,4,4,4,1,1,4,200000000,"window_normal_equations","EXECUTED",0.046538999999999997,""
uwb-imu-pl/gate-d-diagnostics/v16,4,200000000,4,4,4,1,1,4,200000000,"window_llt_state_solves","EXECUTED",0.040545999999999999,""
uwb-imu-pl/gate-d-diagnostics/v16,4,200000000,4,4,4,1,1,4,200000000,"window_fingerprint","EXECUTED",0.64670000000000005,""
uwb-imu-pl/gate-d-diagnostics/v16,4,200000000,4,4,4,1,1,4,200000000,"all_in_detector","EXECUTED",0.042870999999999999,""
uwb-imu-pl/gate-d-diagnostics/v16,4,200000000,4,4,4,1,1,4,200000000,"current_sensitivity","EXECUTED",0.234461,""
uwb-imu-pl/gate-d-diagnostics/v16,4,200000000,4,4,4,1,1,4,200000000,"model_generation","EXECUTED",9.6440190000000001,""
uwb-imu-pl/gate-d-diagnostics/v16,4,200000000,4,4,4,1,1,4,200000000,"historical_sensitivity","EXECUTED",0.064645000000000008,""
uwb-imu-pl/gate-d-diagnostics/v16,4,200000000,4,4,4,1,1,4,200000000,"hypothesis_evidence","EXECUTED",30.052917999999998,"effective_dimensions=1:96,2:1752,3:576,other:0;context_bytes=407552;worker_blocks=4"
uwb-imu-pl/gate-d-diagnostics/v16,4,200000000,4,4,4,1,1,4,200000000,"health_actions","EXECUTED",0.64002800000000004,""
uwb-imu-pl/gate-d-diagnostics/v16,4,200000000,4,4,4,1,1,4,200000000,"hypothesis_audit","SKIPPED",,"disabled by output.write_hypothesis_evidence"
uwb-imu-pl/gate-d-diagnostics/v16,4,200000000,4,4,4,1,1,4,200000000,"base_factorization","EXECUTED",0.058058999999999999,""
uwb-imu-pl/gate-d-diagnostics/v16,4,200000000,4,4,4,1,1,4,200000000,"shared_cache","EXECUTED",0.0014300000000000001,""
uwb-imu-pl/gate-d-diagnostics/v16,4,200000000,4,4,4,1,1,4,200000000,"candidate_evaluation","EXECUTED",92.227275000000006,"rank=1;dense=0;stream_protocol=2;stream_batches=1;stream_batch_capacity=1;stream_peak_batch_actions=1;stream_peak_resident_evaluated_actions=1;stream_peak_batch_full_proofs=1;stream_retained_full_candidates=0;stream_retained_full_proofs=0;stream_full_action_heavy_copy=0;stream_complete=1;stream_fde_preproof_selected_action=0;stream_fde_preproof_status=RISK_BUDGET_INVALID;stream_main_arena_action_full_proofs=0;stream_action_proof_retention=NORMAL_TWO_PASS_O_B_PLUS_ONE;stream_winner_recompute=0;stream_winner_recompute_test_seam=0"
uwb-imu-pl/gate-d-diagnostics/v16,4,200000000,4,4,4,1,1,4,200000000,"fde_decision","EXECUTED",2.884328,""
uwb-imu-pl/gate-d-diagnostics/v16,4,200000000,4,4,4,1,1,4,200000000,"candidate_audit","EXECUTED",0.013128000000000001,"ACTION_REJECTION_FUNNEL_V2:1=REJECT_RISK_CLOSURE"
uwb-imu-pl/gate-d-diagnostics/v16,4,200000000,4,4,4,1,1,4,200000000,"commit","EXECUTED",0.59969300000000003,""
uwb-imu-pl/gate-d-diagnostics/v16,4,200000000,4,4,4,1,1,4,200000000,"state_audit","EXECUTED",0.00022100000000000001,""
uwb-imu-pl/gate-d-diagnostics/v16,4,200000000,4,4,4,1,1,4,200000000,"finalize_commit_audit","EXECUTED",0.81925300000000001,"excludes separately timed commit/discard/state audit"
uwb-imu-pl/gate-d-diagnostics/v16,4,200000000,4,4,4,1,1,4,200000000,"discard","SKIPPED",,"upstream gate did not reach stage"
uwb-imu-pl/gate-d-diagnostics/v16,4,200000000,4,4,4,1,1,4,200000000,"core_total","EXECUTED",141.180083,""
uwb-imu-pl/gate-d-diagnostics/v16,5,250000000,5,5,5,1,1,5,250000000,"prepare","EXECUTED",0.51205599999999996,""
uwb-imu-pl/gate-d-diagnostics/v16,5,250000000,5,5,5,1,1,5,250000000,"integrity_window","EXECUTED",3.6766070000000002,""
uwb-imu-pl/gate-d-diagnostics/v16,5,250000000,5,5,5,1,1,5,250000000,"window_boundary_provenance","EXECUTED",0.143758,""
uwb-imu-pl/gate-d-diagnostics/v16,5,250000000,5,5,5,1,1,5,250000000,"window_factor_linearization_whitening","EXECUTED",0.188169,""
uwb-imu-pl/gate-d-diagnostics/v16,5,250000000,5,5,5,1,1,5,250000000,"window_dense_assembly","EXECUTED",0.021163999999999999,""
uwb-imu-pl/gate-d-diagnostics/v16,5,250000000,5,5,5,1,1,5,250000000,"window_svd","EXECUTED",2.2005340000000002,""
uwb-imu-pl/gate-d-diagnostics/v16,5,250000000,5,5,5,1,1,5,250000000,"window_normal_equations","EXECUTED",0.048802999999999999,""
uwb-imu-pl/gate-d-diagnostics/v16,5,250000000,5,5,5,1,1,5,250000000,"window_llt_state_solves","EXECUTED",0.037046000000000003,""
uwb-imu-pl/gate-d-diagnostics/v16,5,250000000,5,5,5,1,1,5,250000000,"window_fingerprint","EXECUTED",0.72470800000000002,""
uwb-imu-pl/gate-d-diagnostics/v16,5,250000000,5,5,5,1,1,5,250000000,"all_in_detector","EXECUTED",0.050907000000000001,""
uwb-imu-pl/gate-d-diagnostics/v16,5,250000000,5,5,5,1,1,5,250000000,"current_sensitivity","EXECUTED",0.103523,""
uwb-imu-pl/gate-d-diagnostics/v16,5,250000000,5,5,5,1,1,5,250000000,"model_generation","EXECUTED",12.860045,""
uwb-imu-pl/gate-d-diagnostics/v16,5,250000000,5,5,5,1,1,5,250000000,"historical_sensitivity","EXECUTED",0.039456999999999999,""
uwb-imu-pl/gate-d-diagnostics/v16,5,250000000,5,5,5,1,1,5,250000000,"hypothesis_evidence","EXECUTED",47.995058999999998,"effective_dimensions=1:118,2:2672,3:960,other:0;context_bytes=630320;worker_blocks=4"
uwb-imu-pl/gate-d-diagnostics/v16,5,250000000,5,5,5,1,1,5,250000000,"health_actions","EXECUTED",0.79488899999999996,""
uwb-imu-pl/gate-d-diagnostics/v16,5,250000000,5,5,5,1,1,5,250000000,"hypothesis_audit","SKIPPED",,"disabled by output.write_hypothesis_evidence"
uwb-imu-pl/gate-d-diagnostics/v16,5,250000000,5,5,5,1,1,5,250000000,"base_factorization","EXECUTED",0.065480999999999998,""
uwb-imu-pl/gate-d-diagnostics/v16,5,250000000,5,5,5,1,1,5,250000000,"shared_cache","EXECUTED",0.001856,""
uwb-imu-pl/gate-d-diagnostics/v16,5,250000000,5,5,5,1,1,5,250000000,"candidate_evaluation","EXECUTED",157.986322,"rank=1;dense=0;stream_protocol=2;stream_batches=1;stream_batch_capacity=1;stream_peak_batch_actions=1;stream_peak_resident_evaluated_actions=1;stream_peak_batch_full_proofs=1;stream_retained_full_candidates=0;stream_retained_full_proofs=0;stream_full_action_heavy_copy=0;stream_complete=1;stream_fde_preproof_selected_action=0;stream_fde_preproof_status=RISK_BUDGET_INVALID;stream_main_arena_action_full_proofs=0;stream_action_proof_retention=NORMAL_TWO_PASS_O_B_PLUS_ONE;stream_winner_recompute=0;stream_winner_recompute_test_seam=0"
uwb-imu-pl/gate-d-diagnostics/v16,5,250000000,5,5,5,1,1,5,250000000,"fde_decision","EXECUTED",3.196844,""
uwb-imu-pl/gate-d-diagnostics/v16,5,250000000,5,5,5,1,1,5,250000000,"candidate_audit","EXECUTED",0.017090000000000001,"ACTION_REJECTION_FUNNEL_V2:1=REJECT_RISK_CLOSURE"
uwb-imu-pl/gate-d-diagnostics/v16,5,250000000,5,5,5,1,1,5,250000000,"commit","EXECUTED",0.572268,""
uwb-imu-pl/gate-d-diagnostics/v16,5,250000000,5,5,5,1,1,5,250000000,"state_audit","EXECUTED",0.000223,""
uwb-imu-pl/gate-d-diagnostics/v16,5,250000000,5,5,5,1,1,5,250000000,"finalize_commit_audit","EXECUTED",1.6611410000000002,"excludes separately timed commit/discard/state audit"
uwb-imu-pl/gate-d-diagnostics/v16,5,250000000,5,5,5,1,1,5,250000000,"discard","SKIPPED",,"upstream gate did not reach stage"
uwb-imu-pl/gate-d-diagnostics/v16,5,250000000,5,5,5,1,1,5,250000000,"core_total","EXECUTED",229.693026,""
uwb-imu-pl/gate-d-diagnostics/v16,6,300000000,6,6,6,1,1,6,300000000,"prepare","EXECUTED",0.61527600000000005,""
uwb-imu-pl/gate-d-diagnostics/v16,6,300000000,6,6,6,1,1,6,300000000,"integrity_window","EXECUTED",5.1250730000000004,""
uwb-imu-pl/gate-d-diagnostics/v16,6,300000000,6,6,6,1,1,6,300000000,"window_boundary_provenance","EXECUTED",0.15302399999999999,""
uwb-imu-pl/gate-d-diagnostics/v16,6,300000000,6,6,6,1,1,6,300000000,"window_factor_linearization_whitening","EXECUTED",0.232215,""
uwb-imu-pl/gate-d-diagnostics/v16,6,300000000,6,6,6,1,1,6,300000000,"window_dense_assembly","EXECUTED",0.027043000000000001,""
uwb-imu-pl/gate-d-diagnostics/v16,6,300000000,6,6,6,1,1,6,300000000,"window_svd","EXECUTED",3.093245,""
uwb-imu-pl/gate-d-diagnostics/v16,6,300000000,6,6,6,1,1,6,300000000,"window_normal_equations","EXECUTED",0.095629000000000006,""
uwb-imu-pl/gate-d-diagnostics/v16,6,300000000,6,6,6,1,1,6,300000000,"window_llt_state_solves","EXECUTED",0.047462999999999998,""
uwb-imu-pl/gate-d-diagnostics/v16,6,300000000,6,6,6,1,1,6,300000000,"window_fingerprint","EXECUTED",1.0423910000000001,""
uwb-imu-pl/gate-d-diagnostics/v16,6,300000000,6,6,6,1,1,6,300000000,"all_in_detector","EXECUTED",0.031986000000000001,""
uwb-imu-pl/gate-d-diagnostics/v16,6,300000000,6,6,6,1,1,6,300000000,"current_sensitivity","EXECUTED",0.104629,""
uwb-imu-pl/gate-d-diagnostics/v16,6,300000000,6,6,6,1,1,6,300000000,"model_generation","EXECUTED",21.259244000000002,""
uwb-imu-pl/gate-d-diagnostics/v16,6,300000000,6,6,6,1,1,6,300000000,"historical_sensitivity","EXECUTED",0.043980999999999999,""
uwb-imu-pl/gate-d-diagnostics/v16,6,300000000,6,6,6,1,1,6,300000000,"hypothesis_evidence","EXECUTED",77.629518000000004,"effective_dimensions=1:140,2:3784,3:1440,other:0;context_bytes=901472;worker_blocks=4"
uwb-imu-pl/gate-d-diagnostics/v16,6,300000000,6,6,6,1,1,6,300000000,"health_actions","EXECUTED",0.96135700000000002,""
uwb-imu-pl/gate-d-diagnostics/v16,6,300000000,6,6,6,1,1,6,300000000,"hypothesis_audit","SKIPPED",,"disabled by output.write_hypothesis_evidence"
uwb-imu-pl/gate-d-diagnostics/v16,6,300000000,6,6,6,1,1,6,300000000,"base_factorization","EXECUTED",0.083817000000000003,""
uwb-imu-pl/gate-d-diagnostics/v16,6,300000000,6,6,6,1,1,6,300000000,"shared_cache","EXECUTED",0.001622,""
uwb-imu-pl/gate-d-diagnostics/v16,6,300000000,6,6,6,1,1,6,300000000,"candidate_evaluation","EXECUTED",252.713303,"rank=1;dense=0;stream_protocol=2;stream_batches=1;stream_batch_capacity=1;stream_peak_batch_actions=1;stream_peak_resident_evaluated_actions=1;stream_peak_batch_full_proofs=1;stream_retained_full_candidates=0;stream_retained_full_proofs=0;stream_full_action_heavy_copy=0;stream_complete=1;stream_fde_preproof_selected_action=0;stream_fde_preproof_status=RISK_BUDGET_INVALID;stream_main_arena_action_full_proofs=0;stream_action_proof_retention=NORMAL_TWO_PASS_O_B_PLUS_ONE;stream_winner_recompute=0;stream_winner_recompute_test_seam=0"
uwb-imu-pl/gate-d-diagnostics/v16,6,300000000,6,6,6,1,1,6,300000000,"fde_decision","EXECUTED",5.1408699999999996,""
uwb-imu-pl/gate-d-diagnostics/v16,6,300000000,6,6,6,1,1,6,300000000,"candidate_audit","EXECUTED",0.021887,"ACTION_REJECTION_FUNNEL_V2:1=REJECT_RISK_CLOSURE"
uwb-imu-pl/gate-d-diagnostics/v16,6,300000000,6,6,6,1,1,6,300000000,"commit","EXECUTED",0.725603,""
uwb-imu-pl/gate-d-diagnostics/v16,6,300000000,6,6,6,1,1,6,300000000,"state_audit","EXECUTED",0.00036400000000000001,""
uwb-imu-pl/gate-d-diagnostics/v16,6,300000000,6,6,6,1,1,6,300000000,"finalize_commit_audit","EXECUTED",2.2370809999999999,"excludes separately timed commit/discard/state audit"
uwb-imu-pl/gate-d-diagnostics/v16,6,300000000,6,6,6,1,1,6,300000000,"discard","SKIPPED",,"upstream gate did not reach stage"
uwb-imu-pl/gate-d-diagnostics/v16,6,300000000,6,6,6,1,1,6,300000000,"core_total","EXECUTED",366.94371100000001,""
uwb-imu-pl/gate-d-diagnostics/v16,7,350000000,7,7,7,1,1,7,350000000,"prepare","EXECUTED",0.68513199999999996,""
uwb-imu-pl/gate-d-diagnostics/v16,7,350000000,7,7,7,1,1,7,350000000,"integrity_window","EXECUTED",6.5295399999999999,""
uwb-imu-pl/gate-d-diagnostics/v16,7,350000000,7,7,7,1,1,7,350000000,"window_boundary_provenance","EXECUTED",0.18231,""
uwb-imu-pl/gate-d-diagnostics/v16,7,350000000,7,7,7,1,1,7,350000000,"window_factor_linearization_whitening","EXECUTED",0.30563800000000002,""
uwb-imu-pl/gate-d-diagnostics/v16,7,350000000,7,7,7,1,1,7,350000000,"window_dense_assembly","EXECUTED",0.035459999999999998,""
uwb-imu-pl/gate-d-diagnostics/v16,7,350000000,7,7,7,1,1,7,350000000,"window_svd","EXECUTED",3.905122,""
uwb-imu-pl/gate-d-diagnostics/v16,7,350000000,7,7,7,1,1,7,350000000,"window_normal_equations","EXECUTED",0.103119,""
uwb-imu-pl/gate-d-diagnostics/v16,7,350000000,7,7,7,1,1,7,350000000,"window_llt_state_solves","EXECUTED",0.055173,""
uwb-imu-pl/gate-d-diagnostics/v16,7,350000000,7,7,7,1,1,7,350000000,"window_fingerprint","EXECUTED",1.3737729999999999,""
uwb-imu-pl/gate-d-diagnostics/v16,7,350000000,7,7,7,1,1,7,350000000,"all_in_detector","EXECUTED",0.043220000000000001,""
uwb-imu-pl/gate-d-diagnostics/v16,7,350000000,7,7,7,1,1,7,350000000,"current_sensitivity","EXECUTED",0.14230100000000001,""
uwb-imu-pl/gate-d-diagnostics/v16,7,350000000,7,7,7,1,1,7,350000000,"model_generation","EXECUTED",27.740908999999998,""
uwb-imu-pl/gate-d-diagnostics/v16,7,350000000,7,7,7,1,1,7,350000000,"historical_sensitivity","EXECUTED",0.054187999999999993,""
uwb-imu-pl/gate-d-diagnostics/v16,7,350000000,7,7,7,1,1,7,350000000,"hypothesis_evidence","EXECUTED",125.589384,"effective_dimensions=1:162,2:5088,3:2016,other:0;context_bytes=1221008;worker_blocks=4"
uwb-imu-pl/gate-d-diagnostics/v16,7,350000000,7,7,7,1,1,7,350000000,"health_actions","EXECUTED",1.6655530000000001,""
uwb-imu-pl/gate-d-diagnostics/v16,7,350000000,7,7,7,1,1,7,350000000,"hypothesis_audit","SKIPPED",,"disabled by output.write_hypothesis_evidence"
uwb-imu-pl/gate-d-diagnostics/v16,7,350000000,7,7,7,1,1,7,350000000,"base_factorization","EXECUTED",0.102245,""
uwb-imu-pl/gate-d-diagnostics/v16,7,350000000,7,7,7,1,1,7,350000000,"shared_cache","EXECUTED",0.0014469999999999999,""
uwb-imu-pl/gate-d-diagnostics/v16,7,350000000,7,7,7,1,1,7,350000000,"candidate_evaluation","EXECUTED",356.53835099999998,"rank=1;dense=0;stream_protocol=2;stream_batches=1;stream_batch_capacity=1;stream_peak_batch_actions=1;stream_peak_resident_evaluated_actions=1;stream_peak_batch_full_proofs=1;stream_retained_full_candidates=0;stream_retained_full_proofs=0;stream_full_action_heavy_copy=0;stream_complete=1;stream_fde_preproof_selected_action=0;stream_fde_preproof_status=RISK_BUDGET_INVALID;stream_main_arena_action_full_proofs=0;stream_action_proof_retention=NORMAL_TWO_PASS_O_B_PLUS_ONE;stream_winner_recompute=0;stream_winner_recompute_test_seam=0"
uwb-imu-pl/gate-d-diagnostics/v16,7,350000000,7,7,7,1,1,7,350000000,"fde_decision","EXECUTED",6.6454610000000001,""
uwb-imu-pl/gate-d-diagnostics/v16,7,350000000,7,7,7,1,1,7,350000000,"candidate_audit","EXECUTED",0.028208,"ACTION_REJECTION_FUNNEL_V2:1=REJECT_RISK_CLOSURE"
uwb-imu-pl/gate-d-diagnostics/v16,7,350000000,7,7,7,1,1,7,350000000,"commit","EXECUTED",1.042127,""
uwb-imu-pl/gate-d-diagnostics/v16,7,350000000,7,7,7,1,1,7,350000000,"state_audit","EXECUTED",0.000444,""
uwb-imu-pl/gate-d-diagnostics/v16,7,350000000,7,7,7,1,1,7,350000000,"finalize_commit_audit","EXECUTED",3.2581459999999995,"excludes separately timed commit/discard/state audit"
uwb-imu-pl/gate-d-diagnostics/v16,7,350000000,7,7,7,1,1,7,350000000,"discard","SKIPPED",,"upstream gate did not reach stage"
uwb-imu-pl/gate-d-diagnostics/v16,7,350000000,7,7,7,1,1,7,350000000,"core_total","EXECUTED",530.29483300000004,""
uwb-imu-pl/gate-d-diagnostics/v16,8,400000000,8,8,8,1,1,8,400000000,"prepare","EXECUTED",0.77193400000000001,""
uwb-imu-pl/gate-d-diagnostics/v16,8,400000000,8,8,8,1,1,8,400000000,"integrity_window","EXECUTED",8.5282420000000005,""
uwb-imu-pl/gate-d-diagnostics/v16,8,400000000,8,8,8,1,1,8,400000000,"window_boundary_provenance","EXECUTED",0.16796800000000001,""
uwb-imu-pl/gate-d-diagnostics/v16,8,400000000,8,8,8,1,1,8,400000000,"window_factor_linearization_whitening","EXECUTED",0.32317699999999999,""
uwb-imu-pl/gate-d-diagnostics/v16,8,400000000,8,8,8,1,1,8,400000000,"window_dense_assembly","EXECUTED",0.044199000000000002,""
uwb-imu-pl/gate-d-diagnostics/v16,8,400000000,8,8,8,1,1,8,400000000,"window_svd","EXECUTED",5.2197469999999999,""
uwb-imu-pl/gate-d-diagnostics/v16,8,400000000,8,8,8,1,1,8,400000000,"window_normal_equations","EXECUTED",0.153304,""
uwb-imu-pl/gate-d-diagnostics/v16,8,400000000,8,8,8,1,1,8,400000000,"window_llt_state_solves","EXECUTED",0.076904,""
uwb-imu-pl/gate-d-diagnostics/v16,8,400000000,8,8,8,1,1,8,400000000,"window_fingerprint","EXECUTED",1.8281499999999999,""
uwb-imu-pl/gate-d-diagnostics/v16,8,400000000,8,8,8,1,1,8,400000000,"all_in_detector","EXECUTED",0.056318,""
uwb-imu-pl/gate-d-diagnostics/v16,8,400000000,8,8,8,1,1,8,400000000,"current_sensitivity","EXECUTED",0.23650599999999999,""
uwb-imu-pl/gate-d-diagnostics/v16,8,400000000,8,8,8,1,1,8,400000000,"model_generation","EXECUTED",37.192338999999997,""
uwb-imu-pl/gate-d-diagnostics/v16,8,400000000,8,8,8,1,1,8,400000000,"historical_sensitivity","EXECUTED",0.083348000000000005,""
uwb-imu-pl/gate-d-diagnostics/v16,8,400000000,8,8,8,1,1,8,400000000,"hypothesis_evidence","EXECUTED",179.76119700000001,"effective_dimensions=1:184,2:6584,3:2688,other:0;context_bytes=1588928;worker_blocks=4"
uwb-imu-pl/gate-d-diagnostics/v16,8,400000000,8,8,8,1,1,8,400000000,"health_actions","EXECUTED",1.874244,""
uwb-imu-pl/gate-d-diagnostics/v16,8,400000000,8,8,8,1,1,8,400000000,"hypothesis_audit","SKIPPED",,"disabled by output.write_hypothesis_evidence"
uwb-imu-pl/gate-d-diagnostics/v16,8,400000000,8,8,8,1,1,8,400000000,"base_factorization","EXECUTED",0.13033700000000001,""
uwb-imu-pl/gate-d-diagnostics/v16,8,400000000,8,8,8,1,1,8,400000000,"shared_cache","EXECUTED",0.001178,""
uwb-imu-pl/gate-d-diagnostics/v16,8,400000000,8,8,8,1,1,8,400000000,"candidate_evaluation","EXECUTED",533.74255800000003,"rank=1;dense=0;stream_protocol=2;stream_batches=1;stream_batch_capacity=1;stream_peak_batch_actions=1;stream_peak_resident_evaluated_actions=1;stream_peak_batch_full_proofs=1;stream_retained_full_candidates=0;stream_retained_full_proofs=0;stream_full_action_heavy_copy=0;stream_complete=1;stream_fde_preproof_selected_action=0;stream_fde_preproof_status=RISK_BUDGET_INVALID;stream_main_arena_action_full_proofs=0;stream_action_proof_retention=NORMAL_TWO_PASS_O_B_PLUS_ONE;stream_winner_recompute=0;stream_winner_recompute_test_seam=0"
uwb-imu-pl/gate-d-diagnostics/v16,8,400000000,8,8,8,1,1,8,400000000,"fde_decision","EXECUTED",10.966419999999999,""
uwb-imu-pl/gate-d-diagnostics/v16,8,400000000,8,8,8,1,1,8,400000000,"candidate_audit","EXECUTED",0.033103,"ACTION_REJECTION_FUNNEL_V2:1=REJECT_RISK_CLOSURE"
uwb-imu-pl/gate-d-diagnostics/v16,8,400000000,8,8,8,1,1,8,400000000,"commit","EXECUTED",1.0593619999999999,""
uwb-imu-pl/gate-d-diagnostics/v16,8,400000000,8,8,8,1,1,8,400000000,"state_audit","EXECUTED",0.000263,""
uwb-imu-pl/gate-d-diagnostics/v16,8,400000000,8,8,8,1,1,8,400000000,"finalize_commit_audit","EXECUTED",3.3956310000000007,"excludes separately timed commit/discard/state audit"
uwb-imu-pl/gate-d-diagnostics/v16,8,400000000,8,8,8,1,1,8,400000000,"discard","SKIPPED",,"upstream gate did not reach stage"
uwb-imu-pl/gate-d-diagnostics/v16,8,400000000,8,8,8,1,1,8,400000000,"core_total","EXECUTED",778.02260100000001,""
uwb-imu-pl/gate-d-diagnostics/v16,9,450000000,9,9,9,1,1,9,450000000,"prepare","EXECUTED",0.80538299999999996,""
uwb-imu-pl/gate-d-diagnostics/v16,9,450000000,9,9,9,1,1,9,450000000,"integrity_window","EXECUTED",10.399692,""
uwb-imu-pl/gate-d-diagnostics/v16,9,450000000,9,9,9,1,1,9,450000000,"window_boundary_provenance","EXECUTED",0.191547,""
uwb-imu-pl/gate-d-diagnostics/v16,9,450000000,9,9,9,1,1,9,450000000,"window_factor_linearization_whitening","EXECUTED",0.578013,""
uwb-imu-pl/gate-d-diagnostics/v16,9,450000000,9,9,9,1,1,9,450000000,"window_dense_assembly","EXECUTED",0.069716,""
uwb-imu-pl/gate-d-diagnostics/v16,9,450000000,9,9,9,1,1,9,450000000,"window_svd","EXECUTED",6.0903549999999997,""
uwb-imu-pl/gate-d-diagnostics/v16,9,450000000,9,9,9,1,1,9,450000000,"window_normal_equations","EXECUTED",0.206897,""
uwb-imu-pl/gate-d-diagnostics/v16,9,450000000,9,9,9,1,1,9,450000000,"window_llt_state_solves","EXECUTED",0.087142999999999998,""
uwb-imu-pl/gate-d-diagnostics/v16,9,450000000,9,9,9,1,1,9,450000000,"window_fingerprint","EXECUTED",2.2939720000000001,""
uwb-imu-pl/gate-d-diagnostics/v16,9,450000000,9,9,9,1,1,9,450000000,"all_in_detector","EXECUTED",0.054116999999999998,""
uwb-imu-pl/gate-d-diagnostics/v16,9,450000000,9,9,9,1,1,9,450000000,"current_sensitivity","EXECUTED",0.21202499999999999,""
uwb-imu-pl/gate-d-diagnostics/v16,9,450000000,9,9,9,1,1,9,450000000,"model_generation","EXECUTED",53.283845999999997,""
uwb-imu-pl/gate-d-diagnostics/v16,9,450000000,9,9,9,1,1,9,450000000,"historical_sensitivity","EXECUTED",0.092606000000000022,""
uwb-imu-pl/gate-d-diagnostics/v16,9,450000000,9,9,9,1,1,9,450000000,"hypothesis_evidence","EXECUTED",228.761765,"effective_dimensions=1:206,2:8272,3:3456,other:0;context_bytes=2005232;worker_blocks=4"
uwb-imu-pl/gate-d-diagnostics/v16,9,450000000,9,9,9,1,1,9,450000000,"health_actions","EXECUTED",2.0029129999999999,""
uwb-imu-pl/gate-d-diagnostics/v16,9,450000000,9,9,9,1,1,9,450000000,"hypothesis_audit","SKIPPED",,"disabled by output.write_hypothesis_evidence"
uwb-imu-pl/gate-d-diagnostics/v16,9,450000000,9,9,9,1,1,9,450000000,"base_factorization","EXECUTED",0.15493199999999999,""
uwb-imu-pl/gate-d-diagnostics/v16,9,450000000,9,9,9,1,1,9,450000000,"shared_cache","EXECUTED",0.001372,""
uwb-imu-pl/gate-d-diagnostics/v16,9,450000000,9,9,9,1,1,9,450000000,"candidate_evaluation","EXECUTED",684.80396599999995,"rank=1;dense=0;stream_protocol=2;stream_batches=1;stream_batch_capacity=1;stream_peak_batch_actions=1;stream_peak_resident_evaluated_actions=1;stream_peak_batch_full_proofs=1;stream_retained_full_candidates=0;stream_retained_full_proofs=0;stream_full_action_heavy_copy=0;stream_complete=1;stream_fde_preproof_selected_action=0;stream_fde_preproof_status=RISK_BUDGET_INVALID;stream_main_arena_action_full_proofs=0;stream_action_proof_retention=NORMAL_TWO_PASS_O_B_PLUS_ONE;stream_winner_recompute=0;stream_winner_recompute_test_seam=0"
uwb-imu-pl/gate-d-diagnostics/v16,9,450000000,9,9,9,1,1,9,450000000,"fde_decision","EXECUTED",11.052052,""
uwb-imu-pl/gate-d-diagnostics/v16,9,450000000,9,9,9,1,1,9,450000000,"candidate_audit","EXECUTED",0.033877999999999998,"ACTION_REJECTION_FUNNEL_V2:1=REJECT_RISK_CLOSURE"
uwb-imu-pl/gate-d-diagnostics/v16,9,450000000,9,9,9,1,1,9,450000000,"commit","EXECUTED",0.95654600000000001,""
uwb-imu-pl/gate-d-diagnostics/v16,9,450000000,9,9,9,1,1,9,450000000,"state_audit","EXECUTED",0.000379,""
uwb-imu-pl/gate-d-diagnostics/v16,9,450000000,9,9,9,1,1,9,450000000,"finalize_commit_audit","EXECUTED",5.6875179999999999,"excludes separately timed commit/discard/state audit"
uwb-imu-pl/gate-d-diagnostics/v16,9,450000000,9,9,9,1,1,9,450000000,"discard","SKIPPED",,"upstream gate did not reach stage"
uwb-imu-pl/gate-d-diagnostics/v16,9,450000000,9,9,9,1,1,9,450000000,"core_total","EXECUTED",998.57418800000005,""
uwb-imu-pl/gate-d-diagnostics/v16,10,500000000,10,10,10,1,1,10,500000000,"prepare","EXECUTED",0.959561,""
uwb-imu-pl/gate-d-diagnostics/v16,10,500000000,10,10,10,1,1,10,500000000,"integrity_window","EXECUTED",12.299276000000001,""
uwb-imu-pl/gate-d-diagnostics/v16,10,500000000,10,10,10,1,1,10,500000000,"window_boundary_provenance","EXECUTED",0.17447399999999999,""
uwb-imu-pl/gate-d-diagnostics/v16,10,500000000,10,10,10,1,1,10,500000000,"window_factor_linearization_whitening","EXECUTED",0.45458399999999999,""
uwb-imu-pl/gate-d-diagnostics/v16,10,500000000,10,10,10,1,1,10,500000000,"window_dense_assembly","EXECUTED",0.069445000000000007,""
uwb-imu-pl/gate-d-diagnostics/v16,10,500000000,10,10,10,1,1,10,500000000,"window_svd","EXECUTED",7.3315760000000001,""
uwb-imu-pl/gate-d-diagnostics/v16,10,500000000,10,10,10,1,1,10,500000000,"window_normal_equations","EXECUTED",0.256469,""
uwb-imu-pl/gate-d-diagnostics/v16,10,500000000,10,10,10,1,1,10,500000000,"window_llt_state_solves","EXECUTED",0.097221000000000002,""
uwb-imu-pl/gate-d-diagnostics/v16,10,500000000,10,10,10,1,1,10,500000000,"window_fingerprint","EXECUTED",2.8579110000000001,""
uwb-imu-pl/gate-d-diagnostics/v16,10,500000000,10,10,10,1,1,10,500000000,"all_in_detector","EXECUTED",0.057861999999999997,""
uwb-imu-pl/gate-d-diagnostics/v16,10,500000000,10,10,10,1,1,10,500000000,"current_sensitivity","EXECUTED",0.26877400000000001,""
uwb-imu-pl/gate-d-diagnostics/v16,10,500000000,10,10,10,1,1,10,500000000,"model_generation","EXECUTED",60.005447999999994,""
uwb-imu-pl/gate-d-diagnostics/v16,10,500000000,10,10,10,1,1,10,500000000,"historical_sensitivity","EXECUTED",0.10553499999999999,""
uwb-imu-pl/gate-d-diagnostics/v16,10,500000000,10,10,10,1,1,10,500000000,"hypothesis_evidence","EXECUTED",306.69975899999997,"effective_dimensions=1:228,2:10152,3:4320,other:0;context_bytes=2469920;worker_blocks=4"
uwb-imu-pl/gate-d-diagnostics/v16,10,500000000,10,10,10,1,1,10,500000000,"health_actions","EXECUTED",2.5254910000000002,""
uwb-imu-pl/gate-d-diagnostics/v16,10,500000000,10,10,10,1,1,10,500000000,"hypothesis_audit","SKIPPED",,"disabled by output.write_hypothesis_evidence"
uwb-imu-pl/gate-d-diagnostics/v16,10,500000000,10,10,10,1,1,10,500000000,"base_factorization","EXECUTED",0.185612,""
uwb-imu-pl/gate-d-diagnostics/v16,10,500000000,10,10,10,1,1,10,500000000,"shared_cache","EXECUTED",0.001253,""
uwb-imu-pl/gate-d-diagnostics/v16,10,500000000,10,10,10,1,1,10,500000000,"candidate_evaluation","EXECUTED",925.84351600000002,"rank=1;dense=0;stream_protocol=2;stream_batches=1;stream_batch_capacity=1;stream_peak_batch_actions=1;stream_peak_resident_evaluated_actions=1;stream_peak_batch_full_proofs=1;stream_retained_full_candidates=0;stream_retained_full_proofs=0;stream_full_action_heavy_copy=0;stream_complete=1;stream_fde_preproof_selected_action=0;stream_fde_preproof_status=RISK_BUDGET_INVALID;stream_main_arena_action_full_proofs=0;stream_action_proof_retention=NORMAL_TWO_PASS_O_B_PLUS_ONE;stream_winner_recompute=0;stream_winner_recompute_test_seam=0"
uwb-imu-pl/gate-d-diagnostics/v16,10,500000000,10,10,10,1,1,10,500000000,"fde_decision","EXECUTED",12.867528999999999,""
uwb-imu-pl/gate-d-diagnostics/v16,10,500000000,10,10,10,1,1,10,500000000,"candidate_audit","EXECUTED",0.023681000000000001,"ACTION_REJECTION_FUNNEL_V2:1=REJECT_RISK_CLOSURE"
uwb-imu-pl/gate-d-diagnostics/v16,10,500000000,10,10,10,1,1,10,500000000,"commit","EXECUTED",0.88436199999999998,""
uwb-imu-pl/gate-d-diagnostics/v16,10,500000000,10,10,10,1,1,10,500000000,"state_audit","EXECUTED",0.00040200000000000001,""
uwb-imu-pl/gate-d-diagnostics/v16,10,500000000,10,10,10,1,1,10,500000000,"finalize_commit_audit","EXECUTED",6.4686300000000001,"excludes separately timed commit/discard/state audit"
uwb-imu-pl/gate-d-diagnostics/v16,10,500000000,10,10,10,1,1,10,500000000,"discard","SKIPPED",,"upstream gate did not reach stage"
uwb-imu-pl/gate-d-diagnostics/v16,10,500000000,10,10,10,1,1,10,500000000,"core_total","EXECUTED",1329.477987,""
uwb-imu-pl/gate-d-diagnostics/v16,11,550000000,11,11,11,1,1,11,550000000,"prepare","EXECUTED",0.98662300000000003,""
uwb-imu-pl/gate-d-diagnostics/v16,11,550000000,11,11,11,1,1,11,550000000,"integrity_window","EXECUTED",14.025454999999999,""
uwb-imu-pl/gate-d-diagnostics/v16,11,550000000,11,11,11,1,1,11,550000000,"window_boundary_provenance","EXECUTED",0.44828899999999999,""
uwb-imu-pl/gate-d-diagnostics/v16,11,550000000,11,11,11,1,1,11,550000000,"window_factor_linearization_whitening","EXECUTED",0.52560499999999999,""
uwb-imu-pl/gate-d-diagnostics/v16,11,550000000,11,11,11,1,1,11,550000000,"window_dense_assembly","EXECUTED",0.072628999999999999,""
uwb-imu-pl/gate-d-diagnostics/v16,11,550000000,11,11,11,1,1,11,550000000,"window_svd","EXECUTED",7.455076,""
uwb-imu-pl/gate-d-diagnostics/v16,11,550000000,11,11,11,1,1,11,550000000,"window_normal_equations","EXECUTED",0.27638099999999999,""
uwb-imu-pl/gate-d-diagnostics/v16,11,550000000,11,11,11,1,1,11,550000000,"window_llt_state_solves","EXECUTED",0.10606599999999999,""
uwb-imu-pl/gate-d-diagnostics/v16,11,550000000,11,11,11,1,1,11,550000000,"window_fingerprint","EXECUTED",3.7611910000000002,""
uwb-imu-pl/gate-d-diagnostics/v16,11,550000000,11,11,11,1,1,11,550000000,"all_in_detector","EXECUTED",0.064532000000000006,""
uwb-imu-pl/gate-d-diagnostics/v16,11,550000000,11,11,11,1,1,11,550000000,"current_sensitivity","EXECUTED",0.24585199999999999,""
uwb-imu-pl/gate-d-diagnostics/v16,11,550000000,11,11,11,1,1,11,550000000,"model_generation","EXECUTED",68.672928999999996,""
uwb-imu-pl/gate-d-diagnostics/v16,11,550000000,11,11,11,1,1,11,550000000,"historical_sensitivity","EXECUTED",0.10848300000000001,""
uwb-imu-pl/gate-d-diagnostics/v16,11,550000000,11,11,11,1,1,11,550000000,"hypothesis_evidence","EXECUTED",352.231472,"effective_dimensions=1:244,2:11120,3:4800,other:0;context_bytes=2715872;worker_blocks=4"
uwb-imu-pl/gate-d-diagnostics/v16,11,550000000,11,11,11,1,1,11,550000000,"health_actions","EXECUTED",2.9728669999999999,""
uwb-imu-pl/gate-d-diagnostics/v16,11,550000000,11,11,11,1,1,11,550000000,"hypothesis_audit","SKIPPED",,"disabled by output.write_hypothesis_evidence"
uwb-imu-pl/gate-d-diagnostics/v16,11,550000000,11,11,11,1,1,11,550000000,"base_factorization","EXECUTED",0.19312599999999999,""
uwb-imu-pl/gate-d-diagnostics/v16,11,550000000,11,11,11,1,1,11,550000000,"shared_cache","EXECUTED",0.002183,""
uwb-imu-pl/gate-d-diagnostics/v16,11,550000000,11,11,11,1,1,11,550000000,"candidate_evaluation","EXECUTED",1049.8612009999999,"rank=1;dense=0;stream_protocol=2;stream_batches=1;stream_batch_capacity=1;stream_peak_batch_actions=1;stream_peak_resident_evaluated_actions=1;stream_peak_batch_full_proofs=1;stream_retained_full_candidates=0;stream_retained_full_proofs=0;stream_full_action_heavy_copy=0;stream_complete=1;stream_fde_preproof_selected_action=0;stream_fde_preproof_status=RISK_BUDGET_INVALID;stream_main_arena_action_full_proofs=0;stream_action_proof_retention=NORMAL_TWO_PASS_O_B_PLUS_ONE;stream_winner_recompute=0;stream_winner_recompute_test_seam=0"
uwb-imu-pl/gate-d-diagnostics/v16,11,550000000,11,11,11,1,1,11,550000000,"fde_decision","EXECUTED",14.656037,""
uwb-imu-pl/gate-d-diagnostics/v16,11,550000000,11,11,11,1,1,11,550000000,"candidate_audit","EXECUTED",0.038301000000000002,"ACTION_REJECTION_FUNNEL_V2:1=REJECT_RISK_CLOSURE"
uwb-imu-pl/gate-d-diagnostics/v16,11,550000000,11,11,11,1,1,11,550000000,"commit","EXECUTED",1.518383,""
uwb-imu-pl/gate-d-diagnostics/v16,11,550000000,11,11,11,1,1,11,550000000,"state_audit","EXECUTED",0.00041300000000000001,""
uwb-imu-pl/gate-d-diagnostics/v16,11,550000000,11,11,11,1,1,11,550000000,"finalize_commit_audit","EXECUTED",9.1712769999999999,"excludes separately timed commit/discard/state audit"
uwb-imu-pl/gate-d-diagnostics/v16,11,550000000,11,11,11,1,1,11,550000000,"discard","SKIPPED",,"upstream gate did not reach stage"
uwb-imu-pl/gate-d-diagnostics/v16,11,550000000,11,11,11,1,1,11,550000000,"core_total","EXECUTED",1515.1015950000001,""
uwb-imu-pl/gate-d-diagnostics/v16,12,600000000,12,12,12,1,1,12,600000000,"prepare","EXECUTED",1.2004969999999999,""
uwb-imu-pl/gate-d-diagnostics/v16,12,600000000,12,12,12,1,1,12,600000000,"integrity_window","EXECUTED",15.859954999999999,""
uwb-imu-pl/gate-d-diagnostics/v16,12,600000000,12,12,12,1,1,12,600000000,"window_boundary_provenance","EXECUTED",1.706037,""
uwb-imu-pl/gate-d-diagnostics/v16,12,600000000,12,12,12,1,1,12,600000000,"window_factor_linearization_whitening","EXECUTED",0.50616399999999995,""
uwb-imu-pl/gate-d-diagnostics/v16,12,600000000,12,12,12,1,1,12,600000000,"window_dense_assembly","EXECUTED",0.069114999999999996,""
uwb-imu-pl/gate-d-diagnostics/v16,12,600000000,12,12,12,1,1,12,600000000,"window_svd","EXECUTED",8.4438929999999992,""
uwb-imu-pl/gate-d-diagnostics/v16,12,600000000,12,12,12,1,1,12,600000000,"window_normal_equations","EXECUTED",0.35099599999999997,""
uwb-imu-pl/gate-d-diagnostics/v16,12,600000000,12,12,12,1,1,12,600000000,"window_llt_state_solves","EXECUTED",0.15939500000000001,""
uwb-imu-pl/gate-d-diagnostics/v16,12,600000000,12,12,12,1,1,12,600000000,"window_fingerprint","EXECUTED",3.5034429999999999,""
uwb-imu-pl/gate-d-diagnostics/v16,12,600000000,12,12,12,1,1,12,600000000,"all_in_detector","EXECUTED",0.100758,""
uwb-imu-pl/gate-d-diagnostics/v16,12,600000000,12,12,12,1,1,12,600000000,"current_sensitivity","EXECUTED",0.46559200000000001,""
uwb-imu-pl/gate-d-diagnostics/v16,12,600000000,12,12,12,1,1,12,600000000,"model_generation","EXECUTED",91.804655000000011,""
uwb-imu-pl/gate-d-diagnostics/v16,12,600000000,12,12,12,1,1,12,600000000,"historical_sensitivity","EXECUTED",0.14989800000000003,""
uwb-imu-pl/gate-d-diagnostics/v16,12,600000000,12,12,12,1,1,12,600000000,"hypothesis_evidence","EXECUTED",430.313581,"effective_dimensions=1:266,2:13288,3:5808,other:0;context_bytes=3253136;worker_blocks=4"
uwb-imu-pl/gate-d-diagnostics/v16,12,600000000,12,12,12,1,1,12,600000000,"health_actions","EXECUTED",3.7401629999999999,""
uwb-imu-pl/gate-d-diagnostics/v16,12,600000000,12,12,12,1,1,12,600000000,"hypothesis_audit","SKIPPED",,"disabled by output.write_hypothesis_evidence"
uwb-imu-pl/gate-d-diagnostics/v16,12,600000000,12,12,12,1,1,12,600000000,"base_factorization","EXECUTED",0.19808799999999999,""
uwb-imu-pl/gate-d-diagnostics/v16,12,600000000,12,12,12,1,1,12,600000000,"shared_cache","EXECUTED",0.0018090000000000001,""
uwb-imu-pl/gate-d-diagnostics/v16,12,600000000,12,12,12,1,1,12,600000000,"candidate_evaluation","EXECUTED",169.14342199999999,"rank=1;dense=0;stream_protocol=2;stream_batches=1;stream_batch_capacity=1;stream_peak_batch_actions=1;stream_peak_resident_evaluated_actions=1;stream_peak_batch_full_proofs=0;stream_retained_full_candidates=0;stream_retained_full_proofs=0;stream_full_action_heavy_copy=0;stream_complete=1;stream_fde_preproof_selected_action=0;stream_fde_preproof_status=NO_VALID_CANDIDATE;stream_main_arena_action_full_proofs=0;stream_action_proof_retention=NORMAL_TWO_PASS_O_B_PLUS_ONE;stream_winner_recompute=0;stream_winner_recompute_test_seam=0"
uwb-imu-pl/gate-d-diagnostics/v16,12,600000000,12,12,12,1,1,12,600000000,"fde_decision","EXECUTED",7.8453530000000002,""
uwb-imu-pl/gate-d-diagnostics/v16,12,600000000,12,12,12,1,1,12,600000000,"candidate_audit","EXECUTED",0.031799000000000001,"ACTION_REJECTION_FUNNEL_V2:1=REJECT_PL"
uwb-imu-pl/gate-d-diagnostics/v16,12,600000000,12,12,12,1,1,12,600000000,"commit","EXECUTED",1.0816760000000001,""
uwb-imu-pl/gate-d-diagnostics/v16,12,600000000,12,12,12,1,1,12,600000000,"state_audit","EXECUTED",0.00036699999999999998,""
uwb-imu-pl/gate-d-diagnostics/v16,12,600000000,12,12,12,1,1,12,600000000,"finalize_commit_audit","EXECUTED",7.2609139999999996,"excludes separately timed commit/discard/state audit"
uwb-imu-pl/gate-d-diagnostics/v16,12,600000000,12,12,12,1,1,12,600000000,"discard","SKIPPED",,"upstream gate did not reach stage"
uwb-imu-pl/gate-d-diagnostics/v16,12,600000000,12,12,12,1,1,12,600000000,"core_total","EXECUTED",729.49958700000002,""
uwb-imu-pl/gate-d-diagnostics/v16,13,650000000,13,13,13,1,1,13,650000000,"prepare","EXECUTED",1.102611,""
uwb-imu-pl/gate-d-diagnostics/v16,13,650000000,13,13,13,1,1,13,650000000,"integrity_window","EXECUTED",17.508994000000001,""
uwb-imu-pl/gate-d-diagnostics/v16,13,650000000,13,13,13,1,1,13,650000000,"window_boundary_provenance","EXECUTED",4.4568000000000003,""
uwb-imu-pl/gate-d-diagnostics/v16,13,650000000,13,13,13,1,1,13,650000000,"window_factor_linearization_whitening","EXECUTED",0.56572100000000003,""
uwb-imu-pl/gate-d-diagnostics/v16,13,650000000,13,13,13,1,1,13,650000000,"window_dense_assembly","EXECUTED",0.076454999999999995,""
uwb-imu-pl/gate-d-diagnostics/v16,13,650000000,13,13,13,1,1,13,650000000,"window_svd","EXECUTED",7.4417929999999997,""
uwb-imu-pl/gate-d-diagnostics/v16,13,650000000,13,13,13,1,1,13,650000000,"window_normal_equations","EXECUTED",0.26425199999999999,""
uwb-imu-pl/gate-d-diagnostics/v16,13,650000000,13,13,13,1,1,13,650000000,"window_llt_state_solves","EXECUTED",0.095820000000000002,""
uwb-imu-pl/gate-d-diagnostics/v16,13,650000000,13,13,13,1,1,13,650000000,"window_fingerprint","EXECUTED",3.4782820000000001,""
uwb-imu-pl/gate-d-diagnostics/v16,13,650000000,13,13,13,1,1,13,650000000,"all_in_detector","EXECUTED",0.072206000000000006,""
uwb-imu-pl/gate-d-diagnostics/v16,13,650000000,13,13,13,1,1,13,650000000,"current_sensitivity","EXECUTED",0.25087500000000001,""
uwb-imu-pl/gate-d-diagnostics/v16,13,650000000,13,13,13,1,1,13,650000000,"model_generation","EXECUTED",105.63721199999999,""
uwb-imu-pl/gate-d-diagnostics/v16,13,650000000,13,13,13,1,1,13,650000000,"historical_sensitivity","EXECUTED",0.10566400000000002,""
uwb-imu-pl/gate-d-diagnostics/v16,13,650000000,13,13,13,1,1,13,650000000,"hypothesis_evidence","EXECUTED",519.05550300000004,"effective_dimensions=1:288,2:15648,3:6912,other:0;context_bytes=3838784;worker_blocks=4"
uwb-imu-pl/gate-d-diagnostics/v16,13,650000000,13,13,13,1,1,13,650000000,"health_actions","EXECUTED",4.7103760000000001,""
uwb-imu-pl/gate-d-diagnostics/v16,13,650000000,13,13,13,1,1,13,650000000,"hypothesis_audit","SKIPPED",,"disabled by output.write_hypothesis_evidence"
uwb-imu-pl/gate-d-diagnostics/v16,13,650000000,13,13,13,1,1,13,650000000,"base_factorization","EXECUTED",0.231321,""
uwb-imu-pl/gate-d-diagnostics/v16,13,650000000,13,13,13,1,1,13,650000000,"shared_cache","EXECUTED",0.0026949999999999999,""
uwb-imu-pl/gate-d-diagnostics/v16,13,650000000,13,13,13,1,1,13,650000000,"candidate_evaluation","EXECUTED",199.64688599999999,"rank=1;dense=0;stream_protocol=2;stream_batches=1;stream_batch_capacity=1;stream_peak_batch_actions=1;stream_peak_resident_evaluated_actions=1;stream_peak_batch_full_proofs=0;stream_retained_full_candidates=0;stream_retained_full_proofs=0;stream_full_action_heavy_copy=0;stream_complete=1;stream_fde_preproof_selected_action=0;stream_fde_preproof_status=NO_VALID_CANDIDATE;stream_main_arena_action_full_proofs=0;stream_action_proof_retention=NORMAL_TWO_PASS_O_B_PLUS_ONE;stream_winner_recompute=0;stream_winner_recompute_test_seam=0"
uwb-imu-pl/gate-d-diagnostics/v16,13,650000000,13,13,13,1,1,13,650000000,"fde_decision","EXECUTED",9.1651939999999996,""
uwb-imu-pl/gate-d-diagnostics/v16,13,650000000,13,13,13,1,1,13,650000000,"candidate_audit","EXECUTED",0.027289000000000001,"ACTION_REJECTION_FUNNEL_V2:1=REJECT_PL"
uwb-imu-pl/gate-d-diagnostics/v16,13,650000000,13,13,13,1,1,13,650000000,"commit","EXECUTED",1.1714640000000001,""
uwb-imu-pl/gate-d-diagnostics/v16,13,650000000,13,13,13,1,1,13,650000000,"state_audit","EXECUTED",0.00056300000000000002,""
uwb-imu-pl/gate-d-diagnostics/v16,13,650000000,13,13,13,1,1,13,650000000,"finalize_commit_audit","EXECUTED",9.7831449999999993,"excludes separately timed commit/discard/state audit"
uwb-imu-pl/gate-d-diagnostics/v16,13,650000000,13,13,13,1,1,13,650000000,"discard","SKIPPED",,"upstream gate did not reach stage"
uwb-imu-pl/gate-d-diagnostics/v16,13,650000000,13,13,13,1,1,13,650000000,"core_total","EXECUTED",868.84902199999999,""
uwb-imu-pl/gate-d-diagnostics/v16,14,700000000,14,14,14,1,1,14,700000000,"prepare","EXECUTED",1.1993069999999999,""
uwb-imu-pl/gate-d-diagnostics/v16,14,700000000,14,14,14,1,1,14,700000000,"integrity_window","EXECUTED",24.595344000000001,""
uwb-imu-pl/gate-d-diagnostics/v16,14,700000000,14,14,14,1,1,14,700000000,"window_boundary_provenance","EXECUTED",11.045483000000001,""
uwb-imu-pl/gate-d-diagnostics/v16,14,700000000,14,14,14,1,1,14,700000000,"window_factor_linearization_whitening","EXECUTED",0.72635700000000003,""
uwb-imu-pl/gate-d-diagnostics/v16,14,700000000,14,14,14,1,1,14,700000000,"window_dense_assembly","EXECUTED",0.089360999999999996,""
uwb-imu-pl/gate-d-diagnostics/v16,14,700000000,14,14,14,1,1,14,700000000,"window_svd","EXECUTED",7.6410390000000001,""
uwb-imu-pl/gate-d-diagnostics/v16,14,700000000,14,14,14,1,1,14,700000000,"window_normal_equations","EXECUTED",0.29184500000000002,""
uwb-imu-pl/gate-d-diagnostics/v16,14,700000000,14,14,14,1,1,14,700000000,"window_llt_state_solves","EXECUTED",0.12375,""
uwb-imu-pl/gate-d-diagnostics/v16,14,700000000,14,14,14,1,1,14,700000000,"window_fingerprint","EXECUTED",3.4765980000000001,""
uwb-imu-pl/gate-d-diagnostics/v16,14,700000000,14,14,14,1,1,14,700000000,"all_in_detector","EXECUTED",0.146479,""
uwb-imu-pl/gate-d-diagnostics/v16,14,700000000,14,14,14,1,1,14,700000000,"current_sensitivity","EXECUTED",0.49218899999999999,""
uwb-imu-pl/gate-d-diagnostics/v16,14,700000000,14,14,14,1,1,14,700000000,"model_generation","EXECUTED",122.52109,""
uwb-imu-pl/gate-d-diagnostics/v16,14,700000000,14,14,14,1,1,14,700000000,"historical_sensitivity","EXECUTED",0.12359300000000001,""
uwb-imu-pl/gate-d-diagnostics/v16,14,700000000,14,14,14,1,1,14,700000000,"hypothesis_evidence","EXECUTED",636.569029,"effective_dimensions=1:310,2:18200,3:8112,other:0;context_bytes=4472816;worker_blocks=4"
uwb-imu-pl/gate-d-diagnostics/v16,14,700000000,14,14,14,1,1,14,700000000,"health_actions","EXECUTED",5.9356280000000003,""
uwb-imu-pl/gate-d-diagnostics/v16,14,700000000,14,14,14,1,1,14,700000000,"hypothesis_audit","SKIPPED",,"disabled by output.write_hypothesis_evidence"
uwb-imu-pl/gate-d-diagnostics/v16,14,700000000,14,14,14,1,1,14,700000000,"base_factorization","EXECUTED",0.20888799999999999,""
uwb-imu-pl/gate-d-diagnostics/v16,14,700000000,14,14,14,1,1,14,700000000,"shared_cache","EXECUTED",0.001913,""
uwb-imu-pl/gate-d-diagnostics/v16,14,700000000,14,14,14,1,1,14,700000000,"candidate_evaluation","EXECUTED",218.80993900000001,"rank=1;dense=0;stream_protocol=2;stream_batches=1;stream_batch_capacity=1;stream_peak_batch_actions=1;stream_peak_resident_evaluated_actions=1;stream_peak_batch_full_proofs=0;stream_retained_full_candidates=0;stream_retained_full_proofs=0;stream_full_action_heavy_copy=0;stream_complete=1;stream_fde_preproof_selected_action=0;stream_fde_preproof_status=NO_VALID_CANDIDATE;stream_main_arena_action_full_proofs=0;stream_action_proof_retention=NORMAL_TWO_PASS_O_B_PLUS_ONE;stream_winner_recompute=0;stream_winner_recompute_test_seam=0"
uwb-imu-pl/gate-d-diagnostics/v16,14,700000000,14,14,14,1,1,14,700000000,"fde_decision","EXECUTED",10.831481,""
uwb-imu-pl/gate-d-diagnostics/v16,14,700000000,14,14,14,1,1,14,700000000,"candidate_audit","EXECUTED",0.054019999999999999,"ACTION_REJECTION_FUNNEL_V2:1=REJECT_PL"
uwb-imu-pl/gate-d-diagnostics/v16,14,700000000,14,14,14,1,1,14,700000000,"commit","EXECUTED",1.413435,""
uwb-imu-pl/gate-d-diagnostics/v16,14,700000000,14,14,14,1,1,14,700000000,"state_audit","EXECUTED",0.00037100000000000002,""
uwb-imu-pl/gate-d-diagnostics/v16,14,700000000,14,14,14,1,1,14,700000000,"finalize_commit_audit","EXECUTED",13.290859000000001,"excludes separately timed commit/discard/state audit"
uwb-imu-pl/gate-d-diagnostics/v16,14,700000000,14,14,14,1,1,14,700000000,"discard","SKIPPED",,"upstream gate did not reach stage"
uwb-imu-pl/gate-d-diagnostics/v16,14,700000000,14,14,14,1,1,14,700000000,"core_total","EXECUTED",1036.641834,""
uwb-imu-pl/gate-d-diagnostics/v16,15,750000000,15,15,15,1,1,15,750000000,"prepare","EXECUTED",1.4088369999999999,""
uwb-imu-pl/gate-d-diagnostics/v16,15,750000000,15,15,15,1,1,15,750000000,"integrity_window","EXECUTED",39.374808000000002,""
uwb-imu-pl/gate-d-diagnostics/v16,15,750000000,15,15,15,1,1,15,750000000,"window_boundary_provenance","EXECUTED",24.679838,""
uwb-imu-pl/gate-d-diagnostics/v16,15,750000000,15,15,15,1,1,15,750000000,"window_factor_linearization_whitening","EXECUTED",0.77198800000000001,""
uwb-imu-pl/gate-d-diagnostics/v16,15,750000000,15,15,15,1,1,15,750000000,"window_dense_assembly","EXECUTED",0.081351000000000007,""
uwb-imu-pl/gate-d-diagnostics/v16,15,750000000,15,15,15,1,1,15,750000000,"window_svd","EXECUTED",8.4236500000000003,""
uwb-imu-pl/gate-d-diagnostics/v16,15,750000000,15,15,15,1,1,15,750000000,"window_normal_equations","EXECUTED",0.31184000000000001,""
uwb-imu-pl/gate-d-diagnostics/v16,15,750000000,15,15,15,1,1,15,750000000,"window_llt_state_solves","EXECUTED",0.109696,""
uwb-imu-pl/gate-d-diagnostics/v16,15,750000000,15,15,15,1,1,15,750000000,"window_fingerprint","EXECUTED",3.7183350000000002,""
uwb-imu-pl/gate-d-diagnostics/v16,15,750000000,15,15,15,1,1,15,750000000,"all_in_detector","EXECUTED",0.157078,""
uwb-imu-pl/gate-d-diagnostics/v16,15,750000000,15,15,15,1,1,15,750000000,"current_sensitivity","EXECUTED",0.494813,""
uwb-imu-pl/gate-d-diagnostics/v16,15,750000000,15,15,15,1,1,15,750000000,"model_generation","EXECUTED",146.14996299999999,""
uwb-imu-pl/gate-d-diagnostics/v16,15,750000000,15,15,15,1,1,15,750000000,"historical_sensitivity","EXECUTED",0.105723,""
uwb-imu-pl/gate-d-diagnostics/v16,15,750000000,15,15,15,1,1,15,750000000,"hypothesis_evidence","EXECUTED",744.682998,"effective_dimensions=1:332,2:20944,3:9408,other:0;context_bytes=5155232;worker_blocks=4"
uwb-imu-pl/gate-d-diagnostics/v16,15,750000000,15,15,15,1,1,15,750000000,"health_actions","EXECUTED",5.8406520000000004,""
uwb-imu-pl/gate-d-diagnostics/v16,15,750000000,15,15,15,1,1,15,750000000,"hypothesis_audit","SKIPPED",,"disabled by output.write_hypothesis_evidence"
uwb-imu-pl/gate-d-diagnostics/v16,15,750000000,15,15,15,1,1,15,750000000,"base_factorization","EXECUTED",0.21820100000000001,""
uwb-imu-pl/gate-d-diagnostics/v16,15,750000000,15,15,15,1,1,15,750000000,"shared_cache","EXECUTED",0.0023140000000000001,""
uwb-imu-pl/gate-d-diagnostics/v16,15,750000000,15,15,15,1,1,15,750000000,"candidate_evaluation","EXECUTED",244.97529700000001,"rank=1;dense=0;stream_protocol=2;stream_batches=1;stream_batch_capacity=1;stream_peak_batch_actions=1;stream_peak_resident_evaluated_actions=1;stream_peak_batch_full_proofs=0;stream_retained_full_candidates=0;stream_retained_full_proofs=0;stream_full_action_heavy_copy=0;stream_complete=1;stream_fde_preproof_selected_action=0;stream_fde_preproof_status=NO_VALID_CANDIDATE;stream_main_arena_action_full_proofs=0;stream_action_proof_retention=NORMAL_TWO_PASS_O_B_PLUS_ONE;stream_winner_recompute=0;stream_winner_recompute_test_seam=0"
uwb-imu-pl/gate-d-diagnostics/v16,15,750000000,15,15,15,1,1,15,750000000,"fde_decision","EXECUTED",13.911187999999999,""
uwb-imu-pl/gate-d-diagnostics/v16,15,750000000,15,15,15,1,1,15,750000000,"candidate_audit","EXECUTED",0.035205,"ACTION_REJECTION_FUNNEL_V2:1=REJECT_PL"
uwb-imu-pl/gate-d-diagnostics/v16,15,750000000,15,15,15,1,1,15,750000000,"commit","EXECUTED",1.312916,""
uwb-imu-pl/gate-d-diagnostics/v16,15,750000000,15,15,15,1,1,15,750000000,"state_audit","EXECUTED",0.00039199999999999999,""
uwb-imu-pl/gate-d-diagnostics/v16,15,750000000,15,15,15,1,1,15,750000000,"finalize_commit_audit","EXECUTED",16.519757999999999,"excludes separately timed commit/discard/state audit"
uwb-imu-pl/gate-d-diagnostics/v16,15,750000000,15,15,15,1,1,15,750000000,"discard","SKIPPED",,"upstream gate did not reach stage"
uwb-imu-pl/gate-d-diagnostics/v16,15,750000000,15,15,15,1,1,15,750000000,"core_total","EXECUTED",1215.6446559999999,""
uwb-imu-pl/gate-d-diagnostics/v16,16,800000000,16,16,16,1,1,16,800000000,"prepare","EXECUTED",1.366403,""
uwb-imu-pl/gate-d-diagnostics/v16,16,800000000,16,16,16,1,1,16,800000000,"integrity_window","EXECUTED",58.082146000000002,""
uwb-imu-pl/gate-d-diagnostics/v16,16,800000000,16,16,16,1,1,16,800000000,"window_boundary_provenance","EXECUTED",44.528691999999999,""
uwb-imu-pl/gate-d-diagnostics/v16,16,800000000,16,16,16,1,1,16,800000000,"window_factor_linearization_whitening","EXECUTED",0.76166199999999995,""
uwb-imu-pl/gate-d-diagnostics/v16,16,800000000,16,16,16,1,1,16,800000000,"window_dense_assembly","EXECUTED",0.079546000000000006,""
uwb-imu-pl/gate-d-diagnostics/v16,16,800000000,16,16,16,1,1,16,800000000,"window_svd","EXECUTED",7.8258799999999997,""
uwb-imu-pl/gate-d-diagnostics/v16,16,800000000,16,16,16,1,1,16,800000000,"window_normal_equations","EXECUTED",0.317133,""
uwb-imu-pl/gate-d-diagnostics/v16,16,800000000,16,16,16,1,1,16,800000000,"window_llt_state_solves","EXECUTED",0.108718,""
uwb-imu-pl/gate-d-diagnostics/v16,16,800000000,16,16,16,1,1,16,800000000,"window_fingerprint","EXECUTED",3.2806510000000002,""
uwb-imu-pl/gate-d-diagnostics/v16,16,800000000,16,16,16,1,1,16,800000000,"all_in_detector","EXECUTED",0.099282999999999996,""
uwb-imu-pl/gate-d-diagnostics/v16,16,800000000,16,16,16,1,1,16,800000000,"current_sensitivity","EXECUTED",0.371249,""
uwb-imu-pl/gate-d-diagnostics/v16,16,800000000,16,16,16,1,1,16,800000000,"model_generation","EXECUTED",173.83855299999999,""
uwb-imu-pl/gate-d-diagnostics/v16,16,800000000,16,16,16,1,1,16,800000000,"historical_sensitivity","EXECUTED",0.16699600000000003,""
uwb-imu-pl/gate-d-diagnostics/v16,16,800000000,16,16,16,1,1,16,800000000,"hypothesis_evidence","EXECUTED",915.71279300000003,"effective_dimensions=1:354,2:23880,3:10800,other:0;context_bytes=5886032;worker_blocks=4"
uwb-imu-pl/gate-d-diagnostics/v16,16,800000000,16,16,16,1,1,16,800000000,"health_actions","EXECUTED",8.3031729999999992,""
uwb-imu-pl/gate-d-diagnostics/v16,16,800000000,16,16,16,1,1,16,800000000,"hypothesis_audit","SKIPPED",,"disabled by output.write_hypothesis_evidence"
uwb-imu-pl/gate-d-diagnostics/v16,16,800000000,16,16,16,1,1,16,800000000,"base_factorization","EXECUTED",0.21766199999999999,""
uwb-imu-pl/gate-d-diagnostics/v16,16,800000000,16,16,16,1,1,16,800000000,"shared_cache","EXECUTED",0.001952,""
uwb-imu-pl/gate-d-diagnostics/v16,16,800000000,16,16,16,1,1,16,800000000,"candidate_evaluation","EXECUTED",275.73037699999998,"rank=1;dense=0;stream_protocol=2;stream_batches=1;stream_batch_capacity=1;stream_peak_batch_actions=1;stream_peak_resident_evaluated_actions=1;stream_peak_batch_full_proofs=0;stream_retained_full_candidates=0;stream_retained_full_proofs=0;stream_full_action_heavy_copy=0;stream_complete=1;stream_fde_preproof_selected_action=0;stream_fde_preproof_status=NO_VALID_CANDIDATE;stream_main_arena_action_full_proofs=0;stream_action_proof_retention=NORMAL_TWO_PASS_O_B_PLUS_ONE;stream_winner_recompute=0;stream_winner_recompute_test_seam=0"
uwb-imu-pl/gate-d-diagnostics/v16,16,800000000,16,16,16,1,1,16,800000000,"fde_decision","EXECUTED",14.024043000000001,""
uwb-imu-pl/gate-d-diagnostics/v16,16,800000000,16,16,16,1,1,16,800000000,"candidate_audit","EXECUTED",0.037649000000000002,"ACTION_REJECTION_FUNNEL_V2:1=REJECT_PL"
uwb-imu-pl/gate-d-diagnostics/v16,16,800000000,16,16,16,1,1,16,800000000,"commit","EXECUTED",1.4839230000000001,""
uwb-imu-pl/gate-d-diagnostics/v16,16,800000000,16,16,16,1,1,16,800000000,"state_audit","EXECUTED",0.00021800000000000001,""
uwb-imu-pl/gate-d-diagnostics/v16,16,800000000,16,16,16,1,1,16,800000000,"finalize_commit_audit","EXECUTED",14.304570999999999,"excludes separately timed commit/discard/state audit"
uwb-imu-pl/gate-d-diagnostics/v16,16,800000000,16,16,16,1,1,16,800000000,"discard","SKIPPED",,"upstream gate did not reach stage"
uwb-imu-pl/gate-d-diagnostics/v16,16,800000000,16,16,16,1,1,16,800000000,"core_total","EXECUTED",1464.231859,""
uwb-imu-pl/gate-d-diagnostics/v16,17,850000000,17,17,17,1,1,17,850000000,"prepare","EXECUTED",1.543051,""
uwb-imu-pl/gate-d-diagnostics/v16,17,850000000,17,17,17,1,1,17,850000000,"integrity_window","EXECUTED",98.844691999999995,""
uwb-imu-pl/gate-d-diagnostics/v16,17,850000000,17,17,17,1,1,17,850000000,"window_boundary_provenance","EXECUTED",80.738444000000001,""
uwb-imu-pl/gate-d-diagnostics/v16,17,850000000,17,17,17,1,1,17,850000000,"window_factor_linearization_whitening","EXECUTED",2.5502449999999999,""
uwb-imu-pl/gate-d-diagnostics/v16,17,850000000,17,17,17,1,1,17,850000000,"window_dense_assembly","EXECUTED",0.118577,""
uwb-imu-pl/gate-d-diagnostics/v16,17,850000000,17,17,17,1,1,17,850000000,"window_svd","EXECUTED",9.5661299999999994,""
uwb-imu-pl/gate-d-diagnostics/v16,17,850000000,17,17,17,1,1,17,850000000,"window_normal_equations","EXECUTED",0.44366699999999998,""
uwb-imu-pl/gate-d-diagnostics/v16,17,850000000,17,17,17,1,1,17,850000000,"window_llt_state_solves","EXECUTED",0.169124,""
uwb-imu-pl/gate-d-diagnostics/v16,17,850000000,17,17,17,1,1,17,850000000,"window_fingerprint","EXECUTED",4.0361520000000004,""
uwb-imu-pl/gate-d-diagnostics/v16,17,850000000,17,17,17,1,1,17,850000000,"all_in_detector","EXECUTED",0.18190000000000001,""
uwb-imu-pl/gate-d-diagnostics/v16,17,850000000,17,17,17,1,1,17,850000000,"current_sensitivity","EXECUTED",0.88460799999999995,""
uwb-imu-pl/gate-d-diagnostics/v16,17,850000000,17,17,17,1,1,17,850000000,"model_generation","EXECUTED",196.06853599999999,""
uwb-imu-pl/gate-d-diagnostics/v16,17,850000000,17,17,17,1,1,17,850000000,"historical_sensitivity","EXECUTED",0.128526,""
uwb-imu-pl/gate-d-diagnostics/v16,17,850000000,17,17,17,1,1,17,850000000,"hypothesis_evidence","EXECUTED",1072.6868850000001,"effective_dimensions=1:376,2:27008,3:12288,other:0;context_bytes=6665216;worker_blocks=4"
uwb-imu-pl/gate-d-diagnostics/v16,17,850000000,17,17,17,1,1,17,850000000,"health_actions","EXECUTED",8.6889679999999991,""
uwb-imu-pl/gate-d-diagnostics/v16,17,850000000,17,17,17,1,1,17,850000000,"hypothesis_audit","SKIPPED",,"disabled by output.write_hypothesis_evidence"
uwb-imu-pl/gate-d-diagnostics/v16,17,850000000,17,17,17,1,1,17,850000000,"base_factorization","EXECUTED",0.27228599999999997,""
uwb-imu-pl/gate-d-diagnostics/v16,17,850000000,17,17,17,1,1,17,850000000,"shared_cache","EXECUTED",0.0028760000000000001,""
uwb-imu-pl/gate-d-diagnostics/v16,17,850000000,17,17,17,1,1,17,850000000,"candidate_evaluation","EXECUTED",306.84393299999999,"rank=1;dense=0;stream_protocol=2;stream_batches=1;stream_batch_capacity=1;stream_peak_batch_actions=1;stream_peak_resident_evaluated_actions=1;stream_peak_batch_full_proofs=0;stream_retained_full_candidates=0;stream_retained_full_proofs=0;stream_full_action_heavy_copy=0;stream_complete=1;stream_fde_preproof_selected_action=0;stream_fde_preproof_status=NO_VALID_CANDIDATE;stream_main_arena_action_full_proofs=0;stream_action_proof_retention=NORMAL_TWO_PASS_O_B_PLUS_ONE;stream_winner_recompute=0;stream_winner_recompute_test_seam=0"
uwb-imu-pl/gate-d-diagnostics/v16,17,850000000,17,17,17,1,1,17,850000000,"fde_decision","EXECUTED",16.437211999999999,""
uwb-imu-pl/gate-d-diagnostics/v16,17,850000000,17,17,17,1,1,17,850000000,"candidate_audit","EXECUTED",0.04122,"ACTION_REJECTION_FUNNEL_V2:1=REJECT_PL"
uwb-imu-pl/gate-d-diagnostics/v16,17,850000000,17,17,17,1,1,17,850000000,"commit","EXECUTED",1.630004,""
uwb-imu-pl/gate-d-diagnostics/v16,17,850000000,17,17,17,1,1,17,850000000,"state_audit","EXECUTED",0.000379,""
uwb-imu-pl/gate-d-diagnostics/v16,17,850000000,17,17,17,1,1,17,850000000,"finalize_commit_audit","EXECUTED",17.854308000000003,"excludes separately timed commit/discard/state audit"
uwb-imu-pl/gate-d-diagnostics/v16,17,850000000,17,17,17,1,1,17,850000000,"discard","SKIPPED",,"upstream gate did not reach stage"
uwb-imu-pl/gate-d-diagnostics/v16,17,850000000,17,17,17,1,1,17,850000000,"core_total","EXECUTED",1722.626352,""
uwb-imu-pl/gate-d-diagnostics/v16,18,900000000,18,18,18,1,1,18,900000000,"prepare","EXECUTED",1.9820169999999999,""
uwb-imu-pl/gate-d-diagnostics/v16,18,900000000,18,18,18,1,1,18,900000000,"integrity_window","EXECUTED",154.22300799999999,""
uwb-imu-pl/gate-d-diagnostics/v16,18,900000000,18,18,18,1,1,18,900000000,"window_boundary_provenance","EXECUTED",139.59071,""
uwb-imu-pl/gate-d-diagnostics/v16,18,900000000,18,18,18,1,1,18,900000000,"window_factor_linearization_whitening","EXECUTED",0.79118299999999997,""
uwb-imu-pl/gate-d-diagnostics/v16,18,900000000,18,18,18,1,1,18,900000000,"window_dense_assembly","EXECUTED",0.076143000000000002,""
uwb-imu-pl/gate-d-diagnostics/v16,18,900000000,18,18,18,1,1,18,900000000,"window_svd","EXECUTED",8.33047,""
uwb-imu-pl/gate-d-diagnostics/v16,18,900000000,18,18,18,1,1,18,900000000,"window_normal_equations","EXECUTED",0.30862800000000001,""
uwb-imu-pl/gate-d-diagnostics/v16,18,900000000,18,18,18,1,1,18,900000000,"window_llt_state_solves","EXECUTED",0.110365,""
uwb-imu-pl/gate-d-diagnostics/v16,18,900000000,18,18,18,1,1,18,900000000,"window_fingerprint","EXECUTED",3.7401909999999998,""
uwb-imu-pl/gate-d-diagnostics/v16,18,900000000,18,18,18,1,1,18,900000000,"all_in_detector","EXECUTED",0.18212800000000001,""
uwb-imu-pl/gate-d-diagnostics/v16,18,900000000,18,18,18,1,1,18,900000000,"current_sensitivity","EXECUTED",0.48598200000000003,""
uwb-imu-pl/gate-d-diagnostics/v16,18,900000000,18,18,18,1,1,18,900000000,"model_generation","EXECUTED",215.90296599999999,""
uwb-imu-pl/gate-d-diagnostics/v16,18,900000000,18,18,18,1,1,18,900000000,"historical_sensitivity","EXECUTED",0.12674000000000002,""
uwb-imu-pl/gate-d-diagnostics/v16,18,900000000,18,18,18,1,1,18,900000000,"hypothesis_evidence","EXECUTED",1235.0946939999999,"effective_dimensions=1:398,2:30328,3:13872,other:0;context_bytes=7492784;worker_blocks=4"
uwb-imu-pl/gate-d-diagnostics/v16,18,900000000,18,18,18,1,1,18,900000000,"health_actions","EXECUTED",12.289488,""
uwb-imu-pl/gate-d-diagnostics/v16,18,900000000,18,18,18,1,1,18,900000000,"hypothesis_audit","SKIPPED",,"disabled by output.write_hypothesis_evidence"
uwb-imu-pl/gate-d-diagnostics/v16,18,900000000,18,18,18,1,1,18,900000000,"base_factorization","EXECUTED",0.26267499999999999,""
uwb-imu-pl/gate-d-diagnostics/v16,18,900000000,18,18,18,1,1,18,900000000,"shared_cache","EXECUTED",0.002751,""
uwb-imu-pl/gate-d-diagnostics/v16,18,900000000,18,18,18,1,1,18,900000000,"candidate_evaluation","EXECUTED",337.63637499999999,"rank=1;dense=0;stream_protocol=2;stream_batches=1;stream_batch_capacity=1;stream_peak_batch_actions=1;stream_peak_resident_evaluated_actions=1;stream_peak_batch_full_proofs=0;stream_retained_full_candidates=0;stream_retained_full_proofs=0;stream_full_action_heavy_copy=0;stream_complete=1;stream_fde_preproof_selected_action=0;stream_fde_preproof_status=NO_VALID_CANDIDATE;stream_main_arena_action_full_proofs=0;stream_action_proof_retention=NORMAL_TWO_PASS_O_B_PLUS_ONE;stream_winner_recompute=0;stream_winner_recompute_test_seam=0"
uwb-imu-pl/gate-d-diagnostics/v16,18,900000000,18,18,18,1,1,18,900000000,"fde_decision","EXECUTED",18.158653999999999,""
uwb-imu-pl/gate-d-diagnostics/v16,18,900000000,18,18,18,1,1,18,900000000,"candidate_audit","EXECUTED",0.036572,"ACTION_REJECTION_FUNNEL_V2:1=REJECT_PL"
uwb-imu-pl/gate-d-diagnostics/v16,18,900000000,18,18,18,1,1,18,900000000,"commit","EXECUTED",1.683306,""
uwb-imu-pl/gate-d-diagnostics/v16,18,900000000,18,18,18,1,1,18,900000000,"state_audit","EXECUTED",0.00041100000000000002,""
uwb-imu-pl/gate-d-diagnostics/v16,18,900000000,18,18,18,1,1,18,900000000,"finalize_commit_audit","EXECUTED",22.985365999999999,"excludes separately timed commit/discard/state audit"
uwb-imu-pl/gate-d-diagnostics/v16,18,900000000,18,18,18,1,1,18,900000000,"discard","SKIPPED",,"upstream gate did not reach stage"
uwb-imu-pl/gate-d-diagnostics/v16,18,900000000,18,18,18,1,1,18,900000000,"core_total","EXECUTED",2001.496774,""
uwb-imu-pl/gate-d-diagnostics/v16,19,950000000,19,19,19,1,1,19,950000000,"prepare","EXECUTED",1.812794,""
uwb-imu-pl/gate-d-diagnostics/v16,19,950000000,19,19,19,1,1,19,950000000,"integrity_window","EXECUTED",256.26278600000001,""
uwb-imu-pl/gate-d-diagnostics/v16,19,950000000,19,19,19,1,1,19,950000000,"window_boundary_provenance","EXECUTED",241.44494399999999,""
uwb-imu-pl/gate-d-diagnostics/v16,19,950000000,19,19,19,1,1,19,950000000,"window_factor_linearization_whitening","EXECUTED",1.518656,""
uwb-imu-pl/gate-d-diagnostics/v16,19,950000000,19,19,19,1,1,19,950000000,"window_dense_assembly","EXECUTED",0.12331399999999999,""
uwb-imu-pl/gate-d-diagnostics/v16,19,950000000,19,19,19,1,1,19,950000000,"window_svd","EXECUTED",7.8854319999999998,""
uwb-imu-pl/gate-d-diagnostics/v16,19,950000000,19,19,19,1,1,19,950000000,"window_normal_equations","EXECUTED",0.31246600000000002,""
uwb-imu-pl/gate-d-diagnostics/v16,19,950000000,19,19,19,1,1,19,950000000,"window_llt_state_solves","EXECUTED",0.098988000000000007,""
uwb-imu-pl/gate-d-diagnostics/v16,19,950000000,19,19,19,1,1,19,950000000,"window_fingerprint","EXECUTED",3.6147680000000002,""
uwb-imu-pl/gate-d-diagnostics/v16,19,950000000,19,19,19,1,1,19,950000000,"all_in_detector","EXECUTED",0.157889,""
uwb-imu-pl/gate-d-diagnostics/v16,19,950000000,19,19,19,1,1,19,950000000,"current_sensitivity","EXECUTED",0.354827,""
uwb-imu-pl/gate-d-diagnostics/v16,19,950000000,19,19,19,1,1,19,950000000,"model_generation","EXECUTED",244.145173,""
uwb-imu-pl/gate-d-diagnostics/v16,19,950000000,19,19,19,1,1,19,950000000,"historical_sensitivity","EXECUTED",0.12344500000000003,""
uwb-imu-pl/gate-d-diagnostics/v16,19,950000000,19,19,19,1,1,19,950000000,"hypothesis_evidence","EXECUTED",1425.6131170000001,"effective_dimensions=1:420,2:33840,3:15552,other:0;context_bytes=8368736;worker_blocks=4"
uwb-imu-pl/gate-d-diagnostics/v16,19,950000000,19,19,19,1,1,19,950000000,"health_actions","EXECUTED",12.814819999999999,""
uwb-imu-pl/gate-d-diagnostics/v16,19,950000000,19,19,19,1,1,19,950000000,"hypothesis_audit","SKIPPED",,"disabled by output.write_hypothesis_evidence"
uwb-imu-pl/gate-d-diagnostics/v16,19,950000000,19,19,19,1,1,19,950000000,"base_factorization","EXECUTED",0.244368,""
uwb-imu-pl/gate-d-diagnostics/v16,19,950000000,19,19,19,1,1,19,950000000,"shared_cache","EXECUTED",0.0021459999999999999,""
uwb-imu-pl/gate-d-diagnostics/v16,19,950000000,19,19,19,1,1,19,950000000,"candidate_evaluation","EXECUTED",382.32282400000003,"rank=1;dense=0;stream_protocol=2;stream_batches=1;stream_batch_capacity=1;stream_peak_batch_actions=1;stream_peak_resident_evaluated_actions=1;stream_peak_batch_full_proofs=0;stream_retained_full_candidates=0;stream_retained_full_proofs=0;stream_full_action_heavy_copy=0;stream_complete=1;stream_fde_preproof_selected_action=0;stream_fde_preproof_status=NO_VALID_CANDIDATE;stream_main_arena_action_full_proofs=0;stream_action_proof_retention=NORMAL_TWO_PASS_O_B_PLUS_ONE;stream_winner_recompute=0;stream_winner_recompute_test_seam=0"
uwb-imu-pl/gate-d-diagnostics/v16,19,950000000,19,19,19,1,1,19,950000000,"fde_decision","EXECUTED",20.653041000000002,""
uwb-imu-pl/gate-d-diagnostics/v16,19,950000000,19,19,19,1,1,19,950000000,"candidate_audit","EXECUTED",0.039064000000000002,"ACTION_REJECTION_FUNNEL_V2:1=REJECT_PL"
uwb-imu-pl/gate-d-diagnostics/v16,19,950000000,19,19,19,1,1,19,950000000,"commit","EXECUTED",2.05314,""
uwb-imu-pl/gate-d-diagnostics/v16,19,950000000,19,19,19,1,1,19,950000000,"state_audit","EXECUTED",0.00041899999999999999,""
uwb-imu-pl/gate-d-diagnostics/v16,19,950000000,19,19,19,1,1,19,950000000,"finalize_commit_audit","EXECUTED",25.963986999999999,"excludes separately timed commit/discard/state audit"
uwb-imu-pl/gate-d-diagnostics/v16,19,950000000,19,19,19,1,1,19,950000000,"discard","SKIPPED",,"upstream gate did not reach stage"
uwb-imu-pl/gate-d-diagnostics/v16,19,950000000,19,19,19,1,1,19,950000000,"core_total","EXECUTED",2373.1529650000002,""
uwb-imu-pl/gate-d-diagnostics/v16,20,1000000000,20,20,20,1,1,20,1000000000,"prepare","EXECUTED",2.3357209999999999,""
uwb-imu-pl/gate-d-diagnostics/v16,20,1000000000,20,20,20,1,1,20,1000000000,"integrity_window","EXECUTED",384.12659000000002,""
uwb-imu-pl/gate-d-diagnostics/v16,20,1000000000,20,20,20,1,1,20,1000000000,"window_boundary_provenance","EXECUTED",367.47626500000001,""
uwb-imu-pl/gate-d-diagnostics/v16,20,1000000000,20,20,20,1,1,20,1000000000,"window_factor_linearization_whitening","EXECUTED",0.85466299999999995,""
uwb-imu-pl/gate-d-diagnostics/v16,20,1000000000,20,20,20,1,1,20,1000000000,"window_dense_assembly","EXECUTED",0.091538999999999995,""
uwb-imu-pl/gate-d-diagnostics/v16,20,1000000000,20,20,20,1,1,20,1000000000,"window_svd","EXECUTED",9.4711770000000008,""
uwb-imu-pl/gate-d-diagnostics/v16,20,1000000000,20,20,20,1,1,20,1000000000,"window_normal_equations","EXECUTED",0.44084899999999999,""
uwb-imu-pl/gate-d-diagnostics/v16,20,1000000000,20,20,20,1,1,20,1000000000,"window_llt_state_solves","EXECUTED",0.15510099999999999,""
uwb-imu-pl/gate-d-diagnostics/v16,20,1000000000,20,20,20,1,1,20,1000000000,"window_fingerprint","EXECUTED",4.3550649999999997,""
uwb-imu-pl/gate-d-diagnostics/v16,20,1000000000,20,20,20,1,1,20,1000000000,"all_in_detector","EXECUTED",0.25688699999999998,""
uwb-imu-pl/gate-d-diagnostics/v16,20,1000000000,20,20,20,1,1,20,1000000000,"current_sensitivity","EXECUTED",0.52354299999999998,""
uwb-imu-pl/gate-d-diagnostics/v16,20,1000000000,20,20,20,1,1,20,1000000000,"model_generation","EXECUTED",286.880653,""
uwb-imu-pl/gate-d-diagnostics/v16,20,1000000000,20,20,20,1,1,20,1000000000,"historical_sensitivity","EXECUTED",0.124949,""
uwb-imu-pl/gate-d-diagnostics/v16,20,1000000000,20,20,20,1,1,20,1000000000,"hypothesis_evidence","EXECUTED",1663.315235,"effective_dimensions=1:442,2:37544,3:17328,other:0;context_bytes=9293072;worker_blocks=4"
uwb-imu-pl/gate-d-diagnostics/v16,20,1000000000,20,20,20,1,1,20,1000000000,"health_actions","EXECUTED",14.7836,""
uwb-imu-pl/gate-d-diagnostics/v16,20,1000000000,20,20,20,1,1,20,1000000000,"hypothesis_audit","SKIPPED",,"disabled by output.write_hypothesis_evidence"
uwb-imu-pl/gate-d-diagnostics/v16,20,1000000000,20,20,20,1,1,20,1000000000,"base_factorization","EXECUTED",0.26476100000000002,""
uwb-imu-pl/gate-d-diagnostics/v16,20,1000000000,20,20,20,1,1,20,1000000000,"shared_cache","EXECUTED",0.0022650000000000001,""
uwb-imu-pl/gate-d-diagnostics/v16,20,1000000000,20,20,20,1,1,20,1000000000,"candidate_evaluation","EXECUTED",415.63225399999999,"rank=1;dense=0;stream_protocol=2;stream_batches=1;stream_batch_capacity=1;stream_peak_batch_actions=1;stream_peak_resident_evaluated_actions=1;stream_peak_batch_full_proofs=0;stream_retained_full_candidates=0;stream_retained_full_proofs=0;stream_full_action_heavy_copy=0;stream_complete=1;stream_fde_preproof_selected_action=0;stream_fde_preproof_status=NO_VALID_CANDIDATE;stream_main_arena_action_full_proofs=0;stream_action_proof_retention=NORMAL_TWO_PASS_O_B_PLUS_ONE;stream_winner_recompute=0;stream_winner_recompute_test_seam=0"
uwb-imu-pl/gate-d-diagnostics/v16,20,1000000000,20,20,20,1,1,20,1000000000,"fde_decision","EXECUTED",22.927156,""
uwb-imu-pl/gate-d-diagnostics/v16,20,1000000000,20,20,20,1,1,20,1000000000,"candidate_audit","EXECUTED",0.038255999999999998,"ACTION_REJECTION_FUNNEL_V2:1=REJECT_PL"
uwb-imu-pl/gate-d-diagnostics/v16,20,1000000000,20,20,20,1,1,20,1000000000,"commit","EXECUTED",1.8617490000000001,""
uwb-imu-pl/gate-d-diagnostics/v16,20,1000000000,20,20,20,1,1,20,1000000000,"state_audit","EXECUTED",0.000233,""
uwb-imu-pl/gate-d-diagnostics/v16,20,1000000000,20,20,20,1,1,20,1000000000,"finalize_commit_audit","EXECUTED",26.928863999999997,"excludes separately timed commit/discard/state audit"
uwb-imu-pl/gate-d-diagnostics/v16,20,1000000000,20,20,20,1,1,20,1000000000,"discard","SKIPPED",,"upstream gate did not reach stage"
uwb-imu-pl/gate-d-diagnostics/v16,20,1000000000,20,20,20,1,1,20,1000000000,"core_total","EXECUTED",2820.618031,""
uwb-imu-pl/gate-d-diagnostics/v16,21,1050000000,21,21,21,1,1,21,1050000000,"prepare","EXECUTED",2.47986,""
uwb-imu-pl/gate-d-diagnostics/v16,21,1050000000,21,21,21,1,1,21,1050000000,"integrity_window","EXECUTED",519.64968399999998,""
uwb-imu-pl/gate-d-diagnostics/v16,21,1050000000,21,21,21,1,1,21,1050000000,"window_boundary_provenance","EXECUTED",504.25630000000001,""
uwb-imu-pl/gate-d-diagnostics/v16,21,1050000000,21,21,21,1,1,21,1050000000,"window_factor_linearization_whitening","EXECUTED",1.013814,""
uwb-imu-pl/gate-d-diagnostics/v16,21,1050000000,21,21,21,1,1,21,1050000000,"window_dense_assembly","EXECUTED",0.11834600000000001,""
uwb-imu-pl/gate-d-diagnostics/v16,21,1050000000,21,21,21,1,1,21,1050000000,"window_svd","EXECUTED",8.4544910000000009,""
uwb-imu-pl/gate-d-diagnostics/v16,21,1050000000,21,21,21,1,1,21,1050000000,"window_normal_equations","EXECUTED",0.37269999999999998,""
uwb-imu-pl/gate-d-diagnostics/v16,21,1050000000,21,21,21,1,1,21,1050000000,"window_llt_state_solves","EXECUTED",0.119519,""
uwb-imu-pl/gate-d-diagnostics/v16,21,1050000000,21,21,21,1,1,21,1050000000,"window_fingerprint","EXECUTED",3.963066,""
uwb-imu-pl/gate-d-diagnostics/v16,21,1050000000,21,21,21,1,1,21,1050000000,"all_in_detector","EXECUTED",0.28690500000000002,""
uwb-imu-pl/gate-d-diagnostics/v16,21,1050000000,21,21,21,1,1,21,1050000000,"current_sensitivity","EXECUTED",0.55011900000000002,""
uwb-imu-pl/gate-d-diagnostics/v16,21,1050000000,21,21,21,1,1,21,1050000000,"model_generation","EXECUTED",308.14190399999995,""
uwb-imu-pl/gate-d-diagnostics/v16,21,1050000000,21,21,21,1,1,21,1050000000,"historical_sensitivity","EXECUTED",0.158808,""
uwb-imu-pl/gate-d-diagnostics/v16,21,1050000000,21,21,21,1,1,21,1050000000,"hypothesis_evidence","EXECUTED",1895.6521829999999,"effective_dimensions=1:464,2:41440,3:19200,other:0;context_bytes=10265792;worker_blocks=4"
uwb-imu-pl/gate-d-diagnostics/v16,21,1050000000,21,21,21,1,1,21,1050000000,"health_actions","EXECUTED",18.282955000000001,""
uwb-imu-pl/gate-d-diagnostics/v16,21,1050000000,21,21,21,1,1,21,1050000000,"hypothesis_audit","SKIPPED",,"disabled by output.write_hypothesis_evidence"
uwb-imu-pl/gate-d-diagnostics/v16,21,1050000000,21,21,21,1,1,21,1050000000,"base_factorization","EXECUTED",0.26226300000000002,""
uwb-imu-pl/gate-d-diagnostics/v16,21,1050000000,21,21,21,1,1,21,1050000000,"shared_cache","EXECUTED",0.0019940000000000001,""
uwb-imu-pl/gate-d-diagnostics/v16,21,1050000000,21,21,21,1,1,21,1050000000,"candidate_evaluation","EXECUTED",470.43709799999999,"rank=1;dense=0;stream_protocol=2;stream_batches=1;stream_batch_capacity=1;stream_peak_batch_actions=1;stream_peak_resident_evaluated_actions=1;stream_peak_batch_full_proofs=0;stream_retained_full_candidates=0;stream_retained_full_proofs=0;stream_full_action_heavy_copy=0;stream_complete=1;stream_fde_preproof_selected_action=0;stream_fde_preproof_status=NO_VALID_CANDIDATE;stream_main_arena_action_full_proofs=0;stream_action_proof_retention=NORMAL_TWO_PASS_O_B_PLUS_ONE;stream_winner_recompute=0;stream_winner_recompute_test_seam=0"
uwb-imu-pl/gate-d-diagnostics/v16,21,1050000000,21,21,21,1,1,21,1050000000,"fde_decision","EXECUTED",27.791537000000002,""
uwb-imu-pl/gate-d-diagnostics/v16,21,1050000000,21,21,21,1,1,21,1050000000,"candidate_audit","EXECUTED",0.041321999999999998,"ACTION_REJECTION_FUNNEL_V2:1=REJECT_PL"
uwb-imu-pl/gate-d-diagnostics/v16,21,1050000000,21,21,21,1,1,21,1050000000,"commit","EXECUTED",2.571523,""
uwb-imu-pl/gate-d-diagnostics/v16,21,1050000000,21,21,21,1,1,21,1050000000,"state_audit","EXECUTED",0.00056599999999999999,""
uwb-imu-pl/gate-d-diagnostics/v16,21,1050000000,21,21,21,1,1,21,1050000000,"finalize_commit_audit","EXECUTED",29.999842999999998,"excludes separately timed commit/discard/state audit"
uwb-imu-pl/gate-d-diagnostics/v16,21,1050000000,21,21,21,1,1,21,1050000000,"discard","SKIPPED",,"upstream gate did not reach stage"
uwb-imu-pl/gate-d-diagnostics/v16,21,1050000000,21,21,21,1,1,21,1050000000,"core_total","EXECUTED",3276.8794379999999,""
uwb-imu-pl/gate-d-diagnostics/v16,22,1100000000,22,22,22,1,1,22,1100000000,"prepare","EXECUTED",2.189419,""
uwb-imu-pl/gate-d-diagnostics/v16,22,1100000000,22,22,22,1,1,22,1100000000,"integrity_window","EXECUTED",684.47014300000001,""
uwb-imu-pl/gate-d-diagnostics/v16,22,1100000000,22,22,22,1,1,22,1100000000,"window_boundary_provenance","EXECUTED",668.30794100000003,""
uwb-imu-pl/gate-d-diagnostics/v16,22,1100000000,22,22,22,1,1,22,1100000000,"window_factor_linearization_whitening","EXECUTED",1.0168029999999999,""
uwb-imu-pl/gate-d-diagnostics/v16,22,1100000000,22,22,22,1,1,22,1100000000,"window_dense_assembly","EXECUTED",0.11636199999999999,""
uwb-imu-pl/gate-d-diagnostics/v16,22,1100000000,22,22,22,1,1,22,1100000000,"window_svd","EXECUTED",8.652215,""
uwb-imu-pl/gate-d-diagnostics/v16,22,1100000000,22,22,22,1,1,22,1100000000,"window_normal_equations","EXECUTED",0.41983500000000001,""
uwb-imu-pl/gate-d-diagnostics/v16,22,1100000000,22,22,22,1,1,22,1100000000,"window_llt_state_solves","EXECUTED",0.15718399999999999,""
uwb-imu-pl/gate-d-diagnostics/v16,22,1100000000,22,22,22,1,1,22,1100000000,"window_fingerprint","EXECUTED",4.3744610000000002,""
uwb-imu-pl/gate-d-diagnostics/v16,22,1100000000,22,22,22,1,1,22,1100000000,"all_in_detector","EXECUTED",0.36925999999999998,""
uwb-imu-pl/gate-d-diagnostics/v16,22,1100000000,22,22,22,1,1,22,1100000000,"current_sensitivity","EXECUTED",0.79792200000000002,""
uwb-imu-pl/gate-d-diagnostics/v16,22,1100000000,22,22,22,1,1,22,1100000000,"model_generation","EXECUTED",339.10824400000001,""
uwb-imu-pl/gate-d-diagnostics/v16,22,1100000000,22,22,22,1,1,22,1100000000,"historical_sensitivity","EXECUTED",0.171512,""
uwb-imu-pl/gate-d-diagnostics/v16,22,1100000000,22,22,22,1,1,22,1100000000,"hypothesis_evidence","EXECUTED",1892.2736950000001,"effective_dimensions=1:464,2:41440,3:19200,other:0;context_bytes=10265792;worker_blocks=4"
uwb-imu-pl/gate-d-diagnostics/v16,22,1100000000,22,22,22,1,1,22,1100000000,"health_actions","EXECUTED",17.811154999999999,""
uwb-imu-pl/gate-d-diagnostics/v16,22,1100000000,22,22,22,1,1,22,1100000000,"hypothesis_audit","SKIPPED",,"disabled by output.write_hypothesis_evidence"
uwb-imu-pl/gate-d-diagnostics/v16,22,1100000000,22,22,22,1,1,22,1100000000,"base_factorization","EXECUTED",0.25954199999999999,""
uwb-imu-pl/gate-d-diagnostics/v16,22,1100000000,22,22,22,1,1,22,1100000000,"shared_cache","EXECUTED",0.0024139999999999999,""
uwb-imu-pl/gate-d-diagnostics/v16,22,1100000000,22,22,22,1,1,22,1100000000,"candidate_evaluation","EXECUTED",448.83197000000001,"rank=1;dense=0;stream_protocol=2;stream_batches=1;stream_batch_capacity=1;stream_peak_batch_actions=1;stream_peak_resident_evaluated_actions=1;stream_peak_batch_full_proofs=0;stream_retained_full_candidates=0;stream_retained_full_proofs=0;stream_full_action_heavy_copy=0;stream_complete=1;stream_fde_preproof_selected_action=0;stream_fde_preproof_status=NO_VALID_CANDIDATE;stream_main_arena_action_full_proofs=0;stream_action_proof_retention=NORMAL_TWO_PASS_O_B_PLUS_ONE;stream_winner_recompute=0;stream_winner_recompute_test_seam=0"
uwb-imu-pl/gate-d-diagnostics/v16,22,1100000000,22,22,22,1,1,22,1100000000,"fde_decision","EXECUTED",27.512074999999999,""
uwb-imu-pl/gate-d-diagnostics/v16,22,1100000000,22,22,22,1,1,22,1100000000,"candidate_audit","EXECUTED",0.040592999999999997,"ACTION_REJECTION_FUNNEL_V2:1=REJECT_PL"
uwb-imu-pl/gate-d-diagnostics/v16,22,1100000000,22,22,22,1,1,22,1100000000,"commit","EXECUTED",2.0632969999999999,""
uwb-imu-pl/gate-d-diagnostics/v16,22,1100000000,22,22,22,1,1,22,1100000000,"state_audit","EXECUTED",0.000233,""
uwb-imu-pl/gate-d-diagnostics/v16,22,1100000000,22,22,22,1,1,22,1100000000,"finalize_commit_audit","EXECUTED",34.247926999999997,"excludes separately timed commit/discard/state audit"
uwb-imu-pl/gate-d-diagnostics/v16,22,1100000000,22,22,22,1,1,22,1100000000,"discard","SKIPPED",,"upstream gate did not reach stage"
uwb-imu-pl/gate-d-diagnostics/v16,22,1100000000,22,22,22,1,1,22,1100000000,"core_total","EXECUTED",3450.8391550000001,""
uwb-imu-pl/gate-d-diagnostics/v16,23,1150000000,23,23,23,1,1,23,1150000000,"prepare","EXECUTED",2.0995110000000001,""
uwb-imu-pl/gate-d-diagnostics/v16,23,1150000000,23,23,23,1,1,23,1150000000,"integrity_window","EXECUTED",905.344785,""
uwb-imu-pl/gate-d-diagnostics/v16,23,1150000000,23,23,23,1,1,23,1150000000,"window_boundary_provenance","EXECUTED",887.57442700000001,""
uwb-imu-pl/gate-d-diagnostics/v16,23,1150000000,23,23,23,1,1,23,1150000000,"window_factor_linearization_whitening","EXECUTED",1.4670110000000001,""
uwb-imu-pl/gate-d-diagnostics/v16,23,1150000000,23,23,23,1,1,23,1150000000,"window_dense_assembly","EXECUTED",0.13625200000000001,""
uwb-imu-pl/gate-d-diagnostics/v16,23,1150000000,23,23,23,1,1,23,1150000000,"window_svd","EXECUTED",10.396922999999999,""
uwb-imu-pl/gate-d-diagnostics/v16,23,1150000000,23,23,23,1,1,23,1150000000,"window_normal_equations","EXECUTED",0.36234499999999997,""
uwb-imu-pl/gate-d-diagnostics/v16,23,1150000000,23,23,23,1,1,23,1150000000,"window_llt_state_solves","EXECUTED",0.11508400000000001,""
uwb-imu-pl/gate-d-diagnostics/v16,23,1150000000,23,23,23,1,1,23,1150000000,"window_fingerprint","EXECUTED",3.9554520000000002,""
uwb-imu-pl/gate-d-diagnostics/v16,23,1150000000,23,23,23,1,1,23,1150000000,"all_in_detector","EXECUTED",0.30012100000000003,""
uwb-imu-pl/gate-d-diagnostics/v16,23,1150000000,23,23,23,1,1,23,1150000000,"current_sensitivity","EXECUTED",0.57208199999999998,""
uwb-imu-pl/gate-d-diagnostics/v16,23,1150000000,23,23,23,1,1,23,1150000000,"model_generation","EXECUTED",301.70626299999998,""
uwb-imu-pl/gate-d-diagnostics/v16,23,1150000000,23,23,23,1,1,23,1150000000,"historical_sensitivity","EXECUTED",0.12584999999999999,""
uwb-imu-pl/gate-d-diagnostics/v16,23,1150000000,23,23,23,1,1,23,1150000000,"hypothesis_evidence","EXECUTED",1898.3182879999999,"effective_dimensions=1:464,2:41440,3:19200,other:0;context_bytes=10265792;worker_blocks=4"
uwb-imu-pl/gate-d-diagnostics/v16,23,1150000000,23,23,23,1,1,23,1150000000,"health_actions","EXECUTED",20.267323999999999,""
uwb-imu-pl/gate-d-diagnostics/v16,23,1150000000,23,23,23,1,1,23,1150000000,"hypothesis_audit","SKIPPED",,"disabled by output.write_hypothesis_evidence"
uwb-imu-pl/gate-d-diagnostics/v16,23,1150000000,23,23,23,1,1,23,1150000000,"base_factorization","EXECUTED",0.26660299999999998,""
uwb-imu-pl/gate-d-diagnostics/v16,23,1150000000,23,23,23,1,1,23,1150000000,"shared_cache","EXECUTED",0.0029039999999999999,""
uwb-imu-pl/gate-d-diagnostics/v16,23,1150000000,23,23,23,1,1,23,1150000000,"candidate_evaluation","EXECUTED",451.999123,"rank=1;dense=0;stream_protocol=2;stream_batches=1;stream_batch_capacity=1;stream_peak_batch_actions=1;stream_peak_resident_evaluated_actions=1;stream_peak_batch_full_proofs=0;stream_retained_full_candidates=0;stream_retained_full_proofs=0;stream_full_action_heavy_copy=0;stream_complete=1;stream_fde_preproof_selected_action=0;stream_fde_preproof_status=NO_VALID_CANDIDATE;stream_main_arena_action_full_proofs=0;stream_action_proof_retention=NORMAL_TWO_PASS_O_B_PLUS_ONE;stream_winner_recompute=0;stream_winner_recompute_test_seam=0"
uwb-imu-pl/gate-d-diagnostics/v16,23,1150000000,23,23,23,1,1,23,1150000000,"fde_decision","EXECUTED",25.355694,""
uwb-imu-pl/gate-d-diagnostics/v16,23,1150000000,23,23,23,1,1,23,1150000000,"candidate_audit","EXECUTED",0.03771,"ACTION_REJECTION_FUNNEL_V2:1=REJECT_PL"
uwb-imu-pl/gate-d-diagnostics/v16,23,1150000000,23,23,23,1,1,23,1150000000,"commit","EXECUTED",2.0774910000000002,""
uwb-imu-pl/gate-d-diagnostics/v16,23,1150000000,23,23,23,1,1,23,1150000000,"state_audit","EXECUTED",0.00038999999999999999,""
uwb-imu-pl/gate-d-diagnostics/v16,23,1150000000,23,23,23,1,1,23,1150000000,"finalize_commit_audit","EXECUTED",33.455214000000005,"excludes separately timed commit/discard/state audit"
uwb-imu-pl/gate-d-diagnostics/v16,23,1150000000,23,23,23,1,1,23,1150000000,"discard","SKIPPED",,"upstream gate did not reach stage"
uwb-imu-pl/gate-d-diagnostics/v16,23,1150000000,23,23,23,1,1,23,1150000000,"core_total","EXECUTED",3642.677506,""
uwb-imu-pl/gate-d-diagnostics/v16,24,1200000000,24,24,24,1,1,24,1200000000,"prepare","EXECUTED",2.4086460000000001,""
uwb-imu-pl/gate-d-diagnostics/v16,24,1200000000,24,24,24,1,1,24,1200000000,"integrity_window","EXECUTED",1181.8516910000001,""
uwb-imu-pl/gate-d-diagnostics/v16,24,1200000000,24,24,24,1,1,24,1200000000,"window_boundary_provenance","EXECUTED",1163.5980079999999,""
uwb-imu-pl/gate-d-diagnostics/v16,24,1200000000,24,24,24,1,1,24,1200000000,"window_factor_linearization_whitening","EXECUTED",2.633445,""
uwb-imu-pl/gate-d-diagnostics/v16,24,1200000000,24,24,24,1,1,24,1200000000,"window_dense_assembly","EXECUTED",0.19015899999999999,""
uwb-imu-pl/gate-d-diagnostics/v16,24,1200000000,24,24,24,1,1,24,1200000000,"window_svd","EXECUTED",9.4313389999999995,""
uwb-imu-pl/gate-d-diagnostics/v16,24,1200000000,24,24,24,1,1,24,1200000000,"window_normal_equations","EXECUTED",0.356346,""
uwb-imu-pl/gate-d-diagnostics/v16,24,1200000000,24,24,24,1,1,24,1200000000,"window_llt_state_solves","EXECUTED",0.116688,""
uwb-imu-pl/gate-d-diagnostics/v16,24,1200000000,24,24,24,1,1,24,1200000000,"window_fingerprint","EXECUTED",4.161016,""
uwb-imu-pl/gate-d-diagnostics/v16,24,1200000000,24,24,24,1,1,24,1200000000,"all_in_detector","EXECUTED",0.26294400000000001,""
uwb-imu-pl/gate-d-diagnostics/v16,24,1200000000,24,24,24,1,1,24,1200000000,"current_sensitivity","EXECUTED",0.59492500000000004,""
uwb-imu-pl/gate-d-diagnostics/v16,24,1200000000,24,24,24,1,1,24,1200000000,"model_generation","EXECUTED",312.59404799999999,""
uwb-imu-pl/gate-d-diagnostics/v16,24,1200000000,24,24,24,1,1,24,1200000000,"historical_sensitivity","EXECUTED",0.11898800000000001,""
uwb-imu-pl/gate-d-diagnostics/v16,24,1200000000,24,24,24,1,1,24,1200000000,"hypothesis_evidence","EXECUTED",1945.1372719999999,"effective_dimensions=1:464,2:41440,3:19200,other:0;context_bytes=10265792;worker_blocks=4"
uwb-imu-pl/gate-d-diagnostics/v16,24,1200000000,24,24,24,1,1,24,1200000000,"health_actions","EXECUTED",17.321207999999999,""
uwb-imu-pl/gate-d-diagnostics/v16,24,1200000000,24,24,24,1,1,24,1200000000,"hypothesis_audit","SKIPPED",,"disabled by output.write_hypothesis_evidence"
uwb-imu-pl/gate-d-diagnostics/v16,24,1200000000,24,24,24,1,1,24,1200000000,"base_factorization","EXECUTED",0.261266,""
uwb-imu-pl/gate-d-diagnostics/v16,24,1200000000,24,24,24,1,1,24,1200000000,"shared_cache","EXECUTED",0.0024329999999999998,""
uwb-imu-pl/gate-d-diagnostics/v16,24,1200000000,24,24,24,1,1,24,1200000000,"candidate_evaluation","EXECUTED",447.48209400000002,"rank=1;dense=0;stream_protocol=2;stream_batches=1;stream_batch_capacity=1;stream_peak_batch_actions=1;stream_peak_resident_evaluated_actions=1;stream_peak_batch_full_proofs=0;stream_retained_full_candidates=0;stream_retained_full_proofs=0;stream_full_action_heavy_copy=0;stream_complete=1;stream_fde_preproof_selected_action=0;stream_fde_preproof_status=NO_VALID_CANDIDATE;stream_main_arena_action_full_proofs=0;stream_action_proof_retention=NORMAL_TWO_PASS_O_B_PLUS_ONE;stream_winner_recompute=0;stream_winner_recompute_test_seam=0"
uwb-imu-pl/gate-d-diagnostics/v16,24,1200000000,24,24,24,1,1,24,1200000000,"fde_decision","EXECUTED",25.549113999999999,""
uwb-imu-pl/gate-d-diagnostics/v16,24,1200000000,24,24,24,1,1,24,1200000000,"candidate_audit","EXECUTED",0.039498999999999999,"ACTION_REJECTION_FUNNEL_V2:1=REJECT_PL"
uwb-imu-pl/gate-d-diagnostics/v16,24,1200000000,24,24,24,1,1,24,1200000000,"commit","EXECUTED",2.0757840000000001,""
uwb-imu-pl/gate-d-diagnostics/v16,24,1200000000,24,24,24,1,1,24,1200000000,"state_audit","EXECUTED",0.00056099999999999998,""
uwb-imu-pl/gate-d-diagnostics/v16,24,1200000000,24,24,24,1,1,24,1200000000,"finalize_commit_audit","EXECUTED",33.573822000000007,"excludes separately timed commit/discard/state audit"
uwb-imu-pl/gate-d-diagnostics/v16,24,1200000000,24,24,24,1,1,24,1200000000,"discard","SKIPPED",,"upstream gate did not reach stage"
uwb-imu-pl/gate-d-diagnostics/v16,24,1200000000,24,24,24,1,1,24,1200000000,"core_total","EXECUTED",3970.0025700000001,""
uwb-imu-pl/gate-d-diagnostics/v16,25,1250000000,25,25,25,1,1,25,1250000000,"prepare","EXECUTED",2.4728029999999999,""
uwb-imu-pl/gate-d-diagnostics/v16,25,1250000000,25,25,25,1,1,25,1250000000,"integrity_window","EXECUTED",1773.712438,""
uwb-imu-pl/gate-d-diagnostics/v16,25,1250000000,25,25,25,1,1,25,1250000000,"window_boundary_provenance","EXECUTED",1758.561633,""
uwb-imu-pl/gate-d-diagnostics/v16,25,1250000000,25,25,25,1,1,25,1250000000,"window_factor_linearization_whitening","EXECUTED",1.085526,""
uwb-imu-pl/gate-d-diagnostics/v16,25,1250000000,25,25,25,1,1,25,1250000000,"window_dense_assembly","EXECUTED",0.109999,""
uwb-imu-pl/gate-d-diagnostics/v16,25,1250000000,25,25,25,1,1,25,1250000000,"window_svd","EXECUTED",8.2448169999999994,""
uwb-imu-pl/gate-d-diagnostics/v16,25,1250000000,25,25,25,1,1,25,1250000000,"window_normal_equations","EXECUTED",0.34166299999999999,""
uwb-imu-pl/gate-d-diagnostics/v16,25,1250000000,25,25,25,1,1,25,1250000000,"window_llt_state_solves","EXECUTED",0.10778699999999999,""
uwb-imu-pl/gate-d-diagnostics/v16,25,1250000000,25,25,25,1,1,25,1250000000,"window_fingerprint","EXECUTED",3.891667,""
uwb-imu-pl/gate-d-diagnostics/v16,25,1250000000,25,25,25,1,1,25,1250000000,"all_in_detector","EXECUTED",0.23731099999999999,""
uwb-imu-pl/gate-d-diagnostics/v16,25,1250000000,25,25,25,1,1,25,1250000000,"current_sensitivity","EXECUTED",0.55616200000000005,""
uwb-imu-pl/gate-d-diagnostics/v16,25,1250000000,25,25,25,1,1,25,1250000000,"model_generation","EXECUTED",322.67433200000005,""
uwb-imu-pl/gate-d-diagnostics/v16,25,1250000000,25,25,25,1,1,25,1250000000,"historical_sensitivity","EXECUTED",0.13077399999999997,""
uwb-imu-pl/gate-d-diagnostics/v16,25,1250000000,25,25,25,1,1,25,1250000000,"hypothesis_evidence","EXECUTED",1911.5567309999999,"effective_dimensions=1:464,2:41440,3:19200,other:0;context_bytes=10265792;worker_blocks=4"
uwb-imu-pl/gate-d-diagnostics/v16,25,1250000000,25,25,25,1,1,25,1250000000,"health_actions","EXECUTED",18.843326000000001,""
uwb-imu-pl/gate-d-diagnostics/v16,25,1250000000,25,25,25,1,1,25,1250000000,"hypothesis_audit","SKIPPED",,"disabled by output.write_hypothesis_evidence"
uwb-imu-pl/gate-d-diagnostics/v16,25,1250000000,25,25,25,1,1,25,1250000000,"base_factorization","EXECUTED",0.26345600000000002,""
uwb-imu-pl/gate-d-diagnostics/v16,25,1250000000,25,25,25,1,1,25,1250000000,"shared_cache","EXECUTED",0.0023219999999999998,""
uwb-imu-pl/gate-d-diagnostics/v16,25,1250000000,25,25,25,1,1,25,1250000000,"candidate_evaluation","EXECUTED",445.88365199999998,"rank=1;dense=0;stream_protocol=2;stream_batches=1;stream_batch_capacity=1;stream_peak_batch_actions=1;stream_peak_resident_evaluated_actions=1;stream_peak_batch_full_proofs=0;stream_retained_full_candidates=0;stream_retained_full_proofs=0;stream_full_action_heavy_copy=0;stream_complete=1;stream_fde_preproof_selected_action=0;stream_fde_preproof_status=NO_VALID_CANDIDATE;stream_main_arena_action_full_proofs=0;stream_action_proof_retention=NORMAL_TWO_PASS_O_B_PLUS_ONE;stream_winner_recompute=0;stream_winner_recompute_test_seam=0"
uwb-imu-pl/gate-d-diagnostics/v16,25,1250000000,25,25,25,1,1,25,1250000000,"fde_decision","EXECUTED",26.762260000000001,""
uwb-imu-pl/gate-d-diagnostics/v16,25,1250000000,25,25,25,1,1,25,1250000000,"candidate_audit","EXECUTED",0.039016000000000002,"ACTION_REJECTION_FUNNEL_V2:1=REJECT_PL"
uwb-imu-pl/gate-d-diagnostics/v16,25,1250000000,25,25,25,1,1,25,1250000000,"commit","EXECUTED",2.258359,""
uwb-imu-pl/gate-d-diagnostics/v16,25,1250000000,25,25,25,1,1,25,1250000000,"state_audit","EXECUTED",0.00042999999999999999,""
uwb-imu-pl/gate-d-diagnostics/v16,25,1250000000,25,25,25,1,1,25,1250000000,"finalize_commit_audit","EXECUTED",32.871653999999999,"excludes separately timed commit/discard/state audit"
uwb-imu-pl/gate-d-diagnostics/v16,25,1250000000,25,25,25,1,1,25,1250000000,"discard","SKIPPED",,"upstream gate did not reach stage"
uwb-imu-pl/gate-d-diagnostics/v16,25,1250000000,25,25,25,1,1,25,1250000000,"core_total","EXECUTED",4538.8878999999997,""
uwb-imu-pl/gate-d-diagnostics/v16,26,1300000000,26,26,26,1,1,26,1300000000,"prepare","EXECUTED",2.3922729999999999,""
uwb-imu-pl/gate-d-diagnostics/v16,26,1300000000,26,26,26,1,1,26,1300000000,"integrity_window","EXECUTED",2031.607088,""
uwb-imu-pl/gate-d-diagnostics/v16,26,1300000000,26,26,26,1,1,26,1300000000,"window_boundary_provenance","EXECUTED",2012.6641729999999,""
uwb-imu-pl/gate-d-diagnostics/v16,26,1300000000,26,26,26,1,1,26,1300000000,"window_factor_linearization_whitening","EXECUTED",2.4095360000000001,""
uwb-imu-pl/gate-d-diagnostics/v16,26,1300000000,26,26,26,1,1,26,1300000000,"window_dense_assembly","EXECUTED",0.143543,""
uwb-imu-pl/gate-d-diagnostics/v16,26,1300000000,26,26,26,1,1,26,1300000000,"window_svd","EXECUTED",10.001533999999999,""
uwb-imu-pl/gate-d-diagnostics/v16,26,1300000000,26,26,26,1,1,26,1300000000,"window_normal_equations","EXECUTED",0.40908099999999997,""
uwb-imu-pl/gate-d-diagnostics/v16,26,1300000000,26,26,26,1,1,26,1300000000,"window_llt_state_solves","EXECUTED",0.18041699999999999,""
uwb-imu-pl/gate-d-diagnostics/v16,26,1300000000,26,26,26,1,1,26,1300000000,"window_fingerprint","EXECUTED",4.4183709999999996,""
uwb-imu-pl/gate-d-diagnostics/v16,26,1300000000,26,26,26,1,1,26,1300000000,"all_in_detector","EXECUTED",0.36112499999999997,""
uwb-imu-pl/gate-d-diagnostics/v16,26,1300000000,26,26,26,1,1,26,1300000000,"current_sensitivity","EXECUTED",0.80335100000000004,""
uwb-imu-pl/gate-d-diagnostics/v16,26,1300000000,26,26,26,1,1,26,1300000000,"model_generation","EXECUTED",313.85775699999999,""
uwb-imu-pl/gate-d-diagnostics/v16,26,1300000000,26,26,26,1,1,26,1300000000,"historical_sensitivity","EXECUTED",0.33170899999999992,""
uwb-imu-pl/gate-d-diagnostics/v16,26,1300000000,26,26,26,1,1,26,1300000000,"hypothesis_evidence","EXECUTED",1926.4012740000001,"effective_dimensions=1:464,2:41440,3:19200,other:0;context_bytes=10265792;worker_blocks=4"
uwb-imu-pl/gate-d-diagnostics/v16,26,1300000000,26,26,26,1,1,26,1300000000,"health_actions","EXECUTED",19.345503000000001,""
uwb-imu-pl/gate-d-diagnostics/v16,26,1300000000,26,26,26,1,1,26,1300000000,"hypothesis_audit","SKIPPED",,"disabled by output.write_hypothesis_evidence"
uwb-imu-pl/gate-d-diagnostics/v16,26,1300000000,26,26,26,1,1,26,1300000000,"base_factorization","EXECUTED",0.27247900000000003,""
uwb-imu-pl/gate-d-diagnostics/v16,26,1300000000,26,26,26,1,1,26,1300000000,"shared_cache","EXECUTED",0.0023149999999999998,""
uwb-imu-pl/gate-d-diagnostics/v16,26,1300000000,26,26,26,1,1,26,1300000000,"candidate_evaluation","EXECUTED",455.58009800000002,"rank=1;dense=0;stream_protocol=2;stream_batches=1;stream_batch_capacity=1;stream_peak_batch_actions=1;stream_peak_resident_evaluated_actions=1;stream_peak_batch_full_proofs=0;stream_retained_full_candidates=0;stream_retained_full_proofs=0;stream_full_action_heavy_copy=0;stream_complete=1;stream_fde_preproof_selected_action=0;stream_fde_preproof_status=NO_VALID_CANDIDATE;stream_main_arena_action_full_proofs=0;stream_action_proof_retention=NORMAL_TWO_PASS_O_B_PLUS_ONE;stream_winner_recompute=0;stream_winner_recompute_test_seam=0"
uwb-imu-pl/gate-d-diagnostics/v16,26,1300000000,26,26,26,1,1,26,1300000000,"fde_decision","EXECUTED",28.955604999999998,""
uwb-imu-pl/gate-d-diagnostics/v16,26,1300000000,26,26,26,1,1,26,1300000000,"candidate_audit","EXECUTED",0.043198,"ACTION_REJECTION_FUNNEL_V2:1=REJECT_PL"
uwb-imu-pl/gate-d-diagnostics/v16,26,1300000000,26,26,26,1,1,26,1300000000,"commit","EXECUTED",2.3807209999999999,""
uwb-imu-pl/gate-d-diagnostics/v16,26,1300000000,26,26,26,1,1,26,1300000000,"state_audit","EXECUTED",0.00053899999999999998,""
uwb-imu-pl/gate-d-diagnostics/v16,26,1300000000,26,26,26,1,1,26,1300000000,"finalize_commit_audit","EXECUTED",33.851922000000002,"excludes separately timed commit/discard/state audit"
uwb-imu-pl/gate-d-diagnostics/v16,26,1300000000,26,26,26,1,1,26,1300000000,"discard","SKIPPED",,"upstream gate did not reach stage"
uwb-imu-pl/gate-d-diagnostics/v16,26,1300000000,26,26,26,1,1,26,1300000000,"core_total","EXECUTED",4816.783864,""
uwb-imu-pl/gate-d-diagnostics/v16,27,1350000000,27,27,27,1,1,27,1350000000,"prepare","EXECUTED",2.5191910000000002,""
uwb-imu-pl/gate-d-diagnostics/v16,27,1350000000,27,27,27,1,1,27,1350000000,"integrity_window","EXECUTED",2128.2278030000002,""
uwb-imu-pl/gate-d-diagnostics/v16,27,1350000000,27,27,27,1,1,27,1350000000,"window_boundary_provenance","EXECUTED",2113.2802059999999,""
uwb-imu-pl/gate-d-diagnostics/v16,27,1350000000,27,27,27,1,1,27,1350000000,"window_factor_linearization_whitening","EXECUTED",1.0449219999999999,""
uwb-imu-pl/gate-d-diagnostics/v16,27,1350000000,27,27,27,1,1,27,1350000000,"window_dense_assembly","EXECUTED",0.099235000000000004,""
uwb-imu-pl/gate-d-diagnostics/v16,27,1350000000,27,27,27,1,1,27,1350000000,"window_svd","EXECUTED",7.945055,""
uwb-imu-pl/gate-d-diagnostics/v16,27,1350000000,27,27,27,1,1,27,1350000000,"window_normal_equations","EXECUTED",0.37139899999999998,""
uwb-imu-pl/gate-d-diagnostics/v16,27,1350000000,27,27,27,1,1,27,1350000000,"window_llt_state_solves","EXECUTED",0.11348999999999999,""
uwb-imu-pl/gate-d-diagnostics/v16,27,1350000000,27,27,27,1,1,27,1350000000,"window_fingerprint","EXECUTED",3.9803310000000001,""
uwb-imu-pl/gate-d-diagnostics/v16,27,1350000000,27,27,27,1,1,27,1350000000,"all_in_detector","EXECUTED",0.29428300000000002,""
uwb-imu-pl/gate-d-diagnostics/v16,27,1350000000,27,27,27,1,1,27,1350000000,"current_sensitivity","EXECUTED",0.593553,""
uwb-imu-pl/gate-d-diagnostics/v16,27,1350000000,27,27,27,1,1,27,1350000000,"model_generation","EXECUTED",302.51333999999997,""
uwb-imu-pl/gate-d-diagnostics/v16,27,1350000000,27,27,27,1,1,27,1350000000,"historical_sensitivity","EXECUTED",0.121572,""
uwb-imu-pl/gate-d-diagnostics/v16,27,1350000000,27,27,27,1,1,27,1350000000,"hypothesis_evidence","EXECUTED",1880.8163420000001,"effective_dimensions=1:464,2:41440,3:19200,other:0;context_bytes=10265792;worker_blocks=4"
uwb-imu-pl/gate-d-diagnostics/v16,27,1350000000,27,27,27,1,1,27,1350000000,"health_actions","EXECUTED",17.703493000000002,""
uwb-imu-pl/gate-d-diagnostics/v16,27,1350000000,27,27,27,1,1,27,1350000000,"hypothesis_audit","SKIPPED",,"disabled by output.write_hypothesis_evidence"
uwb-imu-pl/gate-d-diagnostics/v16,27,1350000000,27,27,27,1,1,27,1350000000,"base_factorization","EXECUTED",0.32858700000000002,""
uwb-imu-pl/gate-d-diagnostics/v16,27,1350000000,27,27,27,1,1,27,1350000000,"shared_cache","EXECUTED",0.0033649999999999999,""
uwb-imu-pl/gate-d-diagnostics/v16,27,1350000000,27,27,27,1,1,27,1350000000,"candidate_evaluation","EXECUTED",446.75323500000002,"rank=1;dense=0;stream_protocol=2;stream_batches=1;stream_batch_capacity=1;stream_peak_batch_actions=1;stream_peak_resident_evaluated_actions=1;stream_peak_batch_full_proofs=0;stream_retained_full_candidates=0;stream_retained_full_proofs=0;stream_full_action_heavy_copy=0;stream_complete=1;stream_fde_preproof_selected_action=0;stream_fde_preproof_status=NO_VALID_CANDIDATE;stream_main_arena_action_full_proofs=0;stream_action_proof_retention=NORMAL_TWO_PASS_O_B_PLUS_ONE;stream_winner_recompute=0;stream_winner_recompute_test_seam=0"
uwb-imu-pl/gate-d-diagnostics/v16,27,1350000000,27,27,27,1,1,27,1350000000,"fde_decision","EXECUTED",26.991745999999999,""
uwb-imu-pl/gate-d-diagnostics/v16,27,1350000000,27,27,27,1,1,27,1350000000,"candidate_audit","EXECUTED",0.040217000000000003,"ACTION_REJECTION_FUNNEL_V2:1=REJECT_PL"
uwb-imu-pl/gate-d-diagnostics/v16,27,1350000000,27,27,27,1,1,27,1350000000,"commit","EXECUTED",2.1079340000000002,""
uwb-imu-pl/gate-d-diagnostics/v16,27,1350000000,27,27,27,1,1,27,1350000000,"state_audit","EXECUTED",0.000415,""
uwb-imu-pl/gate-d-diagnostics/v16,27,1350000000,27,27,27,1,1,27,1350000000,"finalize_commit_audit","EXECUTED",32.998983000000003,"excludes separately timed commit/discard/state audit"
uwb-imu-pl/gate-d-diagnostics/v16,27,1350000000,27,27,27,1,1,27,1350000000,"discard","SKIPPED",,"upstream gate did not reach stage"
uwb-imu-pl/gate-d-diagnostics/v16,27,1350000000,27,27,27,1,1,27,1350000000,"core_total","EXECUTED",4842.625164,""
uwb-imu-pl/gate-d-diagnostics/v16,28,1400000000,28,28,28,1,1,28,1400000000,"prepare","EXECUTED",2.5359980000000002,""
uwb-imu-pl/gate-d-diagnostics/v16,28,1400000000,28,28,28,1,1,28,1400000000,"integrity_window","EXECUTED",2483.0884489999999,""
uwb-imu-pl/gate-d-diagnostics/v16,28,1400000000,28,28,28,1,1,28,1400000000,"window_boundary_provenance","EXECUTED",2468.0959069999999,""
uwb-imu-pl/gate-d-diagnostics/v16,28,1400000000,28,28,28,1,1,28,1400000000,"window_factor_linearization_whitening","EXECUTED",1.0682449999999999,""
uwb-imu-pl/gate-d-diagnostics/v16,28,1400000000,28,28,28,1,1,28,1400000000,"window_dense_assembly","EXECUTED",0.11071400000000001,""
uwb-imu-pl/gate-d-diagnostics/v16,28,1400000000,28,28,28,1,1,28,1400000000,"window_svd","EXECUTED",8.0295430000000003,""
uwb-imu-pl/gate-d-diagnostics/v16,28,1400000000,28,28,28,1,1,28,1400000000,"window_normal_equations","EXECUTED",0.35339100000000001,""
uwb-imu-pl/gate-d-diagnostics/v16,28,1400000000,28,28,28,1,1,28,1400000000,"window_llt_state_solves","EXECUTED",0.116387,""
uwb-imu-pl/gate-d-diagnostics/v16,28,1400000000,28,28,28,1,1,28,1400000000,"window_fingerprint","EXECUTED",3.9314900000000002,""
uwb-imu-pl/gate-d-diagnostics/v16,28,1400000000,28,28,28,1,1,28,1400000000,"all_in_detector","EXECUTED",0.235539,""
uwb-imu-pl/gate-d-diagnostics/v16,28,1400000000,28,28,28,1,1,28,1400000000,"current_sensitivity","EXECUTED",0.54363700000000004,""
uwb-imu-pl/gate-d-diagnostics/v16,28,1400000000,28,28,28,1,1,28,1400000000,"model_generation","EXECUTED",305.03924899999998,""
uwb-imu-pl/gate-d-diagnostics/v16,28,1400000000,28,28,28,1,1,28,1400000000,"historical_sensitivity","EXECUTED",0.18956499999999998,""
uwb-imu-pl/gate-d-diagnostics/v16,28,1400000000,28,28,28,1,1,28,1400000000,"hypothesis_evidence","EXECUTED",1903.5036829999999,"effective_dimensions=1:464,2:41440,3:19200,other:0;context_bytes=10265792;worker_blocks=4"
uwb-imu-pl/gate-d-diagnostics/v16,28,1400000000,28,28,28,1,1,28,1400000000,"health_actions","EXECUTED",16.817267000000001,""
uwb-imu-pl/gate-d-diagnostics/v16,28,1400000000,28,28,28,1,1,28,1400000000,"hypothesis_audit","SKIPPED",,"disabled by output.write_hypothesis_evidence"
uwb-imu-pl/gate-d-diagnostics/v16,28,1400000000,28,28,28,1,1,28,1400000000,"base_factorization","EXECUTED",0.26249400000000001,""
uwb-imu-pl/gate-d-diagnostics/v16,28,1400000000,28,28,28,1,1,28,1400000000,"shared_cache","EXECUTED",0.0025249999999999999,""
uwb-imu-pl/gate-d-diagnostics/v16,28,1400000000,28,28,28,1,1,28,1400000000,"candidate_evaluation","EXECUTED",460.52695699999998,"rank=1;dense=0;stream_protocol=2;stream_batches=1;stream_batch_capacity=1;stream_peak_batch_actions=1;stream_peak_resident_evaluated_actions=1;stream_peak_batch_full_proofs=0;stream_retained_full_candidates=0;stream_retained_full_proofs=0;stream_full_action_heavy_copy=0;stream_complete=1;stream_fde_preproof_selected_action=0;stream_fde_preproof_status=NO_VALID_CANDIDATE;stream_main_arena_action_full_proofs=0;stream_action_proof_retention=NORMAL_TWO_PASS_O_B_PLUS_ONE;stream_winner_recompute=0;stream_winner_recompute_test_seam=0"
uwb-imu-pl/gate-d-diagnostics/v16,28,1400000000,28,28,28,1,1,28,1400000000,"fde_decision","EXECUTED",27.257445000000001,""
uwb-imu-pl/gate-d-diagnostics/v16,28,1400000000,28,28,28,1,1,28,1400000000,"candidate_audit","EXECUTED",0.041730000000000003,"ACTION_REJECTION_FUNNEL_V2:1=REJECT_PL"
uwb-imu-pl/gate-d-diagnostics/v16,28,1400000000,28,28,28,1,1,28,1400000000,"commit","EXECUTED",2.2134339999999999,""
uwb-imu-pl/gate-d-diagnostics/v16,28,1400000000,28,28,28,1,1,28,1400000000,"state_audit","EXECUTED",0.00021800000000000001,""
uwb-imu-pl/gate-d-diagnostics/v16,28,1400000000,28,28,28,1,1,28,1400000000,"finalize_commit_audit","EXECUTED",34.726121000000006,"excludes separately timed commit/discard/state audit"
uwb-imu-pl/gate-d-diagnostics/v16,28,1400000000,28,28,28,1,1,28,1400000000,"discard","SKIPPED",,"upstream gate did not reach stage"
uwb-imu-pl/gate-d-diagnostics/v16,28,1400000000,28,28,28,1,1,28,1400000000,"core_total","EXECUTED",5237.565928,""
uwb-imu-pl/gate-d-diagnostics/v16,29,1450000000,29,29,29,1,1,29,1450000000,"prepare","EXECUTED",2.4602590000000002,""
uwb-imu-pl/gate-d-diagnostics/v16,29,1450000000,29,29,29,1,1,29,1450000000,"integrity_window","EXECUTED",2863.727449,""
uwb-imu-pl/gate-d-diagnostics/v16,29,1450000000,29,29,29,1,1,29,1450000000,"window_boundary_provenance","EXECUTED",2848.8456970000002,""
uwb-imu-pl/gate-d-diagnostics/v16,29,1450000000,29,29,29,1,1,29,1450000000,"window_factor_linearization_whitening","EXECUTED",1.1691990000000001,""
uwb-imu-pl/gate-d-diagnostics/v16,29,1450000000,29,29,29,1,1,29,1450000000,"window_dense_assembly","EXECUTED",0.10587000000000001,""
uwb-imu-pl/gate-d-diagnostics/v16,29,1450000000,29,29,29,1,1,29,1450000000,"window_svd","EXECUTED",7.8855320000000004,""
uwb-imu-pl/gate-d-diagnostics/v16,29,1450000000,29,29,29,1,1,29,1450000000,"window_normal_equations","EXECUTED",0.33869199999999999,""
uwb-imu-pl/gate-d-diagnostics/v16,29,1450000000,29,29,29,1,1,29,1450000000,"window_llt_state_solves","EXECUTED",0.109746,""
uwb-imu-pl/gate-d-diagnostics/v16,29,1450000000,29,29,29,1,1,29,1450000000,"window_fingerprint","EXECUTED",3.925926,""
uwb-imu-pl/gate-d-diagnostics/v16,29,1450000000,29,29,29,1,1,29,1450000000,"all_in_detector","EXECUTED",0.28642800000000002,""
uwb-imu-pl/gate-d-diagnostics/v16,29,1450000000,29,29,29,1,1,29,1450000000,"current_sensitivity","EXECUTED",0.80165799999999998,""
uwb-imu-pl/gate-d-diagnostics/v16,29,1450000000,29,29,29,1,1,29,1450000000,"model_generation","EXECUTED",336.15946400000001,""
uwb-imu-pl/gate-d-diagnostics/v16,29,1450000000,29,29,29,1,1,29,1450000000,"historical_sensitivity","EXECUTED",0.21190799999999999,""
uwb-imu-pl/gate-d-diagnostics/v16,29,1450000000,29,29,29,1,1,29,1450000000,"hypothesis_evidence","EXECUTED",1896.6346639999999,"effective_dimensions=1:464,2:41440,3:19200,other:0;context_bytes=10265792;worker_blocks=4"
uwb-imu-pl/gate-d-diagnostics/v16,29,1450000000,29,29,29,1,1,29,1450000000,"health_actions","EXECUTED",19.310555000000001,""
uwb-imu-pl/gate-d-diagnostics/v16,29,1450000000,29,29,29,1,1,29,1450000000,"hypothesis_audit","SKIPPED",,"disabled by output.write_hypothesis_evidence"
uwb-imu-pl/gate-d-diagnostics/v16,29,1450000000,29,29,29,1,1,29,1450000000,"base_factorization","EXECUTED",0.282086,""
uwb-imu-pl/gate-d-diagnostics/v16,29,1450000000,29,29,29,1,1,29,1450000000,"shared_cache","EXECUTED",0.002382,""
uwb-imu-pl/gate-d-diagnostics/v16,29,1450000000,29,29,29,1,1,29,1450000000,"candidate_evaluation","EXECUTED",456.877002,"rank=1;dense=0;stream_protocol=2;stream_batches=1;stream_batch_capacity=1;stream_peak_batch_actions=1;stream_peak_resident_evaluated_actions=1;stream_peak_batch_full_proofs=0;stream_retained_full_candidates=0;stream_retained_full_proofs=0;stream_full_action_heavy_copy=0;stream_complete=1;stream_fde_preproof_selected_action=0;stream_fde_preproof_status=NO_VALID_CANDIDATE;stream_main_arena_action_full_proofs=0;stream_action_proof_retention=NORMAL_TWO_PASS_O_B_PLUS_ONE;stream_winner_recompute=0;stream_winner_recompute_test_seam=0"
uwb-imu-pl/gate-d-diagnostics/v16,29,1450000000,29,29,29,1,1,29,1450000000,"fde_decision","EXECUTED",29.341317,""
uwb-imu-pl/gate-d-diagnostics/v16,29,1450000000,29,29,29,1,1,29,1450000000,"candidate_audit","EXECUTED",0.041369000000000003,"ACTION_REJECTION_FUNNEL_V2:1=REJECT_PL"
uwb-imu-pl/gate-d-diagnostics/v16,29,1450000000,29,29,29,1,1,29,1450000000,"commit","EXECUTED",2.225263,""
uwb-imu-pl/gate-d-diagnostics/v16,29,1450000000,29,29,29,1,1,29,1450000000,"state_audit","EXECUTED",0.00035799999999999997,""
uwb-imu-pl/gate-d-diagnostics/v16,29,1450000000,29,29,29,1,1,29,1450000000,"finalize_commit_audit","EXECUTED",33.434827000000006,"excludes separately timed commit/discard/state audit"
uwb-imu-pl/gate-d-diagnostics/v16,29,1450000000,29,29,29,1,1,29,1450000000,"discard","SKIPPED",,"upstream gate did not reach stage"
uwb-imu-pl/gate-d-diagnostics/v16,29,1450000000,29,29,29,1,1,29,1450000000,"core_total","EXECUTED",5642.458748,""
uwb-imu-pl/gate-d-diagnostics/v16,30,1500000000,30,30,30,1,1,30,1500000000,"prepare","EXECUTED",2.5735920000000001,""
uwb-imu-pl/gate-d-diagnostics/v16,30,1500000000,30,30,30,1,1,30,1500000000,"integrity_window","EXECUTED",3438.4560780000002,""
uwb-imu-pl/gate-d-diagnostics/v16,30,1500000000,30,30,30,1,1,30,1500000000,"window_boundary_provenance","EXECUTED",3422.3776290000001,""
uwb-imu-pl/gate-d-diagnostics/v16,30,1500000000,30,30,30,1,1,30,1500000000,"window_factor_linearization_whitening","EXECUTED",1.5874170000000001,""
uwb-imu-pl/gate-d-diagnostics/v16,30,1500000000,30,30,30,1,1,30,1500000000,"window_dense_assembly","EXECUTED",0.16476499999999999,""
uwb-imu-pl/gate-d-diagnostics/v16,30,1500000000,30,30,30,1,1,30,1500000000,"window_svd","EXECUTED",8.4890840000000001,""
uwb-imu-pl/gate-d-diagnostics/v16,30,1500000000,30,30,30,1,1,30,1500000000,"window_normal_equations","EXECUTED",0.33742899999999998,""
uwb-imu-pl/gate-d-diagnostics/v16,30,1500000000,30,30,30,1,1,30,1500000000,"window_llt_state_solves","EXECUTED",0.109709,""
uwb-imu-pl/gate-d-diagnostics/v16,30,1500000000,30,30,30,1,1,30,1500000000,"window_fingerprint","EXECUTED",3.9025050000000001,""
uwb-imu-pl/gate-d-diagnostics/v16,30,1500000000,30,30,30,1,1,30,1500000000,"all_in_detector","EXECUTED",0.34768399999999999,""
uwb-imu-pl/gate-d-diagnostics/v16,30,1500000000,30,30,30,1,1,30,1500000000,"current_sensitivity","EXECUTED",0.97556699999999996,""
uwb-imu-pl/gate-d-diagnostics/v16,30,1500000000,30,30,30,1,1,30,1500000000,"model_generation","EXECUTED",305.18293499999999,""
uwb-imu-pl/gate-d-diagnostics/v16,30,1500000000,30,30,30,1,1,30,1500000000,"historical_sensitivity","EXECUTED",0.12720999999999999,""
uwb-imu-pl/gate-d-diagnostics/v16,30,1500000000,30,30,30,1,1,30,1500000000,"hypothesis_evidence","EXECUTED",1896.1444100000001,"effective_dimensions=1:464,2:41440,3:19200,other:0;context_bytes=10265792;worker_blocks=4"
uwb-imu-pl/gate-d-diagnostics/v16,30,1500000000,30,30,30,1,1,30,1500000000,"health_actions","EXECUTED",17.011673999999999,""
uwb-imu-pl/gate-d-diagnostics/v16,30,1500000000,30,30,30,1,1,30,1500000000,"hypothesis_audit","SKIPPED",,"disabled by output.write_hypothesis_evidence"
uwb-imu-pl/gate-d-diagnostics/v16,30,1500000000,30,30,30,1,1,30,1500000000,"base_factorization","EXECUTED",0.27606199999999997,""
uwb-imu-pl/gate-d-diagnostics/v16,30,1500000000,30,30,30,1,1,30,1500000000,"shared_cache","EXECUTED",0.0026389999999999999,""
uwb-imu-pl/gate-d-diagnostics/v16,30,1500000000,30,30,30,1,1,30,1500000000,"candidate_evaluation","EXECUTED",456.09528299999999,"rank=1;dense=0;stream_protocol=2;stream_batches=1;stream_batch_capacity=1;stream_peak_batch_actions=1;stream_peak_resident_evaluated_actions=1;stream_peak_batch_full_proofs=0;stream_retained_full_candidates=0;stream_retained_full_proofs=0;stream_full_action_heavy_copy=0;stream_complete=1;stream_fde_preproof_selected_action=0;stream_fde_preproof_status=NO_VALID_CANDIDATE;stream_main_arena_action_full_proofs=0;stream_action_proof_retention=NORMAL_TWO_PASS_O_B_PLUS_ONE;stream_winner_recompute=0;stream_winner_recompute_test_seam=0"
uwb-imu-pl/gate-d-diagnostics/v16,30,1500000000,30,30,30,1,1,30,1500000000,"fde_decision","EXECUTED",26.166222000000001,""
uwb-imu-pl/gate-d-diagnostics/v16,30,1500000000,30,30,30,1,1,30,1500000000,"candidate_audit","EXECUTED",0.039985,"ACTION_REJECTION_FUNNEL_V2:1=REJECT_PL"
uwb-imu-pl/gate-d-diagnostics/v16,30,1500000000,30,30,30,1,1,30,1500000000,"commit","EXECUTED",2.4523250000000001,""
uwb-imu-pl/gate-d-diagnostics/v16,30,1500000000,30,30,30,1,1,30,1500000000,"state_audit","EXECUTED",0.00056700000000000001,""
uwb-imu-pl/gate-d-diagnostics/v16,30,1500000000,30,30,30,1,1,30,1500000000,"finalize_commit_audit","EXECUTED",35.330589000000003,"excludes separately timed commit/discard/state audit"
uwb-imu-pl/gate-d-diagnostics/v16,30,1500000000,30,30,30,1,1,30,1500000000,"discard","SKIPPED",,"upstream gate did not reach stage"
uwb-imu-pl/gate-d-diagnostics/v16,30,1500000000,30,30,30,1,1,30,1500000000,"core_total","EXECUTED",6181.8123949999999,""
uwb-imu-pl/gate-d-diagnostics/v16,31,1550000000,31,31,31,2,1,31,1550000000,"prepare","EXECUTED",2.4902839999999999,""
uwb-imu-pl/gate-d-diagnostics/v16,31,1550000000,31,31,31,2,1,31,1550000000,"integrity_window","EXECUTED",474.06282499999998,""
uwb-imu-pl/gate-d-diagnostics/v16,31,1550000000,31,31,31,2,1,31,1550000000,"window_boundary_provenance","EXECUTED",457.677369,""
uwb-imu-pl/gate-d-diagnostics/v16,31,1550000000,31,31,31,2,1,31,1550000000,"window_factor_linearization_whitening","EXECUTED",1.5004489999999999,""
uwb-imu-pl/gate-d-diagnostics/v16,31,1550000000,31,31,31,2,1,31,1550000000,"window_dense_assembly","EXECUTED",0.130249,""
uwb-imu-pl/gate-d-diagnostics/v16,31,1550000000,31,31,31,2,1,31,1550000000,"window_svd","EXECUTED",8.0236029999999996,""
uwb-imu-pl/gate-d-diagnostics/v16,31,1550000000,31,31,31,2,1,31,1550000000,"window_normal_equations","EXECUTED",0.72314400000000001,""
uwb-imu-pl/gate-d-diagnostics/v16,31,1550000000,31,31,31,2,1,31,1550000000,"window_llt_state_solves","EXECUTED",0.242066,""
uwb-imu-pl/gate-d-diagnostics/v16,31,1550000000,31,31,31,2,1,31,1550000000,"window_fingerprint","EXECUTED",4.3985989999999999,""
uwb-imu-pl/gate-d-diagnostics/v16,31,1550000000,31,31,31,2,1,31,1550000000,"all_in_detector","EXECUTED",0.345024,""
uwb-imu-pl/gate-d-diagnostics/v16,31,1550000000,31,31,31,2,1,31,1550000000,"current_sensitivity","EXECUTED",0.88099300000000003,""
uwb-imu-pl/gate-d-diagnostics/v16,31,1550000000,31,31,31,2,1,31,1550000000,"model_generation","EXECUTED",310.40501799999998,""
uwb-imu-pl/gate-d-diagnostics/v16,31,1550000000,31,31,31,2,1,31,1550000000,"historical_sensitivity","EXECUTED",0.12213499999999998,""
uwb-imu-pl/gate-d-diagnostics/v16,31,1550000000,31,31,31,2,1,31,1550000000,"hypothesis_evidence","EXECUTED",1935.695009,"effective_dimensions=1:464,2:41440,3:19200,other:0;context_bytes=10265792;worker_blocks=4"
uwb-imu-pl/gate-d-diagnostics/v16,31,1550000000,31,31,31,2,1,31,1550000000,"health_actions","EXECUTED",18.093112000000001,""
uwb-imu-pl/gate-d-diagnostics/v16,31,1550000000,31,31,31,2,1,31,1550000000,"hypothesis_audit","SKIPPED",,"disabled by output.write_hypothesis_evidence"
uwb-imu-pl/gate-d-diagnostics/v16,31,1550000000,31,31,31,2,1,31,1550000000,"base_factorization","EXECUTED",0.28362300000000001,""
uwb-imu-pl/gate-d-diagnostics/v16,31,1550000000,31,31,31,2,1,31,1550000000,"shared_cache","EXECUTED",0.0030140000000000002,""
uwb-imu-pl/gate-d-diagnostics/v16,31,1550000000,31,31,31,2,1,31,1550000000,"candidate_evaluation","EXECUTED",443.04791499999999,"rank=1;dense=0;stream_protocol=2;stream_batches=1;stream_batch_capacity=1;stream_peak_batch_actions=1;stream_peak_resident_evaluated_actions=1;stream_peak_batch_full_proofs=0;stream_retained_full_candidates=0;stream_retained_full_proofs=0;stream_full_action_heavy_copy=0;stream_complete=1;stream_fde_preproof_selected_action=0;stream_fde_preproof_status=NO_VALID_CANDIDATE;stream_main_arena_action_full_proofs=0;stream_action_proof_retention=NORMAL_TWO_PASS_O_B_PLUS_ONE;stream_winner_recompute=0;stream_winner_recompute_test_seam=0"
uwb-imu-pl/gate-d-diagnostics/v16,31,1550000000,31,31,31,2,1,31,1550000000,"fde_decision","EXECUTED",26.325137999999999,""
uwb-imu-pl/gate-d-diagnostics/v16,31,1550000000,31,31,31,2,1,31,1550000000,"candidate_audit","EXECUTED",0.042221000000000002,"ACTION_REJECTION_FUNNEL_V2:1=REJECT_PL"
uwb-imu-pl/gate-d-diagnostics/v16,31,1550000000,31,31,31,2,1,31,1550000000,"commit","EXECUTED",2.4050660000000001,""
uwb-imu-pl/gate-d-diagnostics/v16,31,1550000000,31,31,31,2,1,31,1550000000,"state_audit","EXECUTED",0.00038299999999999999,""
uwb-imu-pl/gate-d-diagnostics/v16,31,1550000000,31,31,31,2,1,31,1550000000,"finalize_commit_audit","EXECUTED",30.608414,"excludes separately timed commit/discard/state audit"
uwb-imu-pl/gate-d-diagnostics/v16,31,1550000000,31,31,31,2,1,31,1550000000,"discard","SKIPPED",,"upstream gate did not reach stage"
uwb-imu-pl/gate-d-diagnostics/v16,31,1550000000,31,31,31,2,1,31,1550000000,"core_total","EXECUTED",3245.6163689999998,""
uwb-imu-pl/gate-d-diagnostics/v16,32,1600000000,32,32,32,3,1,32,1600000000,"prepare","EXECUTED",2.3430409999999999,""
uwb-imu-pl/gate-d-diagnostics/v16,32,1600000000,32,32,32,3,1,32,1600000000,"integrity_window","EXECUTED",434.89495299999999,""
uwb-imu-pl/gate-d-diagnostics/v16,32,1600000000,32,32,32,3,1,32,1600000000,"window_boundary_provenance","EXECUTED",419.097893,""
uwb-imu-pl/gate-d-diagnostics/v16,32,1600000000,32,32,32,3,1,32,1600000000,"window_factor_linearization_whitening","EXECUTED",1.286762,""
uwb-imu-pl/gate-d-diagnostics/v16,32,1600000000,32,32,32,3,1,32,1600000000,"window_dense_assembly","EXECUTED",0.111137,""
uwb-imu-pl/gate-d-diagnostics/v16,32,1600000000,32,32,32,3,1,32,1600000000,"window_svd","EXECUTED",8.4001239999999999,""
uwb-imu-pl/gate-d-diagnostics/v16,32,1600000000,32,32,32,3,1,32,1600000000,"window_normal_equations","EXECUTED",0.35312500000000002,""
uwb-imu-pl/gate-d-diagnostics/v16,32,1600000000,32,32,32,3,1,32,1600000000,"window_llt_state_solves","EXECUTED",0.118171,""
uwb-imu-pl/gate-d-diagnostics/v16,32,1600000000,32,32,32,3,1,32,1600000000,"window_fingerprint","EXECUTED",4.0798750000000004,""
uwb-imu-pl/gate-d-diagnostics/v16,32,1600000000,32,32,32,3,1,32,1600000000,"all_in_detector","EXECUTED",0.32040299999999999,""
uwb-imu-pl/gate-d-diagnostics/v16,32,1600000000,32,32,32,3,1,32,1600000000,"current_sensitivity","EXECUTED",0.730047,""
uwb-imu-pl/gate-d-diagnostics/v16,32,1600000000,32,32,32,3,1,32,1600000000,"model_generation","EXECUTED",300.47916599999996,""
uwb-imu-pl/gate-d-diagnostics/v16,32,1600000000,32,32,32,3,1,32,1600000000,"historical_sensitivity","EXECUTED",0.36263000000000001,""
uwb-imu-pl/gate-d-diagnostics/v16,32,1600000000,32,32,32,3,1,32,1600000000,"hypothesis_evidence","EXECUTED",1907.019108,"effective_dimensions=1:464,2:41440,3:19200,other:0;context_bytes=10265792;worker_blocks=4"
uwb-imu-pl/gate-d-diagnostics/v16,32,1600000000,32,32,32,3,1,32,1600000000,"health_actions","EXECUTED",17.656307999999999,""
uwb-imu-pl/gate-d-diagnostics/v16,32,1600000000,32,32,32,3,1,32,1600000000,"hypothesis_audit","SKIPPED",,"disabled by output.write_hypothesis_evidence"
uwb-imu-pl/gate-d-diagnostics/v16,32,1600000000,32,32,32,3,1,32,1600000000,"base_factorization","EXECUTED",0.25836799999999999,""
uwb-imu-pl/gate-d-diagnostics/v16,32,1600000000,32,32,32,3,1,32,1600000000,"shared_cache","EXECUTED",0.002189,""
uwb-imu-pl/gate-d-diagnostics/v16,32,1600000000,32,32,32,3,1,32,1600000000,"candidate_evaluation","EXECUTED",448.96981199999999,"rank=1;dense=0;stream_protocol=2;stream_batches=1;stream_batch_capacity=1;stream_peak_batch_actions=1;stream_peak_resident_evaluated_actions=1;stream_peak_batch_full_proofs=0;stream_retained_full_candidates=0;stream_retained_full_proofs=0;stream_full_action_heavy_copy=0;stream_complete=1;stream_fde_preproof_selected_action=0;stream_fde_preproof_status=NO_VALID_CANDIDATE;stream_main_arena_action_full_proofs=0;stream_action_proof_retention=NORMAL_TWO_PASS_O_B_PLUS_ONE;stream_winner_recompute=0;stream_winner_recompute_test_seam=0"
uwb-imu-pl/gate-d-diagnostics/v16,32,1600000000,32,32,32,3,1,32,1600000000,"fde_decision","EXECUTED",26.924199000000002,""
uwb-imu-pl/gate-d-diagnostics/v16,32,1600000000,32,32,32,3,1,32,1600000000,"candidate_audit","EXECUTED",0.041923000000000002,"ACTION_REJECTION_FUNNEL_V2:1=REJECT_PL"
uwb-imu-pl/gate-d-diagnostics/v16,32,1600000000,32,32,32,3,1,32,1600000000,"commit","EXECUTED",3.1397460000000001,""
uwb-imu-pl/gate-d-diagnostics/v16,32,1600000000,32,32,32,3,1,32,1600000000,"state_audit","EXECUTED",0.00059800000000000001,""
uwb-imu-pl/gate-d-diagnostics/v16,32,1600000000,32,32,32,3,1,32,1600000000,"finalize_commit_audit","EXECUTED",39.917907,"excludes separately timed commit/discard/state audit"
uwb-imu-pl/gate-d-diagnostics/v16,32,1600000000,32,32,32,3,1,32,1600000000,"discard","SKIPPED",,"upstream gate did not reach stage"
uwb-imu-pl/gate-d-diagnostics/v16,32,1600000000,32,32,32,3,1,32,1600000000,"core_total","EXECUTED",3183.6430209999999,""
uwb-imu-pl/gate-d-diagnostics/v16,33,1650000000,33,33,33,4,1,33,1650000000,"prepare","EXECUTED",2.6089560000000001,""
uwb-imu-pl/gate-d-diagnostics/v16,33,1650000000,33,33,33,4,1,33,1650000000,"integrity_window","EXECUTED",418.68013500000001,""
uwb-imu-pl/gate-d-diagnostics/v16,33,1650000000,33,33,33,4,1,33,1650000000,"window_boundary_provenance","EXECUTED",402.99315999999999,""
uwb-imu-pl/gate-d-diagnostics/v16,33,1650000000,33,33,33,4,1,33,1650000000,"window_factor_linearization_whitening","EXECUTED",1.222377,""
uwb-imu-pl/gate-d-diagnostics/v16,33,1650000000,33,33,33,4,1,33,1650000000,"window_dense_assembly","EXECUTED",0.131825,""
uwb-imu-pl/gate-d-diagnostics/v16,33,1650000000,33,33,33,4,1,33,1650000000,"window_svd","EXECUTED",7.840147,""
uwb-imu-pl/gate-d-diagnostics/v16,33,1650000000,33,33,33,4,1,33,1650000000,"window_normal_equations","EXECUTED",0.36025299999999999,""
uwb-imu-pl/gate-d-diagnostics/v16,33,1650000000,33,33,33,4,1,33,1650000000,"window_llt_state_solves","EXECUTED",0.10850600000000001,""
uwb-imu-pl/gate-d-diagnostics/v16,33,1650000000,33,33,33,4,1,33,1650000000,"window_fingerprint","EXECUTED",4.6810200000000002,""
uwb-imu-pl/gate-d-diagnostics/v16,33,1650000000,33,33,33,4,1,33,1650000000,"all_in_detector","EXECUTED",0.27702599999999999,""
uwb-imu-pl/gate-d-diagnostics/v16,33,1650000000,33,33,33,4,1,33,1650000000,"current_sensitivity","EXECUTED",0.57021299999999997,""
uwb-imu-pl/gate-d-diagnostics/v16,33,1650000000,33,33,33,4,1,33,1650000000,"model_generation","EXECUTED",315.30789000000004,""
uwb-imu-pl/gate-d-diagnostics/v16,33,1650000000,33,33,33,4,1,33,1650000000,"historical_sensitivity","EXECUTED",0.13763800000000001,""
uwb-imu-pl/gate-d-diagnostics/v16,33,1650000000,33,33,33,4,1,33,1650000000,"hypothesis_evidence","EXECUTED",1865.2304859999999,"effective_dimensions=1:464,2:41440,3:19200,other:0;context_bytes=10265792;worker_blocks=4"
uwb-imu-pl/gate-d-diagnostics/v16,33,1650000000,33,33,33,4,1,33,1650000000,"health_actions","EXECUTED",28.774992999999998,""
uwb-imu-pl/gate-d-diagnostics/v16,33,1650000000,33,33,33,4,1,33,1650000000,"hypothesis_audit","SKIPPED",,"disabled by output.write_hypothesis_evidence"
uwb-imu-pl/gate-d-diagnostics/v16,33,1650000000,33,33,33,4,1,33,1650000000,"base_factorization","EXECUTED",0.27674399999999999,""
uwb-imu-pl/gate-d-diagnostics/v16,33,1650000000,33,33,33,4,1,33,1650000000,"shared_cache","EXECUTED",0.0023259999999999999,""
uwb-imu-pl/gate-d-diagnostics/v16,33,1650000000,33,33,33,4,1,33,1650000000,"candidate_evaluation","EXECUTED",440.18372799999997,"rank=1;dense=0;stream_protocol=2;stream_batches=1;stream_batch_capacity=1;stream_peak_batch_actions=1;stream_peak_resident_evaluated_actions=1;stream_peak_batch_full_proofs=0;stream_retained_full_candidates=0;stream_retained_full_proofs=0;stream_full_action_heavy_copy=0;stream_complete=1;stream_fde_preproof_selected_action=0;stream_fde_preproof_status=NO_VALID_CANDIDATE;stream_main_arena_action_full_proofs=0;stream_action_proof_retention=NORMAL_TWO_PASS_O_B_PLUS_ONE;stream_winner_recompute=0;stream_winner_recompute_test_seam=0"
uwb-imu-pl/gate-d-diagnostics/v16,33,1650000000,33,33,33,4,1,33,1650000000,"fde_decision","EXECUTED",25.998891,""
uwb-imu-pl/gate-d-diagnostics/v16,33,1650000000,33,33,33,4,1,33,1650000000,"candidate_audit","EXECUTED",0.040460999999999997,"ACTION_REJECTION_FUNNEL_V2:1=REJECT_PL"
uwb-imu-pl/gate-d-diagnostics/v16,33,1650000000,33,33,33,4,1,33,1650000000,"commit","EXECUTED",2.6478549999999998,""
uwb-imu-pl/gate-d-diagnostics/v16,33,1650000000,33,33,33,4,1,33,1650000000,"state_audit","EXECUTED",0.00051999999999999995,""
uwb-imu-pl/gate-d-diagnostics/v16,33,1650000000,33,33,33,4,1,33,1650000000,"finalize_commit_audit","EXECUTED",34.545606999999997,"excludes separately timed commit/discard/state audit"
uwb-imu-pl/gate-d-diagnostics/v16,33,1650000000,33,33,33,4,1,33,1650000000,"discard","SKIPPED",,"upstream gate did not reach stage"
uwb-imu-pl/gate-d-diagnostics/v16,33,1650000000,33,33,33,4,1,33,1650000000,"core_total","EXECUTED",3136.1653120000001,""
uwb-imu-pl/gate-d-diagnostics/v16,34,1700000000,34,34,34,5,1,34,1700000000,"prepare","EXECUTED",2.257085,""
uwb-imu-pl/gate-d-diagnostics/v16,34,1700000000,34,34,34,5,1,34,1700000000,"integrity_window","EXECUTED",419.49136700000003,""
uwb-imu-pl/gate-d-diagnostics/v16,34,1700000000,34,34,34,5,1,34,1700000000,"window_boundary_provenance","EXECUTED",404.84088600000001,""
uwb-imu-pl/gate-d-diagnostics/v16,34,1700000000,34,34,34,5,1,34,1700000000,"window_factor_linearization_whitening","EXECUTED",1.053242,""
uwb-imu-pl/gate-d-diagnostics/v16,34,1700000000,34,34,34,5,1,34,1700000000,"window_dense_assembly","EXECUTED",0.083066000000000001,""
uwb-imu-pl/gate-d-diagnostics/v16,34,1700000000,34,34,34,5,1,34,1700000000,"window_svd","EXECUTED",7.8274049999999997,""
uwb-imu-pl/gate-d-diagnostics/v16,34,1700000000,34,34,34,5,1,34,1700000000,"window_normal_equations","EXECUTED",0.35722700000000002,""
uwb-imu-pl/gate-d-diagnostics/v16,34,1700000000,34,34,34,5,1,34,1700000000,"window_llt_state_solves","EXECUTED",0.10491300000000001,""
uwb-imu-pl/gate-d-diagnostics/v16,34,1700000000,34,34,34,5,1,34,1700000000,"window_fingerprint","EXECUTED",3.8755989999999998,""
uwb-imu-pl/gate-d-diagnostics/v16,34,1700000000,34,34,34,5,1,34,1700000000,"all_in_detector","EXECUTED",0.27853899999999998,""
uwb-imu-pl/gate-d-diagnostics/v16,34,1700000000,34,34,34,5,1,34,1700000000,"current_sensitivity","EXECUTED",0.50168699999999999,""
uwb-imu-pl/gate-d-diagnostics/v16,34,1700000000,34,34,34,5,1,34,1700000000,"model_generation","EXECUTED",315.38959,""
uwb-imu-pl/gate-d-diagnostics/v16,34,1700000000,34,34,34,5,1,34,1700000000,"historical_sensitivity","EXECUTED",0.12561499999999998,""
uwb-imu-pl/gate-d-diagnostics/v16,34,1700000000,34,34,34,5,1,34,1700000000,"hypothesis_evidence","EXECUTED",1890.9567010000001,"effective_dimensions=1:464,2:41440,3:19200,other:0;context_bytes=10265792;worker_blocks=4"
uwb-imu-pl/gate-d-diagnostics/v16,34,1700000000,34,34,34,5,1,34,1700000000,"health_actions","EXECUTED",19.027712000000001,""
uwb-imu-pl/gate-d-diagnostics/v16,34,1700000000,34,34,34,5,1,34,1700000000,"hypothesis_audit","SKIPPED",,"disabled by output.write_hypothesis_evidence"
uwb-imu-pl/gate-d-diagnostics/v16,34,1700000000,34,34,34,5,1,34,1700000000,"base_factorization","EXECUTED",0.26952500000000001,""
uwb-imu-pl/gate-d-diagnostics/v16,34,1700000000,34,34,34,5,1,34,1700000000,"shared_cache","EXECUTED",0.0028180000000000002,""
uwb-imu-pl/gate-d-diagnostics/v16,34,1700000000,34,34,34,5,1,34,1700000000,"candidate_evaluation","EXECUTED",451.81044400000002,"rank=1;dense=0;stream_protocol=2;stream_batches=1;stream_batch_capacity=1;stream_peak_batch_actions=1;stream_peak_resident_evaluated_actions=1;stream_peak_batch_full_proofs=0;stream_retained_full_candidates=0;stream_retained_full_proofs=0;stream_full_action_heavy_copy=0;stream_complete=1;stream_fde_preproof_selected_action=0;stream_fde_preproof_status=NO_VALID_CANDIDATE;stream_main_arena_action_full_proofs=0;stream_action_proof_retention=NORMAL_TWO_PASS_O_B_PLUS_ONE;stream_winner_recompute=0;stream_winner_recompute_test_seam=0"
uwb-imu-pl/gate-d-diagnostics/v16,34,1700000000,34,34,34,5,1,34,1700000000,"fde_decision","EXECUTED",25.882059999999999,""
uwb-imu-pl/gate-d-diagnostics/v16,34,1700000000,34,34,34,5,1,34,1700000000,"candidate_audit","EXECUTED",0.039875000000000001,"ACTION_REJECTION_FUNNEL_V2:1=REJECT_PL"
uwb-imu-pl/gate-d-diagnostics/v16,34,1700000000,34,34,34,5,1,34,1700000000,"commit","EXECUTED",2.5056080000000001,""
uwb-imu-pl/gate-d-diagnostics/v16,34,1700000000,34,34,34,5,1,34,1700000000,"state_audit","EXECUTED",0.00036600000000000001,""
uwb-imu-pl/gate-d-diagnostics/v16,34,1700000000,34,34,34,5,1,34,1700000000,"finalize_commit_audit","EXECUTED",32.404187999999998,"excludes separately timed commit/discard/state audit"
uwb-imu-pl/gate-d-diagnostics/v16,34,1700000000,34,34,34,5,1,34,1700000000,"discard","SKIPPED",,"upstream gate did not reach stage"
uwb-imu-pl/gate-d-diagnostics/v16,34,1700000000,34,34,34,5,1,34,1700000000,"core_total","EXECUTED",3161.6335469999999,""
uwb-imu-pl/gate-d-diagnostics/v16,35,1750000000,35,35,35,6,1,35,1750000000,"prepare","EXECUTED",2.7301820000000001,""
uwb-imu-pl/gate-d-diagnostics/v16,35,1750000000,35,35,35,6,1,35,1750000000,"integrity_window","EXECUTED",421.40902899999998,""
uwb-imu-pl/gate-d-diagnostics/v16,35,1750000000,35,35,35,6,1,35,1750000000,"window_boundary_provenance","EXECUTED",405.33789899999999,""
uwb-imu-pl/gate-d-diagnostics/v16,35,1750000000,35,35,35,6,1,35,1750000000,"window_factor_linearization_whitening","EXECUTED",1.793485,""
uwb-imu-pl/gate-d-diagnostics/v16,35,1750000000,35,35,35,6,1,35,1750000000,"window_dense_assembly","EXECUTED",0.38362099999999999,""
uwb-imu-pl/gate-d-diagnostics/v16,35,1750000000,35,35,35,6,1,35,1750000000,"window_svd","EXECUTED",8.2230139999999992,""
uwb-imu-pl/gate-d-diagnostics/v16,35,1750000000,35,35,35,6,1,35,1750000000,"window_normal_equations","EXECUTED",0.329926,""
uwb-imu-pl/gate-d-diagnostics/v16,35,1750000000,35,35,35,6,1,35,1750000000,"window_llt_state_solves","EXECUTED",0.11819300000000001,""
uwb-imu-pl/gate-d-diagnostics/v16,35,1750000000,35,35,35,6,1,35,1750000000,"window_fingerprint","EXECUTED",3.8432710000000001,""
uwb-imu-pl/gate-d-diagnostics/v16,35,1750000000,35,35,35,6,1,35,1750000000,"all_in_detector","EXECUTED",0.24152799999999999,""
uwb-imu-pl/gate-d-diagnostics/v16,35,1750000000,35,35,35,6,1,35,1750000000,"current_sensitivity","EXECUTED",0.70179400000000003,""
uwb-imu-pl/gate-d-diagnostics/v16,35,1750000000,35,35,35,6,1,35,1750000000,"model_generation","EXECUTED",317.85557399999999,""
uwb-imu-pl/gate-d-diagnostics/v16,35,1750000000,35,35,35,6,1,35,1750000000,"historical_sensitivity","EXECUTED",0.127496,""
uwb-imu-pl/gate-d-diagnostics/v16,35,1750000000,35,35,35,6,1,35,1750000000,"hypothesis_evidence","EXECUTED",1916.197553,"effective_dimensions=1:464,2:41440,3:19200,other:0;context_bytes=10265792;worker_blocks=4"
uwb-imu-pl/gate-d-diagnostics/v16,35,1750000000,35,35,35,6,1,35,1750000000,"health_actions","EXECUTED",16.513825000000001,""
uwb-imu-pl/gate-d-diagnostics/v16,35,1750000000,35,35,35,6,1,35,1750000000,"hypothesis_audit","SKIPPED",,"disabled by output.write_hypothesis_evidence"
uwb-imu-pl/gate-d-diagnostics/v16,35,1750000000,35,35,35,6,1,35,1750000000,"base_factorization","EXECUTED",0.27196100000000001,""
uwb-imu-pl/gate-d-diagnostics/v16,35,1750000000,35,35,35,6,1,35,1750000000,"shared_cache","EXECUTED",0.0020869999999999999,""
uwb-imu-pl/gate-d-diagnostics/v16,35,1750000000,35,35,35,6,1,35,1750000000,"candidate_evaluation","EXECUTED",456.25137100000001,"rank=1;dense=0;stream_protocol=2;stream_batches=1;stream_batch_capacity=1;stream_peak_batch_actions=1;stream_peak_resident_evaluated_actions=1;stream_peak_batch_full_proofs=0;stream_retained_full_candidates=0;stream_retained_full_proofs=0;stream_full_action_heavy_copy=0;stream_complete=1;stream_fde_preproof_selected_action=0;stream_fde_preproof_status=NO_VALID_CANDIDATE;stream_main_arena_action_full_proofs=0;stream_action_proof_retention=NORMAL_TWO_PASS_O_B_PLUS_ONE;stream_winner_recompute=0;stream_winner_recompute_test_seam=0"
uwb-imu-pl/gate-d-diagnostics/v16,35,1750000000,35,35,35,6,1,35,1750000000,"fde_decision","EXECUTED",27.904053000000001,""
uwb-imu-pl/gate-d-diagnostics/v16,35,1750000000,35,35,35,6,1,35,1750000000,"candidate_audit","EXECUTED",0.039491999999999999,"ACTION_REJECTION_FUNNEL_V2:1=REJECT_PL"
uwb-imu-pl/gate-d-diagnostics/v16,35,1750000000,35,35,35,6,1,35,1750000000,"commit","EXECUTED",2.3979430000000002,""
uwb-imu-pl/gate-d-diagnostics/v16,35,1750000000,35,35,35,6,1,35,1750000000,"state_audit","EXECUTED",0.000522,""
uwb-imu-pl/gate-d-diagnostics/v16,35,1750000000,35,35,35,6,1,35,1750000000,"finalize_commit_audit","EXECUTED",36.061979999999998,"excludes separately timed commit/discard/state audit"
uwb-imu-pl/gate-d-diagnostics/v16,35,1750000000,35,35,35,6,1,35,1750000000,"discard","SKIPPED",,"upstream gate did not reach stage"
uwb-imu-pl/gate-d-diagnostics/v16,35,1750000000,35,35,35,6,1,35,1750000000,"core_total","EXECUTED",3199.2913229999999,""
uwb-imu-pl/gate-d-diagnostics/v16,36,1800000000,36,36,36,7,1,36,1800000000,"prepare","EXECUTED",3.803912,""
uwb-imu-pl/gate-d-diagnostics/v16,36,1800000000,36,36,36,7,1,36,1800000000,"integrity_window","EXECUTED",461.47057000000001,""
uwb-imu-pl/gate-d-diagnostics/v16,36,1800000000,36,36,36,7,1,36,1800000000,"window_boundary_provenance","EXECUTED",446.647199,""
uwb-imu-pl/gate-d-diagnostics/v16,36,1800000000,36,36,36,7,1,36,1800000000,"window_factor_linearization_whitening","EXECUTED",1.130584,""
uwb-imu-pl/gate-d-diagnostics/v16,36,1800000000,36,36,36,7,1,36,1800000000,"window_dense_assembly","EXECUTED",0.092615000000000003,""
uwb-imu-pl/gate-d-diagnostics/v16,36,1800000000,36,36,36,7,1,36,1800000000,"window_svd","EXECUTED",7.586347,""
uwb-imu-pl/gate-d-diagnostics/v16,36,1800000000,36,36,36,7,1,36,1800000000,"window_normal_equations","EXECUTED",0.32298700000000002,""
uwb-imu-pl/gate-d-diagnostics/v16,36,1800000000,36,36,36,7,1,36,1800000000,"window_llt_state_solves","EXECUTED",0.15180399999999999,""
uwb-imu-pl/gate-d-diagnostics/v16,36,1800000000,36,36,36,7,1,36,1800000000,"window_fingerprint","EXECUTED",4.0967820000000001,""
uwb-imu-pl/gate-d-diagnostics/v16,36,1800000000,36,36,36,7,1,36,1800000000,"all_in_detector","EXECUTED",0.32137500000000002,""
uwb-imu-pl/gate-d-diagnostics/v16,36,1800000000,36,36,36,7,1,36,1800000000,"current_sensitivity","EXECUTED",0.57897699999999996,""
uwb-imu-pl/gate-d-diagnostics/v16,36,1800000000,36,36,36,7,1,36,1800000000,"model_generation","EXECUTED",311.01203900000002,""
uwb-imu-pl/gate-d-diagnostics/v16,36,1800000000,36,36,36,7,1,36,1800000000,"historical_sensitivity","EXECUTED",0.13652699999999998,""
uwb-imu-pl/gate-d-diagnostics/v16,36,1800000000,36,36,36,7,1,36,1800000000,"hypothesis_evidence","EXECUTED",1940.9930710000001,"effective_dimensions=1:464,2:41440,3:19200,other:0;context_bytes=10265792;worker_blocks=4"
uwb-imu-pl/gate-d-diagnostics/v16,36,1800000000,36,36,36,7,1,36,1800000000,"health_actions","EXECUTED",20.190698999999999,""
uwb-imu-pl/gate-d-diagnostics/v16,36,1800000000,36,36,36,7,1,36,1800000000,"hypothesis_audit","SKIPPED",,"disabled by output.write_hypothesis_evidence"
uwb-imu-pl/gate-d-diagnostics/v16,36,1800000000,36,36,36,7,1,36,1800000000,"base_factorization","EXECUTED",0.26324199999999998,""
uwb-imu-pl/gate-d-diagnostics/v16,36,1800000000,36,36,36,7,1,36,1800000000,"shared_cache","EXECUTED",0.0020209999999999998,""
uwb-imu-pl/gate-d-diagnostics/v16,36,1800000000,36,36,36,7,1,36,1800000000,"candidate_evaluation","EXECUTED",456.47879399999999,"rank=1;dense=0;stream_protocol=2;stream_batches=1;stream_batch_capacity=1;stream_peak_batch_actions=1;stream_peak_resident_evaluated_actions=1;stream_peak_batch_full_proofs=0;stream_retained_full_candidates=0;stream_retained_full_proofs=0;stream_full_action_heavy_copy=0;stream_complete=1;stream_fde_preproof_selected_action=0;stream_fde_preproof_status=NO_VALID_CANDIDATE;stream_main_arena_action_full_proofs=0;stream_action_proof_retention=NORMAL_TWO_PASS_O_B_PLUS_ONE;stream_winner_recompute=0;stream_winner_recompute_test_seam=0"
uwb-imu-pl/gate-d-diagnostics/v16,36,1800000000,36,36,36,7,1,36,1800000000,"fde_decision","EXECUTED",26.886154999999999,""
uwb-imu-pl/gate-d-diagnostics/v16,36,1800000000,36,36,36,7,1,36,1800000000,"candidate_audit","EXECUTED",0.037876,"ACTION_REJECTION_FUNNEL_V2:1=REJECT_PL"
uwb-imu-pl/gate-d-diagnostics/v16,36,1800000000,36,36,36,7,1,36,1800000000,"commit","EXECUTED",2.6058089999999998,""
uwb-imu-pl/gate-d-diagnostics/v16,36,1800000000,36,36,36,7,1,36,1800000000,"state_audit","EXECUTED",0.00035599999999999998,""
uwb-imu-pl/gate-d-diagnostics/v16,36,1800000000,36,36,36,7,1,36,1800000000,"finalize_commit_audit","EXECUTED",31.661165,"excludes separately timed commit/discard/state audit"
uwb-imu-pl/gate-d-diagnostics/v16,36,1800000000,36,36,36,7,1,36,1800000000,"discard","SKIPPED",,"upstream gate did not reach stage"
uwb-imu-pl/gate-d-diagnostics/v16,36,1800000000,36,36,36,7,1,36,1800000000,"core_total","EXECUTED",3257.2607760000001,""
uwb-imu-pl/gate-d-diagnostics/v16,37,1850000000,37,37,37,8,1,37,1850000000,"prepare","EXECUTED",2.3193320000000002,""
uwb-imu-pl/gate-d-diagnostics/v16,37,1850000000,37,37,37,8,1,37,1850000000,"integrity_window","EXECUTED",510.17031700000001,""
uwb-imu-pl/gate-d-diagnostics/v16,37,1850000000,37,37,37,8,1,37,1850000000,"window_boundary_provenance","EXECUTED",492.91718600000002,""
uwb-imu-pl/gate-d-diagnostics/v16,37,1850000000,37,37,37,8,1,37,1850000000,"window_factor_linearization_whitening","EXECUTED",1.9073020000000001,""
uwb-imu-pl/gate-d-diagnostics/v16,37,1850000000,37,37,37,8,1,37,1850000000,"window_dense_assembly","EXECUTED",0.12456100000000001,""
uwb-imu-pl/gate-d-diagnostics/v16,37,1850000000,37,37,37,8,1,37,1850000000,"window_svd","EXECUTED",9.4637600000000006,""
uwb-imu-pl/gate-d-diagnostics/v16,37,1850000000,37,37,37,8,1,37,1850000000,"window_normal_equations","EXECUTED",0.33898600000000001,""
uwb-imu-pl/gate-d-diagnostics/v16,37,1850000000,37,37,37,8,1,37,1850000000,"window_llt_state_solves","EXECUTED",0.11038199999999999,""
uwb-imu-pl/gate-d-diagnostics/v16,37,1850000000,37,37,37,8,1,37,1850000000,"window_fingerprint","EXECUTED",3.918256,""
uwb-imu-pl/gate-d-diagnostics/v16,37,1850000000,37,37,37,8,1,37,1850000000,"all_in_detector","EXECUTED",0.34046900000000002,""
uwb-imu-pl/gate-d-diagnostics/v16,37,1850000000,37,37,37,8,1,37,1850000000,"current_sensitivity","EXECUTED",0.57643999999999995,""
uwb-imu-pl/gate-d-diagnostics/v16,37,1850000000,37,37,37,8,1,37,1850000000,"model_generation","EXECUTED",310.34640899999999,""
uwb-imu-pl/gate-d-diagnostics/v16,37,1850000000,37,37,37,8,1,37,1850000000,"historical_sensitivity","EXECUTED",0.13001599999999999,""
uwb-imu-pl/gate-d-diagnostics/v16,37,1850000000,37,37,37,8,1,37,1850000000,"hypothesis_evidence","EXECUTED",1902.6644020000001,"effective_dimensions=1:464,2:41440,3:19200,other:0;context_bytes=10265792;worker_blocks=4"
uwb-imu-pl/gate-d-diagnostics/v16,37,1850000000,37,37,37,8,1,37,1850000000,"health_actions","EXECUTED",17.925018999999999,""
uwb-imu-pl/gate-d-diagnostics/v16,37,1850000000,37,37,37,8,1,37,1850000000,"hypothesis_audit","SKIPPED",,"disabled by output.write_hypothesis_evidence"
uwb-imu-pl/gate-d-diagnostics/v16,37,1850000000,37,37,37,8,1,37,1850000000,"base_factorization","EXECUTED",0.25500600000000001,""
uwb-imu-pl/gate-d-diagnostics/v16,37,1850000000,37,37,37,8,1,37,1850000000,"shared_cache","EXECUTED",0.0025219999999999999,""
uwb-imu-pl/gate-d-diagnostics/v16,37,1850000000,37,37,37,8,1,37,1850000000,"candidate_evaluation","EXECUTED",446.99915199999998,"rank=1;dense=0;stream_protocol=2;stream_batches=1;stream_batch_capacity=1;stream_peak_batch_actions=1;stream_peak_resident_evaluated_actions=1;stream_peak_batch_full_proofs=0;stream_retained_full_candidates=0;stream_retained_full_proofs=0;stream_full_action_heavy_copy=0;stream_complete=1;stream_fde_preproof_selected_action=0;stream_fde_preproof_status=NO_VALID_CANDIDATE;stream_main_arena_action_full_proofs=0;stream_action_proof_retention=NORMAL_TWO_PASS_O_B_PLUS_ONE;stream_winner_recompute=0;stream_winner_recompute_test_seam=0"
uwb-imu-pl/gate-d-diagnostics/v16,37,1850000000,37,37,37,8,1,37,1850000000,"fde_decision","EXECUTED",27.152201999999999,""
uwb-imu-pl/gate-d-diagnostics/v16,37,1850000000,37,37,37,8,1,37,1850000000,"candidate_audit","EXECUTED",0.040361000000000001,"ACTION_REJECTION_FUNNEL_V2:1=REJECT_PL"
uwb-imu-pl/gate-d-diagnostics/v16,37,1850000000,37,37,37,8,1,37,1850000000,"commit","EXECUTED",2.5489280000000001,""
uwb-imu-pl/gate-d-diagnostics/v16,37,1850000000,37,37,37,8,1,37,1850000000,"state_audit","EXECUTED",0.00039100000000000002,""
uwb-imu-pl/gate-d-diagnostics/v16,37,1850000000,37,37,37,8,1,37,1850000000,"finalize_commit_audit","EXECUTED",36.435107000000002,"excludes separately timed commit/discard/state audit"
uwb-imu-pl/gate-d-diagnostics/v16,37,1850000000,37,37,37,8,1,37,1850000000,"discard","SKIPPED",,"upstream gate did not reach stage"
uwb-imu-pl/gate-d-diagnostics/v16,37,1850000000,37,37,37,8,1,37,1850000000,"core_total","EXECUTED",3258.463303,""
uwb-imu-pl/gate-d-diagnostics/v16,38,1900000000,38,38,38,9,1,38,1900000000,"prepare","EXECUTED",3.3371930000000001,""
uwb-imu-pl/gate-d-diagnostics/v16,38,1900000000,38,38,38,9,1,38,1900000000,"integrity_window","EXECUTED",505.104465,""
uwb-imu-pl/gate-d-diagnostics/v16,38,1900000000,38,38,38,9,1,38,1900000000,"window_boundary_provenance","EXECUTED",489.47294799999997,""
uwb-imu-pl/gate-d-diagnostics/v16,38,1900000000,38,38,38,9,1,38,1900000000,"window_factor_linearization_whitening","EXECUTED",1.120449,""
uwb-imu-pl/gate-d-diagnostics/v16,38,1900000000,38,38,38,9,1,38,1900000000,"window_dense_assembly","EXECUTED",0.095005999999999993,""
uwb-imu-pl/gate-d-diagnostics/v16,38,1900000000,38,38,38,9,1,38,1900000000,"window_svd","EXECUTED",7.9639379999999997,""
uwb-imu-pl/gate-d-diagnostics/v16,38,1900000000,38,38,38,9,1,38,1900000000,"window_normal_equations","EXECUTED",0.35611700000000002,""
uwb-imu-pl/gate-d-diagnostics/v16,38,1900000000,38,38,38,9,1,38,1900000000,"window_llt_state_solves","EXECUTED",0.113732,""
uwb-imu-pl/gate-d-diagnostics/v16,38,1900000000,38,38,38,9,1,38,1900000000,"window_fingerprint","EXECUTED",4.1072240000000004,""
uwb-imu-pl/gate-d-diagnostics/v16,38,1900000000,38,38,38,9,1,38,1900000000,"all_in_detector","EXECUTED",0.30571300000000001,""
uwb-imu-pl/gate-d-diagnostics/v16,38,1900000000,38,38,38,9,1,38,1900000000,"current_sensitivity","EXECUTED",0.63931499999999997,""
uwb-imu-pl/gate-d-diagnostics/v16,38,1900000000,38,38,38,9,1,38,1900000000,"model_generation","EXECUTED",320.28819899999996,""
uwb-imu-pl/gate-d-diagnostics/v16,38,1900000000,38,38,38,9,1,38,1900000000,"historical_sensitivity","EXECUTED",0.13111699999999998,""
uwb-imu-pl/gate-d-diagnostics/v16,38,1900000000,38,38,38,9,1,38,1900000000,"hypothesis_evidence","EXECUTED",1881.467404,"effective_dimensions=1:464,2:41440,3:19200,other:0;context_bytes=10265792;worker_blocks=4"
uwb-imu-pl/gate-d-diagnostics/v16,38,1900000000,38,38,38,9,1,38,1900000000,"health_actions","EXECUTED",21.257995999999999,""
uwb-imu-pl/gate-d-diagnostics/v16,38,1900000000,38,38,38,9,1,38,1900000000,"hypothesis_audit","SKIPPED",,"disabled by output.write_hypothesis_evidence"
uwb-imu-pl/gate-d-diagnostics/v16,38,1900000000,38,38,38,9,1,38,1900000000,"base_factorization","EXECUTED",0.26320500000000002,""
uwb-imu-pl/gate-d-diagnostics/v16,38,1900000000,38,38,38,9,1,38,1900000000,"shared_cache","EXECUTED",0.002493,""
uwb-imu-pl/gate-d-diagnostics/v16,38,1900000000,38,38,38,9,1,38,1900000000,"candidate_evaluation","EXECUTED",451.27099199999998,"rank=1;dense=0;stream_protocol=2;stream_batches=1;stream_batch_capacity=1;stream_peak_batch_actions=1;stream_peak_resident_evaluated_actions=1;stream_peak_batch_full_proofs=0;stream_retained_full_candidates=0;stream_retained_full_proofs=0;stream_full_action_heavy_copy=0;stream_complete=1;stream_fde_preproof_selected_action=0;stream_fde_preproof_status=NO_VALID_CANDIDATE;stream_main_arena_action_full_proofs=0;stream_action_proof_retention=NORMAL_TWO_PASS_O_B_PLUS_ONE;stream_winner_recompute=0;stream_winner_recompute_test_seam=0"
uwb-imu-pl/gate-d-diagnostics/v16,38,1900000000,38,38,38,9,1,38,1900000000,"fde_decision","EXECUTED",27.925298999999999,""
uwb-imu-pl/gate-d-diagnostics/v16,38,1900000000,38,38,38,9,1,38,1900000000,"candidate_audit","EXECUTED",0.051721000000000003,"ACTION_REJECTION_FUNNEL_V2:1=REJECT_PL"
uwb-imu-pl/gate-d-diagnostics/v16,38,1900000000,38,38,38,9,1,38,1900000000,"commit","EXECUTED",3.2842609999999999,""
uwb-imu-pl/gate-d-diagnostics/v16,38,1900000000,38,38,38,9,1,38,1900000000,"state_audit","EXECUTED",0.00040700000000000003,""
uwb-imu-pl/gate-d-diagnostics/v16,38,1900000000,38,38,38,9,1,38,1900000000,"finalize_commit_audit","EXECUTED",37.278868000000003,"excludes separately timed commit/discard/state audit"
uwb-imu-pl/gate-d-diagnostics/v16,38,1900000000,38,38,38,9,1,38,1900000000,"discard","SKIPPED",,"upstream gate did not reach stage"
uwb-imu-pl/gate-d-diagnostics/v16,38,1900000000,38,38,38,9,1,38,1900000000,"core_total","EXECUTED",3253.3937879999999,""
uwb-imu-pl/gate-d-diagnostics/v16,39,1950000000,39,39,39,10,1,39,1950000000,"prepare","EXECUTED",2.4304130000000002,""
uwb-imu-pl/gate-d-diagnostics/v16,39,1950000000,39,39,39,10,1,39,1950000000,"integrity_window","EXECUTED",578.42023600000005,""
uwb-imu-pl/gate-d-diagnostics/v16,39,1950000000,39,39,39,10,1,39,1950000000,"window_boundary_provenance","EXECUTED",562.98537999999996,""
uwb-imu-pl/gate-d-diagnostics/v16,39,1950000000,39,39,39,10,1,39,1950000000,"window_factor_linearization_whitening","EXECUTED",1.0292539999999999,""
uwb-imu-pl/gate-d-diagnostics/v16,39,1950000000,39,39,39,10,1,39,1950000000,"window_dense_assembly","EXECUTED",0.097887000000000002,""
uwb-imu-pl/gate-d-diagnostics/v16,39,1950000000,39,39,39,10,1,39,1950000000,"window_svd","EXECUTED",8.4153579999999994,""
uwb-imu-pl/gate-d-diagnostics/v16,39,1950000000,39,39,39,10,1,39,1950000000,"window_normal_equations","EXECUTED",0.35158899999999998,""
uwb-imu-pl/gate-d-diagnostics/v16,39,1950000000,39,39,39,10,1,39,1950000000,"window_llt_state_solves","EXECUTED",0.114163,""
uwb-imu-pl/gate-d-diagnostics/v16,39,1950000000,39,39,39,10,1,39,1950000000,"window_fingerprint","EXECUTED",4.0574899999999996,""
uwb-imu-pl/gate-d-diagnostics/v16,39,1950000000,39,39,39,10,1,39,1950000000,"all_in_detector","EXECUTED",0.25518999999999997,""
uwb-imu-pl/gate-d-diagnostics/v16,39,1950000000,39,39,39,10,1,39,1950000000,"current_sensitivity","EXECUTED",0.63695900000000005,""
uwb-imu-pl/gate-d-diagnostics/v16,39,1950000000,39,39,39,10,1,39,1950000000,"model_generation","EXECUTED",296.52038700000003,""
uwb-imu-pl/gate-d-diagnostics/v16,39,1950000000,39,39,39,10,1,39,1950000000,"historical_sensitivity","EXECUTED",0.12484899999999999,""
uwb-imu-pl/gate-d-diagnostics/v16,39,1950000000,39,39,39,10,1,39,1950000000,"hypothesis_evidence","EXECUTED",1886.7215389999999,"effective_dimensions=1:464,2:41440,3:19200,other:0;context_bytes=10265792;worker_blocks=4"
uwb-imu-pl/gate-d-diagnostics/v16,39,1950000000,39,39,39,10,1,39,1950000000,"health_actions","EXECUTED",17.085318999999998,""
uwb-imu-pl/gate-d-diagnostics/v16,39,1950000000,39,39,39,10,1,39,1950000000,"hypothesis_audit","SKIPPED",,"disabled by output.write_hypothesis_evidence"
uwb-imu-pl/gate-d-diagnostics/v16,39,1950000000,39,39,39,10,1,39,1950000000,"base_factorization","EXECUTED",0.294381,""
uwb-imu-pl/gate-d-diagnostics/v16,39,1950000000,39,39,39,10,1,39,1950000000,"shared_cache","EXECUTED",0.0027179999999999999,""
uwb-imu-pl/gate-d-diagnostics/v16,39,1950000000,39,39,39,10,1,39,1950000000,"candidate_evaluation","EXECUTED",460.877116,"rank=1;dense=0;stream_protocol=2;stream_batches=1;stream_batch_capacity=1;stream_peak_batch_actions=1;stream_peak_resident_evaluated_actions=1;stream_peak_batch_full_proofs=0;stream_retained_full_candidates=0;stream_retained_full_proofs=0;stream_full_action_heavy_copy=0;stream_complete=1;stream_fde_preproof_selected_action=0;stream_fde_preproof_status=NO_VALID_CANDIDATE;stream_main_arena_action_full_proofs=0;stream_action_proof_retention=NORMAL_TWO_PASS_O_B_PLUS_ONE;stream_winner_recompute=0;stream_winner_recompute_test_seam=0"
uwb-imu-pl/gate-d-diagnostics/v16,39,1950000000,39,39,39,10,1,39,1950000000,"fde_decision","EXECUTED",31.738576999999999,""
uwb-imu-pl/gate-d-diagnostics/v16,39,1950000000,39,39,39,10,1,39,1950000000,"candidate_audit","EXECUTED",0.064871999999999999,"ACTION_REJECTION_FUNNEL_V2:1=REJECT_PL"
uwb-imu-pl/gate-d-diagnostics/v16,39,1950000000,39,39,39,10,1,39,1950000000,"commit","EXECUTED",3.7949760000000001,""
uwb-imu-pl/gate-d-diagnostics/v16,39,1950000000,39,39,39,10,1,39,1950000000,"state_audit","EXECUTED",0.0010120000000000001,""
uwb-imu-pl/gate-d-diagnostics/v16,39,1950000000,39,39,39,10,1,39,1950000000,"finalize_commit_audit","EXECUTED",37.772866,"excludes separately timed commit/discard/state audit"
uwb-imu-pl/gate-d-diagnostics/v16,39,1950000000,39,39,39,10,1,39,1950000000,"discard","SKIPPED",,"upstream gate did not reach stage"
uwb-imu-pl/gate-d-diagnostics/v16,39,1950000000,39,39,39,10,1,39,1950000000,"core_total","EXECUTED",3317.3594240000002,""
uwb-imu-pl/gate-d-diagnostics/v16,40,2000000000,40,40,40,11,1,40,2000000000,"prepare","EXECUTED",2.432769,""
uwb-imu-pl/gate-d-diagnostics/v16,40,2000000000,40,40,40,11,1,40,2000000000,"integrity_window","EXECUTED",604.07411300000001,""
uwb-imu-pl/gate-d-diagnostics/v16,40,2000000000,40,40,40,11,1,40,2000000000,"window_boundary_provenance","EXECUTED",587.93498199999999,""
uwb-imu-pl/gate-d-diagnostics/v16,40,2000000000,40,40,40,11,1,40,2000000000,"window_factor_linearization_whitening","EXECUTED",1.596563,""
uwb-imu-pl/gate-d-diagnostics/v16,40,2000000000,40,40,40,11,1,40,2000000000,"window_dense_assembly","EXECUTED",0.11586200000000001,""
uwb-imu-pl/gate-d-diagnostics/v16,40,2000000000,40,40,40,11,1,40,2000000000,"window_svd","EXECUTED",8.6449010000000008,""
uwb-imu-pl/gate-d-diagnostics/v16,40,2000000000,40,40,40,11,1,40,2000000000,"window_normal_equations","EXECUTED",0.341895,""
uwb-imu-pl/gate-d-diagnostics/v16,40,2000000000,40,40,40,11,1,40,2000000000,"window_llt_state_solves","EXECUTED",0.13558700000000001,""
uwb-imu-pl/gate-d-diagnostics/v16,40,2000000000,40,40,40,11,1,40,2000000000,"window_fingerprint","EXECUTED",3.8810750000000001,""
uwb-imu-pl/gate-d-diagnostics/v16,40,2000000000,40,40,40,11,1,40,2000000000,"all_in_detector","EXECUTED",0.24620400000000001,""
uwb-imu-pl/gate-d-diagnostics/v16,40,2000000000,40,40,40,11,1,40,2000000000,"current_sensitivity","EXECUTED",0.70433900000000005,""
uwb-imu-pl/gate-d-diagnostics/v16,40,2000000000,40,40,40,11,1,40,2000000000,"model_generation","EXECUTED",302.42570700000005,""
uwb-imu-pl/gate-d-diagnostics/v16,40,2000000000,40,40,40,11,1,40,2000000000,"historical_sensitivity","EXECUTED",0.12462399999999998,""
uwb-imu-pl/gate-d-diagnostics/v16,40,2000000000,40,40,40,11,1,40,2000000000,"hypothesis_evidence","EXECUTED",1899.8023169999999,"effective_dimensions=1:464,2:41440,3:19200,other:0;context_bytes=10265792;worker_blocks=4"
uwb-imu-pl/gate-d-diagnostics/v16,40,2000000000,40,40,40,11,1,40,2000000000,"health_actions","EXECUTED",19.007908,""
uwb-imu-pl/gate-d-diagnostics/v16,40,2000000000,40,40,40,11,1,40,2000000000,"hypothesis_audit","SKIPPED",,"disabled by output.write_hypothesis_evidence"
uwb-imu-pl/gate-d-diagnostics/v16,40,2000000000,40,40,40,11,1,40,2000000000,"base_factorization","EXECUTED",0.37430600000000003,""
uwb-imu-pl/gate-d-diagnostics/v16,40,2000000000,40,40,40,11,1,40,2000000000,"shared_cache","EXECUTED",0.0030860000000000002,""
uwb-imu-pl/gate-d-diagnostics/v16,40,2000000000,40,40,40,11,1,40,2000000000,"candidate_evaluation","EXECUTED",445.19464599999998,"rank=1;dense=0;stream_protocol=2;stream_batches=1;stream_batch_capacity=1;stream_peak_batch_actions=1;stream_peak_resident_evaluated_actions=1;stream_peak_batch_full_proofs=0;stream_retained_full_candidates=0;stream_retained_full_proofs=0;stream_full_action_heavy_copy=0;stream_complete=1;stream_fde_preproof_selected_action=0;stream_fde_preproof_status=NO_VALID_CANDIDATE;stream_main_arena_action_full_proofs=0;stream_action_proof_retention=NORMAL_TWO_PASS_O_B_PLUS_ONE;stream_winner_recompute=0;stream_winner_recompute_test_seam=0"
uwb-imu-pl/gate-d-diagnostics/v16,40,2000000000,40,40,40,11,1,40,2000000000,"fde_decision","EXECUTED",27.395683999999999,""
uwb-imu-pl/gate-d-diagnostics/v16,40,2000000000,40,40,40,11,1,40,2000000000,"candidate_audit","EXECUTED",0.039635999999999998,"ACTION_REJECTION_FUNNEL_V2:1=REJECT_PL"
uwb-imu-pl/gate-d-diagnostics/v16,40,2000000000,40,40,40,11,1,40,2000000000,"commit","EXECUTED",2.7947790000000001,""
uwb-imu-pl/gate-d-diagnostics/v16,40,2000000000,40,40,40,11,1,40,2000000000,"state_audit","EXECUTED",0.000415,""
uwb-imu-pl/gate-d-diagnostics/v16,40,2000000000,40,40,40,11,1,40,2000000000,"finalize_commit_audit","EXECUTED",36.573625,"excludes separately timed commit/discard/state audit"
uwb-imu-pl/gate-d-diagnostics/v16,40,2000000000,40,40,40,11,1,40,2000000000,"discard","SKIPPED",,"upstream gate did not reach stage"
uwb-imu-pl/gate-d-diagnostics/v16,40,2000000000,40,40,40,11,1,40,2000000000,"core_total","EXECUTED",3341.813224,""
uwb-imu-pl/gate-d-diagnostics/v16,41,2050000000,41,41,41,12,1,41,2050000000,"prepare","EXECUTED",2.6896580000000001,""
uwb-imu-pl/gate-d-diagnostics/v16,41,2050000000,41,41,41,12,1,41,2050000000,"integrity_window","EXECUTED",584.18829000000005,""
uwb-imu-pl/gate-d-diagnostics/v16,41,2050000000,41,41,41,12,1,41,2050000000,"window_boundary_provenance","EXECUTED",568.478613,""
uwb-imu-pl/gate-d-diagnostics/v16,41,2050000000,41,41,41,12,1,41,2050000000,"window_factor_linearization_whitening","EXECUTED",1.6020749999999999,""
uwb-imu-pl/gate-d-diagnostics/v16,41,2050000000,41,41,41,12,1,41,2050000000,"window_dense_assembly","EXECUTED",0.109857,""
uwb-imu-pl/gate-d-diagnostics/v16,41,2050000000,41,41,41,12,1,41,2050000000,"window_svd","EXECUTED",7.8096430000000003,""
uwb-imu-pl/gate-d-diagnostics/v16,41,2050000000,41,41,41,12,1,41,2050000000,"window_normal_equations","EXECUTED",0.342443,""
uwb-imu-pl/gate-d-diagnostics/v16,41,2050000000,41,41,41,12,1,41,2050000000,"window_llt_state_solves","EXECUTED",0.11140799999999999,""
uwb-imu-pl/gate-d-diagnostics/v16,41,2050000000,41,41,41,12,1,41,2050000000,"window_fingerprint","EXECUTED",4.130655,""
uwb-imu-pl/gate-d-diagnostics/v16,41,2050000000,41,41,41,12,1,41,2050000000,"all_in_detector","EXECUTED",0.25491000000000003,""
uwb-imu-pl/gate-d-diagnostics/v16,41,2050000000,41,41,41,12,1,41,2050000000,"current_sensitivity","EXECUTED",0.469833,""
uwb-imu-pl/gate-d-diagnostics/v16,41,2050000000,41,41,41,12,1,41,2050000000,"model_generation","EXECUTED",311.35471699999999,""
uwb-imu-pl/gate-d-diagnostics/v16,41,2050000000,41,41,41,12,1,41,2050000000,"historical_sensitivity","EXECUTED",0.12216099999999999,""
uwb-imu-pl/gate-d-diagnostics/v16,41,2050000000,41,41,41,12,1,41,2050000000,"hypothesis_evidence","EXECUTED",1875.3538920000001,"effective_dimensions=1:464,2:41440,3:19200,other:0;context_bytes=10265792;worker_blocks=4"
uwb-imu-pl/gate-d-diagnostics/v16,41,2050000000,41,41,41,12,1,41,2050000000,"health_actions","EXECUTED",24.925006,""
uwb-imu-pl/gate-d-diagnostics/v16,41,2050000000,41,41,41,12,1,41,2050000000,"hypothesis_audit","SKIPPED",,"disabled by output.write_hypothesis_evidence"
uwb-imu-pl/gate-d-diagnostics/v16,41,2050000000,41,41,41,12,1,41,2050000000,"base_factorization","EXECUTED",0.371917,""
uwb-imu-pl/gate-d-diagnostics/v16,41,2050000000,41,41,41,12,1,41,2050000000,"shared_cache","EXECUTED",0.0032499999999999999,""
uwb-imu-pl/gate-d-diagnostics/v16,41,2050000000,41,41,41,12,1,41,2050000000,"candidate_evaluation","EXECUTED",452.46042199999999,"rank=1;dense=0;stream_protocol=2;stream_batches=1;stream_batch_capacity=1;stream_peak_batch_actions=1;stream_peak_resident_evaluated_actions=1;stream_peak_batch_full_proofs=0;stream_retained_full_candidates=0;stream_retained_full_proofs=0;stream_full_action_heavy_copy=0;stream_complete=1;stream_fde_preproof_selected_action=0;stream_fde_preproof_status=NO_VALID_CANDIDATE;stream_main_arena_action_full_proofs=0;stream_action_proof_retention=NORMAL_TWO_PASS_O_B_PLUS_ONE;stream_winner_recompute=0;stream_winner_recompute_test_seam=0"
uwb-imu-pl/gate-d-diagnostics/v16,41,2050000000,41,41,41,12,1,41,2050000000,"fde_decision","EXECUTED",29.080379000000001,""
uwb-imu-pl/gate-d-diagnostics/v16,41,2050000000,41,41,41,12,1,41,2050000000,"candidate_audit","EXECUTED",0.041481999999999998,"ACTION_REJECTION_FUNNEL_V2:1=REJECT_PL"
uwb-imu-pl/gate-d-diagnostics/v16,41,2050000000,41,41,41,12,1,41,2050000000,"commit","EXECUTED",3.0290840000000001,""
uwb-imu-pl/gate-d-diagnostics/v16,41,2050000000,41,41,41,12,1,41,2050000000,"state_audit","EXECUTED",0.00056400000000000005,""
uwb-imu-pl/gate-d-diagnostics/v16,41,2050000000,41,41,41,12,1,41,2050000000,"finalize_commit_audit","EXECUTED",35.142257000000001,"excludes separately timed commit/discard/state audit"
uwb-imu-pl/gate-d-diagnostics/v16,41,2050000000,41,41,41,12,1,41,2050000000,"discard","SKIPPED",,"upstream gate did not reach stage"
uwb-imu-pl/gate-d-diagnostics/v16,41,2050000000,41,41,41,12,1,41,2050000000,"core_total","EXECUTED",3320.1052930000001,""
uwb-imu-pl/gate-d-diagnostics/v16,42,2100000000,42,42,42,13,1,42,2100000000,"prepare","EXECUTED",2.4117329999999999,""
uwb-imu-pl/gate-d-diagnostics/v16,42,2100000000,42,42,42,13,1,42,2100000000,"integrity_window","EXECUTED",640.22317599999997,""
uwb-imu-pl/gate-d-diagnostics/v16,42,2100000000,42,42,42,13,1,42,2100000000,"window_boundary_provenance","EXECUTED",623.74214500000005,""
uwb-imu-pl/gate-d-diagnostics/v16,42,2100000000,42,42,42,13,1,42,2100000000,"window_factor_linearization_whitening","EXECUTED",1.5396879999999999,""
uwb-imu-pl/gate-d-diagnostics/v16,42,2100000000,42,42,42,13,1,42,2100000000,"window_dense_assembly","EXECUTED",0.103088,""
uwb-imu-pl/gate-d-diagnostics/v16,42,2100000000,42,42,42,13,1,42,2100000000,"window_svd","EXECUTED",8.6129219999999993,""
uwb-imu-pl/gate-d-diagnostics/v16,42,2100000000,42,42,42,13,1,42,2100000000,"window_normal_equations","EXECUTED",0.339119,""
uwb-imu-pl/gate-d-diagnostics/v16,42,2100000000,42,42,42,13,1,42,2100000000,"window_llt_state_solves","EXECUTED",0.10530100000000001,""
uwb-imu-pl/gate-d-diagnostics/v16,42,2100000000,42,42,42,13,1,42,2100000000,"window_fingerprint","EXECUTED",4.3439269999999999,""
uwb-imu-pl/gate-d-diagnostics/v16,42,2100000000,42,42,42,13,1,42,2100000000,"all_in_detector","EXECUTED",0.40859800000000002,""
uwb-imu-pl/gate-d-diagnostics/v16,42,2100000000,42,42,42,13,1,42,2100000000,"current_sensitivity","EXECUTED",1.0491870000000001,""
uwb-imu-pl/gate-d-diagnostics/v16,42,2100000000,42,42,42,13,1,42,2100000000,"model_generation","EXECUTED",300.04794100000004,""
uwb-imu-pl/gate-d-diagnostics/v16,42,2100000000,42,42,42,13,1,42,2100000000,"historical_sensitivity","EXECUTED",0.12520899999999999,""
uwb-imu-pl/gate-d-diagnostics/v16,42,2100000000,42,42,42,13,1,42,2100000000,"hypothesis_evidence","EXECUTED",1914.917121,"effective_dimensions=1:464,2:41440,3:19200,other:0;context_bytes=10265792;worker_blocks=4"
uwb-imu-pl/gate-d-diagnostics/v16,42,2100000000,42,42,42,13,1,42,2100000000,"health_actions","EXECUTED",16.810638999999998,""
uwb-imu-pl/gate-d-diagnostics/v16,42,2100000000,42,42,42,13,1,42,2100000000,"hypothesis_audit","SKIPPED",,"disabled by output.write_hypothesis_evidence"
uwb-imu-pl/gate-d-diagnostics/v16,42,2100000000,42,42,42,13,1,42,2100000000,"base_factorization","EXECUTED",0.27626899999999999,""
uwb-imu-pl/gate-d-diagnostics/v16,42,2100000000,42,42,42,13,1,42,2100000000,"shared_cache","EXECUTED",0.0023939999999999999,""
uwb-imu-pl/gate-d-diagnostics/v16,42,2100000000,42,42,42,13,1,42,2100000000,"candidate_evaluation","EXECUTED",455.98853600000001,"rank=1;dense=0;stream_protocol=2;stream_batches=1;stream_batch_capacity=1;stream_peak_batch_actions=1;stream_peak_resident_evaluated_actions=1;stream_peak_batch_full_proofs=0;stream_retained_full_candidates=0;stream_retained_full_proofs=0;stream_full_action_heavy_copy=0;stream_complete=1;stream_fde_preproof_selected_action=0;stream_fde_preproof_status=NO_VALID_CANDIDATE;stream_main_arena_action_full_proofs=0;stream_action_proof_retention=NORMAL_TWO_PASS_O_B_PLUS_ONE;stream_winner_recompute=0;stream_winner_recompute_test_seam=0"
uwb-imu-pl/gate-d-diagnostics/v16,42,2100000000,42,42,42,13,1,42,2100000000,"fde_decision","EXECUTED",29.913581000000001,""
uwb-imu-pl/gate-d-diagnostics/v16,42,2100000000,42,42,42,13,1,42,2100000000,"candidate_audit","EXECUTED",0.038380999999999998,"ACTION_REJECTION_FUNNEL_V2:1=REJECT_PL"
uwb-imu-pl/gate-d-diagnostics/v16,42,2100000000,42,42,42,13,1,42,2100000000,"commit","EXECUTED",3.5036839999999998,""
uwb-imu-pl/gate-d-diagnostics/v16,42,2100000000,42,42,42,13,1,42,2100000000,"state_audit","EXECUTED",0.00039800000000000002,""
uwb-imu-pl/gate-d-diagnostics/v16,42,2100000000,42,42,42,13,1,42,2100000000,"finalize_commit_audit","EXECUTED",33.996143000000004,"excludes separately timed commit/discard/state audit"
uwb-imu-pl/gate-d-diagnostics/v16,42,2100000000,42,42,42,13,1,42,2100000000,"discard","SKIPPED",,"upstream gate did not reach stage"
uwb-imu-pl/gate-d-diagnostics/v16,42,2100000000,42,42,42,13,1,42,2100000000,"core_total","EXECUTED",3400.6361489999999,""
uwb-imu-pl/gate-d-diagnostics/v16,43,2150000000,43,43,43,14,1,43,2150000000,"prepare","EXECUTED",3.4096639999999998,""
uwb-imu-pl/gate-d-diagnostics/v16,43,2150000000,43,43,43,14,1,43,2150000000,"integrity_window","EXECUTED",705.57126200000005,""
uwb-imu-pl/gate-d-diagnostics/v16,43,2150000000,43,43,43,14,1,43,2150000000,"window_boundary_provenance","EXECUTED",690.72769600000004,""
uwb-imu-pl/gate-d-diagnostics/v16,43,2150000000,43,43,43,14,1,43,2150000000,"window_factor_linearization_whitening","EXECUTED",1.4147130000000001,""
uwb-imu-pl/gate-d-diagnostics/v16,43,2150000000,43,43,43,14,1,43,2150000000,"window_dense_assembly","EXECUTED",0.111703,""
uwb-imu-pl/gate-d-diagnostics/v16,43,2150000000,43,43,43,14,1,43,2150000000,"window_svd","EXECUTED",7.6781499999999996,""
uwb-imu-pl/gate-d-diagnostics/v16,43,2150000000,43,43,43,14,1,43,2150000000,"window_normal_equations","EXECUTED",0.32478899999999999,""
uwb-imu-pl/gate-d-diagnostics/v16,43,2150000000,43,43,43,14,1,43,2150000000,"window_llt_state_solves","EXECUTED",0.107088,""
uwb-imu-pl/gate-d-diagnostics/v16,43,2150000000,43,43,43,14,1,43,2150000000,"window_fingerprint","EXECUTED",3.7965580000000001,""
uwb-imu-pl/gate-d-diagnostics/v16,43,2150000000,43,43,43,14,1,43,2150000000,"all_in_detector","EXECUTED",0.222635,""
uwb-imu-pl/gate-d-diagnostics/v16,43,2150000000,43,43,43,14,1,43,2150000000,"current_sensitivity","EXECUTED",0.45843699999999998,""
uwb-imu-pl/gate-d-diagnostics/v16,43,2150000000,43,43,43,14,1,43,2150000000,"model_generation","EXECUTED",310.58767899999998,""
uwb-imu-pl/gate-d-diagnostics/v16,43,2150000000,43,43,43,14,1,43,2150000000,"historical_sensitivity","EXECUTED",0.13197799999999998,""
uwb-imu-pl/gate-d-diagnostics/v16,43,2150000000,43,43,43,14,1,43,2150000000,"hypothesis_evidence","EXECUTED",1889.180638,"effective_dimensions=1:464,2:41440,3:19200,other:0;context_bytes=10265792;worker_blocks=4"
uwb-imu-pl/gate-d-diagnostics/v16,43,2150000000,43,43,43,14,1,43,2150000000,"health_actions","EXECUTED",17.401527000000002,""
uwb-imu-pl/gate-d-diagnostics/v16,43,2150000000,43,43,43,14,1,43,2150000000,"hypothesis_audit","SKIPPED",,"disabled by output.write_hypothesis_evidence"
uwb-imu-pl/gate-d-diagnostics/v16,43,2150000000,43,43,43,14,1,43,2150000000,"base_factorization","EXECUTED",0.295346,""
uwb-imu-pl/gate-d-diagnostics/v16,43,2150000000,43,43,43,14,1,43,2150000000,"shared_cache","EXECUTED",0.002624,""
uwb-imu-pl/gate-d-diagnostics/v16,43,2150000000,43,43,43,14,1,43,2150000000,"candidate_evaluation","EXECUTED",469.53233,"rank=1;dense=0;stream_protocol=2;stream_batches=1;stream_batch_capacity=1;stream_peak_batch_actions=1;stream_peak_resident_evaluated_actions=1;stream_peak_batch_full_proofs=0;stream_retained_full_candidates=0;stream_retained_full_proofs=0;stream_full_action_heavy_copy=0;stream_complete=1;stream_fde_preproof_selected_action=0;stream_fde_preproof_status=NO_VALID_CANDIDATE;stream_main_arena_action_full_proofs=0;stream_action_proof_retention=NORMAL_TWO_PASS_O_B_PLUS_ONE;stream_winner_recompute=0;stream_winner_recompute_test_seam=0"
uwb-imu-pl/gate-d-diagnostics/v16,43,2150000000,43,43,43,14,1,43,2150000000,"fde_decision","EXECUTED",29.072420999999999,""
uwb-imu-pl/gate-d-diagnostics/v16,43,2150000000,43,43,43,14,1,43,2150000000,"candidate_audit","EXECUTED",0.04206,"ACTION_REJECTION_FUNNEL_V2:1=REJECT_PL"
uwb-imu-pl/gate-d-diagnostics/v16,43,2150000000,43,43,43,14,1,43,2150000000,"commit","EXECUTED",3.4239830000000002,""
uwb-imu-pl/gate-d-diagnostics/v16,43,2150000000,43,43,43,14,1,43,2150000000,"state_audit","EXECUTED",0.00042999999999999999,""
uwb-imu-pl/gate-d-diagnostics/v16,43,2150000000,43,43,43,14,1,43,2150000000,"finalize_commit_audit","EXECUTED",39.281715999999996,"excludes separately timed commit/discard/state audit"
uwb-imu-pl/gate-d-diagnostics/v16,43,2150000000,43,43,43,14,1,43,2150000000,"discard","SKIPPED",,"upstream gate did not reach stage"
uwb-imu-pl/gate-d-diagnostics/v16,43,2150000000,43,43,43,14,1,43,2150000000,"core_total","EXECUTED",3469.2330790000001,""
uwb-imu-pl/gate-d-diagnostics/v16,44,2200000000,44,44,44,15,1,44,2200000000,"prepare","EXECUTED",3.499304,""
uwb-imu-pl/gate-d-diagnostics/v16,44,2200000000,44,44,44,15,1,44,2200000000,"integrity_window","EXECUTED",510.51218499999999,""
uwb-imu-pl/gate-d-diagnostics/v16,44,2200000000,44,44,44,15,1,44,2200000000,"window_boundary_provenance","EXECUTED",495.47231099999999,""
uwb-imu-pl/gate-d-diagnostics/v16,44,2200000000,44,44,44,15,1,44,2200000000,"window_factor_linearization_whitening","EXECUTED",1.1640349999999999,""
uwb-imu-pl/gate-d-diagnostics/v16,44,2200000000,44,44,44,15,1,44,2200000000,"window_dense_assembly","EXECUTED",0.094797000000000006,""
uwb-imu-pl/gate-d-diagnostics/v16,44,2200000000,44,44,44,15,1,44,2200000000,"window_svd","EXECUTED",7.7628089999999998,""
uwb-imu-pl/gate-d-diagnostics/v16,44,2200000000,44,44,44,15,1,44,2200000000,"window_normal_equations","EXECUTED",0.390679,""
uwb-imu-pl/gate-d-diagnostics/v16,44,2200000000,44,44,44,15,1,44,2200000000,"window_llt_state_solves","EXECUTED",0.112674,""
uwb-imu-pl/gate-d-diagnostics/v16,44,2200000000,44,44,44,15,1,44,2200000000,"window_fingerprint","EXECUTED",4.0390040000000003,""
uwb-imu-pl/gate-d-diagnostics/v16,44,2200000000,44,44,44,15,1,44,2200000000,"all_in_detector","EXECUTED",0.32296000000000002,""
uwb-imu-pl/gate-d-diagnostics/v16,44,2200000000,44,44,44,15,1,44,2200000000,"current_sensitivity","EXECUTED",0.811137,""
uwb-imu-pl/gate-d-diagnostics/v16,44,2200000000,44,44,44,15,1,44,2200000000,"model_generation","EXECUTED",309.55382200000003,""
uwb-imu-pl/gate-d-diagnostics/v16,44,2200000000,44,44,44,15,1,44,2200000000,"historical_sensitivity","EXECUTED",0.13206899999999996,""
uwb-imu-pl/gate-d-diagnostics/v16,44,2200000000,44,44,44,15,1,44,2200000000,"hypothesis_evidence","EXECUTED",1925.38383,"effective_dimensions=1:464,2:41440,3:19200,other:0;context_bytes=10265792;worker_blocks=4"
uwb-imu-pl/gate-d-diagnostics/v16,44,2200000000,44,44,44,15,1,44,2200000000,"health_actions","EXECUTED",17.332412999999999,""
uwb-imu-pl/gate-d-diagnostics/v16,44,2200000000,44,44,44,15,1,44,2200000000,"hypothesis_audit","SKIPPED",,"disabled by output.write_hypothesis_evidence"
uwb-imu-pl/gate-d-diagnostics/v16,44,2200000000,44,44,44,15,1,44,2200000000,"base_factorization","EXECUTED",0.29477399999999998,""
uwb-imu-pl/gate-d-diagnostics/v16,44,2200000000,44,44,44,15,1,44,2200000000,"shared_cache","EXECUTED",0.0023159999999999999,""
uwb-imu-pl/gate-d-diagnostics/v16,44,2200000000,44,44,44,15,1,44,2200000000,"candidate_evaluation","EXECUTED",445.63297799999998,"rank=1;dense=0;stream_protocol=2;stream_batches=1;stream_batch_capacity=1;stream_peak_batch_actions=1;stream_peak_resident_evaluated_actions=1;stream_peak_batch_full_proofs=0;stream_retained_full_candidates=0;stream_retained_full_proofs=0;stream_full_action_heavy_copy=0;stream_complete=1;stream_fde_preproof_selected_action=0;stream_fde_preproof_status=NO_VALID_CANDIDATE;stream_main_arena_action_full_proofs=0;stream_action_proof_retention=NORMAL_TWO_PASS_O_B_PLUS_ONE;stream_winner_recompute=0;stream_winner_recompute_test_seam=0"
uwb-imu-pl/gate-d-diagnostics/v16,44,2200000000,44,44,44,15,1,44,2200000000,"fde_decision","EXECUTED",27.404755000000002,""
uwb-imu-pl/gate-d-diagnostics/v16,44,2200000000,44,44,44,15,1,44,2200000000,"candidate_audit","EXECUTED",0.049896000000000003,"ACTION_REJECTION_FUNNEL_V2:1=REJECT_PL"
uwb-imu-pl/gate-d-diagnostics/v16,44,2200000000,44,44,44,15,1,44,2200000000,"commit","EXECUTED",3.0974740000000001,""
uwb-imu-pl/gate-d-diagnostics/v16,44,2200000000,44,44,44,15,1,44,2200000000,"state_audit","EXECUTED",0.000386,""
uwb-imu-pl/gate-d-diagnostics/v16,44,2200000000,44,44,44,15,1,44,2200000000,"finalize_commit_audit","EXECUTED",39.757007000000002,"excludes separately timed commit/discard/state audit"
uwb-imu-pl/gate-d-diagnostics/v16,44,2200000000,44,44,44,15,1,44,2200000000,"discard","SKIPPED",,"upstream gate did not reach stage"
uwb-imu-pl/gate-d-diagnostics/v16,44,2200000000,44,44,44,15,1,44,2200000000,"core_total","EXECUTED",3284.42094,""
uwb-imu-pl/gate-d-diagnostics/v16,45,2250000000,45,45,45,16,1,45,2250000000,"prepare","EXECUTED",2.8221349999999998,""
uwb-imu-pl/gate-d-diagnostics/v16,45,2250000000,45,45,45,16,1,45,2250000000,"integrity_window","EXECUTED",523.02225499999997,""
uwb-imu-pl/gate-d-diagnostics/v16,45,2250000000,45,45,45,16,1,45,2250000000,"window_boundary_provenance","EXECUTED",506.62869699999999,""
uwb-imu-pl/gate-d-diagnostics/v16,45,2250000000,45,45,45,16,1,45,2250000000,"window_factor_linearization_whitening","EXECUTED",1.1746810000000001,""
uwb-imu-pl/gate-d-diagnostics/v16,45,2250000000,45,45,45,16,1,45,2250000000,"window_dense_assembly","EXECUTED",0.100759,""
uwb-imu-pl/gate-d-diagnostics/v16,45,2250000000,45,45,45,16,1,45,2250000000,"window_svd","EXECUTED",8.6880179999999996,""
uwb-imu-pl/gate-d-diagnostics/v16,45,2250000000,45,45,45,16,1,45,2250000000,"window_normal_equations","EXECUTED",0.45809499999999997,""
uwb-imu-pl/gate-d-diagnostics/v16,45,2250000000,45,45,45,16,1,45,2250000000,"window_llt_state_solves","EXECUTED",0.158524,""
uwb-imu-pl/gate-d-diagnostics/v16,45,2250000000,45,45,45,16,1,45,2250000000,"window_fingerprint","EXECUTED",4.3729389999999997,""
uwb-imu-pl/gate-d-diagnostics/v16,45,2250000000,45,45,45,16,1,45,2250000000,"all_in_detector","EXECUTED",0.33853699999999998,""
uwb-imu-pl/gate-d-diagnostics/v16,45,2250000000,45,45,45,16,1,45,2250000000,"current_sensitivity","EXECUTED",1.1098509999999999,""
uwb-imu-pl/gate-d-diagnostics/v16,45,2250000000,45,45,45,16,1,45,2250000000,"model_generation","EXECUTED",302.46132899999998,""
uwb-imu-pl/gate-d-diagnostics/v16,45,2250000000,45,45,45,16,1,45,2250000000,"historical_sensitivity","EXECUTED",0.12418899999999999,""
uwb-imu-pl/gate-d-diagnostics/v16,45,2250000000,45,45,45,16,1,45,2250000000,"hypothesis_evidence","EXECUTED",1941.0174320000001,"effective_dimensions=1:464,2:41440,3:19200,other:0;context_bytes=10265792;worker_blocks=4"
uwb-imu-pl/gate-d-diagnostics/v16,45,2250000000,45,45,45,16,1,45,2250000000,"health_actions","EXECUTED",20.093668000000001,""
uwb-imu-pl/gate-d-diagnostics/v16,45,2250000000,45,45,45,16,1,45,2250000000,"hypothesis_audit","SKIPPED",,"disabled by output.write_hypothesis_evidence"
uwb-imu-pl/gate-d-diagnostics/v16,45,2250000000,45,45,45,16,1,45,2250000000,"base_factorization","EXECUTED",0.273812,""
uwb-imu-pl/gate-d-diagnostics/v16,45,2250000000,45,45,45,16,1,45,2250000000,"shared_cache","EXECUTED",0.002611,""
uwb-imu-pl/gate-d-diagnostics/v16,45,2250000000,45,45,45,16,1,45,2250000000,"candidate_evaluation","EXECUTED",449.63541900000001,"rank=1;dense=0;stream_protocol=2;stream_batches=1;stream_batch_capacity=1;stream_peak_batch_actions=1;stream_peak_resident_evaluated_actions=1;stream_peak_batch_full_proofs=0;stream_retained_full_candidates=0;stream_retained_full_proofs=0;stream_full_action_heavy_copy=0;stream_complete=1;stream_fde_preproof_selected_action=0;stream_fde_preproof_status=NO_VALID_CANDIDATE;stream_main_arena_action_full_proofs=0;stream_action_proof_retention=NORMAL_TWO_PASS_O_B_PLUS_ONE;stream_winner_recompute=0;stream_winner_recompute_test_seam=0"
uwb-imu-pl/gate-d-diagnostics/v16,45,2250000000,45,45,45,16,1,45,2250000000,"fde_decision","EXECUTED",26.950019999999999,""
uwb-imu-pl/gate-d-diagnostics/v16,45,2250000000,45,45,45,16,1,45,2250000000,"candidate_audit","EXECUTED",0.040769,"ACTION_REJECTION_FUNNEL_V2:1=REJECT_PL"
uwb-imu-pl/gate-d-diagnostics/v16,45,2250000000,45,45,45,16,1,45,2250000000,"commit","EXECUTED",3.3523809999999998,""
uwb-imu-pl/gate-d-diagnostics/v16,45,2250000000,45,45,45,16,1,45,2250000000,"state_audit","EXECUTED",0.00038000000000000002,""
uwb-imu-pl/gate-d-diagnostics/v16,45,2250000000,45,45,45,16,1,45,2250000000,"finalize_commit_audit","EXECUTED",32.853546999999999,"excludes separately timed commit/discard/state audit"
uwb-imu-pl/gate-d-diagnostics/v16,45,2250000000,45,45,45,16,1,45,2250000000,"discard","SKIPPED",,"upstream gate did not reach stage"
uwb-imu-pl/gate-d-diagnostics/v16,45,2250000000,45,45,45,16,1,45,2250000000,"core_total","EXECUTED",3304.6589020000001,""
