timestamp_ns,window_id,action_id,action_type,physical_source_ids,removed_group_ids,added_group_ids,bridge_mode,cardinality,valid,post_detector_passed,covers_plausible_set,statistic,threshold,rank,dof,condition_number,information_logdet,risk_allocation,hpl_m,vpl_m,selected,evaluation_wall_ms,removal_data_source,model_error_record,model_error_validated,reason
50000000,1,1,"ACTION_SEARCH_OCCURRENCE_V1","ACTION_OCCURRENCE_V1|action=1|duplicate_index=0|operation=ACTION_SEMANTICS_V1|42:414354494f4e5f4f5045524154494f4e5f56317c303b303b303b303b303b303b303b303a3b303a3b303b;1;8:4b4545505f414c4c;0;0;0;0;","","","",0,1,1,1,0.0221972,42.7009,30,8,46000.6,242.81,4e-05,4.84197,4.61534,0,5.63812,"GENERATED_ACTION_SNAPSHOT_V1|1;137:414354494f4e5f53454d414e544943535f56317c34323a3431343335343439346634653566346635303435353234313534343934663465356635363331376333303362333033623330336233303362333033623330336233303362333033613362333033613362333033623b313b383a346234353435353035663431346334633b303b303b303b303b;42:414354494f4e5f4f5045524154494f4e5f56317c303b303b303b303b303b303b303b303a3b303a3b303b;","PLANNED_EVALUATION;operation_identity=ACTION_OPERATION_V1|0;0;0;0;0;0;0;0:;0:;0;;semantic_identity=ACTION_SEMANTICS_V1|42:414354494f4e5f4f5045524154494f4e5f56317c303b303b303b303b303b303b303b303a3b303a3b303b;1;8:4b4545505f414c4c;0;0;0;0;",1,"terminal=PL_COMPLETE;ACTION_OPERATION_IDENTITY=ACTION_OPERATION_V1|0;0;0;0;0;0;0;0:;0:;0;"
100000000,2,1,"ACTION_SEARCH_OCCURRENCE_V1","ACTION_OCCURRENCE_V1|action=1|duplicate_index=0|operation=ACTION_SEMANTICS_V1|42:414354494f4e5f4f5045524154494f4e5f56317c303b303b303b303b303b303b303b303a3b303a3b303b;1;8:4b4545505f414c4c;0;0;0;0;","","","",0,1,1,1,0.0510082,58.3244,45,16,69826.4,412.901,4e-05,5.21316,4.80533,0,200.031,"GENERATED_ACTION_SNAPSHOT_V1|1;137:414354494f4e5f53454d414e544943535f56317c34323a3431343335343439346634653566346635303435353234313534343934663465356635363331376333303362333033623330336233303362333033623330336233303362333033613362333033613362333033623b313b383a346234353435353035663431346334633b303b303b303b303b;42:414354494f4e5f4f5045524154494f4e5f56317c303b303b303b303b303b303b303b303a3b303a3b303b;","PLANNED_EVALUATION;operation_identity=ACTION_OPERATION_V1|0;0;0;0;0;0;0;0:;0:;0;;semantic_identity=ACTION_SEMANTICS_V1|42:414354494f4e5f4f5045524154494f4e5f56317c303b303b303b303b303b303b303b303a3b303a3b303b;1;8:4b4545505f414c4c;0;0;0;0;",1,"terminal=PL_COMPLETE;ACTION_OPERATION_IDENTITY=ACTION_OPERATION_V1|0;0;0;0;0;0;0;0:;0:;0;"
150000000,3,1,"ACTION_SEARCH_OCCURRENCE_V1","ACTION_OCCURRENCE_V1|action=1|duplicate_index=0|operation=ACTION_SEMANTICS_V1|42:414354494f4e5f4f5045524154494f4e5f56317c303b303b303b303b303b303b303b303a3b303a3b303b;1;8:4b4545505f414c4c;0;0;0;0;","","","",0,1,1,1,0.0627349,72.2289,60,24,85469.6,582.804,4e-05,5.49499,3.93652,0,46.6769,"GENERATED_ACTION_SNAPSHOT_V1|1;137:414354494f4e5f53454d414e544943535f56317c34323a3431343335343439346634653566346635303435353234313534343934663465356635363331376333303362333033623330336233303362333033623330336233303362333033613362333033613362333033623b313b383a346234353435353035663431346334633b303b303b303b303b;42:414354494f4e5f4f5045524154494f4e5f56317c303b303b303b303b303b303b303b303a3b303a3b303b;","PLANNED_EVALUATION;operation_identity=ACTION_OPERATION_V1|0;0;0;0;0;0;0;0:;0:;0;;semantic_identity=ACTION_SEMANTICS_V1|42:414354494f4e5f4f5045524154494f4e5f56317c303b303b303b303b303b303b303b303a3b303a3b303b;1;8:4b4545505f414c4c;0;0;0;0;",1,"terminal=PL_COMPLETE;ACTION_OPERATION_IDENTITY=ACTION_OPERATION_V1|0;0;0;0;0;0;0;0:;0:;0;"
200000000,4,1,"ACTION_SEARCH_OCCURRENCE_V1","ACTION_OCCURRENCE_V1|action=1|duplicate_index=0|operation=ACTION_SEMANTICS_V1|42:414354494f4e5f4f5045524154494f4e5f56317c303b303b303b303b303b303b303b303a3b303a3b303b;1;8:4b4545505f414c4c;0;0;0;0;","","","",0,1,1,1,0.0797589,85.2316,75,32,96499.9,752.813,4e-05,5.77329,2.76853,0,96.5129,"GENERATED_ACTION_SNAPSHOT_V1|1;137:414354494f4e5f53454d414e544943535f56317c34323a3431343335343439346634653566346635303435353234313534343934663465356635363331376333303362333033623330336233303362333033623330336233303362333033613362333033613362333033623b313b383a346234353435353035663431346334633b303b303b303b303b;42:414354494f4e5f4f5045524154494f4e5f56317c303b303b303b303b303b303b303b303a3b303a3b303b;","PLANNED_EVALUATION;operation_identity=ACTION_OPERATION_V1|0;0;0;0;0;0;0;0:;0:;0;;semantic_identity=ACTION_SEMANTICS_V1|42:414354494f4e5f4f5045524154494f4e5f56317c303b303b303b303b303b303b303b303a3b303a3b303b;1;8:4b4545505f414c4c;0;0;0;0;",1,"terminal=PL_COMPLETE;ACTION_OPERATION_IDENTITY=ACTION_OPERATION_V1|0;0;0;0;0;0;0;0:;0:;0;"
250000000,5,1,"ACTION_SEARCH_OCCURRENCE_V1","ACTION_OCCURRENCE_V1|action=1|duplicate_index=0|operation=ACTION_SEMANTICS_V1|42:414354494f4e5f4f5045524154494f4e5f56317c303b303b303b303b303b303b303b303a3b303a3b303b;1;8:4b4545505f414c4c;0;0;0;0;","","","",0,1,1,1,0.0937182,97.653,90,40,108700,922.894,4e-05,6.03411,2.06151,0,147.803,"GENERATED_ACTION_SNAPSHOT_V1|1;137:414354494f4e5f53454d414e544943535f56317c34323a3431343335343439346634653566346635303435353234313534343934663465356635363331376333303362333033623330336233303362333033623330336233303362333033613362333033613362333033623b313b383a346234353435353035663431346334633b303b303b303b303b;42:414354494f4e5f4f5045524154494f4e5f56317c303b303b303b303b303b303b303b303a3b303a3b303b;","PLANNED_EVALUATION;operation_identity=ACTION_OPERATION_V1|0;0;0;0;0;0;0;0:;0:;0;;semantic_identity=ACTION_SEMANTICS_V1|42:414354494f4e5f4f5045524154494f4e5f56317c303b303b303b303b303b303b303b303a3b303a3b303b;1;8:4b4545505f414c4c;0;0;0;0;",1,"terminal=PL_COMPLETE;ACTION_OPERATION_IDENTITY=ACTION_OPERATION_V1|0;0;0;0;0;0;0;0:;0:;0;"
300000000,6,1,"ACTION_SEARCH_OCCURRENCE_V1","ACTION_OCCURRENCE_V1|action=1|duplicate_index=0|operation=ACTION_SEMANTICS_V1|42:414354494f4e5f4f5045524154494f4e5f56317c303b303b303b303b303b303b303b303a3b303a3b303b;1;8:4b4545505f414c4c;0;0;0;0;","","","",0,1,1,1,0.101087,109.659,105,48,120942,1093.01,4e-05,6.2633,2.00288,0,238.825,"GENERATED_ACTION_SNAPSHOT_V1|1;137:414354494f4e5f53454d414e544943535f56317c34323a3431343335343439346634653566346635303435353234313534343934663465356635363331376333303362333033623330336233303362333033623330336233303362333033613362333033613362333033623b313b383a346234353435353035663431346334633b303b303b303b303b;42:414354494f4e5f4f5045524154494f4e5f56317c303b303b303b303b303b303b303b303a3b303a3b303b;","PLANNED_EVALUATION;operation_identity=ACTION_OPERATION_V1|0;0;0;0;0;0;0;0:;0:;0;;semantic_identity=ACTION_SEMANTICS_V1|42:414354494f4e5f4f5045524154494f4e5f56317c303b303b303b303b303b303b303b303a3b303a3b303b;1;8:4b4545505f414c4c;0;0;0;0;",1,"terminal=PL_COMPLETE;ACTION_OPERATION_IDENTITY=ACTION_OPERATION_V1|0;0;0;0;0;0;0;0:;0:;0;"
350000000,7,1,"ACTION_SEARCH_OCCURRENCE_V1","ACTION_OCCURRENCE_V1|action=1|duplicate_index=0|operation=ACTION_SEMANTICS_V1|42:414354494f4e5f4f5045524154494f4e5f56317c303b303b303b303b303b303b303b303a3b303a3b303b;1;8:4b4545505f414c4c;0;0;0;0;","","","",0,1,1,1,0.106861,121.349,120,56,131557,1263.18,4e-05,6.44709,2.04415,0,355.228,"GENERATED_ACTION_SNAPSHOT_V1|1;137:414354494f4e5f53454d414e544943535f56317c34323a3431343335343439346634653566346635303435353234313534343934663465356635363331376333303362333033623330336233303362333033623330336233303362333033613362333033613362333033623b313b383a346234353435353035663431346334633b303b303b303b303b;42:414354494f4e5f4f5045524154494f4e5f56317c303b303b303b303b303b303b303b303a3b303a3b303b;","PLANNED_EVALUATION;operation_identity=ACTION_OPERATION_V1|0;0;0;0;0;0;0;0:;0:;0;;semantic_identity=ACTION_SEMANTICS_V1|42:414354494f4e5f4f5045524154494f4e5f56317c303b303b303b303b303b303b303b303a3b303a3b303b;1;8:4b4545505f414c4c;0;0;0;0;",1,"terminal=PL_COMPLETE;ACTION_OPERATION_IDENTITY=ACTION_OPERATION_V1|0;0;0;0;0;0;0;0:;0:;0;"
400000000,8,1,"ACTION_SEARCH_OCCURRENCE_V1","ACTION_OCCURRENCE_V1|action=1|duplicate_index=0|operation=ACTION_SEMANTICS_V1|42:414354494f4e5f4f5045524154494f4e5f56317c303b303b303b303b303b303b303b303a3b303a3b303b;1;8:4b4545505f414c4c;0;0;0;0;","","","",0,1,1,1,0.118267,132.787,135,64,140872,1433.37,4e-05,6.61966,2.07903,0,510.817,"GENERATED_ACTION_SNAPSHOT_V1|1;137:414354494f4e5f53454d414e544943535f56317c34323a3431343335343439346634653566346635303435353234313534343934663465356635363331376333303362333033623330336233303362333033623330336233303362333033613362333033613362333033623b313b383a346234353435353035663431346334633b303b303b303b303b;42:414354494f4e5f4f5045524154494f4e5f56317c303b303b303b303b303b303b303b303a3b303a3b303b;","PLANNED_EVALUATION;operation_identity=ACTION_OPERATION_V1|0;0;0;0;0;0;0;0:;0:;0;;semantic_identity=ACTION_SEMANTICS_V1|42:414354494f4e5f4f5045524154494f4e5f56317c303b303b303b303b303b303b303b303a3b303a3b303b;1;8:4b4545505f414c4c;0;0;0;0;",1,"terminal=PL_COMPLETE;ACTION_OPERATION_IDENTITY=ACTION_OPERATION_V1|0;0;0;0;0;0;0;0:;0:;0;"
450000000,9,1,"ACTION_SEARCH_OCCURRENCE_V1","ACTION_OCCURRENCE_V1|action=1|duplicate_index=0|operation=ACTION_SEMANTICS_V1|42:414354494f4e5f4f5045524154494f4e5f56317c303b303b303b303b303b303b303b303a3b303a3b303b;1;8:4b4545505f414c4c;0;0;0;0;","","","",0,1,1,1,0.137909,144.02,150,72,148630,1603.61,4e-05,6.78664,2.11191,0,675.388,"GENERATED_ACTION_SNAPSHOT_V1|1;137:414354494f4e5f53454d414e544943535f56317c34323a3431343335343439346634653566346635303435353234313534343934663465356635363331376333303362333033623330336233303362333033623330336233303362333033613362333033613362333033623b313b383a346234353435353035663431346334633b303b303b303b303b;42:414354494f4e5f4f5045524154494f4e5f56317c303b303b303b303b303b303b303b303a3b303a3b303b;","PLANNED_EVALUATION;operation_identity=ACTION_OPERATION_V1|0;0;0;0;0;0;0;0:;0:;0;;semantic_identity=ACTION_SEMANTICS_V1|42:414354494f4e5f4f5045524154494f4e5f56317c303b303b303b303b303b303b303b303a3b303a3b303b;1;8:4b4545505f414c4c;0;0;0;0;",1,"terminal=PL_COMPLETE;ACTION_OPERATION_IDENTITY=ACTION_OPERATION_V1|0;0;0;0;0;0;0;0:;0:;0;"
500000000,10,1,"ACTION_SEARCH_OCCURRENCE_V1","ACTION_OCCURRENCE_V1|action=1|duplicate_index=0|operation=ACTION_SEMANTICS_V1|42:414354494f4e5f4f5045524154494f4e5f56317c303b303b303b303b303b303b303b303a3b303a3b303b;1;8:4b4545505f414c4c;0;0;0;0;","","","",0,1,1,1,0.149101,155.081,165,80,156213,1773.84,4e-05,6.95777,2.13734,0,882.999,"GENERATED_ACTION_SNAPSHOT_V1|1;137:414354494f4e5f53454d414e544943535f56317c34323a3431343335343439346634653566346635303435353234313534343934663465356635363331376333303362333033623330336233303362333033623330336233303362333033613362333033613362333033623b313b383a346234353435353035663431346334633b303b303b303b303b;42:414354494f4e5f4f5045524154494f4e5f56317c303b303b303b303b303b303b303b303a3b303a3b303b;","PLANNED_EVALUATION;operation_identity=ACTION_OPERATION_V1|0;0;0;0;0;0;0;0:;0:;0;;semantic_identity=ACTION_SEMANTICS_V1|42:414354494f4e5f4f5045524154494f4e5f56317c303b303b303b303b303b303b303b303a3b303a3b303b;1;8:4b4545505f414c4c;0;0;0;0;",1,"terminal=PL_COMPLETE;ACTION_OPERATION_IDENTITY=ACTION_OPERATION_V1|0;0;0;0;0;0;0;0:;0:;0;"
550000000,11,1,"ACTION_SEARCH_OCCURRENCE_V1","ACTION_OCCURRENCE_V1|action=1|duplicate_index=0|operation=ACTION_SEMANTICS_V1|42:414354494f4e5f4f5045524154494f4e5f56317c303b303b303b303b303b303b303b303a3b303a3b303b;1;8:4b4545505f414c4c;0;0;0;0;","","","",0,1,1,1,0.154864,165.993,165,88,163482,1771.09,4e-05,2.3572,2.16325,0,1004.08,"GENERATED_ACTION_SNAPSHOT_V1|1;137:414354494f4e5f53454d414e544943535f56317c34323a3431343335343439346634653566346635303435353234313534343934663465356635363331376333303362333033623330336233303362333033623330336233303362333033613362333033613362333033623b313b383a346234353435353035663431346334633b303b303b303b303b;42:414354494f4e5f4f5045524154494f4e5f56317c303b303b303b303b303b303b303b303a3b303a3b303b;","PLANNED_EVALUATION;operation_identity=ACTION_OPERATION_V1|0;0;0;0;0;0;0;0:;0:;0;;semantic_identity=ACTION_SEMANTICS_V1|42:414354494f4e5f4f5045524154494f4e5f56317c303b303b303b303b303b303b303b303a3b303a3b303b;1;8:4b4545505f414c4c;0;0;0;0;",1,"terminal=PL_COMPLETE;ACTION_OPERATION_IDENTITY=ACTION_OPERATION_V1|0;0;0;0;0;0;0;0:;0:;0;"
600000000,12,1,"ACTION_SEARCH_OCCURRENCE_V1","ACTION_OCCURRENCE_V1|action=1|duplicate_index=0|operation=ACTION_SEMANTICS_V1|42:414354494f4e5f4f5045524154494f4e5f56317c303b303b303b303b303b303b303b303a3b303a3b303b;1;8:4b4545505f414c4c;0;0;0;0;","","","",0,0,1,1,0.173584,176.778,165,96,171341,1771.14,4e-05,inf,inf,0,159.286,"GENERATED_ACTION_SNAPSHOT_V1|1;137:414354494f4e5f53454d414e544943535f56317c34323a3431343335343439346634653566346635303435353234313534343934663465356635363331376333303362333033623330336233303362333033623330336233303362333033613362333033613362333033623b313b383a346234353435353035663431346334633b303b303b303b303b;42:414354494f4e5f4f5045524154494f4e5f56317c303b303b303b303b303b303b303b303a3b303a3b303b;","PLANNED_EVALUATION;operation_identity=ACTION_OPERATION_V1|0;0;0;0;0;0;0;0:;0:;0;;semantic_identity=ACTION_SEMANTICS_V1|42:414354494f4e5f4f5045524154494f4e5f56317c303b303b303b303b303b303b303b303a3b303a3b303b;1;8:4b4545505f414c4c;0;0;0;0;",1,"remaining post-FDE hypothesis 3 has no valid section 5.9 bound: dual-channel PL bound: channel history_eliminated_detector_only has no symmetric PSD certificate: rank transition interval is numerically indeterminate;ACTION_OPERATION_IDENTITY=ACTION_OPERATION_V1|0;0;0;0;0;0;0;0:;0:;0;"
650000000,13,1,"ACTION_SEARCH_OCCURRENCE_V1","ACTION_OCCURRENCE_V1|action=1|duplicate_index=0|operation=ACTION_SEMANTICS_V1|42:414354494f4e5f4f5045524154494f4e5f56317c303b303b303b303b303b303b303b303a3b303a3b303b;1;8:4b4545505f414c4c;0;0;0;0;","","","",0,0,1,1,0.197684,187.45,165,104,179801,1771.48,4e-05,inf,inf,0,213.915,"GENERATED_ACTION_SNAPSHOT_V1|1;137:414354494f4e5f53454d414e544943535f56317c34323a3431343335343439346634653566346635303435353234313534343934663465356635363331376333303362333033623330336233303362333033623330336233303362333033613362333033613362333033623b313b383a346234353435353035663431346334633b303b303b303b303b;42:414354494f4e5f4f5045524154494f4e5f56317c303b303b303b303b303b303b303b303a3b303a3b303b;","PLANNED_EVALUATION;operation_identity=ACTION_OPERATION_V1|0;0;0;0;0;0;0;0:;0:;0;;semantic_identity=ACTION_SEMANTICS_V1|42:414354494f4e5f4f5045524154494f4e5f56317c303b303b303b303b303b303b303b303a3b303a3b303b;1;8:4b4545505f414c4c;0;0;0;0;",1,"remaining post-FDE hypothesis 6 has no valid section 5.9 bound: dual-channel PL bound: channel history_eliminated_detector_only has no symmetric PSD certificate: rank transition interval is numerically indeterminate;ACTION_OPERATION_IDENTITY=ACTION_OPERATION_V1|0;0;0;0;0;0;0;0:;0:;0;"
700000000,14,1,"ACTION_SEARCH_OCCURRENCE_V1","ACTION_OCCURRENCE_V1|action=1|duplicate_index=0|operation=ACTION_SEMANTICS_V1|42:414354494f4e5f4f5045524154494f4e5f56317c303b303b303b303b303b303b303b303a3b303a3b303b;1;8:4b4545505f414c4c;0;0;0;0;","","","",0,0,1,1,0.222738,198.022,165,112,188307,1771.8,4e-05,inf,inf,0,208.73,"GENERATED_ACTION_SNAPSHOT_V1|1;137:414354494f4e5f53454d414e544943535f56317c34323a3431343335343439346634653566346635303435353234313534343934663465356635363331376333303362333033623330336233303362333033623330336233303362333033613362333033613362333033623b313b383a346234353435353035663431346334633b303b303b303b303b;42:414354494f4e5f4f5045524154494f4e5f56317c303b303b303b303b303b303b303b303a3b303a3b303b;","PLANNED_EVALUATION;operation_identity=ACTION_OPERATION_V1|0;0;0;0;0;0;0;0:;0:;0;;semantic_identity=ACTION_SEMANTICS_V1|42:414354494f4e5f4f5045524154494f4e5f56317c303b303b303b303b303b303b303b303a3b303a3b303b;1;8:4b4545505f414c4c;0;0;0;0;",1,"remaining post-FDE hypothesis 9 has no valid section 5.9 bound: dual-channel PL bound: channel history_eliminated_detector_only has no symmetric PSD certificate: rank transition interval is numerically indeterminate;ACTION_OPERATION_IDENTITY=ACTION_OPERATION_V1|0;0;0;0;0;0;0;0:;0:;0;"
750000000,15,1,"ACTION_SEARCH_OCCURRENCE_V1","ACTION_OCCURRENCE_V1|action=1|duplicate_index=0|operation=ACTION_SEMANTICS_V1|42:414354494f4e5f4f5045524154494f4e5f56317c303b303b303b303b303b303b303b303a3b303a3b303b;1;8:4b4545505f414c4c;0;0;0;0;","","","",0,0,1,1,0.25309,208.504,165,120,197626,1771.91,4e-05,inf,inf,0,232.14,"GENERATED_ACTION_SNAPSHOT_V1|1;137:414354494f4e5f53454d414e544943535f56317c34323a3431343335343439346634653566346635303435353234313534343934663465356635363331376333303362333033623330336233303362333033623330336233303362333033613362333033613362333033623b313b383a346234353435353035663431346334633b303b303b303b303b;42:414354494f4e5f4f5045524154494f4e5f56317c303b303b303b303b303b303b303b303a3b303a3b303b;","PLANNED_EVALUATION;operation_identity=ACTION_OPERATION_V1|0;0;0;0;0;0;0;0:;0:;0;;semantic_identity=ACTION_SEMANTICS_V1|42:414354494f4e5f4f5045524154494f4e5f56317c303b303b303b303b303b303b303b303a3b303a3b303b;1;8:4b4545505f414c4c;0;0;0;0;",1,"remaining post-FDE hypothesis 12 has no valid section 5.9 bound: dual-channel PL bound: channel history_eliminated_detector_only has no symmetric PSD certificate: rank transition interval is numerically indeterminate;ACTION_OPERATION_IDENTITY=ACTION_OPERATION_V1|0;0;0;0;0;0;0;0:;0:;0;"
800000000,16,1,"ACTION_SEARCH_OCCURRENCE_V1","ACTION_OCCURRENCE_V1|action=1|duplicate_index=0|operation=ACTION_SEMANTICS_V1|42:414354494f4e5f4f5045524154494f4e5f56317c303b303b303b303b303b303b303b303a3b303a3b303b;1;8:4b4545505f414c4c;0;0;0;0;","","","",0,0,1,1,0.274878,218.906,165,128,206835,1771.89,4e-05,inf,inf,0,260.293,"GENERATED_ACTION_SNAPSHOT_V1|1;137:414354494f4e5f53454d414e544943535f56317c34323a3431343335343439346634653566346635303435353234313534343934663465356635363331376333303362333033623330336233303362333033623330336233303362333033613362333033613362333033623b313b383a346234353435353035663431346334633b303b303b303b303b;42:414354494f4e5f4f5045524154494f4e5f56317c303b303b303b303b303b303b303b303a3b303a3b303b;","PLANNED_EVALUATION;operation_identity=ACTION_OPERATION_V1|0;0;0;0;0;0;0;0:;0:;0;;semantic_identity=ACTION_SEMANTICS_V1|42:414354494f4e5f4f5045524154494f4e5f56317c303b303b303b303b303b303b303b303a3b303a3b303b;1;8:4b4545505f414c4c;0;0;0;0;",1,"remaining post-FDE hypothesis 15 has no valid section 5.9 bound: dual-channel PL bound: channel history_eliminated_detector_only has no symmetric PSD certificate: rank transition interval is numerically indeterminate;ACTION_OPERATION_IDENTITY=ACTION_OPERATION_V1|0;0;0;0;0;0;0;0:;0:;0;"
850000000,17,1,"ACTION_SEARCH_OCCURRENCE_V1","ACTION_OCCURRENCE_V1|action=1|duplicate_index=0|operation=ACTION_SEMANTICS_V1|42:414354494f4e5f4f5045524154494f4e5f56317c303b303b303b303b303b303b303b303a3b303a3b303b;1;8:4b4545505f414c4c;0;0;0;0;","","","",0,0,1,1,0.296276,229.235,165,136,216120,1771.77,4e-05,inf,inf,0,288.602,"GENERATED_ACTION_SNAPSHOT_V1|1;137:414354494f4e5f53454d414e544943535f56317c34323a3431343335343439346634653566346635303435353234313534343934663465356635363331376333303362333033623330336233303362333033623330336233303362333033613362333033613362333033623b313b383a346234353435353035663431346334633b303b303b303b303b;42:414354494f4e5f4f5045524154494f4e5f56317c303b303b303b303b303b303b303b303a3b303a3b303b;","PLANNED_EVALUATION;operation_identity=ACTION_OPERATION_V1|0;0;0;0;0;0;0;0:;0:;0;;semantic_identity=ACTION_SEMANTICS_V1|42:414354494f4e5f4f5045524154494f4e5f56317c303b303b303b303b303b303b303b303a3b303a3b303b;1;8:4b4545505f414c4c;0;0;0;0;",1,"remaining post-FDE hypothesis 18 has no valid section 5.9 bound: dual-channel PL bound: channel history_eliminated_detector_only has no symmetric PSD certificate: rank transition interval is numerically indeterminate;ACTION_OPERATION_IDENTITY=ACTION_OPERATION_V1|0;0;0;0;0;0;0;0:;0:;0;"
900000000,18,1,"ACTION_SEARCH_OCCURRENCE_V1","ACTION_OCCURRENCE_V1|action=1|duplicate_index=0|operation=ACTION_SEMANTICS_V1|42:414354494f4e5f4f5045524154494f4e5f56317c303b303b303b303b303b303b303b303a3b303a3b303b;1;8:4b4545505f414c4c;0;0;0;0;","","","",0,0,1,1,0.313317,239.497,165,144,225408,1771.66,4e-05,inf,inf,0,316.562,"GENERATED_ACTION_SNAPSHOT_V1|1;137:414354494f4e5f53454d414e544943535f56317c34323a3431343335343439346634653566346635303435353234313534343934663465356635363331376333303362333033623330336233303362333033623330336233303362333033613362333033613362333033623b313b383a346234353435353035663431346334633b303b303b303b303b;42:414354494f4e5f4f5045524154494f4e5f56317c303b303b303b303b303b303b303b303a3b303a3b303b;","PLANNED_EVALUATION;operation_identity=ACTION_OPERATION_V1|0;0;0;0;0;0;0;0:;0:;0;;semantic_identity=ACTION_SEMANTICS_V1|42:414354494f4e5f4f5045524154494f4e5f56317c303b303b303b303b303b303b303b303a3b303a3b303b;1;8:4b4545505f414c4c;0;0;0;0;",1,"remaining post-FDE hypothesis 21 has no valid section 5.9 bound: dual-channel PL bound: channel history_eliminated_detector_only has no symmetric PSD certificate: rank transition interval is numerically indeterminate;ACTION_OPERATION_IDENTITY=ACTION_OPERATION_V1|0;0;0;0;0;0;0;0:;0:;0;"
950000000,19,1,"ACTION_SEARCH_OCCURRENCE_V1","ACTION_OCCURRENCE_V1|action=1|duplicate_index=0|operation=ACTION_SEMANTICS_V1|42:414354494f4e5f4f5045524154494f4e5f56317c303b303b303b303b303b303b303b303a3b303a3b303b;1;8:4b4545505f414c4c;0;0;0;0;","","","",0,0,1,1,0.337496,249.697,165,152,234354,1771.49,4e-05,inf,inf,0,353.665,"GENERATED_ACTION_SNAPSHOT_V1|1;137:414354494f4e5f53454d414e544943535f56317c34323a3431343335343439346634653566346635303435353234313534343934663465356635363331376333303362333033623330336233303362333033623330336233303362333033613362333033613362333033623b313b383a346234353435353035663431346334633b303b303b303b303b;42:414354494f4e5f4f5045524154494f4e5f56317c303b303b303b303b303b303b303b303a3b303a3b303b;","PLANNED_EVALUATION;operation_identity=ACTION_OPERATION_V1|0;0;0;0;0;0;0;0:;0:;0;;semantic_identity=ACTION_SEMANTICS_V1|42:414354494f4e5f4f5045524154494f4e5f56317c303b303b303b303b303b303b303b303a3b303a3b303b;1;8:4b4545505f414c4c;0;0;0;0;",1,"remaining post-FDE hypothesis 24 has no valid section 5.9 bound: dual-channel PL bound: channel history_eliminated_detector_only has no symmetric PSD certificate: rank transition interval is numerically indeterminate;ACTION_OPERATION_IDENTITY=ACTION_OPERATION_V1|0;0;0;0;0;0;0;0:;0:;0;"
1000000000,20,1,"ACTION_SEARCH_OCCURRENCE_V1","ACTION_OCCURRENCE_V1|action=1|duplicate_index=0|operation=ACTION_SEMANTICS_V1|42:414354494f4e5f4f5045524154494f4e5f56317c303b303b303b303b303b303b303b303a3b303a3b303b;1;8:4b4545505f414c4c;0;0;0;0;","","","",0,0,1,1,0.359245,259.841,165,160,242903,1771.32,4e-05,inf,inf,0,386.175,"GENERATED_ACTION_SNAPSHOT_V1|1;137:414354494f4e5f53454d414e544943535f56317c34323a3431343335343439346634653566346635303435353234313534343934663465356635363331376333303362333033623330336233303362333033623330336233303362333033613362333033613362333033623b313b383a346234353435353035663431346334633b303b303b303b303b;42:414354494f4e5f4f5045524154494f4e5f56317c303b303b303b303b303b303b303b303a3b303a3b303b;","PLANNED_EVALUATION;operation_identity=ACTION_OPERATION_V1|0;0;0;0;0;0;0;0:;0:;0;;semantic_identity=ACTION_SEMANTICS_V1|42:414354494f4e5f4f5045524154494f4e5f56317c303b303b303b303b303b303b303b303a3b303a3b303b;1;8:4b4545505f414c4c;0;0;0;0;",1,"remaining post-FDE hypothesis 27 has no valid section 5.9 bound: dual-channel PL bound: channel history_eliminated_detector_only has no symmetric PSD certificate: rank transition interval is numerically indeterminate;ACTION_OPERATION_IDENTITY=ACTION_OPERATION_V1|0;0;0;0;0;0;0;0:;0:;0;"
1050000000,21,1,"ACTION_SEARCH_OCCURRENCE_V1","ACTION_OCCURRENCE_V1|action=1|duplicate_index=0|operation=ACTION_SEMANTICS_V1|42:414354494f4e5f4f5045524154494f4e5f56317c303b303b303b303b303b303b303b303a3b303a3b303b;1;8:4b4545505f414c4c;0;0;0;0;","","","",0,0,1,1,0.378786,269.932,165,168,251990,1771.17,4e-05,inf,inf,0,428.839,"GENERATED_ACTION_SNAPSHOT_V1|1;137:414354494f4e5f53454d414e544943535f56317c34323a3431343335343439346634653566346635303435353234313534343934663465356635363331376333303362333033623330336233303362333033623330336233303362333033613362333033613362333033623b313b383a346234353435353035663431346334633b303b303b303b303b;42:414354494f4e5f4f5045524154494f4e5f56317c303b303b303b303b303b303b303b303a3b303a3b303b;","PLANNED_EVALUATION;operation_identity=ACTION_OPERATION_V1|0;0;0;0;0;0;0;0:;0:;0;;semantic_identity=ACTION_SEMANTICS_V1|42:414354494f4e5f4f5045524154494f4e5f56317c303b303b303b303b303b303b303b303a3b303a3b303b;1;8:4b4545505f414c4c;0;0;0;0;",1,"remaining post-FDE hypothesis 30 has no valid section 5.9 bound: dual-channel PL bound: channel history_eliminated_detector_only has no symmetric PSD certificate: rank transition interval is numerically indeterminate;ACTION_OPERATION_IDENTITY=ACTION_OPERATION_V1|0;0;0;0;0;0;0;0:;0:;0;"
1100000000,22,1,"ACTION_SEARCH_OCCURRENCE_V1","ACTION_OCCURRENCE_V1|action=1|duplicate_index=0|operation=ACTION_SEMANTICS_V1|42:414354494f4e5f4f5045524154494f4e5f56317c303b303b303b303b303b303b303b303a3b303a3b303b;1;8:4b4545505f414c4c;0;0;0;0;","","","",0,0,1,1,0.388006,271.19,165,169,259963,1771.02,4e-05,inf,inf,0,416.438,"GENERATED_ACTION_SNAPSHOT_V1|1;137:414354494f4e5f53454d414e544943535f56317c34323a3431343335343439346634653566346635303435353234313534343934663465356635363331376333303362333033623330336233303362333033623330336233303362333033613362333033613362333033623b313b383a346234353435353035663431346334633b303b303b303b303b;42:414354494f4e5f4f5045524154494f4e5f56317c303b303b303b303b303b303b303b303a3b303a3b303b;","PLANNED_EVALUATION;operation_identity=ACTION_OPERATION_V1|0;0;0;0;0;0;0;0:;0:;0;;semantic_identity=ACTION_SEMANTICS_V1|42:414354494f4e5f4f5045524154494f4e5f56317c303b303b303b303b303b303b303b303a3b303a3b303b;1;8:4b4545505f414c4c;0;0;0;0;",1,"remaining post-FDE hypothesis 30 has no valid section 5.9 bound: dual-channel PL bound: channel history_eliminated_detector_only has no symmetric PSD certificate: rank transition interval is numerically indeterminate;ACTION_OPERATION_IDENTITY=ACTION_OPERATION_V1|0;0;0;0;0;0;0;0:;0:;0;"
1150000000,23,1,"ACTION_SEARCH_OCCURRENCE_V1","ACTION_OCCURRENCE_V1|action=1|duplicate_index=0|operation=ACTION_SEMANTICS_V1|42:414354494f4e5f4f5045524154494f4e5f56317c303b303b303b303b303b303b303b303a3b303a3b303b;1;8:4b4545505f414c4c;0;0;0;0;","","","",0,0,1,1,0.402162,271.19,165,169,268318,1770.86,4e-05,inf,inf,0,407.925,"GENERATED_ACTION_SNAPSHOT_V1|1;137:414354494f4e5f53454d414e544943535f56317c34323a3431343335343439346634653566346635303435353234313534343934663465356635363331376333303362333033623330336233303362333033623330336233303362333033613362333033613362333033623b313b383a346234353435353035663431346334633b303b303b303b303b;42:414354494f4e5f4f5045524154494f4e5f56317c303b303b303b303b303b303b303b303a3b303a3b303b;","PLANNED_EVALUATION;operation_identity=ACTION_OPERATION_V1|0;0;0;0;0;0;0;0:;0:;0;;semantic_identity=ACTION_SEMANTICS_V1|42:414354494f4e5f4f5045524154494f4e5f56317c303b303b303b303b303b303b303b303a3b303a3b303b;1;8:4b4545505f414c4c;0;0;0;0;",1,"remaining post-FDE hypothesis 30 has no valid section 5.9 bound: dual-channel PL bound: channel history_eliminated_detector_only has no symmetric PSD certificate: rank transition interval is numerically indeterminate;ACTION_OPERATION_IDENTITY=ACTION_OPERATION_V1|0;0;0;0;0;0;0;0:;0:;0;"
1200000000,24,1,"ACTION_SEARCH_OCCURRENCE_V1","ACTION_OCCURRENCE_V1|action=1|duplicate_index=0|operation=ACTION_SEMANTICS_V1|42:414354494f4e5f4f5045524154494f4e5f56317c303b303b303b303b303b303b303b303a3b303a3b303b;1;8:4b4545505f414c4c;0;0;0;0;","","","",0,0,1,1,0.425775,271.19,165,169,275605,1770.78,4e-05,inf,inf,0,412.058,"GENERATED_ACTION_SNAPSHOT_V1|1;137:414354494f4e5f53454d414e544943535f56317c34323a3431343335343439346634653566346635303435353234313534343934663465356635363331376333303362333033623330336233303362333033623330336233303362333033613362333033613362333033623b313b383a346234353435353035663431346334633b303b303b303b303b;42:414354494f4e5f4f5045524154494f4e5f56317c303b303b303b303b303b303b303b303a3b303a3b303b;","PLANNED_EVALUATION;operation_identity=ACTION_OPERATION_V1|0;0;0;0;0;0;0;0:;0:;0;;semantic_identity=ACTION_SEMANTICS_V1|42:414354494f4e5f4f5045524154494f4e5f56317c303b303b303b303b303b303b303b303a3b303a3b303b;1;8:4b4545505f414c4c;0;0;0;0;",1,"remaining post-FDE hypothesis 30 has no valid section 5.9 bound: dual-channel PL bound: channel history_eliminated_detector_only has no symmetric PSD certificate: rank transition interval is numerically indeterminate;ACTION_OPERATION_IDENTITY=ACTION_OPERATION_V1|0;0;0;0;0;0;0;0:;0:;0;"
1250000000,25,1,"ACTION_SEARCH_OCCURRENCE_V1","ACTION_OCCURRENCE_V1|action=1|duplicate_index=0|operation=ACTION_SEMANTICS_V1|42:414354494f4e5f4f5045524154494f4e5f56317c303b303b303b303b303b303b303b303a3b303a3b303b;1;8:4b4545505f414c4c;0;0;0;0;","","","",0,0,1,1,0.438863,271.19,165,169,283881,1770.66,4e-05,inf,inf,0,410.639,"GENERATED_ACTION_SNAPSHOT_V1|1;137:414354494f4e5f53454d414e544943535f56317c34323a3431343335343439346634653566346635303435353234313534343934663465356635363331376333303362333033623330336233303362333033623330336233303362333033613362333033613362333033623b313b383a346234353435353035663431346334633b303b303b303b303b;42:414354494f4e5f4f5045524154494f4e5f56317c303b303b303b303b303b303b303b303a3b303a3b303b;","PLANNED_EVALUATION;operation_identity=ACTION_OPERATION_V1|0;0;0;0;0;0;0;0:;0:;0;;semantic_identity=ACTION_SEMANTICS_V1|42:414354494f4e5f4f5045524154494f4e5f56317c303b303b303b303b303b303b303b303a3b303a3b303b;1;8:4b4545505f414c4c;0;0;0;0;",1,"remaining post-FDE hypothesis 30 has no valid section 5.9 bound: dual-channel PL bound: channel history_eliminated_detector_only has no symmetric PSD certificate: rank transition interval is numerically indeterminate;ACTION_OPERATION_IDENTITY=ACTION_OPERATION_V1|0;0;0;0;0;0;0;0:;0:;0;"
1300000000,26,1,"ACTION_SEARCH_OCCURRENCE_V1","ACTION_OCCURRENCE_V1|action=1|duplicate_index=0|operation=ACTION_SEMANTICS_V1|42:414354494f4e5f4f5045524154494f4e5f56317c303b303b303b303b303b303b303b303a3b303a3b303b;1;8:4b4545505f414c4c;0;0;0;0;","","","",0,0,1,1,0.444853,271.19,165,169,291661,1770.55,4e-05,inf,inf,0,413.121,"GENERATED_ACTION_SNAPSHOT_V1|1;137:414354494f4e5f53454d414e544943535f56317c34323a3431343335343439346634653566346635303435353234313534343934663465356635363331376333303362333033623330336233303362333033623330336233303362333033613362333033613362333033623b313b383a346234353435353035663431346334633b303b303b303b303b;42:414354494f4e5f4f5045524154494f4e5f56317c303b303b303b303b303b303b303b303a3b303a3b303b;","PLANNED_EVALUATION;operation_identity=ACTION_OPERATION_V1|0;0;0;0;0;0;0;0:;0:;0;;semantic_identity=ACTION_SEMANTICS_V1|42:414354494f4e5f4f5045524154494f4e5f56317c303b303b303b303b303b303b303b303a3b303a3b303b;1;8:4b4545505f414c4c;0;0;0;0;",1,"remaining post-FDE hypothesis 30 has no valid section 5.9 bound: dual-channel PL bound: channel history_eliminated_detector_only has no symmetric PSD certificate: rank transition interval is numerically indeterminate;ACTION_OPERATION_IDENTITY=ACTION_OPERATION_V1|0;0;0;0;0;0;0;0:;0:;0;"
1350000000,27,1,"ACTION_SEARCH_OCCURRENCE_V1","ACTION_OCCURRENCE_V1|action=1|duplicate_index=0|operation=ACTION_SEMANTICS_V1|42:414354494f4e5f4f5045524154494f4e5f56317c303b303b303b303b303b303b303b303a3b303a3b303b;1;8:4b4545505f414c4c;0;0;0;0;","","","",0,0,1,1,0.452906,271.19,165,169,298980,1770.47,4e-05,inf,inf,0,416.774,"GENERATED_ACTION_SNAPSHOT_V1|1;137:414354494f4e5f53454d414e544943535f56317c34323a3431343335343439346634653566346635303435353234313534343934663465356635363331376333303362333033623330336233303362333033623330336233303362333033613362333033613362333033623b313b383a346234353435353035663431346334633b303b303b303b303b;42:414354494f4e5f4f5045524154494f4e5f56317c303b303b303b303b303b303b303b303a3b303a3b303b;","PLANNED_EVALUATION;operation_identity=ACTION_OPERATION_V1|0;0;0;0;0;0;0;0:;0:;0;;semantic_identity=ACTION_SEMANTICS_V1|42:414354494f4e5f4f5045524154494f4e5f56317c303b303b303b303b303b303b303b303a3b303a3b303b;1;8:4b4545505f414c4c;0;0;0;0;",1,"remaining post-FDE hypothesis 30 has no valid section 5.9 bound: dual-channel PL bound: channel history_eliminated_detector_only has no symmetric PSD certificate: rank transition interval is numerically indeterminate;ACTION_OPERATION_IDENTITY=ACTION_OPERATION_V1|0;0;0;0;0;0;0;0:;0:;0;"
1400000000,28,1,"ACTION_SEARCH_OCCURRENCE_V1","ACTION_OCCURRENCE_V1|action=1|duplicate_index=0|operation=ACTION_SEMANTICS_V1|42:414354494f4e5f4f5045524154494f4e5f56317c303b303b303b303b303b303b303b303a3b303a3b303b;1;8:4b4545505f414c4c;0;0;0;0;","","","",0,0,1,1,0.460764,271.19,165,169,306109,1770.39,4e-05,inf,inf,0,408.075,"GENERATED_ACTION_SNAPSHOT_V1|1;137:414354494f4e5f53454d414e544943535f56317c34323a3431343335343439346634653566346635303435353234313534343934663465356635363331376333303362333033623330336233303362333033623330336233303362333033613362333033613362333033623b313b383a346234353435353035663431346334633b303b303b303b303b;42:414354494f4e5f4f5045524154494f4e5f56317c303b303b303b303b303b303b303b303a3b303a3b303b;","PLANNED_EVALUATION;operation_identity=ACTION_OPERATION_V1|0;0;0;0;0;0;0;0:;0:;0;;semantic_identity=ACTION_SEMANTICS_V1|42:414354494f4e5f4f5045524154494f4e5f56317c303b303b303b303b303b303b303b303a3b303a3b303b;1;8:4b4545505f414c4c;0;0;0;0;",1,"remaining post-FDE hypothesis 30 has no valid section 5.9 bound: dual-channel PL bound: channel history_eliminated_detector_only has no symmetric PSD certificate: rank transition interval is numerically indeterminate;ACTION_OPERATION_IDENTITY=ACTION_OPERATION_V1|0;0;0;0;0;0;0;0:;0:;0;"
1450000000,29,1,"ACTION_SEARCH_OCCURRENCE_V1","ACTION_OCCURRENCE_V1|action=1|duplicate_index=0|operation=ACTION_SEMANTICS_V1|42:414354494f4e5f4f5045524154494f4e5f56317c303b303b303b303b303b303b303b303a3b303a3b303b;1;8:4b4545505f414c4c;0;0;0;0;","","","",0,0,1,1,0.478745,271.19,165,169,313311,1770.33,4e-05,inf,inf,0,413.605,"GENERATED_ACTION_SNAPSHOT_V1|1;137:414354494f4e5f53454d414e544943535f56317c34323a3431343335343439346634653566346635303435353234313534343934663465356635363331376333303362333033623330336233303362333033623330336233303362333033613362333033613362333033623b313b383a346234353435353035663431346334633b303b303b303b303b;42:414354494f4e5f4f5045524154494f4e5f56317c303b303b303b303b303b303b303b303a3b303a3b303b;","PLANNED_EVALUATION;operation_identity=ACTION_OPERATION_V1|0;0;0;0;0;0;0;0:;0:;0;;semantic_identity=ACTION_SEMANTICS_V1|42:414354494f4e5f4f5045524154494f4e5f56317c303b303b303b303b303b303b303b303a3b303a3b303b;1;8:4b4545505f414c4c;0;0;0;0;",1,"remaining post-FDE hypothesis 30 has no valid section 5.9 bound: dual-channel PL bound: channel history_eliminated_detector_only has no symmetric PSD certificate: rank transition interval is numerically indeterminate;ACTION_OPERATION_IDENTITY=ACTION_OPERATION_V1|0;0;0;0;0;0;0;0:;0:;0;"
1500000000,30,1,"ACTION_SEARCH_OCCURRENCE_V1","ACTION_OCCURRENCE_V1|action=1|duplicate_index=0|operation=ACTION_SEMANTICS_V1|42:414354494f4e5f4f5045524154494f4e5f56317c303b303b303b303b303b303b303b303a3b303a3b303b;1;8:4b4545505f414c4c;0;0;0;0;","","","",0,0,1,1,0.493171,271.19,165,169,320450,1770.27,4e-05,inf,inf,0,406.517,"GENERATED_ACTION_SNAPSHOT_V1|1;137:414354494f4e5f53454d414e544943535f56317c34323a3431343335343439346634653566346635303435353234313534343934663465356635363331376333303362333033623330336233303362333033623330336233303362333033613362333033613362333033623b313b383a346234353435353035663431346334633b303b303b303b303b;42:414354494f4e5f4f5045524154494f4e5f56317c303b303b303b303b303b303b303b303a3b303a3b303b;","PLANNED_EVALUATION;operation_identity=ACTION_OPERATION_V1|0;0;0;0;0;0;0;0:;0:;0;;semantic_identity=ACTION_SEMANTICS_V1|42:414354494f4e5f4f5045524154494f4e5f56317c303b303b303b303b303b303b303b303a3b303a3b303b;1;8:4b4545505f414c4c;0;0;0;0;",1,"remaining post-FDE hypothesis 30 has no valid section 5.9 bound: dual-channel PL bound: channel history_eliminated_detector_only has no symmetric PSD certificate: rank transition interval is numerically indeterminate;ACTION_OPERATION_IDENTITY=ACTION_OPERATION_V1|0;0;0;0;0;0;0;0:;0:;0;"
1550000000,31,1,"ACTION_SEARCH_OCCURRENCE_V1","ACTION_OCCURRENCE_V1|action=1|duplicate_index=0|operation=ACTION_SEMANTICS_V1|42:414354494f4e5f4f5045524154494f4e5f56317c303b303b303b303b303b303b303b303a3b303a3b303b;1;8:4b4545505f414c4c;0;0;0;0;","","","",0,0,1,1,0.498149,271.19,165,169,326970,1770.21,4e-05,inf,inf,0,405.655,"GENERATED_ACTION_SNAPSHOT_V1|1;137:414354494f4e5f53454d414e544943535f56317c34323a3431343335343439346634653566346635303435353234313534343934663465356635363331376333303362333033623330336233303362333033623330336233303362333033613362333033613362333033623b313b383a346234353435353035663431346334633b303b303b303b303b;42:414354494f4e5f4f5045524154494f4e5f56317c303b303b303b303b303b303b303b303a3b303a3b303b;","PLANNED_EVALUATION;operation_identity=ACTION_OPERATION_V1|0;0;0;0;0;0;0;0:;0:;0;;semantic_identity=ACTION_SEMANTICS_V1|42:414354494f4e5f4f5045524154494f4e5f56317c303b303b303b303b303b303b303b303a3b303a3b303b;1;8:4b4545505f414c4c;0;0;0;0;",1,"remaining post-FDE hypothesis 30 has no valid section 5.9 bound: dual-channel PL bound: channel history_eliminated_detector_only has no symmetric PSD certificate: rank transition interval is numerically indeterminate;ACTION_OPERATION_IDENTITY=ACTION_OPERATION_V1|0;0;0;0;0;0;0;0:;0:;0;"
1600000000,32,1,"ACTION_SEARCH_OCCURRENCE_V1","ACTION_OCCURRENCE_V1|action=1|duplicate_index=0|operation=ACTION_SEMANTICS_V1|42:414354494f4e5f4f5045524154494f4e5f56317c303b303b303b303b303b303b303b303a3b303a3b303b;1;8:4b4545505f414c4c;0;0;0;0;","","","",0,0,1,1,0.471868,271.19,165,169,333706,1770.13,4e-05,inf,inf,0,413.951,"GENERATED_ACTION_SNAPSHOT_V1|1;137:414354494f4e5f53454d414e544943535f56317c34323a3431343335343439346634653566346635303435353234313534343934663465356635363331376333303362333033623330336233303362333033623330336233303362333033613362333033613362333033623b313b383a346234353435353035663431346334633b303b303b303b303b;42:414354494f4e5f4f5045524154494f4e5f56317c303b303b303b303b303b303b303b303a3b303a3b303b;","PLANNED_EVALUATION;operation_identity=ACTION_OPERATION_V1|0;0;0;0;0;0;0;0:;0:;0;;semantic_identity=ACTION_SEMANTICS_V1|42:414354494f4e5f4f5045524154494f4e5f56317c303b303b303b303b303b303b303b303a3b303a3b303b;1;8:4b4545505f414c4c;0;0;0;0;",1,"remaining post-FDE hypothesis 30 has no valid section 5.9 bound: dual-channel PL bound: channel history_eliminated_detector_only has no symmetric PSD certificate: rank transition interval is numerically indeterminate;ACTION_OPERATION_IDENTITY=ACTION_OPERATION_V1|0;0;0;0;0;0;0;0:;0:;0;"
1650000000,33,1,"ACTION_SEARCH_OCCURRENCE_V1","ACTION_OCCURRENCE_V1|action=1|duplicate_index=0|operation=ACTION_SEMANTICS_V1|42:414354494f4e5f4f5045524154494f4e5f56317c303b303b303b303b303b303b303b303a3b303a3b303b;1;8:4b4545505f414c4c;0;0;0;0;","","","",0,0,1,1,0.488072,271.19,165,169,339871,1770.09,4e-05,inf,inf,0,409.83,"GENERATED_ACTION_SNAPSHOT_V1|1;137:414354494f4e5f53454d414e544943535f56317c34323a3431343335343439346634653566346635303435353234313534343934663465356635363331376333303362333033623330336233303362333033623330336233303362333033613362333033613362333033623b313b383a346234353435353035663431346334633b303b303b303b303b;42:414354494f4e5f4f5045524154494f4e5f56317c303b303b303b303b303b303b303b303a3b303a3b303b;","PLANNED_EVALUATION;operation_identity=ACTION_OPERATION_V1|0;0;0;0;0;0;0;0:;0:;0;;semantic_identity=ACTION_SEMANTICS_V1|42:414354494f4e5f4f5045524154494f4e5f56317c303b303b303b303b303b303b303b303a3b303a3b303b;1;8:4b4545505f414c4c;0;0;0;0;",1,"remaining post-FDE hypothesis 30 has no valid section 5.9 bound: dual-channel PL bound: channel history_eliminated_detector_only has no symmetric PSD certificate: rank transition interval is numerically indeterminate;ACTION_OPERATION_IDENTITY=ACTION_OPERATION_V1|0;0;0;0;0;0;0;0:;0:;0;"
1700000000,34,1,"ACTION_SEARCH_OCCURRENCE_V1","ACTION_OCCURRENCE_V1|action=1|duplicate_index=0|operation=ACTION_SEMANTICS_V1|42:414354494f4e5f4f5045524154494f4e5f56317c303b303b303b303b303b303b303b303a3b303a3b303b;1;8:4b4545505f414c4c;0;0;0;0;","","","",0,0,1,1,0.498296,271.19,165,169,346773,1770.02,4e-05,inf,inf,0,416.492,"GENERATED_ACTION_SNAPSHOT_V1|1;137:414354494f4e5f53454d414e544943535f56317c34323a3431343335343439346634653566346635303435353234313534343934663465356635363331376333303362333033623330336233303362333033623330336233303362333033613362333033613362333033623b313b383a346234353435353035663431346334633b303b303b303b303b;42:414354494f4e5f4f5045524154494f4e5f56317c303b303b303b303b303b303b303b303a3b303a3b303b;","PLANNED_EVALUATION;operation_identity=ACTION_OPERATION_V1|0;0;0;0;0;0;0;0:;0:;0;;semantic_identity=ACTION_SEMANTICS_V1|42:414354494f4e5f4f5045524154494f4e5f56317c303b303b303b303b303b303b303b303a3b303a3b303b;1;8:4b4545505f414c4c;0;0;0;0;",1,"remaining post-FDE hypothesis 30 has no valid section 5.9 bound: dual-channel PL bound: channel history_eliminated_detector_only has no symmetric PSD certificate: rank transition interval is numerically indeterminate;ACTION_OPERATION_IDENTITY=ACTION_OPERATION_V1|0;0;0;0;0;0;0;0:;0:;0;"
1750000000,35,1,"ACTION_SEARCH_OCCURRENCE_V1","ACTION_OCCURRENCE_V1|action=1|duplicate_index=0|operation=ACTION_SEMANTICS_V1|42:414354494f4e5f4f5045524154494f4e5f56317c303b303b303b303b303b303b303b303a3b303a3b303b;1;8:4b4545505f414c4c;0;0;0;0;","","","",0,0,1,1,0.506712,271.19,165,169,353282,1769.97,4e-05,inf,inf,0,410.981,"GENERATED_ACTION_SNAPSHOT_V1|1;137:414354494f4e5f53454d414e544943535f56317c34323a3431343335343439346634653566346635303435353234313534343934663465356635363331376333303362333033623330336233303362333033623330336233303362333033613362333033613362333033623b313b383a346234353435353035663431346334633b303b303b303b303b;42:414354494f4e5f4f5045524154494f4e5f56317c303b303b303b303b303b303b303b303a3b303a3b303b;","PLANNED_EVALUATION;operation_identity=ACTION_OPERATION_V1|0;0;0;0;0;0;0;0:;0:;0;;semantic_identity=ACTION_SEMANTICS_V1|42:414354494f4e5f4f5045524154494f4e5f56317c303b303b303b303b303b303b303b303a3b303a3b303b;1;8:4b4545505f414c4c;0;0;0;0;",1,"remaining post-FDE hypothesis 30 has no valid section 5.9 bound: dual-channel PL bound: channel history_eliminated_detector_only has no symmetric PSD certificate: rank transition interval is numerically indeterminate;ACTION_OPERATION_IDENTITY=ACTION_OPERATION_V1|0;0;0;0;0;0;0;0:;0:;0;"
1800000000,36,1,"ACTION_SEARCH_OCCURRENCE_V1","ACTION_OCCURRENCE_V1|action=1|duplicate_index=0|operation=ACTION_SEMANTICS_V1|42:414354494f4e5f4f5045524154494f4e5f56317c303b303b303b303b303b303b303b303a3b303a3b303b;1;8:4b4545505f414c4c;0;0;0;0;","","","",0,0,1,1,0.541474,271.19,165,169,358795,1769.93,4e-05,inf,inf,0,416.174,"GENERATED_ACTION_SNAPSHOT_V1|1;137:414354494f4e5f53454d414e544943535f56317c34323a3431343335343439346634653566346635303435353234313534343934663465356635363331376333303362333033623330336233303362333033623330336233303362333033613362333033613362333033623b313b383a346234353435353035663431346334633b303b303b303b303b;42:414354494f4e5f4f5045524154494f4e5f56317c303b303b303b303b303b303b303b303a3b303a3b303b;","PLANNED_EVALUATION;operation_identity=ACTION_OPERATION_V1|0;0;0;0;0;0;0;0:;0:;0;;semantic_identity=ACTION_SEMANTICS_V1|42:414354494f4e5f4f5045524154494f4e5f56317c303b303b303b303b303b303b303b303a3b303a3b303b;1;8:4b4545505f414c4c;0;0;0;0;",1,"remaining post-FDE hypothesis 30 has no valid section 5.9 bound: dual-channel PL bound: channel history_eliminated_detector_only has no symmetric PSD certificate: rank transition interval is numerically indeterminate;ACTION_OPERATION_IDENTITY=ACTION_OPERATION_V1|0;0;0;0;0;0;0;0:;0:;0;"
1850000000,37,1,"ACTION_SEARCH_OCCURRENCE_V1","ACTION_OCCURRENCE_V1|action=1|duplicate_index=0|operation=ACTION_SEMANTICS_V1|42:414354494f4e5f4f5045524154494f4e5f56317c303b303b303b303b303b303b303b303a3b303a3b303b;1;8:4b4545505f414c4c;0;0;0;0;","","","",0,0,1,1,0.555436,271.19,165,169,365824,1769.93,4e-05,inf,inf,0,414.604,"GENERATED_ACTION_SNAPSHOT_V1|1;137:414354494f4e5f53454d414e544943535f56317c34323a3431343335343439346634653566346635303435353234313534343934663465356635363331376333303362333033623330336233303362333033623330336233303362333033613362333033613362333033623b313b383a346234353435353035663431346334633b303b303b303b303b;42:414354494f4e5f4f5045524154494f4e5f56317c303b303b303b303b303b303b303b303a3b303a3b303b;","PLANNED_EVALUATION;operation_identity=ACTION_OPERATION_V1|0;0;0;0;0;0;0;0:;0:;0;;semantic_identity=ACTION_SEMANTICS_V1|42:414354494f4e5f4f5045524154494f4e5f56317c303b303b303b303b303b303b303b303a3b303a3b303b;1;8:4b4545505f414c4c;0;0;0;0;",1,"remaining post-FDE hypothesis 30 has no valid section 5.9 bound: dual-channel PL bound: channel history_eliminated_detector_only has no symmetric PSD certificate: rank transition interval is numerically indeterminate;ACTION_OPERATION_IDENTITY=ACTION_OPERATION_V1|0;0;0;0;0;0;0;0:;0:;0;"
1900000000,38,1,"ACTION_SEARCH_OCCURRENCE_V1","ACTION_OCCURRENCE_V1|action=1|duplicate_index=0|operation=ACTION_SEMANTICS_V1|42:414354494f4e5f4f5045524154494f4e5f56317c303b303b303b303b303b303b303b303a3b303a3b303b;1;8:4b4545505f414c4c;0;0;0;0;","","","",0,0,1,1,0.565707,271.19,165,169,371580,1769.85,4e-05,inf,inf,0,417.079,"GENERATED_ACTION_SNAPSHOT_V1|1;137:414354494f4e5f53454d414e544943535f56317c34323a3431343335343439346634653566346635303435353234313534343934663465356635363331376333303362333033623330336233303362333033623330336233303362333033613362333033613362333033623b313b383a346234353435353035663431346334633b303b303b303b303b;42:414354494f4e5f4f5045524154494f4e5f56317c303b303b303b303b303b303b303b303a3b303a3b303b;","PLANNED_EVALUATION;operation_identity=ACTION_OPERATION_V1|0;0;0;0;0;0;0;0:;0:;0;;semantic_identity=ACTION_SEMANTICS_V1|42:414354494f4e5f4f5045524154494f4e5f56317c303b303b303b303b303b303b303b303a3b303a3b303b;1;8:4b4545505f414c4c;0;0;0;0;",1,"remaining post-FDE hypothesis 30 has no valid section 5.9 bound: dual-channel PL bound: channel history_eliminated_detector_only has no symmetric PSD certificate: rank transition interval is numerically indeterminate;ACTION_OPERATION_IDENTITY=ACTION_OPERATION_V1|0;0;0;0;0;0;0;0:;0:;0;"
1950000000,39,1,"ACTION_SEARCH_OCCURRENCE_V1","ACTION_OCCURRENCE_V1|action=1|duplicate_index=0|operation=ACTION_SEMANTICS_V1|42:414354494f4e5f4f5045524154494f4e5f56317c303b303b303b303b303b303b303b303a3b303a3b303b;1;8:4b4545505f414c4c;0;0;0;0;","","","",0,0,1,1,0.557484,271.19,165,169,377631,1769.78,4e-05,inf,inf,0,413.207,"GENERATED_ACTION_SNAPSHOT_V1|1;137:414354494f4e5f53454d414e544943535f56317c34323a3431343335343439346634653566346635303435353234313534343934663465356635363331376333303362333033623330336233303362333033623330336233303362333033613362333033613362333033623b313b383a346234353435353035663431346334633b303b303b303b303b;42:414354494f4e5f4f5045524154494f4e5f56317c303b303b303b303b303b303b303b303a3b303a3b303b;","PLANNED_EVALUATION;operation_identity=ACTION_OPERATION_V1|0;0;0;0;0;0;0;0:;0:;0;;semantic_identity=ACTION_SEMANTICS_V1|42:414354494f4e5f4f5045524154494f4e5f56317c303b303b303b303b303b303b303b303a3b303a3b303b;1;8:4b4545505f414c4c;0;0;0;0;",1,"remaining post-FDE hypothesis 30 has no valid section 5.9 bound: dual-channel PL bound: channel history_eliminated_detector_only has no symmetric PSD certificate: rank transition interval is numerically indeterminate;ACTION_OPERATION_IDENTITY=ACTION_OPERATION_V1|0;0;0;0;0;0;0;0:;0:;0;"
2000000000,40,1,"ACTION_SEARCH_OCCURRENCE_V1","ACTION_OCCURRENCE_V1|action=1|duplicate_index=0|operation=ACTION_SEMANTICS_V1|42:414354494f4e5f4f5045524154494f4e5f56317c303b303b303b303b303b303b303b303a3b303a3b303b;1;8:4b4545505f414c4c;0;0;0;0;","","","",0,0,1,1,0.567223,271.19,165,169,383576,1769.73,4e-05,inf,inf,0,410.658,"GENERATED_ACTION_SNAPSHOT_V1|1;137:414354494f4e5f53454d414e544943535f56317c34323a3431343335343439346634653566346635303435353234313534343934663465356635363331376333303362333033623330336233303362333033623330336233303362333033613362333033613362333033623b313b383a346234353435353035663431346334633b303b303b303b303b;42:414354494f4e5f4f5045524154494f4e5f56317c303b303b303b303b303b303b303b303a3b303a3b303b;","PLANNED_EVALUATION;operation_identity=ACTION_OPERATION_V1|0;0;0;0;0;0;0;0:;0:;0;;semantic_identity=ACTION_SEMANTICS_V1|42:414354494f4e5f4f5045524154494f4e5f56317c303b303b303b303b303b303b303b303a3b303a3b303b;1;8:4b4545505f414c4c;0;0;0;0;",1,"remaining post-FDE hypothesis 30 has no valid section 5.9 bound: dual-channel PL bound: channel history_eliminated_detector_only has no symmetric PSD certificate: rank transition interval is numerically indeterminate;ACTION_OPERATION_IDENTITY=ACTION_OPERATION_V1|0;0;0;0;0;0;0;0:;0:;0;"
2050000000,41,1,"ACTION_SEARCH_OCCURRENCE_V1","ACTION_OCCURRENCE_V1|action=1|duplicate_index=0|operation=ACTION_SEMANTICS_V1|42:414354494f4e5f4f5045524154494f4e5f56317c303b303b303b303b303b303b303b303a3b303a3b303b;1;8:4b4545505f414c4c;0;0;0;0;","","","",0,0,1,1,0.569971,271.19,165,169,389112,1769.75,4e-05,inf,inf,0,414.017,"GENERATED_ACTION_SNAPSHOT_V1|1;137:414354494f4e5f53454d414e544943535f56317c34323a3431343335343439346634653566346635303435353234313534343934663465356635363331376333303362333033623330336233303362333033623330336233303362333033613362333033613362333033623b313b383a346234353435353035663431346334633b303b303b303b303b;42:414354494f4e5f4f5045524154494f4e5f56317c303b303b303b303b303b303b303b303a3b303a3b303b;","PLANNED_EVALUATION;operation_identity=ACTION_OPERATION_V1|0;0;0;0;0;0;0;0:;0:;0;;semantic_identity=ACTION_SEMANTICS_V1|42:414354494f4e5f4f5045524154494f4e5f56317c303b303b303b303b303b303b303b303a3b303a3b303b;1;8:4b4545505f414c4c;0;0;0;0;",1,"remaining post-FDE hypothesis 30 has no valid section 5.9 bound: dual-channel PL bound: channel history_eliminated_detector_only has no symmetric PSD certificate: rank transition interval is numerically indeterminate;ACTION_OPERATION_IDENTITY=ACTION_OPERATION_V1|0;0;0;0;0;0;0;0:;0:;0;"
2100000000,42,1,"ACTION_SEARCH_OCCURRENCE_V1","ACTION_OCCURRENCE_V1|action=1|duplicate_index=0|operation=ACTION_SEMANTICS_V1|42:414354494f4e5f4f5045524154494f4e5f56317c303b303b303b303b303b303b303b303a3b303a3b303b;1;8:4b4545505f414c4c;0;0;0;0;","","","",0,0,1,1,0.582271,271.19,165,169,395084,1769.69,4e-05,inf,inf,0,410.645,"GENERATED_ACTION_SNAPSHOT_V1|1;137:414354494f4e5f53454d414e544943535f56317c34323a3431343335343439346634653566346635303435353234313534343934663465356635363331376333303362333033623330336233303362333033623330336233303362333033613362333033613362333033623b313b383a346234353435353035663431346334633b303b303b303b303b;42:414354494f4e5f4f5045524154494f4e5f56317c303b303b303b303b303b303b303b303a3b303a3b303b;","PLANNED_EVALUATION;operation_identity=ACTION_OPERATION_V1|0;0;0;0;0;0;0;0:;0:;0;;semantic_identity=ACTION_SEMANTICS_V1|42:414354494f4e5f4f5045524154494f4e5f56317c303b303b303b303b303b303b303b303a3b303a3b303b;1;8:4b4545505f414c4c;0;0;0;0;",1,"remaining post-FDE hypothesis 30 has no valid section 5.9 bound: dual-channel PL bound: channel history_eliminated_detector_only has no symmetric PSD certificate: rank transition interval is numerically indeterminate;ACTION_OPERATION_IDENTITY=ACTION_OPERATION_V1|0;0;0;0;0;0;0;0:;0:;0;"
2150000000,43,1,"ACTION_SEARCH_OCCURRENCE_V1","ACTION_OCCURRENCE_V1|action=1|duplicate_index=0|operation=ACTION_SEMANTICS_V1|42:414354494f4e5f4f5045524154494f4e5f56317c303b303b303b303b303b303b303b303a3b303a3b303b;1;8:4b4545505f414c4c;0;0;0;0;","","","",0,0,1,1,0.572122,271.19,165,169,399942,1769.65,4e-05,inf,inf,0,410.264,"GENERATED_ACTION_SNAPSHOT_V1|1;137:414354494f4e5f53454d414e544943535f56317c34323a3431343335343439346634653566346635303435353234313534343934663465356635363331376333303362333033623330336233303362333033623330336233303362333033613362333033613362333033623b313b383a346234353435353035663431346334633b303b303b303b303b;42:414354494f4e5f4f5045524154494f4e5f56317c303b303b303b303b303b303b303b303a3b303a3b303b;","PLANNED_EVALUATION;operation_identity=ACTION_OPERATION_V1|0;0;0;0;0;0;0;0:;0:;0;;semantic_identity=ACTION_SEMANTICS_V1|42:414354494f4e5f4f5045524154494f4e5f56317c303b303b303b303b303b303b303b303a3b303a3b303b;1;8:4b4545505f414c4c;0;0;0;0;",1,"remaining post-FDE hypothesis 30 has no valid section 5.9 bound: dual-channel PL bound: channel history_eliminated_detector_only has no symmetric PSD certificate: rank transition interval is numerically indeterminate;ACTION_OPERATION_IDENTITY=ACTION_OPERATION_V1|0;0;0;0;0;0;0;0:;0:;0;"
2200000000,44,1,"ACTION_SEARCH_OCCURRENCE_V1","ACTION_OCCURRENCE_V1|action=1|duplicate_index=0|operation=ACTION_SEMANTICS_V1|42:414354494f4e5f4f5045524154494f4e5f56317c303b303b303b303b303b303b303b303a3b303a3b303b;1;8:4b4545505f414c4c;0;0;0;0;","","","",0,0,1,1,0.587753,271.19,165,169,405792,1769.61,4e-05,inf,inf,0,421.128,"GENERATED_ACTION_SNAPSHOT_V1|1;137:414354494f4e5f53454d414e544943535f56317c34323a3431343335343439346634653566346635303435353234313534343934663465356635363331376333303362333033623330336233303362333033623330336233303362333033613362333033613362333033623b313b383a346234353435353035663431346334633b303b303b303b303b;42:414354494f4e5f4f5045524154494f4e5f56317c303b303b303b303b303b303b303b303a3b303a3b303b;","PLANNED_EVALUATION;operation_identity=ACTION_OPERATION_V1|0;0;0;0;0;0;0;0:;0:;0;;semantic_identity=ACTION_SEMANTICS_V1|42:414354494f4e5f4f5045524154494f4e5f56317c303b303b303b303b303b303b303b303a3b303a3b303b;1;8:4b4545505f414c4c;0;0;0;0;",1,"remaining post-FDE hypothesis 30 has no valid section 5.9 bound: dual-channel PL bound: channel history_eliminated_detector_only has no symmetric PSD certificate: rank transition interval is numerically indeterminate;ACTION_OPERATION_IDENTITY=ACTION_OPERATION_V1|0;0;0;0;0;0;0;0:;0:;0;"
2250000000,45,1,"ACTION_SEARCH_OCCURRENCE_V1","ACTION_OCCURRENCE_V1|action=1|duplicate_index=0|operation=ACTION_SEMANTICS_V1|42:414354494f4e5f4f5045524154494f4e5f56317c303b303b303b303b303b303b303b303a3b303a3b303b;1;8:4b4545505f414c4c;0;0;0;0;","","","",0,0,1,1,0.577589,271.19,165,169,410543,1769.61,4e-05,inf,inf,0,412.11,"GENERATED_ACTION_SNAPSHOT_V1|1;137:414354494f4e5f53454d414e544943535f56317c34323a3431343335343439346634653566346635303435353234313534343934663465356635363331376333303362333033623330336233303362333033623330336233303362333033613362333033613362333033623b313b383a346234353435353035663431346334633b303b303b303b303b;42:414354494f4e5f4f5045524154494f4e5f56317c303b303b303b303b303b303b303b303a3b303a3b303b;","PLANNED_EVALUATION;operation_identity=ACTION_OPERATION_V1|0;0;0;0;0;0;0;0:;0:;0;;semantic_identity=ACTION_SEMANTICS_V1|42:414354494f4e5f4f5045524154494f4e5f56317c303b303b303b303b303b303b303b303a3b303a3b303b;1;8:4b4545505f414c4c;0;0;0;0;",1,"remaining post-FDE hypothesis 30 has no valid section 5.9 bound: dual-channel PL bound: channel history_eliminated_detector_only has no symmetric PSD certificate: rank transition interval is numerically indeterminate;ACTION_OPERATION_IDENTITY=ACTION_OPERATION_V1|0;0;0;0;0;0;0;0:;0:;0;"
2300000000,46,1,"ACTION_SEARCH_OCCURRENCE_V1","ACTION_OCCURRENCE_V1|action=1|duplicate_index=0|operation=ACTION_SEMANTICS_V1|42:414354494f4e5f4f5045524154494f4e5f56317c303b303b303b303b303b303b303b303a3b303a3b303b;1;8:4b4545505f414c4c;0;0;0;0;","","","",0,0,1,1,0.569385,271.19,165,169,416306,1769.55,4e-05,inf,inf,0,414.635,"GENERATED_ACTION_SNAPSHOT_V1|1;137:414354494f4e5f53454d414e544943535f56317c34323a3431343335343439346634653566346635303435353234313534343934663465356635363331376333303362333033623330336233303362333033623330336233303362333033613362333033613362333033623b313b383a346234353435353035663431346334633b303b303b303b303b;42:414354494f4e5f4f5045524154494f4e5f56317c303b303b303b303b303b303b303b303a3b303a3b303b;","PLANNED_EVALUATION;operation_identity=ACTION_OPERATION_V1|0;0;0;0;0;0;0;0:;0:;0;;semantic_identity=ACTION_SEMANTICS_V1|42:414354494f4e5f4f5045524154494f4e5f56317c303b303b303b303b303b303b303b303a3b303a3b303b;1;8:4b4545505f414c4c;0;0;0;0;",1,"remaining post-FDE hypothesis 30 has no valid section 5.9 bound: dual-channel PL bound: channel history_eliminated_detector_only has no symmetric PSD certificate: rank transition interval is numerically indeterminate;ACTION_OPERATION_IDENTITY=ACTION_OPERATION_V1|0;0;0;0;0;0;0;0:;0:;0;"
2350000000,47,1,"ACTION_SEARCH_OCCURRENCE_V1","ACTION_OCCURRENCE_V1|action=1|duplicate_index=0|operation=ACTION_SEMANTICS_V1|42:414354494f4e5f4f5045524154494f4e5f56317c303b303b303b303b303b303b303b303a3b303a3b303b;1;8:4b4545505f414c4c;0;0;0;0;","","","",0,0,1,1,0.558844,271.19,165,169,420882,1769.52,4e-05,inf,inf,0,415.859,"GENERATED_ACTION_SNAPSHOT_V1|1;137:414354494f4e5f53454d414e544943535f56317c34323a3431343335343439346634653566346635303435353234313534343934663465356635363331376333303362333033623330336233303362333033623330336233303362333033613362333033613362333033623b313b383a346234353435353035663431346334633b303b303b303b303b;42:414354494f4e5f4f5045524154494f4e5f56317c303b303b303b303b303b303b303b303a3b303a3b303b;","PLANNED_EVALUATION;operation_identity=ACTION_OPERATION_V1|0;0;0;0;0;0;0;0:;0:;0;;semantic_identity=ACTION_SEMANTICS_V1|42:414354494f4e5f4f5045524154494f4e5f56317c303b303b303b303b303b303b303b303a3b303a3b303b;1;8:4b4545505f414c4c;0;0;0;0;",1,"remaining post-FDE hypothesis 30 has no valid section 5.9 bound: dual-channel PL bound: channel history_eliminated_detector_only has no symmetric PSD certificate: rank transition interval is numerically indeterminate;ACTION_OPERATION_IDENTITY=ACTION_OPERATION_V1|0;0;0;0;0;0;0;0:;0:;0;"
2400000000,48,1,"ACTION_SEARCH_OCCURRENCE_V1","ACTION_OCCURRENCE_V1|action=1|duplicate_index=0|operation=ACTION_SEMANTICS_V1|42:414354494f4e5f4f5045524154494f4e5f56317c303b303b303b303b303b303b303b303a3b303a3b303b;1;8:4b4545505f414c4c;0;0;0;0;","","","",0,0,1,1,0.543807,271.19,165,169,426320,1769.51,4e-05,inf,inf,0,411.305,"GENERATED_ACTION_SNAPSHOT_V1|1;137:414354494f4e5f53454d414e544943535f56317c34323a3431343335343439346634653566346635303435353234313534343934663465356635363331376333303362333033623330336233303362333033623330336233303362333033613362333033613362333033623b313b383a346234353435353035663431346334633b303b303b303b303b;42:414354494f4e5f4f5045524154494f4e5f56317c303b303b303b303b303b303b303b303a3b303a3b303b;","PLANNED_EVALUATION;operation_identity=ACTION_OPERATION_V1|0;0;0;0;0;0;0;0:;0:;0;;semantic_identity=ACTION_SEMANTICS_V1|42:414354494f4e5f4f5045524154494f4e5f56317c303b303b303b303b303b303b303b303a3b303a3b303b;1;8:4b4545505f414c4c;0;0;0;0;",1,"remaining post-FDE hypothesis 30 has no valid section 5.9 bound: dual-channel PL bound: channel history_eliminated_detector_only has no symmetric PSD certificate: rank transition interval is numerically indeterminate;ACTION_OPERATION_IDENTITY=ACTION_OPERATION_V1|0;0;0;0;0;0;0;0:;0:;0;"
2450000000,49,1,"ACTION_SEARCH_OCCURRENCE_V1","ACTION_OCCURRENCE_V1|action=1|duplicate_index=0|operation=ACTION_SEMANTICS_V1|42:414354494f4e5f4f5045524154494f4e5f56317c303b303b303b303b303b303b303b303a3b303a3b303b;1;8:4b4545505f414c4c;0;0;0;0;","","","",0,0,1,1,0.544948,271.19,165,169,431499,1769.5,4e-05,inf,inf,0,410.27,"GENERATED_ACTION_SNAPSHOT_V1|1;137:414354494f4e5f53454d414e544943535f56317c34323a3431343335343439346634653566346635303435353234313534343934663465356635363331376333303362333033623330336233303362333033623330336233303362333033613362333033613362333033623b313b383a346234353435353035663431346334633b303b303b303b303b;42:414354494f4e5f4f5045524154494f4e5f56317c303b303b303b303b303b303b303b303a3b303a3b303b;","PLANNED_EVALUATION;operation_identity=ACTION_OPERATION_V1|0;0;0;0;0;0;0;0:;0:;0;;semantic_identity=ACTION_SEMANTICS_V1|42:414354494f4e5f4f5045524154494f4e5f56317c303b303b303b303b303b303b303b303a3b303a3b303b;1;8:4b4545505f414c4c;0;0;0;0;",1,"remaining post-FDE hypothesis 30 has no valid section 5.9 bound: dual-channel PL bound: channel history_eliminated_detector_only has no symmetric PSD certificate: rank transition interval is numerically indeterminate;ACTION_OPERATION_IDENTITY=ACTION_OPERATION_V1|0;0;0;0;0;0;0;0:;0:;0;"
2500000000,50,1,"ACTION_SEARCH_OCCURRENCE_V1","ACTION_OCCURRENCE_V1|action=1|duplicate_index=0|operation=ACTION_SEMANTICS_V1|42:414354494f4e5f4f5045524154494f4e5f56317c303b303b303b303b303b303b303b303a3b303a3b303b;1;8:4b4545505f414c4c;0;0;0;0;","","","",0,0,1,1,0.548004,271.19,165,169,435768,1769.46,4e-05,inf,inf,0,413.804,"GENERATED_ACTION_SNAPSHOT_V1|1;137:414354494f4e5f53454d414e544943535f56317c34323a3431343335343439346634653566346635303435353234313534343934663465356635363331376333303362333033623330336233303362333033623330336233303362333033613362333033613362333033623b313b383a346234353435353035663431346334633b303b303b303b303b;42:414354494f4e5f4f5045524154494f4e5f56317c303b303b303b303b303b303b303b303a3b303a3b303b;","PLANNED_EVALUATION;operation_identity=ACTION_OPERATION_V1|0;0;0;0;0;0;0;0:;0:;0;;semantic_identity=ACTION_SEMANTICS_V1|42:414354494f4e5f4f5045524154494f4e5f56317c303b303b303b303b303b303b303b303a3b303a3b303b;1;8:4b4545505f414c4c;0;0;0;0;",1,"remaining post-FDE hypothesis 30 has no valid section 5.9 bound: dual-channel PL bound: channel history_eliminated_detector_only has no symmetric PSD certificate: rank transition interval is numerically indeterminate;ACTION_OPERATION_IDENTITY=ACTION_OPERATION_V1|0;0;0;0;0;0;0;0:;0:;0;"
2550000000,51,1,"ACTION_SEARCH_OCCURRENCE_V1","ACTION_OCCURRENCE_V1|action=1|duplicate_index=0|operation=ACTION_SEMANTICS_V1|42:414354494f4e5f4f5045524154494f4e5f56317c303b303b303b303b303b303b303b303a3b303a3b303b;1;8:4b4545505f414c4c;0;0;0;0;","","","",0,0,1,1,0.547783,271.19,165,169,440812,1769.43,4e-05,inf,inf,0,415.098,"GENERATED_ACTION_SNAPSHOT_V1|1;137:414354494f4e5f53454d414e544943535f56317c34323a3431343335343439346634653566346635303435353234313534343934663465356635363331376333303362333033623330336233303362333033623330336233303362333033613362333033613362333033623b313b383a346234353435353035663431346334633b303b303b303b303b;42:414354494f4e5f4f5045524154494f4e5f56317c303b303b303b303b303b303b303b303a3b303a3b303b;","PLANNED_EVALUATION;operation_identity=ACTION_OPERATION_V1|0;0;0;0;0;0;0;0:;0:;0;;semantic_identity=ACTION_SEMANTICS_V1|42:414354494f4e5f4f5045524154494f4e5f56317c303b303b303b303b303b303b303b303a3b303a3b303b;1;8:4b4545505f414c4c;0;0;0;0;",1,"remaining post-FDE hypothesis 30 has no valid section 5.9 bound: dual-channel PL bound: channel history_eliminated_detector_only has no symmetric PSD certificate: rank transition interval is numerically indeterminate;ACTION_OPERATION_IDENTITY=ACTION_OPERATION_V1|0;0;0;0;0;0;0;0:;0:;0;"
2600000000,52,1,"ACTION_SEARCH_OCCURRENCE_V1","ACTION_OCCURRENCE_V1|action=1|duplicate_index=0|operation=ACTION_SEMANTICS_V1|42:414354494f4e5f4f5045524154494f4e5f56317c303b303b303b303b303b303b303b303a3b303a3b303b;1;8:4b4545505f414c4c;0;0;0;0;","","","",0,0,1,1,0.576711,271.19,165,169,442724,1769.45,4e-05,inf,inf,0,412.431,"GENERATED_ACTION_SNAPSHOT_V1|1;137:414354494f4e5f53454d414e544943535f56317c34323a3431343335343439346634653566346635303435353234313534343934663465356635363331376333303362333033623330336233303362333033623330336233303362333033613362333033613362333033623b313b383a346234353435353035663431346334633b303b303b303b303b;42:414354494f4e5f4f5045524154494f4e5f56317c303b303b303b303b303b303b303b303a3b303a3b303b;","PLANNED_EVALUATION;operation_identity=ACTION_OPERATION_V1|0;0;0;0;0;0;0;0:;0:;0;;semantic_identity=ACTION_SEMANTICS_V1|42:414354494f4e5f4f5045524154494f4e5f56317c303b303b303b303b303b303b303b303a3b303a3b303b;1;8:4b4545505f414c4c;0;0;0;0;",1,"remaining post-FDE hypothesis 30 has no valid section 5.9 bound: dual-channel PL bound: channel history_eliminated_detector_only has no symmetric PSD certificate: rank transition interval is numerically indeterminate;ACTION_OPERATION_IDENTITY=ACTION_OPERATION_V1|0;0;0;0;0;0;0;0:;0:;0;"
2650000000,53,1,"ACTION_SEARCH_OCCURRENCE_V1","ACTION_OCCURRENCE_V1|action=1|duplicate_index=0|operation=ACTION_SEMANTICS_V1|42:414354494f4e5f4f5045524154494f4e5f56317c303b303b303b303b303b303b303b303a3b303a3b303b;1;8:4b4545505f414c4c;0;0;0;0;","","","",0,0,1,1,0.573796,271.19,165,169,448665,1769.45,4e-05,inf,inf,0,416.401,"GENERATED_ACTION_SNAPSHOT_V1|1;137:414354494f4e5f53454d414e544943535f56317c34323a3431343335343439346634653566346635303435353234313534343934663465356635363331376333303362333033623330336233303362333033623330336233303362333033613362333033613362333033623b313b383a346234353435353035663431346334633b303b303b303b303b;42:414354494f4e5f4f5045524154494f4e5f56317c303b303b303b303b303b303b303b303a3b303a3b303b;","PLANNED_EVALUATION;operation_identity=ACTION_OPERATION_V1|0;0;0;0;0;0;0;0:;0:;0;;semantic_identity=ACTION_SEMANTICS_V1|42:414354494f4e5f4f5045524154494f4e5f56317c303b303b303b303b303b303b303b303a3b303a3b303b;1;8:4b4545505f414c4c;0;0;0;0;",1,"remaining post-FDE hypothesis 30 has no valid section 5.9 bound: dual-channel PL bound: channel history_eliminated_detector_only has no symmetric PSD certificate: rank transition interval is numerically indeterminate;ACTION_OPERATION_IDENTITY=ACTION_OPERATION_V1|0;0;0;0;0;0;0;0:;0:;0;"
2700000000,54,1,"ACTION_SEARCH_OCCURRENCE_V1","ACTION_OCCURRENCE_V1|action=1|duplicate_index=0|operation=ACTION_SEMANTICS_V1|42:414354494f4e5f4f5045524154494f4e5f56317c303b303b303b303b303b303b303b303a3b303a3b303b;1;8:4b4545505f414c4c;0;0;0;0;","","","",0,0,1,1,0.600812,271.19,165,169,452602,1769.4,4e-05,inf,inf,0,388.443,"GENERATED_ACTION_SNAPSHOT_V1|1;137:414354494f4e5f53454d414e544943535f56317c34323a3431343335343439346634653566346635303435353234313534343934663465356635363331376333303362333033623330336233303362333033623330336233303362333033613362333033613362333033623b313b383a346234353435353035663431346334633b303b303b303b303b;42:414354494f4e5f4f5045524154494f4e5f56317c303b303b303b303b303b303b303b303a3b303a3b303b;","PLANNED_EVALUATION;operation_identity=ACTION_OPERATION_V1|0;0;0;0;0;0;0;0:;0:;0;;semantic_identity=ACTION_SEMANTICS_V1|42:414354494f4e5f4f5045524154494f4e5f56317c303b303b303b303b303b303b303b303a3b303a3b303b;1;8:4b4545505f414c4c;0;0;0;0;",1,"remaining post-FDE hypothesis 30 has no valid section 5.9 bound: dual-channel PL bound: channel history_eliminated_detector_only has no symmetric PSD certificate: rank transition interval is numerically indeterminate;ACTION_OPERATION_IDENTITY=ACTION_OPERATION_V1|0;0;0;0;0;0;0;0:;0:;0;"
2750000000,55,1,"ACTION_SEARCH_OCCURRENCE_V1","ACTION_OCCURRENCE_V1|action=1|duplicate_index=0|operation=ACTION_SEMANTICS_V1|42:414354494f4e5f4f5045524154494f4e5f56317c303b303b303b303b303b303b303b303a3b303a3b303b;1;8:4b4545505f414c4c;0;0;0;0;","","","",0,0,1,1,0.586341,271.19,165,169,455640,1769.37,4e-05,inf,inf,0,413,"GENERATED_ACTION_SNAPSHOT_V1|1;137:414354494f4e5f53454d414e544943535f56317c34323a3431343335343439346634653566346635303435353234313534343934663465356635363331376333303362333033623330336233303362333033623330336233303362333033613362333033613362333033623b313b383a346234353435353035663431346334633b303b303b303b303b;42:414354494f4e5f4f5045524154494f4e5f56317c303b303b303b303b303b303b303b303a3b303a3b303b;","PLANNED_EVALUATION;operation_identity=ACTION_OPERATION_V1|0;0;0;0;0;0;0;0:;0:;0;;semantic_identity=ACTION_SEMANTICS_V1|42:414354494f4e5f4f5045524154494f4e5f56317c303b303b303b303b303b303b303b303a3b303a3b303b;1;8:4b4545505f414c4c;0;0;0;0;",1,"remaining post-FDE hypothesis 30 has no valid section 5.9 bound: dual-channel PL bound: channel history_eliminated_detector_only has no symmetric PSD certificate: rank transition interval is numerically indeterminate;ACTION_OPERATION_IDENTITY=ACTION_OPERATION_V1|0;0;0;0;0;0;0;0:;0:;0;"
2800000000,56,1,"ACTION_SEARCH_OCCURRENCE_V1","ACTION_OCCURRENCE_V1|action=1|duplicate_index=0|operation=ACTION_SEMANTICS_V1|42:414354494f4e5f4f5045524154494f4e5f56317c303b303b303b303b303b303b303b303a3b303a3b303b;1;8:4b4545505f414c4c;0;0;0;0;","","","",0,0,1,1,0.604667,271.19,165,169,458073,1769.35,4e-05,inf,inf,0,407.675,"GENERATED_ACTION_SNAPSHOT_V1|1;137:414354494f4e5f53454d414e544943535f56317c34323a3431343335343439346634653566346635303435353234313534343934663465356635363331376333303362333033623330336233303362333033623330336233303362333033613362333033613362333033623b313b383a346234353435353035663431346334633b303b303b303b303b;42:414354494f4e5f4f5045524154494f4e5f56317c303b303b303b303b303b303b303b303a3b303a3b303b;","PLANNED_EVALUATION;operation_identity=ACTION_OPERATION_V1|0;0;0;0;0;0;0;0:;0:;0;;semantic_identity=ACTION_SEMANTICS_V1|42:414354494f4e5f4f5045524154494f4e5f56317c303b303b303b303b303b303b303b303a3b303a3b303b;1;8:4b4545505f414c4c;0;0;0;0;",1,"remaining post-FDE hypothesis 30 has no valid section 5.9 bound: dual-channel PL bound: channel history_eliminated_detector_only has no symmetric PSD certificate: rank transition interval is numerically indeterminate;ACTION_OPERATION_IDENTITY=ACTION_OPERATION_V1|0;0;0;0;0;0;0;0:;0:;0;"
2850000000,57,1,"ACTION_SEARCH_OCCURRENCE_V1","ACTION_OCCURRENCE_V1|action=1|duplicate_index=0|operation=ACTION_SEMANTICS_V1|42:414354494f4e5f4f5045524154494f4e5f56317c303b303b303b303b303b303b303b303a3b303a3b303b;1;8:4b4545505f414c4c;0;0;0;0;","","","",0,0,1,1,0.608463,271.19,165,169,464320,1769.32,4e-05,inf,inf,0,406.622,"GENERATED_ACTION_SNAPSHOT_V1|1;137:414354494f4e5f53454d414e544943535f56317c34323a3431343335343439346634653566346635303435353234313534343934663465356635363331376333303362333033623330336233303362333033623330336233303362333033613362333033613362333033623b313b383a346234353435353035663431346334633b303b303b303b303b;42:414354494f4e5f4f5045524154494f4e5f56317c303b303b303b303b303b303b303b303a3b303a3b303b;","PLANNED_EVALUATION;operation_identity=ACTION_OPERATION_V1|0;0;0;0;0;0;0;0:;0:;0;;semantic_identity=ACTION_SEMANTICS_V1|42:414354494f4e5f4f5045524154494f4e5f56317c303b303b303b303b303b303b303b303a3b303a3b303b;1;8:4b4545505f414c4c;0;0;0;0;",1,"remaining post-FDE hypothesis 30 has no valid section 5.9 bound: dual-channel PL bound: channel history_eliminated_detector_only has no symmetric PSD certificate: rank transition interval is numerically indeterminate;ACTION_OPERATION_IDENTITY=ACTION_OPERATION_V1|0;0;0;0;0;0;0;0:;0:;0;"
2900000000,58,1,"ACTION_SEARCH_OCCURRENCE_V1","ACTION_OCCURRENCE_V1|action=1|duplicate_index=0|operation=ACTION_SEMANTICS_V1|42:414354494f4e5f4f5045524154494f4e5f56317c303b303b303b303b303b303b303b303a3b303a3b303b;1;8:4b4545505f414c4c;0;0;0;0;","","","",0,0,1,1,0.61145,271.19,165,169,466121,1769.32,4e-05,inf,inf,0,410.787,"GENERATED_ACTION_SNAPSHOT_V1|1;137:414354494f4e5f53454d414e544943535f56317c34323a3431343335343439346634653566346635303435353234313534343934663465356635363331376333303362333033623330336233303362333033623330336233303362333033613362333033613362333033623b313b383a346234353435353035663431346334633b303b303b303b303b;42:414354494f4e5f4f5045524154494f4e5f56317c303b303b303b303b303b303b303b303a3b303a3b303b;","PLANNED_EVALUATION;operation_identity=ACTION_OPERATION_V1|0;0;0;0;0;0;0;0:;0:;0;;semantic_identity=ACTION_SEMANTICS_V1|42:414354494f4e5f4f5045524154494f4e5f56317c303b303b303b303b303b303b303b303a3b303a3b303b;1;8:4b4545505f414c4c;0;0;0;0;",1,"remaining post-FDE hypothesis 30 has no valid section 5.9 bound: dual-channel PL bound: channel history_eliminated_detector_only has no symmetric PSD certificate: rank transition interval is numerically indeterminate;ACTION_OPERATION_IDENTITY=ACTION_OPERATION_V1|0;0;0;0;0;0;0;0:;0:;0;"
2950000000,59,1,"ACTION_SEARCH_OCCURRENCE_V1","ACTION_OCCURRENCE_V1|action=1|duplicate_index=0|operation=ACTION_SEMANTICS_V1|42:414354494f4e5f4f5045524154494f4e5f56317c303b303b303b303b303b303b303b303a3b303a3b303b;1;8:4b4545505f414c4c;0;0;0;0;","","","",0,0,1,1,0.618513,271.19,165,169,469957,1769.33,4e-05,inf,inf,0,412.239,"GENERATED_ACTION_SNAPSHOT_V1|1;137:414354494f4e5f53454d414e544943535f56317c34323a3431343335343439346634653566346635303435353234313534343934663465356635363331376333303362333033623330336233303362333033623330336233303362333033613362333033613362333033623b313b383a346234353435353035663431346334633b303b303b303b303b;42:414354494f4e5f4f5045524154494f4e5f56317c303b303b303b303b303b303b303b303a3b303a3b303b;","PLANNED_EVALUATION;operation_identity=ACTION_OPERATION_V1|0;0;0;0;0;0;0;0:;0:;0;;semantic_identity=ACTION_SEMANTICS_V1|42:414354494f4e5f4f5045524154494f4e5f56317c303b303b303b303b303b303b303b303a3b303a3b303b;1;8:4b4545505f414c4c;0;0;0;0;",1,"remaining post-FDE hypothesis 30 has no valid section 5.9 bound: dual-channel PL bound: channel history_eliminated_detector_only has no symmetric PSD certificate: rank transition interval is numerically indeterminate;ACTION_OPERATION_IDENTITY=ACTION_OPERATION_V1|0;0;0;0;0;0;0;0:;0:;0;"
3000000000,60,1,"ACTION_SEARCH_OCCURRENCE_V1","ACTION_OCCURRENCE_V1|action=1|duplicate_index=0|operation=ACTION_SEMANTICS_V1|42:414354494f4e5f4f5045524154494f4e5f56317c303b303b303b303b303b303b303b303a3b303a3b303b;1;8:4b4545505f414c4c;0;0;0;0;","","","",0,0,1,1,0.624066,271.19,165,169,474999,1769.28,4e-05,inf,inf,0,411.249,"GENERATED_ACTION_SNAPSHOT_V1|1;137:414354494f4e5f53454d414e544943535f56317c34323a3431343335343439346634653566346635303435353234313534343934663465356635363331376333303362333033623330336233303362333033623330336233303362333033613362333033613362333033623b313b383a346234353435353035663431346334633b303b303b303b303b;42:414354494f4e5f4f5045524154494f4e5f56317c303b303b303b303b303b303b303b303a3b303a3b303b;","PLANNED_EVALUATION;operation_identity=ACTION_OPERATION_V1|0;0;0;0;0;0;0;0:;0:;0;;semantic_identity=ACTION_SEMANTICS_V1|42:414354494f4e5f4f5045524154494f4e5f56317c303b303b303b303b303b303b303b303a3b303a3b303b;1;8:4b4545505f414c4c;0;0;0;0;",1,"remaining post-FDE hypothesis 30 has no valid section 5.9 bound: dual-channel PL bound: channel history_eliminated_detector_only has no symmetric PSD certificate: rank transition interval is numerically indeterminate;ACTION_OPERATION_IDENTITY=ACTION_OPERATION_V1|0;0;0;0;0;0;0;0:;0:;0;"
3050000000,61,1,"ACTION_SEARCH_OCCURRENCE_V1","ACTION_OCCURRENCE_V1|action=1|duplicate_index=0|operation=ACTION_SEMANTICS_V1|42:414354494f4e5f4f5045524154494f4e5f56317c303b303b303b303b303b303b303b303a3b303a3b303b;1;8:4b4545505f414c4c;0;0;0;0;","","","",0,0,1,1,0.629194,271.19,165,169,475029,1769.31,4e-05,inf,inf,0,414.364,"GENERATED_ACTION_SNAPSHOT_V1|1;137:414354494f4e5f53454d414e544943535f56317c34323a3431343335343439346634653566346635303435353234313534343934663465356635363331376333303362333033623330336233303362333033623330336233303362333033613362333033613362333033623b313b383a346234353435353035663431346334633b303b303b303b303b;42:414354494f4e5f4f5045524154494f4e5f56317c303b303b303b303b303b303b303b303a3b303a3b303b;","PLANNED_EVALUATION;operation_identity=ACTION_OPERATION_V1|0;0;0;0;0;0;0;0:;0:;0;;semantic_identity=ACTION_SEMANTICS_V1|42:414354494f4e5f4f5045524154494f4e5f56317c303b303b303b303b303b303b303b303a3b303a3b303b;1;8:4b4545505f414c4c;0;0;0;0;",1,"remaining post-FDE hypothesis 30 has no valid section 5.9 bound: dual-channel PL bound: channel history_eliminated_detector_only has no symmetric PSD certificate: rank transition interval is numerically indeterminate;ACTION_OPERATION_IDENTITY=ACTION_OPERATION_V1|0;0;0;0;0;0;0;0:;0:;0;"
3100000000,62,1,"ACTION_SEARCH_OCCURRENCE_V1","ACTION_OCCURRENCE_V1|action=1|duplicate_index=0|operation=ACTION_SEMANTICS_V1|42:414354494f4e5f4f5045524154494f4e5f56317c303b303b303b303b303b303b303b303a3b303a3b303b;1;8:4b4545505f414c4c;0;0;0;0;","","","",0,0,1,1,0.628923,271.19,165,169,481172,1769.26,4e-05,inf,inf,0,424.07,"GENERATED_ACTION_SNAPSHOT_V1|1;137:414354494f4e5f53454d414e544943535f56317c34323a3431343335343439346634653566346635303435353234313534343934663465356635363331376333303362333033623330336233303362333033623330336233303362333033613362333033613362333033623b313b383a346234353435353035663431346334633b303b303b303b303b;42:414354494f4e5f4f5045524154494f4e5f56317c303b303b303b303b303b303b303b303a3b303a3b303b;","PLANNED_EVALUATION;operation_identity=ACTION_OPERATION_V1|0;0;0;0;0;0;0;0:;0:;0;;semantic_identity=ACTION_SEMANTICS_V1|42:414354494f4e5f4f5045524154494f4e5f56317c303b303b303b303b303b303b303b303a3b303a3b303b;1;8:4b4545505f414c4c;0;0;0;0;",1,"remaining post-FDE hypothesis 30 has no valid section 5.9 bound: dual-channel PL bound: channel history_eliminated_detector_only has no symmetric PSD certificate: rank transition interval is numerically indeterminate;ACTION_OPERATION_IDENTITY=ACTION_OPERATION_V1|0;0;0;0;0;0;0;0:;0:;0;"
3150000000,63,1,"ACTION_SEARCH_OCCURRENCE_V1","ACTION_OCCURRENCE_V1|action=1|duplicate_index=0|operation=ACTION_SEMANTICS_V1|42:414354494f4e5f4f5045524154494f4e5f56317c303b303b303b303b303b303b303b303a3b303a3b303b;1;8:4b4545505f414c4c;0;0;0;0;","","","",0,0,1,1,0.632185,271.19,165,169,484743,1769.24,4e-05,inf,inf,0,404.614,"GENERATED_ACTION_SNAPSHOT_V1|1;137:414354494f4e5f53454d414e544943535f56317c34323a3431343335343439346634653566346635303435353234313534343934663465356635363331376333303362333033623330336233303362333033623330336233303362333033613362333033613362333033623b313b383a346234353435353035663431346334633b303b303b303b303b;42:414354494f4e5f4f5045524154494f4e5f56317c303b303b303b303b303b303b303b303a3b303a3b303b;","PLANNED_EVALUATION;operation_identity=ACTION_OPERATION_V1|0;0;0;0;0;0;0;0:;0:;0;;semantic_identity=ACTION_SEMANTICS_V1|42:414354494f4e5f4f5045524154494f4e5f56317c303b303b303b303b303b303b303b303a3b303a3b303b;1;8:4b4545505f414c4c;0;0;0;0;",1,"remaining post-FDE hypothesis 30 has no valid section 5.9 bound: dual-channel PL bound: channel history_eliminated_detector_only has no symmetric PSD certificate: rank transition interval is numerically indeterminate;ACTION_OPERATION_IDENTITY=ACTION_OPERATION_V1|0;0;0;0;0;0;0;0:;0:;0;"
3200000000,64,1,"ACTION_SEARCH_OCCURRENCE_V1","ACTION_OCCURRENCE_V1|action=1|duplicate_index=0|operation=ACTION_SEMANTICS_V1|42:414354494f4e5f4f5045524154494f4e5f56317c303b303b303b303b303b303b303b303a3b303a3b303b;1;8:4b4545505f414c4c;0;0;0;0;","","","",0,0,1,1,0.62535,271.19,165,169,489187,1769.23,4e-05,inf,inf,0,410.441,"GENERATED_ACTION_SNAPSHOT_V1|1;137:414354494f4e5f53454d414e544943535f56317c34323a3431343335343439346634653566346635303435353234313534343934663465356635363331376333303362333033623330336233303362333033623330336233303362333033613362333033613362333033623b313b383a346234353435353035663431346334633b303b303b303b303b;42:414354494f4e5f4f5045524154494f4e5f56317c303b303b303b303b303b303b303b303a3b303a3b303b;","PLANNED_EVALUATION;operation_identity=ACTION_OPERATION_V1|0;0;0;0;0;0;0;0:;0:;0;;semantic_identity=ACTION_SEMANTICS_V1|42:414354494f4e5f4f5045524154494f4e5f56317c303b303b303b303b303b303b303b303a3b303a3b303b;1;8:4b4545505f414c4c;0;0;0;0;",1,"remaining post-FDE hypothesis 30 has no valid section 5.9 bound: dual-channel PL bound: channel history_eliminated_detector_only has no symmetric PSD certificate: rank transition interval is numerically indeterminate;ACTION_OPERATION_IDENTITY=ACTION_OPERATION_V1|0;0;0;0;0;0;0;0:;0:;0;"
3250000000,65,1,"ACTION_SEARCH_OCCURRENCE_V1","ACTION_OCCURRENCE_V1|action=1|duplicate_index=0|operation=ACTION_SEMANTICS_V1|42:414354494f4e5f4f5045524154494f4e5f56317c303b303b303b303b303b303b303b303a3b303a3b303b;1;8:4b4545505f414c4c;0;0;0;0;","","","",0,0,1,1,0.60663,271.19,165,169,493660,1769.24,4e-05,inf,inf,0,413.968,"GENERATED_ACTION_SNAPSHOT_V1|1;137:414354494f4e5f53454d414e544943535f56317c34323a3431343335343439346634653566346635303435353234313534343934663465356635363331376333303362333033623330336233303362333033623330336233303362333033613362333033613362333033623b313b383a346234353435353035663431346334633b303b303b303b303b;42:414354494f4e5f4f5045524154494f4e5f56317c303b303b303b303b303b303b303b303a3b303a3b303b;","PLANNED_EVALUATION;operation_identity=ACTION_OPERATION_V1|0;0;0;0;0;0;0;0:;0:;0;;semantic_identity=ACTION_SEMANTICS_V1|42:414354494f4e5f4f5045524154494f4e5f56317c303b303b303b303b303b303b303b303a3b303a3b303b;1;8:4b4545505f414c4c;0;0;0;0;",1,"remaining post-FDE hypothesis 30 has no valid section 5.9 bound: dual-channel PL bound: channel history_eliminated_detector_only has no symmetric PSD certificate: rank transition interval is numerically indeterminate;ACTION_OPERATION_IDENTITY=ACTION_OPERATION_V1|0;0;0;0;0;0;0;0:;0:;0;"
3300000000,66,1,"ACTION_SEARCH_OCCURRENCE_V1","ACTION_OCCURRENCE_V1|action=1|duplicate_index=0|operation=ACTION_SEMANTICS_V1|42:414354494f4e5f4f5045524154494f4e5f56317c303b303b303b303b303b303b303b303a3b303a3b303b;1;8:4b4545505f414c4c;0;0;0;0;","","","",0,0,1,1,0.602721,271.19,165,169,493184,1769.22,4e-05,inf,inf,0,411.936,"GENERATED_ACTION_SNAPSHOT_V1|1;137:414354494f4e5f53454d414e544943535f56317c34323a3431343335343439346634653566346635303435353234313534343934663465356635363331376333303362333033623330336233303362333033623330336233303362333033613362333033613362333033623b313b383a346234353435353035663431346334633b303b303b303b303b;42:414354494f4e5f4f5045524154494f4e5f56317c303b303b303b303b303b303b303b303a3b303a3b303b;","PLANNED_EVALUATION;operation_identity=ACTION_OPERATION_V1|0;0;0;0;0;0;0;0:;0:;0;;semantic_identity=ACTION_SEMANTICS_V1|42:414354494f4e5f4f5045524154494f4e5f56317c303b303b303b303b303b303b303b303a3b303a3b303b;1;8:4b4545505f414c4c;0;0;0;0;",1,"remaining post-FDE hypothesis 30 has no valid section 5.9 bound: dual-channel PL bound: channel history_eliminated_detector_only has no symmetric PSD certificate: rank transition interval is numerically indeterminate;ACTION_OPERATION_IDENTITY=ACTION_OPERATION_V1|0;0;0;0;0;0;0;0:;0:;0;"
3350000000,67,1,"ACTION_SEARCH_OCCURRENCE_V1","ACTION_OCCURRENCE_V1|action=1|duplicate_index=0|operation=ACTION_SEMANTICS_V1|42:414354494f4e5f4f5045524154494f4e5f56317c303b303b303b303b303b303b303b303a3b303a3b303b;1;8:4b4545505f414c4c;0;0;0;0;","","","",0,0,1,1,0.569322,271.19,165,169,496685,1769.16,4e-05,inf,inf,0,413.584,"GENERATED_ACTION_SNAPSHOT_V1|1;137:414354494f4e5f53454d414e544943535f56317c34323a3431343335343439346634653566346635303435353234313534343934663465356635363331376333303362333033623330336233303362333033623330336233303362333033613362333033613362333033623b313b383a346234353435353035663431346334633b303b303b303b303b;42:414354494f4e5f4f5045524154494f4e5f56317c303b303b303b303b303b303b303b303a3b303a3b303b;","PLANNED_EVALUATION;operation_identity=ACTION_OPERATION_V1|0;0;0;0;0;0;0;0:;0:;0;;semantic_identity=ACTION_SEMANTICS_V1|42:414354494f4e5f4f5045524154494f4e5f56317c303b303b303b303b303b303b303b303a3b303a3b303b;1;8:4b4545505f414c4c;0;0;0;0;",1,"remaining post-FDE hypothesis 30 has no valid section 5.9 bound: dual-channel PL bound: channel history_eliminated_detector_only has no symmetric PSD certificate: rank transition interval is numerically indeterminate;ACTION_OPERATION_IDENTITY=ACTION_OPERATION_V1|0;0;0;0;0;0;0;0:;0:;0;"
3400000000,68,1,"ACTION_SEARCH_OCCURRENCE_V1","ACTION_OCCURRENCE_V1|action=1|duplicate_index=0|operation=ACTION_SEMANTICS_V1|42:414354494f4e5f4f5045524154494f4e5f56317c303b303b303b303b303b303b303b303a3b303a3b303b;1;8:4b4545505f414c4c;0;0;0;0;","","","",0,0,1,1,0.569056,271.19,165,169,501635,1769.15,4e-05,inf,inf,0,410.68,"GENERATED_ACTION_SNAPSHOT_V1|1;137:414354494f4e5f53454d414e544943535f56317c34323a3431343335343439346634653566346635303435353234313534343934663465356635363331376333303362333033623330336233303362333033623330336233303362333033613362333033613362333033623b313b383a346234353435353035663431346334633b303b303b303b303b;42:414354494f4e5f4f5045524154494f4e5f56317c303b303b303b303b303b303b303b303a3b303a3b303b;","PLANNED_EVALUATION;operation_identity=ACTION_OPERATION_V1|0;0;0;0;0;0;0;0:;0:;0;;semantic_identity=ACTION_SEMANTICS_V1|42:414354494f4e5f4f5045524154494f4e5f56317c303b303b303b303b303b303b303b303a3b303a3b303b;1;8:4b4545505f414c4c;0;0;0;0;",1,"remaining post-FDE hypothesis 30 has no valid section 5.9 bound: dual-channel PL bound: channel history_eliminated_detector_only has no symmetric PSD certificate: rank transition interval is numerically indeterminate;ACTION_OPERATION_IDENTITY=ACTION_OPERATION_V1|0;0;0;0;0;0;0;0:;0:;0;"
3450000000,69,1,"ACTION_SEARCH_OCCURRENCE_V1","ACTION_OCCURRENCE_V1|action=1|duplicate_index=0|operation=ACTION_SEMANTICS_V1|42:414354494f4e5f4f5045524154494f4e5f56317c303b303b303b303b303b303b303b303a3b303a3b303b;1;8:4b4545505f414c4c;0;0;0;0;","","","",0,0,1,1,0.562128,271.19,165,169,504619,1769.12,4e-05,inf,inf,0,416.774,"GENERATED_ACTION_SNAPSHOT_V1|1;137:414354494f4e5f53454d414e544943535f56317c34323a3431343335343439346634653566346635303435353234313534343934663465356635363331376333303362333033623330336233303362333033623330336233303362333033613362333033613362333033623b313b383a346234353435353035663431346334633b303b303b303b303b;42:414354494f4e5f4f5045524154494f4e5f56317c303b303b303b303b303b303b303b303a3b303a3b303b;","PLANNED_EVALUATION;operation_identity=ACTION_OPERATION_V1|0;0;0;0;0;0;0;0:;0:;0;;semantic_identity=ACTION_SEMANTICS_V1|42:414354494f4e5f4f5045524154494f4e5f56317c303b303b303b303b303b303b303b303a3b303a3b303b;1;8:4b4545505f414c4c;0;0;0;0;",1,"remaining post-FDE hypothesis 30 has no valid section 5.9 bound: dual-channel PL bound: channel history_eliminated_detector_only has no symmetric PSD certificate: rank transition interval is numerically indeterminate;ACTION_OPERATION_IDENTITY=ACTION_OPERATION_V1|0;0;0;0;0;0;0;0:;0:;0;"
3500000000,70,1,"ACTION_SEARCH_OCCURRENCE_V1","ACTION_OCCURRENCE_V1|action=1|duplicate_index=0|operation=ACTION_SEMANTICS_V1|42:414354494f4e5f4f5045524154494f4e5f56317c303b303b303b303b303b303b303b303a3b303a3b303b;1;8:4b4545505f414c4c;0;0;0;0;","","","",0,0,1,1,0.566743,271.19,165,169,506791,1769.13,4e-05,inf,inf,0,416.642,"GENERATED_ACTION_SNAPSHOT_V1|1;137:414354494f4e5f53454d414e544943535f56317c34323a3431343335343439346634653566346635303435353234313534343934663465356635363331376333303362333033623330336233303362333033623330336233303362333033613362333033613362333033623b313b383a346234353435353035663431346334633b303b303b303b303b;42:414354494f4e5f4f5045524154494f4e5f56317c303b303b303b303b303b303b303b303a3b303a3b303b;","PLANNED_EVALUATION;operation_identity=ACTION_OPERATION_V1|0;0;0;0;0;0;0;0:;0:;0;;semantic_identity=ACTION_SEMANTICS_V1|42:414354494f4e5f4f5045524154494f4e5f56317c303b303b303b303b303b303b303b303a3b303a3b303b;1;8:4b4545505f414c4c;0;0;0;0;",1,"remaining post-FDE hypothesis 30 has no valid section 5.9 bound: dual-channel PL bound: channel history_eliminated_detector_only has no symmetric PSD certificate: rank transition interval is numerically indeterminate;ACTION_OPERATION_IDENTITY=ACTION_OPERATION_V1|0;0;0;0;0;0;0;0:;0:;0;"
3550000000,71,1,"ACTION_SEARCH_OCCURRENCE_V1","ACTION_OCCURRENCE_V1|action=1|duplicate_index=0|operation=ACTION_SEMANTICS_V1|42:414354494f4e5f4f5045524154494f4e5f56317c303b303b303b303b303b303b303b303a3b303a3b303b;1;8:4b4545505f414c4c;0;0;0;0;","","","",0,0,1,1,0.567633,271.19,165,169,511762,1769.08,4e-05,inf,inf,0,410.857,"GENERATED_ACTION_SNAPSHOT_V1|1;137:414354494f4e5f53454d414e544943535f56317c34323a3431343335343439346634653566346635303435353234313534343934663465356635363331376333303362333033623330336233303362333033623330336233303362333033613362333033613362333033623b313b383a346234353435353035663431346334633b303b303b303b303b;42:414354494f4e5f4f5045524154494f4e5f56317c303b303b303b303b303b303b303b303a3b303a3b303b;","PLANNED_EVALUATION;operation_identity=ACTION_OPERATION_V1|0;0;0;0;0;0;0;0:;0:;0;;semantic_identity=ACTION_SEMANTICS_V1|42:414354494f4e5f4f5045524154494f4e5f56317c303b303b303b303b303b303b303b303a3b303a3b303b;1;8:4b4545505f414c4c;0;0;0;0;",1,"remaining post-FDE hypothesis 30 has no valid section 5.9 bound: dual-channel PL bound: channel history_eliminated_detector_only has no symmetric PSD certificate: rank transition interval is numerically indeterminate;ACTION_OPERATION_IDENTITY=ACTION_OPERATION_V1|0;0;0;0;0;0;0;0:;0:;0;"
3600000000,72,1,"ACTION_SEARCH_OCCURRENCE_V1","ACTION_OCCURRENCE_V1|action=1|duplicate_index=0|operation=ACTION_SEMANTICS_V1|42:414354494f4e5f4f5045524154494f4e5f56317c303b303b303b303b303b303b303b303a3b303a3b303b;1;8:4b4545505f414c4c;0;0;0;0;","","","",0,0,1,1,0.575212,271.19,165,169,515714,1769.11,4e-05,inf,inf,0,415.848,"GENERATED_ACTION_SNAPSHOT_V1|1;137:414354494f4e5f53454d414e544943535f56317c34323a3431343335343439346634653566346635303435353234313534343934663465356635363331376333303362333033623330336233303362333033623330336233303362333033613362333033613362333033623b313b383a346234353435353035663431346334633b303b303b303b303b;42:414354494f4e5f4f5045524154494f4e5f56317c303b303b303b303b303b303b303b303a3b303a3b303b;","PLANNED_EVALUATION;operation_identity=ACTION_OPERATION_V1|0;0;0;0;0;0;0;0:;0:;0;;semantic_identity=ACTION_SEMANTICS_V1|42:414354494f4e5f4f5045524154494f4e5f56317c303b303b303b303b303b303b303b303a3b303a3b303b;1;8:4b4545505f414c4c;0;0;0;0;",1,"remaining post-FDE hypothesis 30 has no valid section 5.9 bound: dual-channel PL bound: channel history_eliminated_detector_only has no symmetric PSD certificate: rank transition interval is numerically indeterminate;ACTION_OPERATION_IDENTITY=ACTION_OPERATION_V1|0;0;0;0;0;0;0;0:;0:;0;"
3650000000,73,1,"ACTION_SEARCH_OCCURRENCE_V1","ACTION_OCCURRENCE_V1|action=1|duplicate_index=0|operation=ACTION_SEMANTICS_V1|42:414354494f4e5f4f5045524154494f4e5f56317c303b303b303b303b303b303b303b303a3b303a3b303b;1;8:4b4545505f414c4c;0;0;0;0;","","","",0,0,1,1,0.581224,271.19,165,169,517906,1769.11,4e-05,inf,inf,0,409.379,"GENERATED_ACTION_SNAPSHOT_V1|1;137:414354494f4e5f53454d414e544943535f56317c34323a3431343335343439346634653566346635303435353234313534343934663465356635363331376333303362333033623330336233303362333033623330336233303362333033613362333033613362333033623b313b383a346234353435353035663431346334633b303b303b303b303b;42:414354494f4e5f4f5045524154494f4e5f56317c303b303b303b303b303b303b303b303a3b303a3b303b;","PLANNED_EVALUATION;operation_identity=ACTION_OPERATION_V1|0;0;0;0;0;0;0;0:;0:;0;;semantic_identity=ACTION_SEMANTICS_V1|42:414354494f4e5f4f5045524154494f4e5f56317c303b303b303b303b303b303b303b303a3b303a3b303b;1;8:4b4545505f414c4c;0;0;0;0;",1,"remaining post-FDE hypothesis 30 has no valid section 5.9 bound: dual-channel PL bound: channel history_eliminated_detector_only has no symmetric PSD certificate: rank transition interval is numerically indeterminate;ACTION_OPERATION_IDENTITY=ACTION_OPERATION_V1|0;0;0;0;0;0;0;0:;0:;0;"
3700000000,74,1,"ACTION_SEARCH_OCCURRENCE_V1","ACTION_OCCURRENCE_V1|action=1|duplicate_index=0|operation=ACTION_SEMANTICS_V1|42:414354494f4e5f4f5045524154494f4e5f56317c303b303b303b303b303b303b303b303a3b303a3b303b;1;8:4b4545505f414c4c;0;0;0;0;","","","",0,0,1,1,0.580594,271.19,165,169,522574,1769.09,4e-05,inf,inf,0,410.408,"GENERATED_ACTION_SNAPSHOT_V1|1;137:414354494f4e5f53454d414e544943535f56317c34323a3431343335343439346634653566346635303435353234313534343934663465356635363331376333303362333033623330336233303362333033623330336233303362333033613362333033613362333033623b313b383a346234353435353035663431346334633b303b303b303b303b;42:414354494f4e5f4f5045524154494f4e5f56317c303b303b303b303b303b303b303b303a3b303a3b303b;","PLANNED_EVALUATION;operation_identity=ACTION_OPERATION_V1|0;0;0;0;0;0;0;0:;0:;0;;semantic_identity=ACTION_SEMANTICS_V1|42:414354494f4e5f4f5045524154494f4e5f56317c303b303b303b303b303b303b303b303a3b303a3b303b;1;8:4b4545505f414c4c;0;0;0;0;",1,"remaining post-FDE hypothesis 30 has no valid section 5.9 bound: dual-channel PL bound: channel history_eliminated_detector_only has no symmetric PSD certificate: rank transition interval is numerically indeterminate;ACTION_OPERATION_IDENTITY=ACTION_OPERATION_V1|0;0;0;0;0;0;0;0:;0:;0;"
3750000000,75,1,"ACTION_SEARCH_OCCURRENCE_V1","ACTION_OCCURRENCE_V1|action=1|duplicate_index=0|operation=ACTION_SEMANTICS_V1|42:414354494f4e5f4f5045524154494f4e5f56317c303b303b303b303b303b303b303b303a3b303a3b303b;1;8:4b4545505f414c4c;0;0;0;0;","","","",0,0,1,1,0.578539,271.19,165,169,526585,1769.08,4e-05,inf,inf,0,410.967,"GENERATED_ACTION_SNAPSHOT_V1|1;137:414354494f4e5f53454d414e544943535f56317c34323a3431343335343439346634653566346635303435353234313534343934663465356635363331376333303362333033623330336233303362333033623330336233303362333033613362333033613362333033623b313b383a346234353435353035663431346334633b303b303b303b303b;42:414354494f4e5f4f5045524154494f4e5f56317c303b303b303b303b303b303b303b303a3b303a3b303b;","PLANNED_EVALUATION;operation_identity=ACTION_OPERATION_V1|0;0;0;0;0;0;0;0:;0:;0;;semantic_identity=ACTION_SEMANTICS_V1|42:414354494f4e5f4f5045524154494f4e5f56317c303b303b303b303b303b303b303b303a3b303a3b303b;1;8:4b4545505f414c4c;0;0;0;0;",1,"remaining post-FDE hypothesis 30 has no valid section 5.9 bound: dual-channel PL bound: channel history_eliminated_detector_only has no symmetric PSD certificate: rank transition interval is numerically indeterminate;ACTION_OPERATION_IDENTITY=ACTION_OPERATION_V1|0;0;0;0;0;0;0;0:;0:;0;"
3800000000,76,1,"ACTION_SEARCH_OCCURRENCE_V1","ACTION_OCCURRENCE_V1|action=1|duplicate_index=0|operation=ACTION_SEMANTICS_V1|42:414354494f4e5f4f5045524154494f4e5f56317c303b303b303b303b303b303b303b303a3b303a3b303b;1;8:4b4545505f414c4c;0;0;0;0;","","","",0,0,1,1,0.572067,271.19,165,169,528996,1769.03,4e-05,inf,inf,0,415.114,"GENERATED_ACTION_SNAPSHOT_V1|1;137:414354494f4e5f53454d414e544943535f56317c34323a3431343335343439346634653566346635303435353234313534343934663465356635363331376333303362333033623330336233303362333033623330336233303362333033613362333033613362333033623b313b383a346234353435353035663431346334633b303b303b303b303b;42:414354494f4e5f4f5045524154494f4e5f56317c303b303b303b303b303b303b303b303a3b303a3b303b;","PLANNED_EVALUATION;operation_identity=ACTION_OPERATION_V1|0;0;0;0;0;0;0;0:;0:;0;;semantic_identity=ACTION_SEMANTICS_V1|42:414354494f4e5f4f5045524154494f4e5f56317c303b303b303b303b303b303b303b303a3b303a3b303b;1;8:4b4545505f414c4c;0;0;0;0;",1,"remaining post-FDE hypothesis 30 has no valid section 5.9 bound: dual-channel PL bound: channel history_eliminated_detector_only has no symmetric PSD certificate: rank transition interval is numerically indeterminate;ACTION_OPERATION_IDENTITY=ACTION_OPERATION_V1|0;0;0;0;0;0;0;0:;0:;0;"
3850000000,77,1,"ACTION_SEARCH_OCCURRENCE_V1","ACTION_OCCURRENCE_V1|action=1|duplicate_index=0|operation=ACTION_SEMANTICS_V1|42:414354494f4e5f4f5045524154494f4e5f56317c303b303b303b303b303b303b303b303a3b303a3b303b;1;8:4b4545505f414c4c;0;0;0;0;","","","",0,0,1,1,0.565505,271.19,165,169,528324,1769.07,4e-05,inf,inf,0,412.884,"GENERATED_ACTION_SNAPSHOT_V1|1;137:414354494f4e5f53454d414e544943535f56317c34323a3431343335343439346634653566346635303435353234313534343934663465356635363331376333303362333033623330336233303362333033623330336233303362333033613362333033613362333033623b313b383a346234353435353035663431346334633b303b303b303b303b;42:414354494f4e5f4f5045524154494f4e5f56317c303b303b303b303b303b303b303b303a3b303a3b303b;","PLANNED_EVALUATION;operation_identity=ACTION_OPERATION_V1|0;0;0;0;0;0;0;0:;0:;0;;semantic_identity=ACTION_SEMANTICS_V1|42:414354494f4e5f4f5045524154494f4e5f56317c303b303b303b303b303b303b303b303a3b303a3b303b;1;8:4b4545505f414c4c;0;0;0;0;",1,"remaining post-FDE hypothesis 30 has no valid section 5.9 bound: dual-channel PL bound: channel history_eliminated_detector_only has no symmetric PSD certificate: rank transition interval is numerically indeterminate;ACTION_OPERATION_IDENTITY=ACTION_OPERATION_V1|0;0;0;0;0;0;0;0:;0:;0;"
3900000000,78,1,"ACTION_SEARCH_OCCURRENCE_V1","ACTION_OCCURRENCE_V1|action=1|duplicate_index=0|operation=ACTION_SEMANTICS_V1|42:414354494f4e5f4f5045524154494f4e5f56317c303b303b303b303b303b303b303b303a3b303a3b303b;1;8:4b4545505f414c4c;0;0;0;0;","","","",0,0,1,1,0.569668,271.19,165,169,534222,1769.05,4e-05,inf,inf,0,413.634,"GENERATED_ACTION_SNAPSHOT_V1|1;137:414354494f4e5f53454d414e544943535f56317c34323a3431343335343439346634653566346635303435353234313534343934663465356635363331376333303362333033623330336233303362333033623330336233303362333033613362333033613362333033623b313b383a346234353435353035663431346334633b303b303b303b303b;42:414354494f4e5f4f5045524154494f4e5f56317c303b303b303b303b303b303b303b303a3b303a3b303b;","PLANNED_EVALUATION;operation_identity=ACTION_OPERATION_V1|0;0;0;0;0;0;0;0:;0:;0;;semantic_identity=ACTION_SEMANTICS_V1|42:414354494f4e5f4f5045524154494f4e5f56317c303b303b303b303b303b303b303b303a3b303a3b303b;1;8:4b4545505f414c4c;0;0;0;0;",1,"remaining post-FDE hypothesis 30 has no valid section 5.9 bound: dual-channel PL bound: channel history_eliminated_detector_only has no symmetric PSD certificate: rank transition interval is numerically indeterminate;ACTION_OPERATION_IDENTITY=ACTION_OPERATION_V1|0;0;0;0;0;0;0;0:;0:;0;"
3950000000,79,1,"ACTION_SEARCH_OCCURRENCE_V1","ACTION_OCCURRENCE_V1|action=1|duplicate_index=0|operation=ACTION_SEMANTICS_V1|42:414354494f4e5f4f5045524154494f4e5f56317c303b303b303b303b303b303b303b303a3b303a3b303b;1;8:4b4545505f414c4c;0;0;0;0;","","","",0,0,1,1,0.570123,271.19,165,169,538663,1769.07,4e-05,inf,inf,0,410.801,"GENERATED_ACTION_SNAPSHOT_V1|1;137:414354494f4e5f53454d414e544943535f56317c34323a3431343335343439346634653566346635303435353234313534343934663465356635363331376333303362333033623330336233303362333033623330336233303362333033613362333033613362333033623b313b383a346234353435353035663431346334633b303b303b303b303b;42:414354494f4e5f4f5045524154494f4e5f56317c303b303b303b303b303b303b303b303a3b303a3b303b;","PLANNED_EVALUATION;operation_identity=ACTION_OPERATION_V1|0;0;0;0;0;0;0;0:;0:;0;;semantic_identity=ACTION_SEMANTICS_V1|42:414354494f4e5f4f5045524154494f4e5f56317c303b303b303b303b303b303b303b303a3b303a3b303b;1;8:4b4545505f414c4c;0;0;0;0;",1,"remaining post-FDE hypothesis 30 has no valid section 5.9 bound: dual-channel PL bound: channel history_eliminated_detector_only has no symmetric PSD certificate: rank transition interval is numerically indeterminate;ACTION_OPERATION_IDENTITY=ACTION_OPERATION_V1|0;0;0;0;0;0;0;0:;0:;0;"
4000000000,80,1,"ACTION_SEARCH_OCCURRENCE_V1","ACTION_OCCURRENCE_V1|action=1|duplicate_index=0|operation=ACTION_SEMANTICS_V1|42:414354494f4e5f4f5045524154494f4e5f56317c303b303b303b303b303b303b303b303a3b303a3b303b;1;8:4b4545505f414c4c;0;0;0;0;","","","",0,0,1,1,0.58436,271.19,165,169,538295,1769.06,4e-05,inf,inf,0,412.691,"GENERATED_ACTION_SNAPSHOT_V1|1;137:414354494f4e5f53454d414e544943535f56317c34323a3431343335343439346634653566346635303435353234313534343934663465356635363331376333303362333033623330336233303362333033623330336233303362333033613362333033613362333033623b313b383a346234353435353035663431346334633b303b303b303b303b;42:414354494f4e5f4f5045524154494f4e5f56317c303b303b303b303b303b303b303b303a3b303a3b303b;","PLANNED_EVALUATION;operation_identity=ACTION_OPERATION_V1|0;0;0;0;0;0;0;0:;0:;0;;semantic_identity=ACTION_SEMANTICS_V1|42:414354494f4e5f4f5045524154494f4e5f56317c303b303b303b303b303b303b303b303a3b303a3b303b;1;8:4b4545505f414c4c;0;0;0;0;",1,"remaining post-FDE hypothesis 30 has no valid section 5.9 bound: dual-channel PL bound: channel history_eliminated_detector_only has no symmetric PSD certificate: rank transition interval is numerically indeterminate;ACTION_OPERATION_IDENTITY=ACTION_OPERATION_V1|0;0;0;0;0;0;0;0:;0:;0;"
4050000000,81,1,"ACTION_SEARCH_OCCURRENCE_V1","ACTION_OCCURRENCE_V1|action=1|duplicate_index=0|operation=ACTION_SEMANTICS_V1|42:414354494f4e5f4f5045524154494f4e5f56317c303b303b303b303b303b303b303b303a3b303a3b303b;1;8:4b4545505f414c4c;0;0;0;0;","","","",0,0,1,1,0.558161,271.19,165,169,539469,1769.05,4e-05,inf,inf,0,407.896,"GENERATED_ACTION_SNAPSHOT_V1|1;137:414354494f4e5f53454d414e544943535f56317c34323a3431343335343439346634653566346635303435353234313534343934663465356635363331376333303362333033623330336233303362333033623330336233303362333033613362333033613362333033623b313b383a346234353435353035663431346334633b303b303b303b303b;42:414354494f4e5f4f5045524154494f4e5f56317c303b303b303b303b303b303b303b303a3b303a3b303b;","PLANNED_EVALUATION;operation_identity=ACTION_OPERATION_V1|0;0;0;0;0;0;0;0:;0:;0;;semantic_identity=ACTION_SEMANTICS_V1|42:414354494f4e5f4f5045524154494f4e5f56317c303b303b303b303b303b303b303b303a3b303a3b303b;1;8:4b4545505f414c4c;0;0;0;0;",1,"remaining post-FDE hypothesis 30 has no valid section 5.9 bound: dual-channel PL bound: channel history_eliminated_detector_only has no symmetric PSD certificate: rank transition interval is numerically indeterminate;ACTION_OPERATION_IDENTITY=ACTION_OPERATION_V1|0;0;0;0;0;0;0;0:;0:;0;"
4100000000,82,1,"ACTION_SEARCH_OCCURRENCE_V1","ACTION_OCCURRENCE_V1|action=1|duplicate_index=0|operation=ACTION_SEMANTICS_V1|42:414354494f4e5f4f5045524154494f4e5f56317c303b303b303b303b303b303b303b303a3b303a3b303b;1;8:4b4545505f414c4c;0;0;0;0;","","","",0,0,1,1,0.552904,271.19,165,169,536849,1769.07,4e-05,inf,inf,0,403.355,"GENERATED_ACTION_SNAPSHOT_V1|1;137:414354494f4e5f53454d414e544943535f56317c34323a3431343335343439346634653566346635303435353234313534343934663465356635363331376333303362333033623330336233303362333033623330336233303362333033613362333033613362333033623b313b383a346234353435353035663431346334633b303b303b303b303b;42:414354494f4e5f4f5045524154494f4e5f56317c303b303b303b303b303b303b303b303a3b303a3b303b;","PLANNED_EVALUATION;operation_identity=ACTION_OPERATION_V1|0;0;0;0;0;0;0;0:;0:;0;;semantic_identity=ACTION_SEMANTICS_V1|42:414354494f4e5f4f5045524154494f4e5f56317c303b303b303b303b303b303b303b303a3b303a3b303b;1;8:4b4545505f414c4c;0;0;0;0;",1,"remaining post-FDE hypothesis 30 has no valid section 5.9 bound: dual-channel PL bound: channel history_eliminated_detector_only has no symmetric PSD certificate: rank transition interval is numerically indeterminate;ACTION_OPERATION_IDENTITY=ACTION_OPERATION_V1|0;0;0;0;0;0;0;0:;0:;0;"
4150000000,83,1,"ACTION_SEARCH_OCCURRENCE_V1","ACTION_OCCURRENCE_V1|action=1|duplicate_index=0|operation=ACTION_SEMANTICS_V1|42:414354494f4e5f4f5045524154494f4e5f56317c303b303b303b303b303b303b303b303a3b303a3b303b;1;8:4b4545505f414c4c;0;0;0;0;","","","",0,0,1,1,0.524637,271.19,165,169,540634,1769.03,4e-05,inf,inf,0,423.911,"GENERATED_ACTION_SNAPSHOT_V1|1;137:414354494f4e5f53454d414e544943535f56317c34323a3431343335343439346634653566346635303435353234313534343934663465356635363331376333303362333033623330336233303362333033623330336233303362333033613362333033613362333033623b313b383a346234353435353035663431346334633b303b303b303b303b;42:414354494f4e5f4f5045524154494f4e5f56317c303b303b303b303b303b303b303b303a3b303a3b303b;","PLANNED_EVALUATION;operation_identity=ACTION_OPERATION_V1|0;0;0;0;0;0;0;0:;0:;0;;semantic_identity=ACTION_SEMANTICS_V1|42:414354494f4e5f4f5045524154494f4e5f56317c303b303b303b303b303b303b303b303a3b303a3b303b;1;8:4b4545505f414c4c;0;0;0;0;",1,"remaining post-FDE hypothesis 30 has no valid section 5.9 bound: dual-channel PL bound: channel history_eliminated_detector_only has no symmetric PSD certificate: rank transition interval is numerically indeterminate;ACTION_OPERATION_IDENTITY=ACTION_OPERATION_V1|0;0;0;0;0;0;0;0:;0:;0;"
4200000000,84,1,"ACTION_SEARCH_OCCURRENCE_V1","ACTION_OCCURRENCE_V1|action=1|duplicate_index=0|operation=ACTION_SEMANTICS_V1|42:414354494f4e5f4f5045524154494f4e5f56317c303b303b303b303b303b303b303b303a3b303a3b303b;1;8:4b4545505f414c4c;0;0;0;0;","","","",0,0,1,1,0.525434,271.19,165,169,544694,1769.01,4e-05,inf,inf,0,402.83,"GENERATED_ACTION_SNAPSHOT_V1|1;137:414354494f4e5f53454d414e544943535f56317c34323a3431343335343439346634653566346635303435353234313534343934663465356635363331376333303362333033623330336233303362333033623330336233303362333033613362333033613362333033623b313b383a346234353435353035663431346334633b303b303b303b303b;42:414354494f4e5f4f5045524154494f4e5f56317c303b303b303b303b303b303b303b303a3b303a3b303b;","PLANNED_EVALUATION;operation_identity=ACTION_OPERATION_V1|0;0;0;0;0;0;0;0:;0:;0;;semantic_identity=ACTION_SEMANTICS_V1|42:414354494f4e5f4f5045524154494f4e5f56317c303b303b303b303b303b303b303b303a3b303a3b303b;1;8:4b4545505f414c4c;0;0;0;0;",1,"remaining post-FDE hypothesis 30 has no valid section 5.9 bound: dual-channel PL bound: channel history_eliminated_detector_only has no symmetric PSD certificate: rank transition interval is numerically indeterminate;ACTION_OPERATION_IDENTITY=ACTION_OPERATION_V1|0;0;0;0;0;0;0;0:;0:;0;"
4250000000,85,1,"ACTION_SEARCH_OCCURRENCE_V1","ACTION_OCCURRENCE_V1|action=1|duplicate_index=0|operation=ACTION_SEMANTICS_V1|42:414354494f4e5f4f5045524154494f4e5f56317c303b303b303b303b303b303b303b303a3b303a3b303b;1;8:4b4545505f414c4c;0;0;0;0;","","","",0,0,1,1,0.503391,271.19,165,169,550673,1768.98,4e-05,inf,inf,0,409.162,"GENERATED_ACTION_SNAPSHOT_V1|1;137:414354494f4e5f53454d414e544943535f56317c34323a3431343335343439346634653566346635303435353234313534343934663465356635363331376333303362333033623330336233303362333033623330336233303362333033613362333033613362333033623b313b383a346234353435353035663431346334633b303b303b303b303b;42:414354494f4e5f4f5045524154494f4e5f56317c303b303b303b303b303b303b303b303a3b303a3b303b;","PLANNED_EVALUATION;operation_identity=ACTION_OPERATION_V1|0;0;0;0;0;0;0;0:;0:;0;;semantic_identity=ACTION_SEMANTICS_V1|42:414354494f4e5f4f5045524154494f4e5f56317c303b303b303b303b303b303b303b303a3b303a3b303b;1;8:4b4545505f414c4c;0;0;0;0;",1,"remaining post-FDE hypothesis 30 has no valid section 5.9 bound: dual-channel PL bound: channel history_eliminated_detector_only has no symmetric PSD certificate: rank transition interval is numerically indeterminate;ACTION_OPERATION_IDENTITY=ACTION_OPERATION_V1|0;0;0;0;0;0;0;0:;0:;0;"
4300000000,86,1,"ACTION_SEARCH_OCCURRENCE_V1","ACTION_OCCURRENCE_V1|action=1|duplicate_index=0|operation=ACTION_SEMANTICS_V1|42:414354494f4e5f4f5045524154494f4e5f56317c303b303b303b303b303b303b303b303a3b303a3b303b;1;8:4b4545505f414c4c;0;0;0;0;","","","",0,0,1,1,0.506098,271.19,165,169,551414,1768.99,4e-05,inf,inf,0,418.316,"GENERATED_ACTION_SNAPSHOT_V1|1;137:414354494f4e5f53454d414e544943535f56317c34323a3431343335343439346634653566346635303435353234313534343934663465356635363331376333303362333033623330336233303362333033623330336233303362333033613362333033613362333033623b313b383a346234353435353035663431346334633b303b303b303b303b;42:414354494f4e5f4f5045524154494f4e5f56317c303b303b303b303b303b303b303b303a3b303a3b303b;","PLANNED_EVALUATION;operation_identity=ACTION_OPERATION_V1|0;0;0;0;0;0;0;0:;0:;0;;semantic_identity=ACTION_SEMANTICS_V1|42:414354494f4e5f4f5045524154494f4e5f56317c303b303b303b303b303b303b303b303a3b303a3b303b;1;8:4b4545505f414c4c;0;0;0;0;",1,"remaining post-FDE hypothesis 30 has no valid section 5.9 bound: dual-channel PL bound: channel history_eliminated_detector_only has no symmetric PSD certificate: rank transition interval is numerically indeterminate;ACTION_OPERATION_IDENTITY=ACTION_OPERATION_V1|0;0;0;0;0;0;0;0:;0:;0;"
4350000000,87,1,"ACTION_SEARCH_OCCURRENCE_V1","ACTION_OCCURRENCE_V1|action=1|duplicate_index=0|operation=ACTION_SEMANTICS_V1|42:414354494f4e5f4f5045524154494f4e5f56317c303b303b303b303b303b303b303b303a3b303a3b303b;1;8:4b4545505f414c4c;0;0;0;0;","","","",0,0,1,1,0.491578,271.19,165,169,554149,1769.02,4e-05,inf,inf,0,412.049,"GENERATED_ACTION_SNAPSHOT_V1|1;137:414354494f4e5f53454d414e544943535f56317c34323a3431343335343439346634653566346635303435353234313534343934663465356635363331376333303362333033623330336233303362333033623330336233303362333033613362333033613362333033623b313b383a346234353435353035663431346334633b303b303b303b303b;42:414354494f4e5f4f5045524154494f4e5f56317c303b303b303b303b303b303b303b303a3b303a3b303b;","PLANNED_EVALUATION;operation_identity=ACTION_OPERATION_V1|0;0;0;0;0;0;0;0:;0:;0;;semantic_identity=ACTION_SEMANTICS_V1|42:414354494f4e5f4f5045524154494f4e5f56317c303b303b303b303b303b303b303b303a3b303a3b303b;1;8:4b4545505f414c4c;0;0;0;0;",1,"remaining post-FDE hypothesis 30 has no valid section 5.9 bound: dual-channel PL bound: channel history_eliminated_detector_only has no symmetric PSD certificate: rank transition interval is numerically indeterminate;ACTION_OPERATION_IDENTITY=ACTION_OPERATION_V1|0;0;0;0;0;0;0;0:;0:;0;"
4400000000,88,1,"ACTION_SEARCH_OCCURRENCE_V1","ACTION_OCCURRENCE_V1|action=1|duplicate_index=0|operation=ACTION_SEMANTICS_V1|42:414354494f4e5f4f5045524154494f4e5f56317c303b303b303b303b303b303b303b303a3b303a3b303b;1;8:4b4545505f414c4c;0;0;0;0;","","","",0,0,1,1,0.505015,271.19,165,169,550674,1769.03,4e-05,inf,inf,0,414.163,"GENERATED_ACTION_SNAPSHOT_V1|1;137:414354494f4e5f53454d414e544943535f56317c34323a3431343335343439346634653566346635303435353234313534343934663465356635363331376333303362333033623330336233303362333033623330336233303362333033613362333033613362333033623b313b383a346234353435353035663431346334633b303b303b303b303b;42:414354494f4e5f4f5045524154494f4e5f56317c303b303b303b303b303b303b303b303a3b303a3b303b;","PLANNED_EVALUATION;operation_identity=ACTION_OPERATION_V1|0;0;0;0;0;0;0;0:;0:;0;;semantic_identity=ACTION_SEMANTICS_V1|42:414354494f4e5f4f5045524154494f4e5f56317c303b303b303b303b303b303b303b303a3b303a3b303b;1;8:4b4545505f414c4c;0;0;0;0;",1,"remaining post-FDE hypothesis 30 has no valid section 5.9 bound: dual-channel PL bound: channel history_eliminated_detector_only has no symmetric PSD certificate: rank transition interval is numerically indeterminate;ACTION_OPERATION_IDENTITY=ACTION_OPERATION_V1|0;0;0;0;0;0;0;0:;0:;0;"
4450000000,89,1,"ACTION_SEARCH_OCCURRENCE_V1","ACTION_OCCURRENCE_V1|action=1|duplicate_index=0|operation=ACTION_SEMANTICS_V1|42:414354494f4e5f4f5045524154494f4e5f56317c303b303b303b303b303b303b303b303a3b303a3b303b;1;8:4b4545505f414c4c;0;0;0;0;","","","",0,0,1,1,0.528693,271.19,165,169,552636,1768.97,4e-05,inf,inf,0,414.545,"GENERATED_ACTION_SNAPSHOT_V1|1;137:414354494f4e5f53454d414e544943535f56317c34323a3431343335343439346634653566346635303435353234313534343934663465356635363331376333303362333033623330336233303362333033623330336233303362333033613362333033613362333033623b313b383a346234353435353035663431346334633b303b303b303b303b;42:414354494f4e5f4f5045524154494f4e5f56317c303b303b303b303b303b303b303b303a3b303a3b303b;","PLANNED_EVALUATION;operation_identity=ACTION_OPERATION_V1|0;0;0;0;0;0;0;0:;0:;0;;semantic_identity=ACTION_SEMANTICS_V1|42:414354494f4e5f4f5045524154494f4e5f56317c303b303b303b303b303b303b303b303a3b303a3b303b;1;8:4b4545505f414c4c;0;0;0;0;",1,"remaining post-FDE hypothesis 30 has no valid section 5.9 bound: dual-channel PL bound: channel history_eliminated_detector_only has no symmetric PSD certificate: rank transition interval is numerically indeterminate;ACTION_OPERATION_IDENTITY=ACTION_OPERATION_V1|0;0;0;0;0;0;0;0:;0:;0;"
4500000000,90,1,"ACTION_SEARCH_OCCURRENCE_V1","ACTION_OCCURRENCE_V1|action=1|duplicate_index=0|operation=ACTION_SEMANTICS_V1|42:414354494f4e5f4f5045524154494f4e5f56317c303b303b303b303b303b303b303b303a3b303a3b303b;1;8:4b4545505f414c4c;0;0;0;0;","","","",0,0,1,1,0.522754,271.19,165,169,557443,1768.9,4e-05,inf,inf,0,414.831,"GENERATED_ACTION_SNAPSHOT_V1|1;137:414354494f4e5f53454d414e544943535f56317c34323a3431343335343439346634653566346635303435353234313534343934663465356635363331376333303362333033623330336233303362333033623330336233303362333033613362333033613362333033623b313b383a346234353435353035663431346334633b303b303b303b303b;42:414354494f4e5f4f5045524154494f4e5f56317c303b303b303b303b303b303b303b303a3b303a3b303b;","PLANNED_EVALUATION;operation_identity=ACTION_OPERATION_V1|0;0;0;0;0;0;0;0:;0:;0;;semantic_identity=ACTION_SEMANTICS_V1|42:414354494f4e5f4f5045524154494f4e5f56317c303b303b303b303b303b303b303b303a3b303a3b303b;1;8:4b4545505f414c4c;0;0;0;0;",1,"remaining post-FDE hypothesis 30 has no valid section 5.9 bound: dual-channel PL bound: channel history_eliminated_detector_only has no symmetric PSD certificate: rank transition interval is numerically indeterminate;ACTION_OPERATION_IDENTITY=ACTION_OPERATION_V1|0;0;0;0;0;0;0;0:;0:;0;"
4550000000,91,1,"ACTION_SEARCH_OCCURRENCE_V1","ACTION_OCCURRENCE_V1|action=1|duplicate_index=0|operation=ACTION_SEMANTICS_V1|42:414354494f4e5f4f5045524154494f4e5f56317c303b303b303b303b303b303b303b303a3b303a3b303b;1;8:4b4545505f414c4c;0;0;0;0;","","","",0,0,1,1,0.512537,271.19,165,169,555094,1768.91,4e-05,inf,inf,0,411.21,"GENERATED_ACTION_SNAPSHOT_V1|1;137:414354494f4e5f53454d414e544943535f56317c34323a3431343335343439346634653566346635303435353234313534343934663465356635363331376333303362333033623330336233303362333033623330336233303362333033613362333033613362333033623b313b383a346234353435353035663431346334633b303b303b303b303b;42:414354494f4e5f4f5045524154494f4e5f56317c303b303b303b303b303b303b303b303a3b303a3b303b;","PLANNED_EVALUATION;operation_identity=ACTION_OPERATION_V1|0;0;0;0;0;0;0;0:;0:;0;;semantic_identity=ACTION_SEMANTICS_V1|42:414354494f4e5f4f5045524154494f4e5f56317c303b303b303b303b303b303b303b303a3b303a3b303b;1;8:4b4545505f414c4c;0;0;0;0;",1,"remaining post-FDE hypothesis 30 has no valid section 5.9 bound: dual-channel PL bound: channel history_eliminated_detector_only has no symmetric PSD certificate: rank transition interval is numerically indeterminate;ACTION_OPERATION_IDENTITY=ACTION_OPERATION_V1|0;0;0;0;0;0;0;0:;0:;0;"
4600000000,92,1,"ACTION_SEARCH_OCCURRENCE_V1","ACTION_OCCURRENCE_V1|action=1|duplicate_index=0|operation=ACTION_SEMANTICS_V1|42:414354494f4e5f4f5045524154494f4e5f56317c303b303b303b303b303b303b303b303a3b303a3b303b;1;8:4b4545505f414c4c;0;0;0;0;","","","",0,0,1,1,0.506723,271.19,165,169,559501,1768.94,4e-05,inf,inf,0,411.97,"GENERATED_ACTION_SNAPSHOT_V1|1;137:414354494f4e5f53454d414e544943535f56317c34323a3431343335343439346634653566346635303435353234313534343934663465356635363331376333303362333033623330336233303362333033623330336233303362333033613362333033613362333033623b313b383a346234353435353035663431346334633b303b303b303b303b;42:414354494f4e5f4f5045524154494f4e5f56317c303b303b303b303b303b303b303b303a3b303a3b303b;","PLANNED_EVALUATION;operation_identity=ACTION_OPERATION_V1|0;0;0;0;0;0;0;0:;0:;0;;semantic_identity=ACTION_SEMANTICS_V1|42:414354494f4e5f4f5045524154494f4e5f56317c303b303b303b303b303b303b303b303a3b303a3b303b;1;8:4b4545505f414c4c;0;0;0;0;",1,"remaining post-FDE hypothesis 30 has no valid section 5.9 bound: dual-channel PL bound: channel history_eliminated_detector_only has no symmetric PSD certificate: rank transition interval is numerically indeterminate;ACTION_OPERATION_IDENTITY=ACTION_OPERATION_V1|0;0;0;0;0;0;0;0:;0:;0;"
4650000000,93,1,"ACTION_SEARCH_OCCURRENCE_V1","ACTION_OCCURRENCE_V1|action=1|duplicate_index=0|operation=ACTION_SEMANTICS_V1|42:414354494f4e5f4f5045524154494f4e5f56317c303b303b303b303b303b303b303b303a3b303a3b303b;1;8:4b4545505f414c4c;0;0;0;0;","","","",0,0,1,1,0.52111,271.19,165,169,564263,1768.91,4e-05,inf,inf,0,415.03,"GENERATED_ACTION_SNAPSHOT_V1|1;137:414354494f4e5f53454d414e544943535f56317c34323a3431343335343439346634653566346635303435353234313534343934663465356635363331376333303362333033623330336233303362333033623330336233303362333033613362333033613362333033623b313b383a346234353435353035663431346334633b303b303b303b303b;42:414354494f4e5f4f5045524154494f4e5f56317c303b303b303b303b303b303b303b303a3b303a3b303b;","PLANNED_EVALUATION;operation_identity=ACTION_OPERATION_V1|0;0;0;0;0;0;0;0:;0:;0;;semantic_identity=ACTION_SEMANTICS_V1|42:414354494f4e5f4f5045524154494f4e5f56317c303b303b303b303b303b303b303b303a3b303a3b303b;1;8:4b4545505f414c4c;0;0;0;0;",1,"remaining post-FDE hypothesis 30 has no valid section 5.9 bound: dual-channel PL bound: channel history_eliminated_detector_only has no symmetric PSD certificate: rank transition interval is numerically indeterminate;ACTION_OPERATION_IDENTITY=ACTION_OPERATION_V1|0;0;0;0;0;0;0;0:;0:;0;"
4700000000,94,1,"ACTION_SEARCH_OCCURRENCE_V1","ACTION_OCCURRENCE_V1|action=1|duplicate_index=0|operation=ACTION_SEMANTICS_V1|42:414354494f4e5f4f5045524154494f4e5f56317c303b303b303b303b303b303b303b303a3b303a3b303b;1;8:4b4545505f414c4c;0;0;0;0;","","","",0,0,1,1,0.537421,271.19,165,169,568563,1768.94,4e-05,inf,inf,0,414.152,"GENERATED_ACTION_SNAPSHOT_V1|1;137:414354494f4e5f53454d414e544943535f56317c34323a3431343335343439346634653566346635303435353234313534343934663465356635363331376333303362333033623330336233303362333033623330336233303362333033613362333033613362333033623b313b383a346234353435353035663431346334633b303b303b303b303b;42:414354494f4e5f4f5045524154494f4e5f56317c303b303b303b303b303b303b303b303a3b303a3b303b;","PLANNED_EVALUATION;operation_identity=ACTION_OPERATION_V1|0;0;0;0;0;0;0;0:;0:;0;;semantic_identity=ACTION_SEMANTICS_V1|42:414354494f4e5f4f5045524154494f4e5f56317c303b303b303b303b303b303b303b303a3b303a3b303b;1;8:4b4545505f414c4c;0;0;0;0;",1,"remaining post-FDE hypothesis 30 has no valid section 5.9 bound: dual-channel PL bound: channel history_eliminated_detector_only has no symmetric PSD certificate: rank transition interval is numerically indeterminate;ACTION_OPERATION_IDENTITY=ACTION_OPERATION_V1|0;0;0;0;0;0;0;0:;0:;0;"
4750000000,95,1,"ACTION_SEARCH_OCCURRENCE_V1","ACTION_OCCURRENCE_V1|action=1|duplicate_index=0|operation=ACTION_SEMANTICS_V1|42:414354494f4e5f4f5045524154494f4e5f56317c303b303b303b303b303b303b303b303a3b303a3b303b;1;8:4b4545505f414c4c;0;0;0;0;","","","",0,0,1,1,0.546069,271.19,165,169,570955,1768.89,4e-05,inf,inf,0,414.754,"GENERATED_ACTION_SNAPSHOT_V1|1;137:414354494f4e5f53454d414e544943535f56317c34323a3431343335343439346634653566346635303435353234313534343934663465356635363331376333303362333033623330336233303362333033623330336233303362333033613362333033613362333033623b313b383a346234353435353035663431346334633b303b303b303b303b;42:414354494f4e5f4f5045524154494f4e5f56317c303b303b303b303b303b303b303b303a3b303a3b303b;","PLANNED_EVALUATION;operation_identity=ACTION_OPERATION_V1|0;0;0;0;0;0;0;0:;0:;0;;semantic_identity=ACTION_SEMANTICS_V1|42:414354494f4e5f4f5045524154494f4e5f56317c303b303b303b303b303b303b303b303a3b303a3b303b;1;8:4b4545505f414c4c;0;0;0;0;",1,"remaining post-FDE hypothesis 30 has no valid section 5.9 bound: dual-channel PL bound: channel history_eliminated_detector_only has no symmetric PSD certificate: rank transition interval is numerically indeterminate;ACTION_OPERATION_IDENTITY=ACTION_OPERATION_V1|0;0;0;0;0;0;0;0:;0:;0;"
4800000000,96,1,"ACTION_SEARCH_OCCURRENCE_V1","ACTION_OCCURRENCE_V1|action=1|duplicate_index=0|operation=ACTION_SEMANTICS_V1|42:414354494f4e5f4f5045524154494f4e5f56317c303b303b303b303b303b303b303b303a3b303a3b303b;1;8:4b4545505f414c4c;0;0;0;0;","","","",0,0,1,1,0.549764,271.19,165,169,568025,1768.93,4e-05,inf,inf,0,414.384,"GENERATED_ACTION_SNAPSHOT_V1|1;137:414354494f4e5f53454d414e544943535f56317c34323a3431343335343439346634653566346635303435353234313534343934663465356635363331376333303362333033623330336233303362333033623330336233303362333033613362333033613362333033623b313b383a346234353435353035663431346334633b303b303b303b303b;42:414354494f4e5f4f5045524154494f4e5f56317c303b303b303b303b303b303b303b303a3b303a3b303b;","PLANNED_EVALUATION;operation_identity=ACTION_OPERATION_V1|0;0;0;0;0;0;0;0:;0:;0;;semantic_identity=ACTION_SEMANTICS_V1|42:414354494f4e5f4f5045524154494f4e5f56317c303b303b303b303b303b303b303b303a3b303a3b303b;1;8:4b4545505f414c4c;0;0;0;0;",1,"remaining post-FDE hypothesis 30 has no valid section 5.9 bound: dual-channel PL bound: channel history_eliminated_detector_only has no symmetric PSD certificate: rank transition interval is numerically indeterminate;ACTION_OPERATION_IDENTITY=ACTION_OPERATION_V1|0;0;0;0;0;0;0;0:;0:;0;"
4850000000,97,1,"ACTION_SEARCH_OCCURRENCE_V1","ACTION_OCCURRENCE_V1|action=1|duplicate_index=0|operation=ACTION_SEMANTICS_V1|42:414354494f4e5f4f5045524154494f4e5f56317c303b303b303b303b303b303b303b303a3b303a3b303b;1;8:4b4545505f414c4c;0;0;0;0;","","","",0,0,1,1,0.583412,271.19,165,169,567477,1768.94,4e-05,inf,inf,0,416.993,"GENERATED_ACTION_SNAPSHOT_V1|1;137:414354494f4e5f53454d414e544943535f56317c34323a3431343335343439346634653566346635303435353234313534343934663465356635363331376333303362333033623330336233303362333033623330336233303362333033613362333033613362333033623b313b383a346234353435353035663431346334633b303b303b303b303b;42:414354494f4e5f4f5045524154494f4e5f56317c303b303b303b303b303b303b303b303a3b303a3b303b;","PLANNED_EVALUATION;operation_identity=ACTION_OPERATION_V1|0;0;0;0;0;0;0;0:;0:;0;;semantic_identity=ACTION_SEMANTICS_V1|42:414354494f4e5f4f5045524154494f4e5f56317c303b303b303b303b303b303b303b303a3b303a3b303b;1;8:4b4545505f414c4c;0;0;0;0;",1,"remaining post-FDE hypothesis 30 has no valid section 5.9 bound: dual-channel PL bound: channel history_eliminated_detector_only has no symmetric PSD certificate: rank transition interval is numerically indeterminate;ACTION_OPERATION_IDENTITY=ACTION_OPERATION_V1|0;0;0;0;0;0;0;0:;0:;0;"
4900000000,98,1,"ACTION_SEARCH_OCCURRENCE_V1","ACTION_OCCURRENCE_V1|action=1|duplicate_index=0|operation=ACTION_SEMANTICS_V1|42:414354494f4e5f4f5045524154494f4e5f56317c303b303b303b303b303b303b303b303a3b303a3b303b;1;8:4b4545505f414c4c;0;0;0;0;","","","",0,0,1,1,0.578173,271.19,165,169,570586,1768.92,4e-05,inf,inf,0,410.539,"GENERATED_ACTION_SNAPSHOT_V1|1;137:414354494f4e5f53454d414e544943535f56317c34323a3431343335343439346634653566346635303435353234313534343934663465356635363331376333303362333033623330336233303362333033623330336233303362333033613362333033613362333033623b313b383a346234353435353035663431346334633b303b303b303b303b;42:414354494f4e5f4f5045524154494f4e5f56317c303b303b303b303b303b303b303b303a3b303a3b303b;","PLANNED_EVALUATION;operation_identity=ACTION_OPERATION_V1|0;0;0;0;0;0;0;0:;0:;0;;semantic_identity=ACTION_SEMANTICS_V1|42:414354494f4e5f4f5045524154494f4e5f56317c303b303b303b303b303b303b303b303a3b303a3b303b;1;8:4b4545505f414c4c;0;0;0;0;",1,"remaining post-FDE hypothesis 30 has no valid section 5.9 bound: dual-channel PL bound: channel history_eliminated_detector_only has no symmetric PSD certificate: rank transition interval is numerically indeterminate;ACTION_OPERATION_IDENTITY=ACTION_OPERATION_V1|0;0;0;0;0;0;0;0:;0:;0;"
4950000000,99,1,"ACTION_SEARCH_OCCURRENCE_V1","ACTION_OCCURRENCE_V1|action=1|duplicate_index=0|operation=ACTION_SEMANTICS_V1|42:414354494f4e5f4f5045524154494f4e5f56317c303b303b303b303b303b303b303b303a3b303a3b303b;1;8:4b4545505f414c4c;0;0;0;0;","","","",0,0,1,1,0.577418,271.19,165,169,570950,1768.91,4e-05,inf,inf,0,413.589,"GENERATED_ACTION_SNAPSHOT_V1|1;137:414354494f4e5f53454d414e544943535f56317c34323a3431343335343439346634653566346635303435353234313534343934663465356635363331376333303362333033623330336233303362333033623330336233303362333033613362333033613362333033623b313b383a346234353435353035663431346334633b303b303b303b303b;42:414354494f4e5f4f5045524154494f4e5f56317c303b303b303b303b303b303b303b303a3b303a3b303b;","PLANNED_EVALUATION;operation_identity=ACTION_OPERATION_V1|0;0;0;0;0;0;0;0:;0:;0;;semantic_identity=ACTION_SEMANTICS_V1|42:414354494f4e5f4f5045524154494f4e5f56317c303b303b303b303b303b303b303b303a3b303a3b303b;1;8:4b4545505f414c4c;0;0;0;0;",1,"remaining post-FDE hypothesis 30 has no valid section 5.9 bound: dual-channel PL bound: channel history_eliminated_detector_only has no symmetric PSD certificate: rank transition interval is numerically indeterminate;ACTION_OPERATION_IDENTITY=ACTION_OPERATION_V1|0;0;0;0;0;0;0;0:;0:;0;"
5000000000,100,1,"ACTION_SEARCH_OCCURRENCE_V1","ACTION_OCCURRENCE_V1|action=1|duplicate_index=0|operation=ACTION_SEMANTICS_V1|42:414354494f4e5f4f5045524154494f4e5f56317c303b303b303b303b303b303b303b303a3b303a3b303b;1;8:4b4545505f414c4c;0;0;0;0;","","","",0,0,1,1,0.574964,271.19,165,169,572202,1768.94,4e-05,inf,inf,0,424.943,"GENERATED_ACTION_SNAPSHOT_V1|1;137:414354494f4e5f53454d414e544943535f56317c34323a3431343335343439346634653566346635303435353234313534343934663465356635363331376333303362333033623330336233303362333033623330336233303362333033613362333033613362333033623b313b383a346234353435353035663431346334633b303b303b303b303b;42:414354494f4e5f4f5045524154494f4e5f56317c303b303b303b303b303b303b303b303a3b303a3b303b;","PLANNED_EVALUATION;operation_identity=ACTION_OPERATION_V1|0;0;0;0;0;0;0;0:;0:;0;;semantic_identity=ACTION_SEMANTICS_V1|42:414354494f4e5f4f5045524154494f4e5f56317c303b303b303b303b303b303b303b303a3b303a3b303b;1;8:4b4545505f414c4c;0;0;0;0;",1,"remaining post-FDE hypothesis 30 has no valid section 5.9 bound: dual-channel PL bound: channel history_eliminated_detector_only has no symmetric PSD certificate: rank transition interval is numerically indeterminate;ACTION_OPERATION_IDENTITY=ACTION_OPERATION_V1|0;0;0;0;0;0;0;0:;0:;0;"
5050000000,101,1,"ACTION_SEARCH_OCCURRENCE_V1","ACTION_OCCURRENCE_V1|action=1|duplicate_index=0|operation=ACTION_SEMANTICS_V1|42:414354494f4e5f4f5045524154494f4e5f56317c303b303b303b303b303b303b303b303a3b303a3b303b;1;8:4b4545505f414c4c;0;0;0;0;","","","",0,0,1,1,0.564772,271.19,165,169,576699,1768.92,4e-05,inf,inf,0,414.75,"GENERATED_ACTION_SNAPSHOT_V1|1;137:414354494f4e5f53454d414e544943535f56317c34323a3431343335343439346634653566346635303435353234313534343934663465356635363331376333303362333033623330336233303362333033623330336233303362333033613362333033613362333033623b313b383a346234353435353035663431346334633b303b303b303b303b;42:414354494f4e5f4f5045524154494f4e5f56317c303b303b303b303b303b303b303b303a3b303a3b303b;","PLANNED_EVALUATION;operation_identity=ACTION_OPERATION_V1|0;0;0;0;0;0;0;0:;0:;0;;semantic_identity=ACTION_SEMANTICS_V1|42:414354494f4e5f4f5045524154494f4e5f56317c303b303b303b303b303b303b303b303a3b303a3b303b;1;8:4b4545505f414c4c;0;0;0;0;",1,"remaining post-FDE hypothesis 30 has no valid section 5.9 bound: dual-channel PL bound: channel history_eliminated_detector_only has no symmetric PSD certificate: rank transition interval is numerically indeterminate;ACTION_OPERATION_IDENTITY=ACTION_OPERATION_V1|0;0;0;0;0;0;0;0:;0:;0;"
5100000000,102,1,"ACTION_SEARCH_OCCURRENCE_V1","ACTION_OCCURRENCE_V1|action=1|duplicate_index=0|operation=ACTION_SEMANTICS_V1|42:414354494f4e5f4f5045524154494f4e5f56317c303b303b303b303b303b303b303b303a3b303a3b303b;1;8:4b4545505f414c4c;0;0;0;0;","","","",0,0,1,1,0.563752,271.19,165,169,579654,1768.89,4e-05,inf,inf,0,415.12,"GENERATED_ACTION_SNAPSHOT_V1|1;137:414354494f4e5f53454d414e544943535f56317c34323a3431343335343439346634653566346635303435353234313534343934663465356635363331376333303362333033623330336233303362333033623330336233303362333033613362333033613362333033623b313b383a346234353435353035663431346334633b303b303b303b303b;42:414354494f4e5f4f5045524154494f4e5f56317c303b303b303b303b303b303b303b303a3b303a3b303b;","PLANNED_EVALUATION;operation_identity=ACTION_OPERATION_V1|0;0;0;0;0;0;0;0:;0:;0;;semantic_identity=ACTION_SEMANTICS_V1|42:414354494f4e5f4f5045524154494f4e5f56317c303b303b303b303b303b303b303b303a3b303a3b303b;1;8:4b4545505f414c4c;0;0;0;0;",1,"remaining post-FDE hypothesis 30 has no valid section 5.9 bound: dual-channel PL bound: channel history_eliminated_detector_only has no symmetric PSD certificate: rank transition interval is numerically indeterminate;ACTION_OPERATION_IDENTITY=ACTION_OPERATION_V1|0;0;0;0;0;0;0;0:;0:;0;"
5150000000,103,1,"ACTION_SEARCH_OCCURRENCE_V1","ACTION_OCCURRENCE_V1|action=1|duplicate_index=0|operation=ACTION_SEMANTICS_V1|42:414354494f4e5f4f5045524154494f4e5f56317c303b303b303b303b303b303b303b303a3b303a3b303b;1;8:4b4545505f414c4c;0;0;0;0;","","","",0,0,1,1,0.551269,271.19,165,169,579355,1768.89,4e-05,inf,inf,0,412.006,"GENERATED_ACTION_SNAPSHOT_V1|1;137:414354494f4e5f53454d414e544943535f56317c34323a3431343335343439346634653566346635303435353234313534343934663465356635363331376333303362333033623330336233303362333033623330336233303362333033613362333033613362333033623b313b383a346234353435353035663431346334633b303b303b303b303b;42:414354494f4e5f4f5045524154494f4e5f56317c303b303b303b303b303b303b303b303a3b303a3b303b;","PLANNED_EVALUATION;operation_identity=ACTION_OPERATION_V1|0;0;0;0;0;0;0;0:;0:;0;;semantic_identity=ACTION_SEMANTICS_V1|42:414354494f4e5f4f5045524154494f4e5f56317c303b303b303b303b303b303b303b303a3b303a3b303b;1;8:4b4545505f414c4c;0;0;0;0;",1,"remaining post-FDE hypothesis 30 has no valid section 5.9 bound: dual-channel PL bound: channel history_eliminated_detector_only has no symmetric PSD certificate: rank transition interval is numerically indeterminate;ACTION_OPERATION_IDENTITY=ACTION_OPERATION_V1|0;0;0;0;0;0;0;0:;0:;0;"
5200000000,104,1,"ACTION_SEARCH_OCCURRENCE_V1","ACTION_OCCURRENCE_V1|action=1|duplicate_index=0|operation=ACTION_SEMANTICS_V1|42:414354494f4e5f4f5045524154494f4e5f56317c303b303b303b303b303b303b303b303a3b303a3b303b;1;8:4b4545505f414c4c;0;0;0;0;","","","",0,0,1,1,0.574103,271.19,165,169,579727,1768.87,4e-05,inf,inf,0,412.547,"GENERATED_ACTION_SNAPSHOT_V1|1;137:414354494f4e5f53454d414e544943535f56317c34323a3431343335343439346634653566346635303435353234313534343934663465356635363331376333303362333033623330336233303362333033623330336233303362333033613362333033613362333033623b313b383a346234353435353035663431346334633b303b303b303b303b;42:414354494f4e5f4f5045524154494f4e5f56317c303b303b303b303b303b303b303b303a3b303a3b303b;","PLANNED_EVALUATION;operation_identity=ACTION_OPERATION_V1|0;0;0;0;0;0;0;0:;0:;0;;semantic_identity=ACTION_SEMANTICS_V1|42:414354494f4e5f4f5045524154494f4e5f56317c303b303b303b303b303b303b303b303a3b303a3b303b;1;8:4b4545505f414c4c;0;0;0;0;",1,"remaining post-FDE hypothesis 30 has no valid section 5.9 bound: dual-channel PL bound: channel history_eliminated_detector_only has no symmetric PSD certificate: rank transition interval is numerically indeterminate;ACTION_OPERATION_IDENTITY=ACTION_OPERATION_V1|0;0;0;0;0;0;0;0:;0:;0;"
5250000000,105,1,"ACTION_SEARCH_OCCURRENCE_V1","ACTION_OCCURRENCE_V1|action=1|duplicate_index=0|operation=ACTION_SEMANTICS_V1|42:414354494f4e5f4f5045524154494f4e5f56317c303b303b303b303b303b303b303b303a3b303a3b303b;1;8:4b4545505f414c4c;0;0;0;0;","","","",0,0,1,1,0.577046,271.19,165,169,582279,1768.85,4e-05,inf,inf,0,427.307,"GENERATED_ACTION_SNAPSHOT_V1|1;137:414354494f4e5f53454d414e544943535f56317c34323a3431343335343439346634653566346635303435353234313534343934663465356635363331376333303362333033623330336233303362333033623330336233303362333033613362333033613362333033623b313b383a346234353435353035663431346334633b303b303b303b303b;42:414354494f4e5f4f5045524154494f4e5f56317c303b303b303b303b303b303b303b303a3b303a3b303b;","PLANNED_EVALUATION;operation_identity=ACTION_OPERATION_V1|0;0;0;0;0;0;0;0:;0:;0;;semantic_identity=ACTION_SEMANTICS_V1|42:414354494f4e5f4f5045524154494f4e5f56317c303b303b303b303b303b303b303b303a3b303a3b303b;1;8:4b4545505f414c4c;0;0;0;0;",1,"remaining post-FDE hypothesis 30 has no valid section 5.9 bound: dual-channel PL bound: channel history_eliminated_detector_only has no symmetric PSD certificate: rank transition interval is numerically indeterminate;ACTION_OPERATION_IDENTITY=ACTION_OPERATION_V1|0;0;0;0;0;0;0;0:;0:;0;"
5300000000,106,1,"ACTION_SEARCH_OCCURRENCE_V1","ACTION_OCCURRENCE_V1|action=1|duplicate_index=0|operation=ACTION_SEMANTICS_V1|42:414354494f4e5f4f5045524154494f4e5f56317c303b303b303b303b303b303b303b303a3b303a3b303b;1;8:4b4545505f414c4c;0;0;0;0;","","","",0,0,1,1,0.571374,271.19,165,169,580598,1768.83,4e-05,inf,inf,0,414.412,"GENERATED_ACTION_SNAPSHOT_V1|1;137:414354494f4e5f53454d414e544943535f56317c34323a3431343335343439346634653566346635303435353234313534343934663465356635363331376333303362333033623330336233303362333033623330336233303362333033613362333033613362333033623b313b383a346234353435353035663431346334633b303b303b303b303b;42:414354494f4e5f4f5045524154494f4e5f56317c303b303b303b303b303b303b303b303a3b303a3b303b;","PLANNED_EVALUATION;operation_identity=ACTION_OPERATION_V1|0;0;0;0;0;0;0;0:;0:;0;;semantic_identity=ACTION_SEMANTICS_V1|42:414354494f4e5f4f5045524154494f4e5f56317c303b303b303b303b303b303b303b303a3b303a3b303b;1;8:4b4545505f414c4c;0;0;0;0;",1,"remaining post-FDE hypothesis 30 has no valid section 5.9 bound: dual-channel PL bound: channel history_eliminated_detector_only has no symmetric PSD certificate: rank transition interval is numerically indeterminate;ACTION_OPERATION_IDENTITY=ACTION_OPERATION_V1|0;0;0;0;0;0;0;0:;0:;0;"
5350000000,107,1,"ACTION_SEARCH_OCCURRENCE_V1","ACTION_OCCURRENCE_V1|action=1|duplicate_index=0|operation=ACTION_SEMANTICS_V1|42:414354494f4e5f4f5045524154494f4e5f56317c303b303b303b303b303b303b303b303a3b303a3b303b;1;8:4b4545505f414c4c;0;0;0;0;","","","",0,0,1,1,0.580071,271.19,165,169,581387,1768.84,4e-05,inf,inf,0,415.924,"GENERATED_ACTION_SNAPSHOT_V1|1;137:414354494f4e5f53454d414e544943535f56317c34323a3431343335343439346634653566346635303435353234313534343934663465356635363331376333303362333033623330336233303362333033623330336233303362333033613362333033613362333033623b313b383a346234353435353035663431346334633b303b303b303b303b;42:414354494f4e5f4f5045524154494f4e5f56317c303b303b303b303b303b303b303b303a3b303a3b303b;","PLANNED_EVALUATION;operation_identity=ACTION_OPERATION_V1|0;0;0;0;0;0;0;0:;0:;0;;semantic_identity=ACTION_SEMANTICS_V1|42:414354494f4e5f4f5045524154494f4e5f56317c303b303b303b303b303b303b303b303a3b303a3b303b;1;8:4b4545505f414c4c;0;0;0;0;",1,"remaining post-FDE hypothesis 30 has no valid section 5.9 bound: dual-channel PL bound: channel history_eliminated_detector_only has no symmetric PSD certificate: rank transition interval is numerically indeterminate;ACTION_OPERATION_IDENTITY=ACTION_OPERATION_V1|0;0;0;0;0;0;0;0:;0:;0;"
5400000000,108,1,"ACTION_SEARCH_OCCURRENCE_V1","ACTION_OCCURRENCE_V1|action=1|duplicate_index=0|operation=ACTION_SEMANTICS_V1|42:414354494f4e5f4f5045524154494f4e5f56317c303b303b303b303b303b303b303b303a3b303a3b303b;1;8:4b4545505f414c4c;0;0;0;0;","","","",0,0,1,1,0.572547,271.19,165,169,584002,1768.82,4e-05,inf,inf,0,420.94,"GENERATED_ACTION_SNAPSHOT_V1|1;137:414354494f4e5f53454d414e544943535f56317c34323a3431343335343439346634653566346635303435353234313534343934663465356635363331376333303362333033623330336233303362333033623330336233303362333033613362333033613362333033623b313b383a346234353435353035663431346334633b303b303b303b303b;42:414354494f4e5f4f5045524154494f4e5f56317c303b303b303b303b303b303b303b303a3b303a3b303b;","PLANNED_EVALUATION;operation_identity=ACTION_OPERATION_V1|0;0;0;0;0;0;0;0:;0:;0;;semantic_identity=ACTION_SEMANTICS_V1|42:414354494f4e5f4f5045524154494f4e5f56317c303b303b303b303b303b303b303b303a3b303a3b303b;1;8:4b4545505f414c4c;0;0;0;0;",1,"remaining post-FDE hypothesis 30 has no valid section 5.9 bound: dual-channel PL bound: channel history_eliminated_detector_only has no symmetric PSD certificate: rank transition interval is numerically indeterminate;ACTION_OPERATION_IDENTITY=ACTION_OPERATION_V1|0;0;0;0;0;0;0;0:;0:;0;"
5450000000,109,1,"ACTION_SEARCH_OCCURRENCE_V1","ACTION_OCCURRENCE_V1|action=1|duplicate_index=0|operation=ACTION_SEMANTICS_V1|42:414354494f4e5f4f5045524154494f4e5f56317c303b303b303b303b303b303b303b303a3b303a3b303b;1;8:4b4545505f414c4c;0;0;0;0;","","","",0,0,1,1,0.597948,271.19,165,169,585069,1768.81,4e-05,inf,inf,0,414.236,"GENERATED_ACTION_SNAPSHOT_V1|1;137:414354494f4e5f53454d414e544943535f56317c34323a3431343335343439346634653566346635303435353234313534343934663465356635363331376333303362333033623330336233303362333033623330336233303362333033613362333033613362333033623b313b383a346234353435353035663431346334633b303b303b303b303b;42:414354494f4e5f4f5045524154494f4e5f56317c303b303b303b303b303b303b303b303a3b303a3b303b;","PLANNED_EVALUATION;operation_identity=ACTION_OPERATION_V1|0;0;0;0;0;0;0;0:;0:;0;;semantic_identity=ACTION_SEMANTICS_V1|42:414354494f4e5f4f5045524154494f4e5f56317c303b303b303b303b303b303b303b303a3b303a3b303b;1;8:4b4545505f414c4c;0;0;0;0;",1,"remaining post-FDE hypothesis 30 has no valid section 5.9 bound: dual-channel PL bound: channel history_eliminated_detector_only has no symmetric PSD certificate: rank transition interval is numerically indeterminate;ACTION_OPERATION_IDENTITY=ACTION_OPERATION_V1|0;0;0;0;0;0;0;0:;0:;0;"
5500000000,110,1,"ACTION_SEARCH_OCCURRENCE_V1","ACTION_OCCURRENCE_V1|action=1|duplicate_index=0|operation=ACTION_SEMANTICS_V1|42:414354494f4e5f4f5045524154494f4e5f56317c303b303b303b303b303b303b303b303a3b303a3b303b;1;8:4b4545505f414c4c;0;0;0;0;","","","",0,0,1,1,0.603654,271.19,165,169,586282,1768.82,4e-05,inf,inf,0,416.779,"GENERATED_ACTION_SNAPSHOT_V1|1;137:414354494f4e5f53454d414e544943535f56317c34323a3431343335343439346634653566346635303435353234313534343934663465356635363331376333303362333033623330336233303362333033623330336233303362333033613362333033613362333033623b313b383a346234353435353035663431346334633b303b303b303b303b;42:414354494f4e5f4f5045524154494f4e5f56317c303b303b303b303b303b303b303b303a3b303a3b303b;","PLANNED_EVALUATION;operation_identity=ACTION_OPERATION_V1|0;0;0;0;0;0;0;0:;0:;0;;semantic_identity=ACTION_SEMANTICS_V1|42:414354494f4e5f4f5045524154494f4e5f56317c303b303b303b303b303b303b303b303a3b303a3b303b;1;8:4b4545505f414c4c;0;0;0;0;",1,"remaining post-FDE hypothesis 30 has no valid section 5.9 bound: dual-channel PL bound: channel history_eliminated_detector_only has no symmetric PSD certificate: rank transition interval is numerically indeterminate;ACTION_OPERATION_IDENTITY=ACTION_OPERATION_V1|0;0;0;0;0;0;0;0:;0:;0;"
5550000000,111,1,"ACTION_SEARCH_OCCURRENCE_V1","ACTION_OCCURRENCE_V1|action=1|duplicate_index=0|operation=ACTION_SEMANTICS_V1|42:414354494f4e5f4f5045524154494f4e5f56317c303b303b303b303b303b303b303b303a3b303a3b303b;1;8:4b4545505f414c4c;0;0;0;0;","","","",0,0,1,1,0.589691,271.19,165,169,587348,1768.83,4e-05,inf,inf,0,408.318,"GENERATED_ACTION_SNAPSHOT_V1|1;137:414354494f4e5f53454d414e544943535f56317c34323a3431343335343439346634653566346635303435353234313534343934663465356635363331376333303362333033623330336233303362333033623330336233303362333033613362333033613362333033623b313b383a346234353435353035663431346334633b303b303b303b303b;42:414354494f4e5f4f5045524154494f4e5f56317c303b303b303b303b303b303b303b303a3b303a3b303b;","PLANNED_EVALUATION;operation_identity=ACTION_OPERATION_V1|0;0;0;0;0;0;0;0:;0:;0;;semantic_identity=ACTION_SEMANTICS_V1|42:414354494f4e5f4f5045524154494f4e5f56317c303b303b303b303b303b303b303b303a3b303a3b303b;1;8:4b4545505f414c4c;0;0;0;0;",1,"remaining post-FDE hypothesis 30 has no valid section 5.9 bound: dual-channel PL bound: channel history_eliminated_detector_only has no symmetric PSD certificate: rank transition interval is numerically indeterminate;ACTION_OPERATION_IDENTITY=ACTION_OPERATION_V1|0;0;0;0;0;0;0;0:;0:;0;"
5600000000,112,1,"ACTION_SEARCH_OCCURRENCE_V1","ACTION_OCCURRENCE_V1|action=1|duplicate_index=0|operation=ACTION_SEMANTICS_V1|42:414354494f4e5f4f5045524154494f4e5f56317c303b303b303b303b303b303b303b303a3b303a3b303b;1;8:4b4545505f414c4c;0;0;0;0;","","","",0,0,1,1,0.609121,271.19,165,169,592302,1768.8,4e-05,inf,inf,0,415.724,"GENERATED_ACTION_SNAPSHOT_V1|1;137:414354494f4e5f53454d414e544943535f56317c34323a3431343335343439346634653566346635303435353234313534343934663465356635363331376333303362333033623330336233303362333033623330336233303362333033613362333033613362333033623b313b383a346234353435353035663431346334633b303b303b303b303b;42:414354494f4e5f4f5045524154494f4e5f56317c303b303b303b303b303b303b303b303a3b303a3b303b;","PLANNED_EVALUATION;operation_identity=ACTION_OPERATION_V1|0;0;0;0;0;0;0;0:;0:;0;;semantic_identity=ACTION_SEMANTICS_V1|42:414354494f4e5f4f5045524154494f4e5f56317c303b303b303b303b303b303b303b303a3b303a3b303b;1;8:4b4545505f414c4c;0;0;0;0;",1,"remaining post-FDE hypothesis 30 has no valid section 5.9 bound: dual-channel PL bound: channel history_eliminated_detector_only has no symmetric PSD certificate: rank transition interval is numerically indeterminate;ACTION_OPERATION_IDENTITY=ACTION_OPERATION_V1|0;0;0;0;0;0;0;0:;0:;0;"
5650000000,113,1,"ACTION_SEARCH_OCCURRENCE_V1","ACTION_OCCURRENCE_V1|action=1|duplicate_index=0|operation=ACTION_SEMANTICS_V1|42:414354494f4e5f4f5045524154494f4e5f56317c303b303b303b303b303b303b303b303a3b303a3b303b;1;8:4b4545505f414c4c;0;0;0;0;","","","",0,0,1,1,0.622236,271.19,165,169,590584,1768.77,4e-05,inf,inf,0,408.28,"GENERATED_ACTION_SNAPSHOT_V1|1;137:414354494f4e5f53454d414e544943535f56317c34323a3431343335343439346634653566346635303435353234313534343934663465356635363331376333303362333033623330336233303362333033623330336233303362333033613362333033613362333033623b313b383a346234353435353035663431346334633b303b303b303b303b;42:414354494f4e5f4f5045524154494f4e5f56317c303b303b303b303b303b303b303b303a3b303a3b303b;","PLANNED_EVALUATION;operation_identity=ACTION_OPERATION_V1|0;0;0;0;0;0;0;0:;0:;0;;semantic_identity=ACTION_SEMANTICS_V1|42:414354494f4e5f4f5045524154494f4e5f56317c303b303b303b303b303b303b303b303a3b303a3b303b;1;8:4b4545505f414c4c;0;0;0;0;",1,"remaining post-FDE hypothesis 30 has no valid section 5.9 bound: dual-channel PL bound: channel history_eliminated_detector_only has no symmetric PSD certificate: rank transition interval is numerically indeterminate;ACTION_OPERATION_IDENTITY=ACTION_OPERATION_V1|0;0;0;0;0;0;0;0:;0:;0;"
5700000000,114,1,"ACTION_SEARCH_OCCURRENCE_V1","ACTION_OCCURRENCE_V1|action=1|duplicate_index=0|operation=ACTION_SEMANTICS_V1|42:414354494f4e5f4f5045524154494f4e5f56317c303b303b303b303b303b303b303b303a3b303a3b303b;1;8:4b4545505f414c4c;0;0;0;0;","","","",0,0,1,1,0.61539,271.19,165,169,591728,1768.77,4e-05,inf,inf,0,418.759,"GENERATED_ACTION_SNAPSHOT_V1|1;137:414354494f4e5f53454d414e544943535f56317c34323a3431343335343439346634653566346635303435353234313534343934663465356635363331376333303362333033623330336233303362333033623330336233303362333033613362333033613362333033623b313b383a346234353435353035663431346334633b303b303b303b303b;42:414354494f4e5f4f5045524154494f4e5f56317c303b303b303b303b303b303b303b303a3b303a3b303b;","PLANNED_EVALUATION;operation_identity=ACTION_OPERATION_V1|0;0;0;0;0;0;0;0:;0:;0;;semantic_identity=ACTION_SEMANTICS_V1|42:414354494f4e5f4f5045524154494f4e5f56317c303b303b303b303b303b303b303b303a3b303a3b303b;1;8:4b4545505f414c4c;0;0;0;0;",1,"remaining post-FDE hypothesis 30 has no valid section 5.9 bound: dual-channel PL bound: channel history_eliminated_detector_only has no symmetric PSD certificate: rank transition interval is numerically indeterminate;ACTION_OPERATION_IDENTITY=ACTION_OPERATION_V1|0;0;0;0;0;0;0;0:;0:;0;"
5750000000,115,1,"ACTION_SEARCH_OCCURRENCE_V1","ACTION_OCCURRENCE_V1|action=1|duplicate_index=0|operation=ACTION_SEMANTICS_V1|42:414354494f4e5f4f5045524154494f4e5f56317c303b303b303b303b303b303b303b303a3b303a3b303b;1;8:4b4545505f414c4c;0;0;0;0;","","","",0,0,1,1,0.618051,271.19,165,169,595299,1768.78,4e-05,inf,inf,0,411.21,"GENERATED_ACTION_SNAPSHOT_V1|1;137:414354494f4e5f53454d414e544943535f56317c34323a3431343335343439346634653566346635303435353234313534343934663465356635363331376333303362333033623330336233303362333033623330336233303362333033613362333033613362333033623b313b383a346234353435353035663431346334633b303b303b303b303b;42:414354494f4e5f4f5045524154494f4e5f56317c303b303b303b303b303b303b303b303a3b303a3b303b;","PLANNED_EVALUATION;operation_identity=ACTION_OPERATION_V1|0;0;0;0;0;0;0;0:;0:;0;;semantic_identity=ACTION_SEMANTICS_V1|42:414354494f4e5f4f5045524154494f4e5f56317c303b303b303b303b303b303b303b303a3b303a3b303b;1;8:4b4545505f414c4c;0;0;0;0;",1,"remaining post-FDE hypothesis 30 has no valid section 5.9 bound: dual-channel PL bound: channel history_eliminated_detector_only has no symmetric PSD certificate: rank transition interval is numerically indeterminate;ACTION_OPERATION_IDENTITY=ACTION_OPERATION_V1|0;0;0;0;0;0;0;0:;0:;0;"
5800000000,116,1,"ACTION_SEARCH_OCCURRENCE_V1","ACTION_OCCURRENCE_V1|action=1|duplicate_index=0|operation=ACTION_SEMANTICS_V1|42:414354494f4e5f4f5045524154494f4e5f56317c303b303b303b303b303b303b303b303a3b303a3b303b;1;8:4b4545505f414c4c;0;0;0;0;","","","",0,0,1,1,0.619965,271.19,165,169,597162,1768.78,4e-05,inf,inf,0,414.413,"GENERATED_ACTION_SNAPSHOT_V1|1;137:414354494f4e5f53454d414e544943535f56317c34323a3431343335343439346634653566346635303435353234313534343934663465356635363331376333303362333033623330336233303362333033623330336233303362333033613362333033613362333033623b313b383a346234353435353035663431346334633b303b303b303b303b;42:414354494f4e5f4f5045524154494f4e5f56317c303b303b303b303b303b303b303b303a3b303a3b303b;","PLANNED_EVALUATION;operation_identity=ACTION_OPERATION_V1|0;0;0;0;0;0;0;0:;0:;0;;semantic_identity=ACTION_SEMANTICS_V1|42:414354494f4e5f4f5045524154494f4e5f56317c303b303b303b303b303b303b303b303a3b303a3b303b;1;8:4b4545505f414c4c;0;0;0;0;",1,"remaining post-FDE hypothesis 30 has no valid section 5.9 bound: dual-channel PL bound: channel history_eliminated_detector_only has no symmetric PSD certificate: rank transition interval is numerically indeterminate;ACTION_OPERATION_IDENTITY=ACTION_OPERATION_V1|0;0;0;0;0;0;0;0:;0:;0;"
5850000000,117,1,"ACTION_SEARCH_OCCURRENCE_V1","ACTION_OCCURRENCE_V1|action=1|duplicate_index=0|operation=ACTION_SEMANTICS_V1|42:414354494f4e5f4f5045524154494f4e5f56317c303b303b303b303b303b303b303b303a3b303a3b303b;1;8:4b4545505f414c4c;0;0;0;0;","","","",0,0,1,1,0.609621,271.19,165,169,601526,1768.8,4e-05,inf,inf,0,411.324,"GENERATED_ACTION_SNAPSHOT_V1|1;137:414354494f4e5f53454d414e544943535f56317c34323a3431343335343439346634653566346635303435353234313534343934663465356635363331376333303362333033623330336233303362333033623330336233303362333033613362333033613362333033623b313b383a346234353435353035663431346334633b303b303b303b303b;42:414354494f4e5f4f5045524154494f4e5f56317c303b303b303b303b303b303b303b303a3b303a3b303b;","PLANNED_EVALUATION;operation_identity=ACTION_OPERATION_V1|0;0;0;0;0;0;0;0:;0:;0;;semantic_identity=ACTION_SEMANTICS_V1|42:414354494f4e5f4f5045524154494f4e5f56317c303b303b303b303b303b303b303b303a3b303a3b303b;1;8:4b4545505f414c4c;0;0;0;0;",1,"remaining post-FDE hypothesis 30 has no valid section 5.9 bound: dual-channel PL bound: channel history_eliminated_detector_only has no symmetric PSD certificate: rank transition interval is numerically indeterminate;ACTION_OPERATION_IDENTITY=ACTION_OPERATION_V1|0;0;0;0;0;0;0;0:;0:;0;"
5900000000,118,1,"ACTION_SEARCH_OCCURRENCE_V1","ACTION_OCCURRENCE_V1|action=1|duplicate_index=0|operation=ACTION_SEMANTICS_V1|42:414354494f4e5f4f5045524154494f4e5f56317c303b303b303b303b303b303b303b303a3b303a3b303b;1;8:4b4545505f414c4c;0;0;0;0;","","","",0,0,1,1,0.609243,271.19,165,169,604747,1768.74,4e-05,inf,inf,0,415.184,"GENERATED_ACTION_SNAPSHOT_V1|1;137:414354494f4e5f53454d414e544943535f56317c34323a3431343335343439346634653566346635303435353234313534343934663465356635363331376333303362333033623330336233303362333033623330336233303362333033613362333033613362333033623b313b383a346234353435353035663431346334633b303b303b303b303b;42:414354494f4e5f4f5045524154494f4e5f56317c303b303b303b303b303b303b303b303a3b303a3b303b;","PLANNED_EVALUATION;operation_identity=ACTION_OPERATION_V1|0;0;0;0;0;0;0;0:;0:;0;;semantic_identity=ACTION_SEMANTICS_V1|42:414354494f4e5f4f5045524154494f4e5f56317c303b303b303b303b303b303b303b303a3b303a3b303b;1;8:4b4545505f414c4c;0;0;0;0;",1,"remaining post-FDE hypothesis 30 has no valid section 5.9 bound: dual-channel PL bound: channel history_eliminated_detector_only has no symmetric PSD certificate: rank transition interval is numerically indeterminate;ACTION_OPERATION_IDENTITY=ACTION_OPERATION_V1|0;0;0;0;0;0;0;0:;0:;0;"
5950000000,119,1,"ACTION_SEARCH_OCCURRENCE_V1","ACTION_OCCURRENCE_V1|action=1|duplicate_index=0|operation=ACTION_SEMANTICS_V1|42:414354494f4e5f4f5045524154494f4e5f56317c303b303b303b303b303b303b303b303a3b303a3b303b;1;8:4b4545505f414c4c;0;0;0;0;","","","",0,0,1,1,0.603364,271.19,165,169,607339,1768.71,4e-05,inf,inf,0,408.688,"GENERATED_ACTION_SNAPSHOT_V1|1;137:414354494f4e5f53454d414e544943535f56317c34323a3431343335343439346634653566346635303435353234313534343934663465356635363331376333303362333033623330336233303362333033623330336233303362333033613362333033613362333033623b313b383a346234353435353035663431346334633b303b303b303b303b;42:414354494f4e5f4f5045524154494f4e5f56317c303b303b303b303b303b303b303b303a3b303a3b303b;","PLANNED_EVALUATION;operation_identity=ACTION_OPERATION_V1|0;0;0;0;0;0;0;0:;0:;0;;semantic_identity=ACTION_SEMANTICS_V1|42:414354494f4e5f4f5045524154494f4e5f56317c303b303b303b303b303b303b303b303a3b303a3b303b;1;8:4b4545505f414c4c;0;0;0;0;",1,"remaining post-FDE hypothesis 30 has no valid section 5.9 bound: dual-channel PL bound: channel history_eliminated_detector_only has no symmetric PSD certificate: rank transition interval is numerically indeterminate;ACTION_OPERATION_IDENTITY=ACTION_OPERATION_V1|0;0;0;0;0;0;0;0:;0:;0;"
6000000000,120,1,"ACTION_SEARCH_OCCURRENCE_V1","ACTION_OCCURRENCE_V1|action=1|duplicate_index=0|operation=ACTION_SEMANTICS_V1|42:414354494f4e5f4f5045524154494f4e5f56317c303b303b303b303b303b303b303b303a3b303a3b303b;1;8:4b4545505f414c4c;0;0;0;0;","","","",0,0,1,1,0.594274,271.19,165,169,607472,1768.72,4e-05,inf,inf,0,408.791,"GENERATED_ACTION_SNAPSHOT_V1|1;137:414354494f4e5f53454d414e544943535f56317c34323a3431343335343439346634653566346635303435353234313534343934663465356635363331376333303362333033623330336233303362333033623330336233303362333033613362333033613362333033623b313b383a346234353435353035663431346334633b303b303b303b303b;42:414354494f4e5f4f5045524154494f4e5f56317c303b303b303b303b303b303b303b303a3b303a3b303b;","PLANNED_EVALUATION;operation_identity=ACTION_OPERATION_V1|0;0;0;0;0;0;0;0:;0:;0;;semantic_identity=ACTION_SEMANTICS_V1|42:414354494f4e5f4f5045524154494f4e5f56317c303b303b303b303b303b303b303b303a3b303a3b303b;1;8:4b4545505f414c4c;0;0;0;0;",1,"remaining post-FDE hypothesis 30 has no valid section 5.9 bound: dual-channel PL bound: channel history_eliminated_detector_only has no symmetric PSD certificate: rank transition interval is numerically indeterminate;ACTION_OPERATION_IDENTITY=ACTION_OPERATION_V1|0;0;0;0;0;0;0;0:;0:;0;"
