schema_version,input_attempt_id,input_timestamp_ns,transaction_id,window_id,graph_version,ordering_version,noise_model_version,linpoint_version,output_timestamp_ns,stage,status,wall_ms,reason
uwb-imu-pl/gate-d-diagnostics/v16,1,50000000,1,1,1,1,1,1,50000000,"prepare","EXECUTED",0.27097100000000002,""
uwb-imu-pl/gate-d-diagnostics/v16,1,50000000,1,1,1,1,1,1,50000000,"integrity_window","EXECUTED",0.67926200000000003,""
uwb-imu-pl/gate-d-diagnostics/v16,1,50000000,1,1,1,1,1,1,50000000,"window_boundary_provenance","EXECUTED",0.16916400000000001,""
uwb-imu-pl/gate-d-diagnostics/v16,1,50000000,1,1,1,1,1,1,50000000,"window_factor_linearization_whitening","EXECUTED",0.056050000000000003,""
uwb-imu-pl/gate-d-diagnostics/v16,1,50000000,1,1,1,1,1,1,50000000,"window_dense_assembly","EXECUTED",0.0039129999999999998,""
uwb-imu-pl/gate-d-diagnostics/v16,1,50000000,1,1,1,1,1,1,50000000,"window_svd","EXECUTED",0.27840599999999999,""
uwb-imu-pl/gate-d-diagnostics/v16,1,50000000,1,1,1,1,1,1,50000000,"window_normal_equations","EXECUTED",0.0045900000000000003,""
uwb-imu-pl/gate-d-diagnostics/v16,1,50000000,1,1,1,1,1,1,50000000,"window_llt_state_solves","EXECUTED",0.0099869999999999994,""
uwb-imu-pl/gate-d-diagnostics/v16,1,50000000,1,1,1,1,1,1,50000000,"window_fingerprint","EXECUTED",0.109463,""
uwb-imu-pl/gate-d-diagnostics/v16,1,50000000,1,1,1,1,1,1,50000000,"all_in_detector","EXECUTED",0.039682000000000002,""
uwb-imu-pl/gate-d-diagnostics/v16,1,50000000,1,1,1,1,1,1,50000000,"current_sensitivity","EXECUTED",0.050437999999999997,""
uwb-imu-pl/gate-d-diagnostics/v16,1,50000000,1,1,1,1,1,1,50000000,"model_generation","EXECUTED",0.66228699999999996,""
uwb-imu-pl/gate-d-diagnostics/v16,1,50000000,1,1,1,1,1,1,50000000,"historical_sensitivity","EXECUTED",0,""
uwb-imu-pl/gate-d-diagnostics/v16,1,50000000,1,1,1,1,1,1,50000000,"hypothesis_evidence","EXECUTED",1.628574,"effective_dimensions=1:30,2:144,3:0,other:0;context_bytes=29552;worker_blocks=4"
uwb-imu-pl/gate-d-diagnostics/v16,1,50000000,1,1,1,1,1,1,50000000,"health_actions","EXECUTED",0.12740599999999999,""
uwb-imu-pl/gate-d-diagnostics/v16,1,50000000,1,1,1,1,1,1,50000000,"hypothesis_audit","SKIPPED",,"disabled by output.write_hypothesis_evidence"
uwb-imu-pl/gate-d-diagnostics/v16,1,50000000,1,1,1,1,1,1,50000000,"base_factorization","EXECUTED",0.0094000000000000004,""
uwb-imu-pl/gate-d-diagnostics/v16,1,50000000,1,1,1,1,1,1,50000000,"shared_cache","EXECUTED",0.0019880000000000002,""
uwb-imu-pl/gate-d-diagnostics/v16,1,50000000,1,1,1,1,1,1,50000000,"candidate_evaluation","EXECUTED",5.9241080000000004,"rank=1;dense=0"
uwb-imu-pl/gate-d-diagnostics/v16,1,50000000,1,1,1,1,1,1,50000000,"fde_decision","EXECUTED",0.21792600000000001,""
uwb-imu-pl/gate-d-diagnostics/v16,1,50000000,1,1,1,1,1,1,50000000,"candidate_audit","EXECUTED",0.011627999999999999,""
uwb-imu-pl/gate-d-diagnostics/v16,1,50000000,1,1,1,1,1,1,50000000,"commit","EXECUTED",0.42485299999999998,""
uwb-imu-pl/gate-d-diagnostics/v16,1,50000000,1,1,1,1,1,1,50000000,"state_audit","EXECUTED",0.00038900000000000002,""
uwb-imu-pl/gate-d-diagnostics/v16,1,50000000,1,1,1,1,1,1,50000000,"finalize_commit_audit","EXECUTED",0.075875999999999999,"excludes separately timed commit/discard/state audit"
uwb-imu-pl/gate-d-diagnostics/v16,1,50000000,1,1,1,1,1,1,50000000,"discard","SKIPPED",,"upstream gate did not reach stage"
uwb-imu-pl/gate-d-diagnostics/v16,1,50000000,1,1,1,1,1,1,50000000,"core_total","EXECUTED",10.218166,""
uwb-imu-pl/gate-d-diagnostics/v16,2,100000000,2,2,2,1,1,2,100000000,"prepare","EXECUTED",0.229658,""
uwb-imu-pl/gate-d-diagnostics/v16,2,100000000,2,2,2,1,1,2,100000000,"integrity_window","EXECUTED",1.2153369999999999,""
uwb-imu-pl/gate-d-diagnostics/v16,2,100000000,2,2,2,1,1,2,100000000,"window_boundary_provenance","EXECUTED",0.13786300000000001,""
uwb-imu-pl/gate-d-diagnostics/v16,2,100000000,2,2,2,1,1,2,100000000,"window_factor_linearization_whitening","EXECUTED",0.087873000000000007,""
uwb-imu-pl/gate-d-diagnostics/v16,2,100000000,2,2,2,1,1,2,100000000,"window_dense_assembly","EXECUTED",0.0059509999999999997,""
uwb-imu-pl/gate-d-diagnostics/v16,2,100000000,2,2,2,1,1,2,100000000,"window_svd","EXECUTED",0.68883399999999995,""
uwb-imu-pl/gate-d-diagnostics/v16,2,100000000,2,2,2,1,1,2,100000000,"window_normal_equations","EXECUTED",0.0077990000000000004,""
uwb-imu-pl/gate-d-diagnostics/v16,2,100000000,2,2,2,1,1,2,100000000,"window_llt_state_solves","EXECUTED",0.018599000000000001,""
uwb-imu-pl/gate-d-diagnostics/v16,2,100000000,2,2,2,1,1,2,100000000,"window_fingerprint","EXECUTED",0.18585599999999999,""
uwb-imu-pl/gate-d-diagnostics/v16,2,100000000,2,2,2,1,1,2,100000000,"all_in_detector","EXECUTED",0.02579,""
uwb-imu-pl/gate-d-diagnostics/v16,2,100000000,2,2,2,1,1,2,100000000,"current_sensitivity","EXECUTED",0.067639000000000005,""
uwb-imu-pl/gate-d-diagnostics/v16,2,100000000,2,2,2,1,1,2,100000000,"model_generation","EXECUTED",2.2546409999999999,""
uwb-imu-pl/gate-d-diagnostics/v16,2,100000000,2,2,2,1,1,2,100000000,"historical_sensitivity","EXECUTED",0.012355,""
uwb-imu-pl/gate-d-diagnostics/v16,2,100000000,2,2,2,1,1,2,100000000,"hypothesis_evidence","EXECUTED",3.456356,"effective_dimensions=1:52,2:488,3:96,other:0;context_bytes=107168;worker_blocks=4"
uwb-imu-pl/gate-d-diagnostics/v16,2,100000000,2,2,2,1,1,2,100000000,"health_actions","EXECUTED",0.168737,""
uwb-imu-pl/gate-d-diagnostics/v16,2,100000000,2,2,2,1,1,2,100000000,"hypothesis_audit","SKIPPED",,"disabled by output.write_hypothesis_evidence"
uwb-imu-pl/gate-d-diagnostics/v16,2,100000000,2,2,2,1,1,2,100000000,"base_factorization","EXECUTED",0.017718000000000001,""
uwb-imu-pl/gate-d-diagnostics/v16,2,100000000,2,2,2,1,1,2,100000000,"shared_cache","EXECUTED",0.0014109999999999999,""
uwb-imu-pl/gate-d-diagnostics/v16,2,100000000,2,2,2,1,1,2,100000000,"candidate_evaluation","EXECUTED",200.35888399999999,"rank=1;dense=0"
uwb-imu-pl/gate-d-diagnostics/v16,2,100000000,2,2,2,1,1,2,100000000,"fde_decision","EXECUTED",0.44934000000000002,""
uwb-imu-pl/gate-d-diagnostics/v16,2,100000000,2,2,2,1,1,2,100000000,"candidate_audit","EXECUTED",0.010089000000000001,""
uwb-imu-pl/gate-d-diagnostics/v16,2,100000000,2,2,2,1,1,2,100000000,"commit","EXECUTED",0.86459699999999995,""
uwb-imu-pl/gate-d-diagnostics/v16,2,100000000,2,2,2,1,1,2,100000000,"state_audit","EXECUTED",0.00040000000000000002,""
uwb-imu-pl/gate-d-diagnostics/v16,2,100000000,2,2,2,1,1,2,100000000,"finalize_commit_audit","EXECUTED",0.30801400000000012,"excludes separately timed commit/discard/state audit"
uwb-imu-pl/gate-d-diagnostics/v16,2,100000000,2,2,2,1,1,2,100000000,"discard","SKIPPED",,"upstream gate did not reach stage"
uwb-imu-pl/gate-d-diagnostics/v16,2,100000000,2,2,2,1,1,2,100000000,"core_total","EXECUTED",209.54325600000001,""
uwb-imu-pl/gate-d-diagnostics/v16,3,150000000,3,3,3,1,1,3,150000000,"prepare","EXECUTED",0.30114200000000002,""
uwb-imu-pl/gate-d-diagnostics/v16,3,150000000,3,3,3,1,1,3,150000000,"integrity_window","EXECUTED",2.0242900000000001,""
uwb-imu-pl/gate-d-diagnostics/v16,3,150000000,3,3,3,1,1,3,150000000,"window_boundary_provenance","EXECUTED",0.14749499999999999,""
uwb-imu-pl/gate-d-diagnostics/v16,3,150000000,3,3,3,1,1,3,150000000,"window_factor_linearization_whitening","EXECUTED",0.14824599999999999,""
uwb-imu-pl/gate-d-diagnostics/v16,3,150000000,3,3,3,1,1,3,150000000,"window_dense_assembly","EXECUTED",0.0096030000000000004,""
uwb-imu-pl/gate-d-diagnostics/v16,3,150000000,3,3,3,1,1,3,150000000,"window_svd","EXECUTED",1.131041,""
uwb-imu-pl/gate-d-diagnostics/v16,3,150000000,3,3,3,1,1,3,150000000,"window_normal_equations","EXECUTED",0.016615000000000001,""
uwb-imu-pl/gate-d-diagnostics/v16,3,150000000,3,3,3,1,1,3,150000000,"window_llt_state_solves","EXECUTED",0.027005999999999999,""
uwb-imu-pl/gate-d-diagnostics/v16,3,150000000,3,3,3,1,1,3,150000000,"window_fingerprint","EXECUTED",0.38848899999999997,""
uwb-imu-pl/gate-d-diagnostics/v16,3,150000000,3,3,3,1,1,3,150000000,"all_in_detector","EXECUTED",0.076964000000000005,""
uwb-imu-pl/gate-d-diagnostics/v16,3,150000000,3,3,3,1,1,3,150000000,"current_sensitivity","EXECUTED",0.13904,""
uwb-imu-pl/gate-d-diagnostics/v16,3,150000000,3,3,3,1,1,3,150000000,"model_generation","EXECUTED",4.7972709999999994,""
uwb-imu-pl/gate-d-diagnostics/v16,3,150000000,3,3,3,1,1,3,150000000,"historical_sensitivity","EXECUTED",0.027020999999999996,""
uwb-imu-pl/gate-d-diagnostics/v16,3,150000000,3,3,3,1,1,3,150000000,"hypothesis_evidence","EXECUTED",15.250939000000001,"effective_dimensions=1:74,2:1024,3:288,other:0;context_bytes=233168;worker_blocks=4"
uwb-imu-pl/gate-d-diagnostics/v16,3,150000000,3,3,3,1,1,3,150000000,"health_actions","EXECUTED",0.32591700000000001,""
uwb-imu-pl/gate-d-diagnostics/v16,3,150000000,3,3,3,1,1,3,150000000,"hypothesis_audit","SKIPPED",,"disabled by output.write_hypothesis_evidence"
uwb-imu-pl/gate-d-diagnostics/v16,3,150000000,3,3,3,1,1,3,150000000,"base_factorization","EXECUTED",0.036403999999999999,""
uwb-imu-pl/gate-d-diagnostics/v16,3,150000000,3,3,3,1,1,3,150000000,"shared_cache","EXECUTED",0.0022160000000000001,""
uwb-imu-pl/gate-d-diagnostics/v16,3,150000000,3,3,3,1,1,3,150000000,"candidate_evaluation","EXECUTED",47.256726,"rank=1;dense=0"
uwb-imu-pl/gate-d-diagnostics/v16,3,150000000,3,3,3,1,1,3,150000000,"fde_decision","EXECUTED",1.1808590000000001,""
uwb-imu-pl/gate-d-diagnostics/v16,3,150000000,3,3,3,1,1,3,150000000,"candidate_audit","EXECUTED",0.022113000000000001,""
uwb-imu-pl/gate-d-diagnostics/v16,3,150000000,3,3,3,1,1,3,150000000,"commit","EXECUTED",0.83768799999999999,""
uwb-imu-pl/gate-d-diagnostics/v16,3,150000000,3,3,3,1,1,3,150000000,"state_audit","EXECUTED",0.00045899999999999999,""
uwb-imu-pl/gate-d-diagnostics/v16,3,150000000,3,3,3,1,1,3,150000000,"finalize_commit_audit","EXECUTED",0.67330299999999998,"excludes separately timed commit/discard/state audit"
uwb-imu-pl/gate-d-diagnostics/v16,3,150000000,3,3,3,1,1,3,150000000,"discard","SKIPPED",,"upstream gate did not reach stage"
uwb-imu-pl/gate-d-diagnostics/v16,3,150000000,3,3,3,1,1,3,150000000,"core_total","EXECUTED",73.066333,""
uwb-imu-pl/gate-d-diagnostics/v16,4,200000000,4,4,4,1,1,4,200000000,"prepare","EXECUTED",0.36418200000000001,""
uwb-imu-pl/gate-d-diagnostics/v16,4,200000000,4,4,4,1,1,4,200000000,"integrity_window","EXECUTED",2.8401809999999998,""
uwb-imu-pl/gate-d-diagnostics/v16,4,200000000,4,4,4,1,1,4,200000000,"window_boundary_provenance","EXECUTED",0.151925,""
uwb-imu-pl/gate-d-diagnostics/v16,4,200000000,4,4,4,1,1,4,200000000,"window_factor_linearization_whitening","EXECUTED",0.15176600000000001,""
uwb-imu-pl/gate-d-diagnostics/v16,4,200000000,4,4,4,1,1,4,200000000,"window_dense_assembly","EXECUTED",0.015011999999999999,""
uwb-imu-pl/gate-d-diagnostics/v16,4,200000000,4,4,4,1,1,4,200000000,"window_svd","EXECUTED",1.706196,""
uwb-imu-pl/gate-d-diagnostics/v16,4,200000000,4,4,4,1,1,4,200000000,"window_normal_equations","EXECUTED",0.042705,""
uwb-imu-pl/gate-d-diagnostics/v16,4,200000000,4,4,4,1,1,4,200000000,"window_llt_state_solves","EXECUTED",0.029814,""
uwb-imu-pl/gate-d-diagnostics/v16,4,200000000,4,4,4,1,1,4,200000000,"window_fingerprint","EXECUTED",0.52403999999999995,""
uwb-imu-pl/gate-d-diagnostics/v16,4,200000000,4,4,4,1,1,4,200000000,"all_in_detector","EXECUTED",0.029746000000000002,""
uwb-imu-pl/gate-d-diagnostics/v16,4,200000000,4,4,4,1,1,4,200000000,"current_sensitivity","EXECUTED",0.083541000000000004,""
uwb-imu-pl/gate-d-diagnostics/v16,4,200000000,4,4,4,1,1,4,200000000,"model_generation","EXECUTED",9.0859010000000016,""
uwb-imu-pl/gate-d-diagnostics/v16,4,200000000,4,4,4,1,1,4,200000000,"historical_sensitivity","EXECUTED",0.035718,""
uwb-imu-pl/gate-d-diagnostics/v16,4,200000000,4,4,4,1,1,4,200000000,"hypothesis_evidence","EXECUTED",27.539794000000001,"effective_dimensions=1:96,2:1752,3:576,other:0;context_bytes=407552;worker_blocks=4"
uwb-imu-pl/gate-d-diagnostics/v16,4,200000000,4,4,4,1,1,4,200000000,"health_actions","EXECUTED",0.46093000000000001,""
uwb-imu-pl/gate-d-diagnostics/v16,4,200000000,4,4,4,1,1,4,200000000,"hypothesis_audit","SKIPPED",,"disabled by output.write_hypothesis_evidence"
uwb-imu-pl/gate-d-diagnostics/v16,4,200000000,4,4,4,1,1,4,200000000,"base_factorization","EXECUTED",0.044371000000000001,""
uwb-imu-pl/gate-d-diagnostics/v16,4,200000000,4,4,4,1,1,4,200000000,"shared_cache","EXECUTED",0.001614,""
uwb-imu-pl/gate-d-diagnostics/v16,4,200000000,4,4,4,1,1,4,200000000,"candidate_evaluation","EXECUTED",97.291379000000006,"rank=1;dense=0"
uwb-imu-pl/gate-d-diagnostics/v16,4,200000000,4,4,4,1,1,4,200000000,"fde_decision","EXECUTED",1.626123,""
uwb-imu-pl/gate-d-diagnostics/v16,4,200000000,4,4,4,1,1,4,200000000,"candidate_audit","EXECUTED",0.011061,""
uwb-imu-pl/gate-d-diagnostics/v16,4,200000000,4,4,4,1,1,4,200000000,"commit","EXECUTED",0.64340399999999998,""
uwb-imu-pl/gate-d-diagnostics/v16,4,200000000,4,4,4,1,1,4,200000000,"state_audit","EXECUTED",0.00056599999999999999,""
uwb-imu-pl/gate-d-diagnostics/v16,4,200000000,4,4,4,1,1,4,200000000,"finalize_commit_audit","EXECUTED",0.92530500000000004,"excludes separately timed commit/discard/state audit"
uwb-imu-pl/gate-d-diagnostics/v16,4,200000000,4,4,4,1,1,4,200000000,"discard","SKIPPED",,"upstream gate did not reach stage"
uwb-imu-pl/gate-d-diagnostics/v16,4,200000000,4,4,4,1,1,4,200000000,"core_total","EXECUTED",141.11992599999999,""
uwb-imu-pl/gate-d-diagnostics/v16,5,250000000,5,5,5,1,1,5,250000000,"prepare","EXECUTED",0.55223299999999997,""
uwb-imu-pl/gate-d-diagnostics/v16,5,250000000,5,5,5,1,1,5,250000000,"integrity_window","EXECUTED",4.2444790000000001,""
uwb-imu-pl/gate-d-diagnostics/v16,5,250000000,5,5,5,1,1,5,250000000,"window_boundary_provenance","EXECUTED",0.20391400000000001,""
uwb-imu-pl/gate-d-diagnostics/v16,5,250000000,5,5,5,1,1,5,250000000,"window_factor_linearization_whitening","EXECUTED",0.29616399999999998,""
uwb-imu-pl/gate-d-diagnostics/v16,5,250000000,5,5,5,1,1,5,250000000,"window_dense_assembly","EXECUTED",0.026033000000000001,""
uwb-imu-pl/gate-d-diagnostics/v16,5,250000000,5,5,5,1,1,5,250000000,"window_svd","EXECUTED",2.4882399999999998,""
uwb-imu-pl/gate-d-diagnostics/v16,5,250000000,5,5,5,1,1,5,250000000,"window_normal_equations","EXECUTED",0.051284999999999997,""
uwb-imu-pl/gate-d-diagnostics/v16,5,250000000,5,5,5,1,1,5,250000000,"window_llt_state_solves","EXECUTED",0.041163999999999999,""
uwb-imu-pl/gate-d-diagnostics/v16,5,250000000,5,5,5,1,1,5,250000000,"window_fingerprint","EXECUTED",0.81510499999999997,""
uwb-imu-pl/gate-d-diagnostics/v16,5,250000000,5,5,5,1,1,5,250000000,"all_in_detector","EXECUTED",0.049003999999999999,""
uwb-imu-pl/gate-d-diagnostics/v16,5,250000000,5,5,5,1,1,5,250000000,"current_sensitivity","EXECUTED",0.153424,""
uwb-imu-pl/gate-d-diagnostics/v16,5,250000000,5,5,5,1,1,5,250000000,"model_generation","EXECUTED",12.941037999999999,""
uwb-imu-pl/gate-d-diagnostics/v16,5,250000000,5,5,5,1,1,5,250000000,"historical_sensitivity","EXECUTED",0.038464999999999999,""
uwb-imu-pl/gate-d-diagnostics/v16,5,250000000,5,5,5,1,1,5,250000000,"hypothesis_evidence","EXECUTED",46.707909999999998,"effective_dimensions=1:118,2:2672,3:960,other:0;context_bytes=630320;worker_blocks=4"
uwb-imu-pl/gate-d-diagnostics/v16,5,250000000,5,5,5,1,1,5,250000000,"health_actions","EXECUTED",0.65935100000000002,""
uwb-imu-pl/gate-d-diagnostics/v16,5,250000000,5,5,5,1,1,5,250000000,"hypothesis_audit","SKIPPED",,"disabled by output.write_hypothesis_evidence"
uwb-imu-pl/gate-d-diagnostics/v16,5,250000000,5,5,5,1,1,5,250000000,"base_factorization","EXECUTED",0.062867999999999993,""
uwb-imu-pl/gate-d-diagnostics/v16,5,250000000,5,5,5,1,1,5,250000000,"shared_cache","EXECUTED",0.0021450000000000002,""
uwb-imu-pl/gate-d-diagnostics/v16,5,250000000,5,5,5,1,1,5,250000000,"candidate_evaluation","EXECUTED",149.05612099999999,"rank=1;dense=0"
uwb-imu-pl/gate-d-diagnostics/v16,5,250000000,5,5,5,1,1,5,250000000,"fde_decision","EXECUTED",2.5586329999999999,""
uwb-imu-pl/gate-d-diagnostics/v16,5,250000000,5,5,5,1,1,5,250000000,"candidate_audit","EXECUTED",0.018048000000000002,""
uwb-imu-pl/gate-d-diagnostics/v16,5,250000000,5,5,5,1,1,5,250000000,"commit","EXECUTED",1.1336550000000001,""
uwb-imu-pl/gate-d-diagnostics/v16,5,250000000,5,5,5,1,1,5,250000000,"state_audit","EXECUTED",0.00057799999999999995,""
uwb-imu-pl/gate-d-diagnostics/v16,5,250000000,5,5,5,1,1,5,250000000,"finalize_commit_audit","EXECUTED",1.6269200000000001,"excludes separately timed commit/discard/state audit"
uwb-imu-pl/gate-d-diagnostics/v16,5,250000000,5,5,5,1,1,5,250000000,"discard","SKIPPED",,"upstream gate did not reach stage"
uwb-imu-pl/gate-d-diagnostics/v16,5,250000000,5,5,5,1,1,5,250000000,"core_total","EXECUTED",219.953078,""
uwb-imu-pl/gate-d-diagnostics/v16,6,300000000,6,6,6,1,1,6,300000000,"prepare","EXECUTED",0.587951,""
uwb-imu-pl/gate-d-diagnostics/v16,6,300000000,6,6,6,1,1,6,300000000,"integrity_window","EXECUTED",5.0109669999999999,""
uwb-imu-pl/gate-d-diagnostics/v16,6,300000000,6,6,6,1,1,6,300000000,"window_boundary_provenance","EXECUTED",0.15254699999999999,""
uwb-imu-pl/gate-d-diagnostics/v16,6,300000000,6,6,6,1,1,6,300000000,"window_factor_linearization_whitening","EXECUTED",0.22744,""
uwb-imu-pl/gate-d-diagnostics/v16,6,300000000,6,6,6,1,1,6,300000000,"window_dense_assembly","EXECUTED",0.027716000000000001,""
uwb-imu-pl/gate-d-diagnostics/v16,6,300000000,6,6,6,1,1,6,300000000,"window_svd","EXECUTED",2.9394130000000001,""
uwb-imu-pl/gate-d-diagnostics/v16,6,300000000,6,6,6,1,1,6,300000000,"window_normal_equations","EXECUTED",0.101204,""
uwb-imu-pl/gate-d-diagnostics/v16,6,300000000,6,6,6,1,1,6,300000000,"window_llt_state_solves","EXECUTED",0.051975,""
uwb-imu-pl/gate-d-diagnostics/v16,6,300000000,6,6,6,1,1,6,300000000,"window_fingerprint","EXECUTED",1.078678,""
uwb-imu-pl/gate-d-diagnostics/v16,6,300000000,6,6,6,1,1,6,300000000,"all_in_detector","EXECUTED",0.042729000000000003,""
uwb-imu-pl/gate-d-diagnostics/v16,6,300000000,6,6,6,1,1,6,300000000,"current_sensitivity","EXECUTED",0.16783600000000001,""
uwb-imu-pl/gate-d-diagnostics/v16,6,300000000,6,6,6,1,1,6,300000000,"model_generation","EXECUTED",18.615476000000001,""
uwb-imu-pl/gate-d-diagnostics/v16,6,300000000,6,6,6,1,1,6,300000000,"historical_sensitivity","EXECUTED",0.048617,""
uwb-imu-pl/gate-d-diagnostics/v16,6,300000000,6,6,6,1,1,6,300000000,"hypothesis_evidence","EXECUTED",76.320400000000006,"effective_dimensions=1:140,2:3784,3:1440,other:0;context_bytes=901472;worker_blocks=4"
uwb-imu-pl/gate-d-diagnostics/v16,6,300000000,6,6,6,1,1,6,300000000,"health_actions","EXECUTED",0.94536900000000001,""
uwb-imu-pl/gate-d-diagnostics/v16,6,300000000,6,6,6,1,1,6,300000000,"hypothesis_audit","SKIPPED",,"disabled by output.write_hypothesis_evidence"
uwb-imu-pl/gate-d-diagnostics/v16,6,300000000,6,6,6,1,1,6,300000000,"base_factorization","EXECUTED",0.076867000000000005,""
uwb-imu-pl/gate-d-diagnostics/v16,6,300000000,6,6,6,1,1,6,300000000,"shared_cache","EXECUTED",0.0019620000000000002,""
uwb-imu-pl/gate-d-diagnostics/v16,6,300000000,6,6,6,1,1,6,300000000,"candidate_evaluation","EXECUTED",240.24804499999999,"rank=1;dense=0"
uwb-imu-pl/gate-d-diagnostics/v16,6,300000000,6,6,6,1,1,6,300000000,"fde_decision","EXECUTED",3.5421019999999999,""
uwb-imu-pl/gate-d-diagnostics/v16,6,300000000,6,6,6,1,1,6,300000000,"candidate_audit","EXECUTED",0.027213999999999999,""
uwb-imu-pl/gate-d-diagnostics/v16,6,300000000,6,6,6,1,1,6,300000000,"commit","EXECUTED",0.68719399999999997,""
uwb-imu-pl/gate-d-diagnostics/v16,6,300000000,6,6,6,1,1,6,300000000,"state_audit","EXECUTED",0.00062799999999999998,""
uwb-imu-pl/gate-d-diagnostics/v16,6,300000000,6,6,6,1,1,6,300000000,"finalize_commit_audit","EXECUTED",2.0608769999999996,"excludes separately timed commit/discard/state audit"
uwb-imu-pl/gate-d-diagnostics/v16,6,300000000,6,6,6,1,1,6,300000000,"discard","SKIPPED",,"upstream gate did not reach stage"
uwb-imu-pl/gate-d-diagnostics/v16,6,300000000,6,6,6,1,1,6,300000000,"core_total","EXECUTED",348.56118300000003,""
uwb-imu-pl/gate-d-diagnostics/v16,7,350000000,7,7,7,1,1,7,350000000,"prepare","EXECUTED",0.64207000000000003,""
uwb-imu-pl/gate-d-diagnostics/v16,7,350000000,7,7,7,1,1,7,350000000,"integrity_window","EXECUTED",7.2967519999999997,""
uwb-imu-pl/gate-d-diagnostics/v16,7,350000000,7,7,7,1,1,7,350000000,"window_boundary_provenance","EXECUTED",0.162968,""
uwb-imu-pl/gate-d-diagnostics/v16,7,350000000,7,7,7,1,1,7,350000000,"window_factor_linearization_whitening","EXECUTED",0.27379100000000001,""
uwb-imu-pl/gate-d-diagnostics/v16,7,350000000,7,7,7,1,1,7,350000000,"window_dense_assembly","EXECUTED",0.035520999999999997,""
uwb-imu-pl/gate-d-diagnostics/v16,7,350000000,7,7,7,1,1,7,350000000,"window_svd","EXECUTED",4.0941910000000004,""
uwb-imu-pl/gate-d-diagnostics/v16,7,350000000,7,7,7,1,1,7,350000000,"window_normal_equations","EXECUTED",0.27180599999999999,""
uwb-imu-pl/gate-d-diagnostics/v16,7,350000000,7,7,7,1,1,7,350000000,"window_llt_state_solves","EXECUTED",0.083677000000000001,""
uwb-imu-pl/gate-d-diagnostics/v16,7,350000000,7,7,7,1,1,7,350000000,"window_fingerprint","EXECUTED",1.808573,""
uwb-imu-pl/gate-d-diagnostics/v16,7,350000000,7,7,7,1,1,7,350000000,"all_in_detector","EXECUTED",0.074425000000000005,""
uwb-imu-pl/gate-d-diagnostics/v16,7,350000000,7,7,7,1,1,7,350000000,"current_sensitivity","EXECUTED",0.24146200000000001,""
uwb-imu-pl/gate-d-diagnostics/v16,7,350000000,7,7,7,1,1,7,350000000,"model_generation","EXECUTED",27.149426000000002,""
uwb-imu-pl/gate-d-diagnostics/v16,7,350000000,7,7,7,1,1,7,350000000,"historical_sensitivity","EXECUTED",0.079718000000000011,""
uwb-imu-pl/gate-d-diagnostics/v16,7,350000000,7,7,7,1,1,7,350000000,"hypothesis_evidence","EXECUTED",114.706574,"effective_dimensions=1:162,2:5088,3:2016,other:0;context_bytes=1221008;worker_blocks=4"
uwb-imu-pl/gate-d-diagnostics/v16,7,350000000,7,7,7,1,1,7,350000000,"health_actions","EXECUTED",1.3016300000000001,""
uwb-imu-pl/gate-d-diagnostics/v16,7,350000000,7,7,7,1,1,7,350000000,"hypothesis_audit","SKIPPED",,"disabled by output.write_hypothesis_evidence"
uwb-imu-pl/gate-d-diagnostics/v16,7,350000000,7,7,7,1,1,7,350000000,"base_factorization","EXECUTED",0.105574,""
uwb-imu-pl/gate-d-diagnostics/v16,7,350000000,7,7,7,1,1,7,350000000,"shared_cache","EXECUTED",0.0026749999999999999,""
uwb-imu-pl/gate-d-diagnostics/v16,7,350000000,7,7,7,1,1,7,350000000,"candidate_evaluation","EXECUTED",357.31888800000002,"rank=1;dense=0"
uwb-imu-pl/gate-d-diagnostics/v16,7,350000000,7,7,7,1,1,7,350000000,"fde_decision","EXECUTED",4.5628960000000003,""
uwb-imu-pl/gate-d-diagnostics/v16,7,350000000,7,7,7,1,1,7,350000000,"candidate_audit","EXECUTED",0.02053,""
uwb-imu-pl/gate-d-diagnostics/v16,7,350000000,7,7,7,1,1,7,350000000,"commit","EXECUTED",0.938917,""
uwb-imu-pl/gate-d-diagnostics/v16,7,350000000,7,7,7,1,1,7,350000000,"state_audit","EXECUTED",0.00039800000000000002,""
uwb-imu-pl/gate-d-diagnostics/v16,7,350000000,7,7,7,1,1,7,350000000,"finalize_commit_audit","EXECUTED",2.9784229999999998,"excludes separately timed commit/discard/state audit"
uwb-imu-pl/gate-d-diagnostics/v16,7,350000000,7,7,7,1,1,7,350000000,"discard","SKIPPED",,"upstream gate did not reach stage"
uwb-imu-pl/gate-d-diagnostics/v16,7,350000000,7,7,7,1,1,7,350000000,"core_total","EXECUTED",517.606042,""
uwb-imu-pl/gate-d-diagnostics/v16,8,400000000,8,8,8,1,1,8,400000000,"prepare","EXECUTED",0.77287399999999995,""
uwb-imu-pl/gate-d-diagnostics/v16,8,400000000,8,8,8,1,1,8,400000000,"integrity_window","EXECUTED",8.1164970000000007,""
uwb-imu-pl/gate-d-diagnostics/v16,8,400000000,8,8,8,1,1,8,400000000,"window_boundary_provenance","EXECUTED",0.19655600000000001,""
uwb-imu-pl/gate-d-diagnostics/v16,8,400000000,8,8,8,1,1,8,400000000,"window_factor_linearization_whitening","EXECUTED",0.35582399999999997,""
uwb-imu-pl/gate-d-diagnostics/v16,8,400000000,8,8,8,1,1,8,400000000,"window_dense_assembly","EXECUTED",0.054926000000000003,""
uwb-imu-pl/gate-d-diagnostics/v16,8,400000000,8,8,8,1,1,8,400000000,"window_svd","EXECUTED",4.8317329999999998,""
uwb-imu-pl/gate-d-diagnostics/v16,8,400000000,8,8,8,1,1,8,400000000,"window_normal_equations","EXECUTED",0.13999800000000001,""
uwb-imu-pl/gate-d-diagnostics/v16,8,400000000,8,8,8,1,1,8,400000000,"window_llt_state_solves","EXECUTED",0.073858999999999994,""
uwb-imu-pl/gate-d-diagnostics/v16,8,400000000,8,8,8,1,1,8,400000000,"window_fingerprint","EXECUTED",1.7764770000000001,""
uwb-imu-pl/gate-d-diagnostics/v16,8,400000000,8,8,8,1,1,8,400000000,"all_in_detector","EXECUTED",0.054456999999999998,""
uwb-imu-pl/gate-d-diagnostics/v16,8,400000000,8,8,8,1,1,8,400000000,"current_sensitivity","EXECUTED",0.43562099999999998,""
uwb-imu-pl/gate-d-diagnostics/v16,8,400000000,8,8,8,1,1,8,400000000,"model_generation","EXECUTED",38.086162000000002,""
uwb-imu-pl/gate-d-diagnostics/v16,8,400000000,8,8,8,1,1,8,400000000,"historical_sensitivity","EXECUTED",0.10151499999999999,""
uwb-imu-pl/gate-d-diagnostics/v16,8,400000000,8,8,8,1,1,8,400000000,"hypothesis_evidence","EXECUTED",158.60816,"effective_dimensions=1:184,2:6584,3:2688,other:0;context_bytes=1588928;worker_blocks=4"
uwb-imu-pl/gate-d-diagnostics/v16,8,400000000,8,8,8,1,1,8,400000000,"health_actions","EXECUTED",1.5221690000000001,""
uwb-imu-pl/gate-d-diagnostics/v16,8,400000000,8,8,8,1,1,8,400000000,"hypothesis_audit","SKIPPED",,"disabled by output.write_hypothesis_evidence"
uwb-imu-pl/gate-d-diagnostics/v16,8,400000000,8,8,8,1,1,8,400000000,"base_factorization","EXECUTED",0.123588,""
uwb-imu-pl/gate-d-diagnostics/v16,8,400000000,8,8,8,1,1,8,400000000,"shared_cache","EXECUTED",0.001846,""
uwb-imu-pl/gate-d-diagnostics/v16,8,400000000,8,8,8,1,1,8,400000000,"candidate_evaluation","EXECUTED",512.99395800000002,"rank=1;dense=0"
uwb-imu-pl/gate-d-diagnostics/v16,8,400000000,8,8,8,1,1,8,400000000,"fde_decision","EXECUTED",6.0591840000000001,""
uwb-imu-pl/gate-d-diagnostics/v16,8,400000000,8,8,8,1,1,8,400000000,"candidate_audit","EXECUTED",0.023254,""
uwb-imu-pl/gate-d-diagnostics/v16,8,400000000,8,8,8,1,1,8,400000000,"commit","EXECUTED",1.2211700000000001,""
uwb-imu-pl/gate-d-diagnostics/v16,8,400000000,8,8,8,1,1,8,400000000,"state_audit","EXECUTED",0.00060899999999999995,""
uwb-imu-pl/gate-d-diagnostics/v16,8,400000000,8,8,8,1,1,8,400000000,"finalize_commit_audit","EXECUTED",3.8403550000000002,"excludes separately timed commit/discard/state audit"
uwb-imu-pl/gate-d-diagnostics/v16,8,400000000,8,8,8,1,1,8,400000000,"discard","SKIPPED",,"upstream gate did not reach stage"
uwb-imu-pl/gate-d-diagnostics/v16,8,400000000,8,8,8,1,1,8,400000000,"core_total","EXECUTED",732.19424200000003,""
uwb-imu-pl/gate-d-diagnostics/v16,9,450000000,9,9,9,1,1,9,450000000,"prepare","EXECUTED",0.849109,""
uwb-imu-pl/gate-d-diagnostics/v16,9,450000000,9,9,9,1,1,9,450000000,"integrity_window","EXECUTED",10.693232999999999,""
uwb-imu-pl/gate-d-diagnostics/v16,9,450000000,9,9,9,1,1,9,450000000,"window_boundary_provenance","EXECUTED",0.17972199999999999,""
uwb-imu-pl/gate-d-diagnostics/v16,9,450000000,9,9,9,1,1,9,450000000,"window_factor_linearization_whitening","EXECUTED",0.48337400000000003,""
uwb-imu-pl/gate-d-diagnostics/v16,9,450000000,9,9,9,1,1,9,450000000,"window_dense_assembly","EXECUTED",0.062467000000000002,""
uwb-imu-pl/gate-d-diagnostics/v16,9,450000000,9,9,9,1,1,9,450000000,"window_svd","EXECUTED",6.5512360000000003,""
uwb-imu-pl/gate-d-diagnostics/v16,9,450000000,9,9,9,1,1,9,450000000,"window_normal_equations","EXECUTED",0.19830200000000001,""
uwb-imu-pl/gate-d-diagnostics/v16,9,450000000,9,9,9,1,1,9,450000000,"window_llt_state_solves","EXECUTED",0.087232000000000004,""
uwb-imu-pl/gate-d-diagnostics/v16,9,450000000,9,9,9,1,1,9,450000000,"window_fingerprint","EXECUTED",2.2293259999999999,""
uwb-imu-pl/gate-d-diagnostics/v16,9,450000000,9,9,9,1,1,9,450000000,"all_in_detector","EXECUTED",0.061831999999999998,""
uwb-imu-pl/gate-d-diagnostics/v16,9,450000000,9,9,9,1,1,9,450000000,"current_sensitivity","EXECUTED",0.240948,""
uwb-imu-pl/gate-d-diagnostics/v16,9,450000000,9,9,9,1,1,9,450000000,"model_generation","EXECUTED",51.921351000000001,""
uwb-imu-pl/gate-d-diagnostics/v16,9,450000000,9,9,9,1,1,9,450000000,"historical_sensitivity","EXECUTED",0.078630000000000005,""
uwb-imu-pl/gate-d-diagnostics/v16,9,450000000,9,9,9,1,1,9,450000000,"hypothesis_evidence","EXECUTED",219.933268,"effective_dimensions=1:206,2:8272,3:3456,other:0;context_bytes=2005232;worker_blocks=4"
uwb-imu-pl/gate-d-diagnostics/v16,9,450000000,9,9,9,1,1,9,450000000,"health_actions","EXECUTED",2.816697,""
uwb-imu-pl/gate-d-diagnostics/v16,9,450000000,9,9,9,1,1,9,450000000,"hypothesis_audit","SKIPPED",,"disabled by output.write_hypothesis_evidence"
uwb-imu-pl/gate-d-diagnostics/v16,9,450000000,9,9,9,1,1,9,450000000,"base_factorization","EXECUTED",0.20246500000000001,""
uwb-imu-pl/gate-d-diagnostics/v16,9,450000000,9,9,9,1,1,9,450000000,"shared_cache","EXECUTED",0.0030799999999999998,""
uwb-imu-pl/gate-d-diagnostics/v16,9,450000000,9,9,9,1,1,9,450000000,"candidate_evaluation","EXECUTED",678.20827099999997,"rank=1;dense=0"
uwb-imu-pl/gate-d-diagnostics/v16,9,450000000,9,9,9,1,1,9,450000000,"fde_decision","EXECUTED",7.833418,""
uwb-imu-pl/gate-d-diagnostics/v16,9,450000000,9,9,9,1,1,9,450000000,"candidate_audit","EXECUTED",0.037322000000000001,""
uwb-imu-pl/gate-d-diagnostics/v16,9,450000000,9,9,9,1,1,9,450000000,"commit","EXECUTED",0.84431,""
uwb-imu-pl/gate-d-diagnostics/v16,9,450000000,9,9,9,1,1,9,450000000,"state_audit","EXECUTED",0.00058600000000000004,""
uwb-imu-pl/gate-d-diagnostics/v16,9,450000000,9,9,9,1,1,9,450000000,"finalize_commit_audit","EXECUTED",4.8880509999999999,"excludes separately timed commit/discard/state audit"
uwb-imu-pl/gate-d-diagnostics/v16,9,450000000,9,9,9,1,1,9,450000000,"discard","SKIPPED",,"upstream gate did not reach stage"
uwb-imu-pl/gate-d-diagnostics/v16,9,450000000,9,9,9,1,1,9,450000000,"core_total","EXECUTED",978.82993999999997,""
uwb-imu-pl/gate-d-diagnostics/v16,10,500000000,10,10,10,1,1,10,500000000,"prepare","EXECUTED",0.94223400000000002,""
uwb-imu-pl/gate-d-diagnostics/v16,10,500000000,10,10,10,1,1,10,500000000,"integrity_window","EXECUTED",12.874537999999999,""
uwb-imu-pl/gate-d-diagnostics/v16,10,500000000,10,10,10,1,1,10,500000000,"window_boundary_provenance","EXECUTED",0.20741999999999999,""
uwb-imu-pl/gate-d-diagnostics/v16,10,500000000,10,10,10,1,1,10,500000000,"window_factor_linearization_whitening","EXECUTED",0.51350300000000004,""
uwb-imu-pl/gate-d-diagnostics/v16,10,500000000,10,10,10,1,1,10,500000000,"window_dense_assembly","EXECUTED",0.074382000000000004,""
uwb-imu-pl/gate-d-diagnostics/v16,10,500000000,10,10,10,1,1,10,500000000,"window_svd","EXECUTED",7.7723820000000003,""
uwb-imu-pl/gate-d-diagnostics/v16,10,500000000,10,10,10,1,1,10,500000000,"window_normal_equations","EXECUTED",0.25990200000000002,""
uwb-imu-pl/gate-d-diagnostics/v16,10,500000000,10,10,10,1,1,10,500000000,"window_llt_state_solves","EXECUTED",0.11061,""
uwb-imu-pl/gate-d-diagnostics/v16,10,500000000,10,10,10,1,1,10,500000000,"window_fingerprint","EXECUTED",2.8456709999999998,""
uwb-imu-pl/gate-d-diagnostics/v16,10,500000000,10,10,10,1,1,10,500000000,"all_in_detector","EXECUTED",0.068201999999999999,""
uwb-imu-pl/gate-d-diagnostics/v16,10,500000000,10,10,10,1,1,10,500000000,"current_sensitivity","EXECUTED",0.27769500000000003,""
uwb-imu-pl/gate-d-diagnostics/v16,10,500000000,10,10,10,1,1,10,500000000,"model_generation","EXECUTED",62.645598999999997,""
uwb-imu-pl/gate-d-diagnostics/v16,10,500000000,10,10,10,1,1,10,500000000,"historical_sensitivity","EXECUTED",0.092670999999999989,""
uwb-imu-pl/gate-d-diagnostics/v16,10,500000000,10,10,10,1,1,10,500000000,"hypothesis_evidence","EXECUTED",286.57037400000002,"effective_dimensions=1:228,2:10152,3:4320,other:0;context_bytes=2469920;worker_blocks=4"
uwb-imu-pl/gate-d-diagnostics/v16,10,500000000,10,10,10,1,1,10,500000000,"health_actions","EXECUTED",2.5930939999999998,""
uwb-imu-pl/gate-d-diagnostics/v16,10,500000000,10,10,10,1,1,10,500000000,"hypothesis_audit","SKIPPED",,"disabled by output.write_hypothesis_evidence"
uwb-imu-pl/gate-d-diagnostics/v16,10,500000000,10,10,10,1,1,10,500000000,"base_factorization","EXECUTED",0.18393899999999999,""
uwb-imu-pl/gate-d-diagnostics/v16,10,500000000,10,10,10,1,1,10,500000000,"shared_cache","EXECUTED",0.002382,""
uwb-imu-pl/gate-d-diagnostics/v16,10,500000000,10,10,10,1,1,10,500000000,"candidate_evaluation","EXECUTED",886.60625500000003,"rank=1;dense=0"
uwb-imu-pl/gate-d-diagnostics/v16,10,500000000,10,10,10,1,1,10,500000000,"fde_decision","EXECUTED",10.149521999999999,""
uwb-imu-pl/gate-d-diagnostics/v16,10,500000000,10,10,10,1,1,10,500000000,"candidate_audit","EXECUTED",0.031807000000000002,""
uwb-imu-pl/gate-d-diagnostics/v16,10,500000000,10,10,10,1,1,10,500000000,"commit","EXECUTED",0.88880400000000004,""
uwb-imu-pl/gate-d-diagnostics/v16,10,500000000,10,10,10,1,1,10,500000000,"state_audit","EXECUTED",0.00046500000000000003,""
uwb-imu-pl/gate-d-diagnostics/v16,10,500000000,10,10,10,1,1,10,500000000,"finalize_commit_audit","EXECUTED",6.3661639999999995,"excludes separately timed commit/discard/state audit"
uwb-imu-pl/gate-d-diagnostics/v16,10,500000000,10,10,10,1,1,10,500000000,"discard","SKIPPED",,"upstream gate did not reach stage"
uwb-imu-pl/gate-d-diagnostics/v16,10,500000000,10,10,10,1,1,10,500000000,"core_total","EXECUTED",1270.5271929999999,""
uwb-imu-pl/gate-d-diagnostics/v16,11,550000000,11,11,11,1,1,11,550000000,"prepare","EXECUTED",1.332802,""
uwb-imu-pl/gate-d-diagnostics/v16,11,550000000,11,11,11,1,1,11,550000000,"integrity_window","EXECUTED",13.354844999999999,""
uwb-imu-pl/gate-d-diagnostics/v16,11,550000000,11,11,11,1,1,11,550000000,"window_boundary_provenance","EXECUTED",0.46576699999999999,""
uwb-imu-pl/gate-d-diagnostics/v16,11,550000000,11,11,11,1,1,11,550000000,"window_factor_linearization_whitening","EXECUTED",0.54738500000000001,""
uwb-imu-pl/gate-d-diagnostics/v16,11,550000000,11,11,11,1,1,11,550000000,"window_dense_assembly","EXECUTED",0.087936,""
uwb-imu-pl/gate-d-diagnostics/v16,11,550000000,11,11,11,1,1,11,550000000,"window_svd","EXECUTED",7.8348820000000003,""
uwb-imu-pl/gate-d-diagnostics/v16,11,550000000,11,11,11,1,1,11,550000000,"window_normal_equations","EXECUTED",0.26873999999999998,""
uwb-imu-pl/gate-d-diagnostics/v16,11,550000000,11,11,11,1,1,11,550000000,"window_llt_state_solves","EXECUTED",0.104558,""
uwb-imu-pl/gate-d-diagnostics/v16,11,550000000,11,11,11,1,1,11,550000000,"window_fingerprint","EXECUTED",2.8890159999999998,""
uwb-imu-pl/gate-d-diagnostics/v16,11,550000000,11,11,11,1,1,11,550000000,"all_in_detector","EXECUTED",0.102979,""
uwb-imu-pl/gate-d-diagnostics/v16,11,550000000,11,11,11,1,1,11,550000000,"current_sensitivity","EXECUTED",0.53139099999999995,""
uwb-imu-pl/gate-d-diagnostics/v16,11,550000000,11,11,11,1,1,11,550000000,"model_generation","EXECUTED",70.259243999999995,""
uwb-imu-pl/gate-d-diagnostics/v16,11,550000000,11,11,11,1,1,11,550000000,"historical_sensitivity","EXECUTED",0.110252,""
uwb-imu-pl/gate-d-diagnostics/v16,11,550000000,11,11,11,1,1,11,550000000,"hypothesis_evidence","EXECUTED",333.83620000000002,"effective_dimensions=1:244,2:11120,3:4800,other:0;context_bytes=2715872;worker_blocks=4"
uwb-imu-pl/gate-d-diagnostics/v16,11,550000000,11,11,11,1,1,11,550000000,"health_actions","EXECUTED",2.7845949999999999,""
uwb-imu-pl/gate-d-diagnostics/v16,11,550000000,11,11,11,1,1,11,550000000,"hypothesis_audit","SKIPPED",,"disabled by output.write_hypothesis_evidence"
uwb-imu-pl/gate-d-diagnostics/v16,11,550000000,11,11,11,1,1,11,550000000,"base_factorization","EXECUTED",0.18732599999999999,""
uwb-imu-pl/gate-d-diagnostics/v16,11,550000000,11,11,11,1,1,11,550000000,"shared_cache","EXECUTED",0.002441,""
uwb-imu-pl/gate-d-diagnostics/v16,11,550000000,11,11,11,1,1,11,550000000,"candidate_evaluation","EXECUTED",1007.535995,"rank=1;dense=0"
uwb-imu-pl/gate-d-diagnostics/v16,11,550000000,11,11,11,1,1,11,550000000,"fde_decision","EXECUTED",12.347125999999999,""
uwb-imu-pl/gate-d-diagnostics/v16,11,550000000,11,11,11,1,1,11,550000000,"candidate_audit","EXECUTED",0.030905999999999999,""
uwb-imu-pl/gate-d-diagnostics/v16,11,550000000,11,11,11,1,1,11,550000000,"commit","EXECUTED",0.95127499999999998,""
uwb-imu-pl/gate-d-diagnostics/v16,11,550000000,11,11,11,1,1,11,550000000,"state_audit","EXECUTED",0.00042200000000000001,""
uwb-imu-pl/gate-d-diagnostics/v16,11,550000000,11,11,11,1,1,11,550000000,"finalize_commit_audit","EXECUTED",6.3537029999999994,"excludes separately timed commit/discard/state audit"
uwb-imu-pl/gate-d-diagnostics/v16,11,550000000,11,11,11,1,1,11,550000000,"discard","SKIPPED",,"upstream gate did not reach stage"
uwb-imu-pl/gate-d-diagnostics/v16,11,550000000,11,11,11,1,1,11,550000000,"core_total","EXECUTED",1450.1572679999999,""
uwb-imu-pl/gate-d-diagnostics/v16,12,600000000,12,12,12,1,1,12,600000000,"prepare","EXECUTED",1.090336,""
uwb-imu-pl/gate-d-diagnostics/v16,12,600000000,12,12,12,1,1,12,600000000,"integrity_window","EXECUTED",14.526614,""
uwb-imu-pl/gate-d-diagnostics/v16,12,600000000,12,12,12,1,1,12,600000000,"window_boundary_provenance","EXECUTED",1.575909,""
uwb-imu-pl/gate-d-diagnostics/v16,12,600000000,12,12,12,1,1,12,600000000,"window_factor_linearization_whitening","EXECUTED",0.59450099999999995,""
uwb-imu-pl/gate-d-diagnostics/v16,12,600000000,12,12,12,1,1,12,600000000,"window_dense_assembly","EXECUTED",0.074295,""
uwb-imu-pl/gate-d-diagnostics/v16,12,600000000,12,12,12,1,1,12,600000000,"window_svd","EXECUTED",7.6667370000000004,""
uwb-imu-pl/gate-d-diagnostics/v16,12,600000000,12,12,12,1,1,12,600000000,"window_normal_equations","EXECUTED",0.29707600000000001,""
uwb-imu-pl/gate-d-diagnostics/v16,12,600000000,12,12,12,1,1,12,600000000,"window_llt_state_solves","EXECUTED",0.117795,""
uwb-imu-pl/gate-d-diagnostics/v16,12,600000000,12,12,12,1,1,12,600000000,"window_fingerprint","EXECUTED",3.1154250000000001,""
uwb-imu-pl/gate-d-diagnostics/v16,12,600000000,12,12,12,1,1,12,600000000,"all_in_detector","EXECUTED",0.087849999999999998,""
uwb-imu-pl/gate-d-diagnostics/v16,12,600000000,12,12,12,1,1,12,600000000,"current_sensitivity","EXECUTED",0.33848099999999998,""
uwb-imu-pl/gate-d-diagnostics/v16,12,600000000,12,12,12,1,1,12,600000000,"model_generation","EXECUTED",84.220500999999999,""
uwb-imu-pl/gate-d-diagnostics/v16,12,600000000,12,12,12,1,1,12,600000000,"historical_sensitivity","EXECUTED",0.090481000000000006,""
uwb-imu-pl/gate-d-diagnostics/v16,12,600000000,12,12,12,1,1,12,600000000,"hypothesis_evidence","EXECUTED",417.95527499999997,"effective_dimensions=1:266,2:13288,3:5808,other:0;context_bytes=3253136;worker_blocks=4"
uwb-imu-pl/gate-d-diagnostics/v16,12,600000000,12,12,12,1,1,12,600000000,"health_actions","EXECUTED",3.2405339999999998,""
uwb-imu-pl/gate-d-diagnostics/v16,12,600000000,12,12,12,1,1,12,600000000,"hypothesis_audit","SKIPPED",,"disabled by output.write_hypothesis_evidence"
uwb-imu-pl/gate-d-diagnostics/v16,12,600000000,12,12,12,1,1,12,600000000,"base_factorization","EXECUTED",0.21445500000000001,""
uwb-imu-pl/gate-d-diagnostics/v16,12,600000000,12,12,12,1,1,12,600000000,"shared_cache","EXECUTED",0.0033760000000000001,""
uwb-imu-pl/gate-d-diagnostics/v16,12,600000000,12,12,12,1,1,12,600000000,"candidate_evaluation","EXECUTED",163.86908700000001,"rank=1;dense=0"
uwb-imu-pl/gate-d-diagnostics/v16,12,600000000,12,12,12,1,1,12,600000000,"fde_decision","EXECUTED",2.7514980000000002,""
uwb-imu-pl/gate-d-diagnostics/v16,12,600000000,12,12,12,1,1,12,600000000,"candidate_audit","EXECUTED",0.022114999999999999,""
uwb-imu-pl/gate-d-diagnostics/v16,12,600000000,12,12,12,1,1,12,600000000,"commit","EXECUTED",0.92531699999999995,""
uwb-imu-pl/gate-d-diagnostics/v16,12,600000000,12,12,12,1,1,12,600000000,"state_audit","EXECUTED",0.00026400000000000002,""
uwb-imu-pl/gate-d-diagnostics/v16,12,600000000,12,12,12,1,1,12,600000000,"finalize_commit_audit","EXECUTED",9.0484740000000006,"excludes separately timed commit/discard/state audit"
uwb-imu-pl/gate-d-diagnostics/v16,12,600000000,12,12,12,1,1,12,600000000,"discard","SKIPPED",,"upstream gate did not reach stage"
uwb-imu-pl/gate-d-diagnostics/v16,12,600000000,12,12,12,1,1,12,600000000,"core_total","EXECUTED",698.70724800000005,""
uwb-imu-pl/gate-d-diagnostics/v16,13,650000000,13,13,13,1,1,13,650000000,"prepare","EXECUTED",1.167154,""
uwb-imu-pl/gate-d-diagnostics/v16,13,650000000,13,13,13,1,1,13,650000000,"integrity_window","EXECUTED",17.982161999999999,""
uwb-imu-pl/gate-d-diagnostics/v16,13,650000000,13,13,13,1,1,13,650000000,"window_boundary_provenance","EXECUTED",4.4184549999999998,""
uwb-imu-pl/gate-d-diagnostics/v16,13,650000000,13,13,13,1,1,13,650000000,"window_factor_linearization_whitening","EXECUTED",0.62482199999999999,""
uwb-imu-pl/gate-d-diagnostics/v16,13,650000000,13,13,13,1,1,13,650000000,"window_dense_assembly","EXECUTED",0.069544999999999996,""
uwb-imu-pl/gate-d-diagnostics/v16,13,650000000,13,13,13,1,1,13,650000000,"window_svd","EXECUTED",8.2655340000000006,""
uwb-imu-pl/gate-d-diagnostics/v16,13,650000000,13,13,13,1,1,13,650000000,"window_normal_equations","EXECUTED",0.28606199999999998,""
uwb-imu-pl/gate-d-diagnostics/v16,13,650000000,13,13,13,1,1,13,650000000,"window_llt_state_solves","EXECUTED",0.11373800000000001,""
uwb-imu-pl/gate-d-diagnostics/v16,13,650000000,13,13,13,1,1,13,650000000,"window_fingerprint","EXECUTED",3.0721189999999998,""
uwb-imu-pl/gate-d-diagnostics/v16,13,650000000,13,13,13,1,1,13,650000000,"all_in_detector","EXECUTED",0.081755999999999995,""
uwb-imu-pl/gate-d-diagnostics/v16,13,650000000,13,13,13,1,1,13,650000000,"current_sensitivity","EXECUTED",0.32855200000000001,""
uwb-imu-pl/gate-d-diagnostics/v16,13,650000000,13,13,13,1,1,13,650000000,"model_generation","EXECUTED",103.40589800000001,""
uwb-imu-pl/gate-d-diagnostics/v16,13,650000000,13,13,13,1,1,13,650000000,"historical_sensitivity","EXECUTED",0.11885599999999998,""
uwb-imu-pl/gate-d-diagnostics/v16,13,650000000,13,13,13,1,1,13,650000000,"hypothesis_evidence","EXECUTED",498.30993799999999,"effective_dimensions=1:288,2:15648,3:6912,other:0;context_bytes=3838784;worker_blocks=4"
uwb-imu-pl/gate-d-diagnostics/v16,13,650000000,13,13,13,1,1,13,650000000,"health_actions","EXECUTED",4.7640419999999999,""
uwb-imu-pl/gate-d-diagnostics/v16,13,650000000,13,13,13,1,1,13,650000000,"hypothesis_audit","SKIPPED",,"disabled by output.write_hypothesis_evidence"
uwb-imu-pl/gate-d-diagnostics/v16,13,650000000,13,13,13,1,1,13,650000000,"base_factorization","EXECUTED",0.21243600000000001,""
uwb-imu-pl/gate-d-diagnostics/v16,13,650000000,13,13,13,1,1,13,650000000,"shared_cache","EXECUTED",0.0024399999999999999,""
uwb-imu-pl/gate-d-diagnostics/v16,13,650000000,13,13,13,1,1,13,650000000,"candidate_evaluation","EXECUTED",219.03539499999999,"rank=1;dense=0"
uwb-imu-pl/gate-d-diagnostics/v16,13,650000000,13,13,13,1,1,13,650000000,"fde_decision","EXECUTED",3.069099,""
uwb-imu-pl/gate-d-diagnostics/v16,13,650000000,13,13,13,1,1,13,650000000,"candidate_audit","EXECUTED",0.025007999999999999,""
uwb-imu-pl/gate-d-diagnostics/v16,13,650000000,13,13,13,1,1,13,650000000,"commit","EXECUTED",1.017245,""
uwb-imu-pl/gate-d-diagnostics/v16,13,650000000,13,13,13,1,1,13,650000000,"state_audit","EXECUTED",0.00025799999999999998,""
uwb-imu-pl/gate-d-diagnostics/v16,13,650000000,13,13,13,1,1,13,650000000,"finalize_commit_audit","EXECUTED",10.885355000000001,"excludes separately timed commit/discard/state audit"
uwb-imu-pl/gate-d-diagnostics/v16,13,650000000,13,13,13,1,1,13,650000000,"discard","SKIPPED",,"upstream gate did not reach stage"
uwb-imu-pl/gate-d-diagnostics/v16,13,650000000,13,13,13,1,1,13,650000000,"core_total","EXECUTED",860.76860399999998,""
uwb-imu-pl/gate-d-diagnostics/v16,14,700000000,14,14,14,1,1,14,700000000,"prepare","EXECUTED",1.1885559999999999,""
uwb-imu-pl/gate-d-diagnostics/v16,14,700000000,14,14,14,1,1,14,700000000,"integrity_window","EXECUTED",24.176200000000001,""
uwb-imu-pl/gate-d-diagnostics/v16,14,700000000,14,14,14,1,1,14,700000000,"window_boundary_provenance","EXECUTED",10.810129999999999,""
uwb-imu-pl/gate-d-diagnostics/v16,14,700000000,14,14,14,1,1,14,700000000,"window_factor_linearization_whitening","EXECUTED",0.65350799999999998,""
uwb-imu-pl/gate-d-diagnostics/v16,14,700000000,14,14,14,1,1,14,700000000,"window_dense_assembly","EXECUTED",0.073853000000000002,""
uwb-imu-pl/gate-d-diagnostics/v16,14,700000000,14,14,14,1,1,14,700000000,"window_svd","EXECUTED",7.4220940000000004,""
uwb-imu-pl/gate-d-diagnostics/v16,14,700000000,14,14,14,1,1,14,700000000,"window_normal_equations","EXECUTED",0.28236699999999998,""
uwb-imu-pl/gate-d-diagnostics/v16,14,700000000,14,14,14,1,1,14,700000000,"window_llt_state_solves","EXECUTED",0.133716,""
uwb-imu-pl/gate-d-diagnostics/v16,14,700000000,14,14,14,1,1,14,700000000,"window_fingerprint","EXECUTED",3.6366960000000002,""
uwb-imu-pl/gate-d-diagnostics/v16,14,700000000,14,14,14,1,1,14,700000000,"all_in_detector","EXECUTED",0.093145000000000006,""
uwb-imu-pl/gate-d-diagnostics/v16,14,700000000,14,14,14,1,1,14,700000000,"current_sensitivity","EXECUTED",0.38305899999999998,""
uwb-imu-pl/gate-d-diagnostics/v16,14,700000000,14,14,14,1,1,14,700000000,"model_generation","EXECUTED",121.207284,""
uwb-imu-pl/gate-d-diagnostics/v16,14,700000000,14,14,14,1,1,14,700000000,"historical_sensitivity","EXECUTED",0.166961,""
uwb-imu-pl/gate-d-diagnostics/v16,14,700000000,14,14,14,1,1,14,700000000,"hypothesis_evidence","EXECUTED",599.56352700000002,"effective_dimensions=1:310,2:18200,3:8112,other:0;context_bytes=4472816;worker_blocks=4"
uwb-imu-pl/gate-d-diagnostics/v16,14,700000000,14,14,14,1,1,14,700000000,"health_actions","EXECUTED",4.9108429999999998,""
uwb-imu-pl/gate-d-diagnostics/v16,14,700000000,14,14,14,1,1,14,700000000,"hypothesis_audit","SKIPPED",,"disabled by output.write_hypothesis_evidence"
uwb-imu-pl/gate-d-diagnostics/v16,14,700000000,14,14,14,1,1,14,700000000,"base_factorization","EXECUTED",0.23382600000000001,""
uwb-imu-pl/gate-d-diagnostics/v16,14,700000000,14,14,14,1,1,14,700000000,"shared_cache","EXECUTED",0.0044000000000000003,""
uwb-imu-pl/gate-d-diagnostics/v16,14,700000000,14,14,14,1,1,14,700000000,"candidate_evaluation","EXECUTED",214.52120400000001,"rank=1;dense=0"
uwb-imu-pl/gate-d-diagnostics/v16,14,700000000,14,14,14,1,1,14,700000000,"fde_decision","EXECUTED",3.3794140000000001,""
uwb-imu-pl/gate-d-diagnostics/v16,14,700000000,14,14,14,1,1,14,700000000,"candidate_audit","EXECUTED",0.022726,""
uwb-imu-pl/gate-d-diagnostics/v16,14,700000000,14,14,14,1,1,14,700000000,"commit","EXECUTED",1.52105,""
uwb-imu-pl/gate-d-diagnostics/v16,14,700000000,14,14,14,1,1,14,700000000,"state_audit","EXECUTED",0.001274,""
uwb-imu-pl/gate-d-diagnostics/v16,14,700000000,14,14,14,1,1,14,700000000,"finalize_commit_audit","EXECUTED",11.890971,"excludes separately timed commit/discard/state audit"
uwb-imu-pl/gate-d-diagnostics/v16,14,700000000,14,14,14,1,1,14,700000000,"discard","SKIPPED",,"upstream gate did not reach stage"
uwb-imu-pl/gate-d-diagnostics/v16,14,700000000,14,14,14,1,1,14,700000000,"core_total","EXECUTED",983.65756299999998,""
uwb-imu-pl/gate-d-diagnostics/v16,15,750000000,15,15,15,1,1,15,750000000,"prepare","EXECUTED",1.281938,""
uwb-imu-pl/gate-d-diagnostics/v16,15,750000000,15,15,15,1,1,15,750000000,"integrity_window","EXECUTED",36.318902999999999,""
uwb-imu-pl/gate-d-diagnostics/v16,15,750000000,15,15,15,1,1,15,750000000,"window_boundary_provenance","EXECUTED",23.003900999999999,""
uwb-imu-pl/gate-d-diagnostics/v16,15,750000000,15,15,15,1,1,15,750000000,"window_factor_linearization_whitening","EXECUTED",0.82732600000000001,""
uwb-imu-pl/gate-d-diagnostics/v16,15,750000000,15,15,15,1,1,15,750000000,"window_dense_assembly","EXECUTED",0.094617999999999994,""
uwb-imu-pl/gate-d-diagnostics/v16,15,750000000,15,15,15,1,1,15,750000000,"window_svd","EXECUTED",7.6155049999999997,""
uwb-imu-pl/gate-d-diagnostics/v16,15,750000000,15,15,15,1,1,15,750000000,"window_normal_equations","EXECUTED",0.29152099999999997,""
uwb-imu-pl/gate-d-diagnostics/v16,15,750000000,15,15,15,1,1,15,750000000,"window_llt_state_solves","EXECUTED",0.10015499999999999,""
uwb-imu-pl/gate-d-diagnostics/v16,15,750000000,15,15,15,1,1,15,750000000,"window_fingerprint","EXECUTED",3.2190279999999998,""
uwb-imu-pl/gate-d-diagnostics/v16,15,750000000,15,15,15,1,1,15,750000000,"all_in_detector","EXECUTED",0.087555999999999995,""
uwb-imu-pl/gate-d-diagnostics/v16,15,750000000,15,15,15,1,1,15,750000000,"current_sensitivity","EXECUTED",0.322828,""
uwb-imu-pl/gate-d-diagnostics/v16,15,750000000,15,15,15,1,1,15,750000000,"model_generation","EXECUTED",139.51372000000001,""
uwb-imu-pl/gate-d-diagnostics/v16,15,750000000,15,15,15,1,1,15,750000000,"historical_sensitivity","EXECUTED",0.121182,""
uwb-imu-pl/gate-d-diagnostics/v16,15,750000000,15,15,15,1,1,15,750000000,"hypothesis_evidence","EXECUTED",725.67990099999997,"effective_dimensions=1:332,2:20944,3:9408,other:0;context_bytes=5155232;worker_blocks=4"
uwb-imu-pl/gate-d-diagnostics/v16,15,750000000,15,15,15,1,1,15,750000000,"health_actions","EXECUTED",7.8237540000000001,""
uwb-imu-pl/gate-d-diagnostics/v16,15,750000000,15,15,15,1,1,15,750000000,"hypothesis_audit","SKIPPED",,"disabled by output.write_hypothesis_evidence"
uwb-imu-pl/gate-d-diagnostics/v16,15,750000000,15,15,15,1,1,15,750000000,"base_factorization","EXECUTED",0.22343499999999999,""
uwb-imu-pl/gate-d-diagnostics/v16,15,750000000,15,15,15,1,1,15,750000000,"shared_cache","EXECUTED",0.0030140000000000002,""
uwb-imu-pl/gate-d-diagnostics/v16,15,750000000,15,15,15,1,1,15,750000000,"candidate_evaluation","EXECUTED",238.362055,"rank=1;dense=0"
uwb-imu-pl/gate-d-diagnostics/v16,15,750000000,15,15,15,1,1,15,750000000,"fde_decision","EXECUTED",4.3228710000000001,""
uwb-imu-pl/gate-d-diagnostics/v16,15,750000000,15,15,15,1,1,15,750000000,"candidate_audit","EXECUTED",0.024105999999999999,""
uwb-imu-pl/gate-d-diagnostics/v16,15,750000000,15,15,15,1,1,15,750000000,"commit","EXECUTED",1.2423280000000001,""
uwb-imu-pl/gate-d-diagnostics/v16,15,750000000,15,15,15,1,1,15,750000000,"state_audit","EXECUTED",0.00025300000000000002,""
uwb-imu-pl/gate-d-diagnostics/v16,15,750000000,15,15,15,1,1,15,750000000,"finalize_commit_audit","EXECUTED",13.799041000000001,"excludes separately timed commit/discard/state audit"
uwb-imu-pl/gate-d-diagnostics/v16,15,750000000,15,15,15,1,1,15,750000000,"discard","SKIPPED",,"upstream gate did not reach stage"
uwb-imu-pl/gate-d-diagnostics/v16,15,750000000,15,15,15,1,1,15,750000000,"core_total","EXECUTED",1169.5430060000001,""
uwb-imu-pl/gate-d-diagnostics/v16,16,800000000,16,16,16,1,1,16,800000000,"prepare","EXECUTED",1.794797,""
uwb-imu-pl/gate-d-diagnostics/v16,16,800000000,16,16,16,1,1,16,800000000,"integrity_window","EXECUTED",58.056139999999999,""
uwb-imu-pl/gate-d-diagnostics/v16,16,800000000,16,16,16,1,1,16,800000000,"window_boundary_provenance","EXECUTED",44.108209000000002,""
uwb-imu-pl/gate-d-diagnostics/v16,16,800000000,16,16,16,1,1,16,800000000,"window_factor_linearization_whitening","EXECUTED",0.67889600000000005,""
uwb-imu-pl/gate-d-diagnostics/v16,16,800000000,16,16,16,1,1,16,800000000,"window_dense_assembly","EXECUTED",0.068925,""
uwb-imu-pl/gate-d-diagnostics/v16,16,800000000,16,16,16,1,1,16,800000000,"window_svd","EXECUTED",8.3153279999999992,""
uwb-imu-pl/gate-d-diagnostics/v16,16,800000000,16,16,16,1,1,16,800000000,"window_normal_equations","EXECUTED",0.29300900000000002,""
uwb-imu-pl/gate-d-diagnostics/v16,16,800000000,16,16,16,1,1,16,800000000,"window_llt_state_solves","EXECUTED",0.113425,""
uwb-imu-pl/gate-d-diagnostics/v16,16,800000000,16,16,16,1,1,16,800000000,"window_fingerprint","EXECUTED",3.3180879999999999,""
uwb-imu-pl/gate-d-diagnostics/v16,16,800000000,16,16,16,1,1,16,800000000,"all_in_detector","EXECUTED",0.099241999999999997,""
uwb-imu-pl/gate-d-diagnostics/v16,16,800000000,16,16,16,1,1,16,800000000,"current_sensitivity","EXECUTED",0.39205699999999999,""
uwb-imu-pl/gate-d-diagnostics/v16,16,800000000,16,16,16,1,1,16,800000000,"model_generation","EXECUTED",166.204927,""
uwb-imu-pl/gate-d-diagnostics/v16,16,800000000,16,16,16,1,1,16,800000000,"historical_sensitivity","EXECUTED",0.12056000000000003,""
uwb-imu-pl/gate-d-diagnostics/v16,16,800000000,16,16,16,1,1,16,800000000,"hypothesis_evidence","EXECUTED",882.95997199999999,"effective_dimensions=1:354,2:23880,3:10800,other:0;context_bytes=5886032;worker_blocks=4"
uwb-imu-pl/gate-d-diagnostics/v16,16,800000000,16,16,16,1,1,16,800000000,"health_actions","EXECUTED",7.035317,""
uwb-imu-pl/gate-d-diagnostics/v16,16,800000000,16,16,16,1,1,16,800000000,"hypothesis_audit","SKIPPED",,"disabled by output.write_hypothesis_evidence"
uwb-imu-pl/gate-d-diagnostics/v16,16,800000000,16,16,16,1,1,16,800000000,"base_factorization","EXECUTED",0.21912100000000001,""
uwb-imu-pl/gate-d-diagnostics/v16,16,800000000,16,16,16,1,1,16,800000000,"shared_cache","EXECUTED",0.0021180000000000001,""
uwb-imu-pl/gate-d-diagnostics/v16,16,800000000,16,16,16,1,1,16,800000000,"candidate_evaluation","EXECUTED",267.45454999999998,"rank=1;dense=0"
uwb-imu-pl/gate-d-diagnostics/v16,16,800000000,16,16,16,1,1,16,800000000,"fde_decision","EXECUTED",5.4052259999999999,""
uwb-imu-pl/gate-d-diagnostics/v16,16,800000000,16,16,16,1,1,16,800000000,"candidate_audit","EXECUTED",0.042855999999999998,""
uwb-imu-pl/gate-d-diagnostics/v16,16,800000000,16,16,16,1,1,16,800000000,"commit","EXECUTED",1.4396990000000001,""
uwb-imu-pl/gate-d-diagnostics/v16,16,800000000,16,16,16,1,1,16,800000000,"state_audit","EXECUTED",0.00055599999999999996,""
uwb-imu-pl/gate-d-diagnostics/v16,16,800000000,16,16,16,1,1,16,800000000,"finalize_commit_audit","EXECUTED",16.161192,"excludes separately timed commit/discard/state audit"
uwb-imu-pl/gate-d-diagnostics/v16,16,800000000,16,16,16,1,1,16,800000000,"discard","SKIPPED",,"upstream gate did not reach stage"
uwb-imu-pl/gate-d-diagnostics/v16,16,800000000,16,16,16,1,1,16,800000000,"core_total","EXECUTED",1407.877704,""
uwb-imu-pl/gate-d-diagnostics/v16,17,850000000,17,17,17,1,1,17,850000000,"prepare","EXECUTED",1.417141,""
uwb-imu-pl/gate-d-diagnostics/v16,17,850000000,17,17,17,1,1,17,850000000,"integrity_window","EXECUTED",99.938429999999997,""
uwb-imu-pl/gate-d-diagnostics/v16,17,850000000,17,17,17,1,1,17,850000000,"window_boundary_provenance","EXECUTED",85.835652999999994,""
uwb-imu-pl/gate-d-diagnostics/v16,17,850000000,17,17,17,1,1,17,850000000,"window_factor_linearization_whitening","EXECUTED",0.73254600000000003,""
uwb-imu-pl/gate-d-diagnostics/v16,17,850000000,17,17,17,1,1,17,850000000,"window_dense_assembly","EXECUTED",0.062261999999999998,""
uwb-imu-pl/gate-d-diagnostics/v16,17,850000000,17,17,17,1,1,17,850000000,"window_svd","EXECUTED",8.4841979999999992,""
uwb-imu-pl/gate-d-diagnostics/v16,17,850000000,17,17,17,1,1,17,850000000,"window_normal_equations","EXECUTED",0.295991,""
uwb-imu-pl/gate-d-diagnostics/v16,17,850000000,17,17,17,1,1,17,850000000,"window_llt_state_solves","EXECUTED",0.10369100000000001,""
uwb-imu-pl/gate-d-diagnostics/v16,17,850000000,17,17,17,1,1,17,850000000,"window_fingerprint","EXECUTED",3.2617219999999998,""
uwb-imu-pl/gate-d-diagnostics/v16,17,850000000,17,17,17,1,1,17,850000000,"all_in_detector","EXECUTED",0.12113,""
uwb-imu-pl/gate-d-diagnostics/v16,17,850000000,17,17,17,1,1,17,850000000,"current_sensitivity","EXECUTED",0.42858099999999999,""
uwb-imu-pl/gate-d-diagnostics/v16,17,850000000,17,17,17,1,1,17,850000000,"model_generation","EXECUTED",189.65501499999999,""
uwb-imu-pl/gate-d-diagnostics/v16,17,850000000,17,17,17,1,1,17,850000000,"historical_sensitivity","EXECUTED",0.13456800000000002,""
uwb-imu-pl/gate-d-diagnostics/v16,17,850000000,17,17,17,1,1,17,850000000,"hypothesis_evidence","EXECUTED",1043.756905,"effective_dimensions=1:376,2:27008,3:12288,other:0;context_bytes=6665216;worker_blocks=4"
uwb-imu-pl/gate-d-diagnostics/v16,17,850000000,17,17,17,1,1,17,850000000,"health_actions","EXECUTED",10.406896,""
uwb-imu-pl/gate-d-diagnostics/v16,17,850000000,17,17,17,1,1,17,850000000,"hypothesis_audit","SKIPPED",,"disabled by output.write_hypothesis_evidence"
uwb-imu-pl/gate-d-diagnostics/v16,17,850000000,17,17,17,1,1,17,850000000,"base_factorization","EXECUTED",0.24388299999999999,""
uwb-imu-pl/gate-d-diagnostics/v16,17,850000000,17,17,17,1,1,17,850000000,"shared_cache","EXECUTED",0.0027650000000000001,""
uwb-imu-pl/gate-d-diagnostics/v16,17,850000000,17,17,17,1,1,17,850000000,"candidate_evaluation","EXECUTED",298.45462099999997,"rank=1;dense=0"
uwb-imu-pl/gate-d-diagnostics/v16,17,850000000,17,17,17,1,1,17,850000000,"fde_decision","EXECUTED",5.0328239999999997,""
uwb-imu-pl/gate-d-diagnostics/v16,17,850000000,17,17,17,1,1,17,850000000,"candidate_audit","EXECUTED",0.037134,""
uwb-imu-pl/gate-d-diagnostics/v16,17,850000000,17,17,17,1,1,17,850000000,"commit","EXECUTED",1.3555900000000001,""
uwb-imu-pl/gate-d-diagnostics/v16,17,850000000,17,17,17,1,1,17,850000000,"state_audit","EXECUTED",0.00056499999999999996,""
uwb-imu-pl/gate-d-diagnostics/v16,17,850000000,17,17,17,1,1,17,850000000,"finalize_commit_audit","EXECUTED",16.861447999999999,"excludes separately timed commit/discard/state audit"
uwb-imu-pl/gate-d-diagnostics/v16,17,850000000,17,17,17,1,1,17,850000000,"discard","SKIPPED",,"upstream gate did not reach stage"
uwb-imu-pl/gate-d-diagnostics/v16,17,850000000,17,17,17,1,1,17,850000000,"core_total","EXECUTED",1668.349391,""
uwb-imu-pl/gate-d-diagnostics/v16,18,900000000,18,18,18,1,1,18,900000000,"prepare","EXECUTED",1.706796,""
uwb-imu-pl/gate-d-diagnostics/v16,18,900000000,18,18,18,1,1,18,900000000,"integrity_window","EXECUTED",155.18485999999999,""
uwb-imu-pl/gate-d-diagnostics/v16,18,900000000,18,18,18,1,1,18,900000000,"window_boundary_provenance","EXECUTED",139.69863699999999,""
uwb-imu-pl/gate-d-diagnostics/v16,18,900000000,18,18,18,1,1,18,900000000,"window_factor_linearization_whitening","EXECUTED",1.865264,""
uwb-imu-pl/gate-d-diagnostics/v16,18,900000000,18,18,18,1,1,18,900000000,"window_dense_assembly","EXECUTED",0.13252,""
uwb-imu-pl/gate-d-diagnostics/v16,18,900000000,18,18,18,1,1,18,900000000,"window_svd","EXECUTED",8.2402470000000001,""
uwb-imu-pl/gate-d-diagnostics/v16,18,900000000,18,18,18,1,1,18,900000000,"window_normal_equations","EXECUTED",0.31536399999999998,""
uwb-imu-pl/gate-d-diagnostics/v16,18,900000000,18,18,18,1,1,18,900000000,"window_llt_state_solves","EXECUTED",0.10310900000000001,""
uwb-imu-pl/gate-d-diagnostics/v16,18,900000000,18,18,18,1,1,18,900000000,"window_fingerprint","EXECUTED",3.5712950000000001,""
uwb-imu-pl/gate-d-diagnostics/v16,18,900000000,18,18,18,1,1,18,900000000,"all_in_detector","EXECUTED",0.133578,""
uwb-imu-pl/gate-d-diagnostics/v16,18,900000000,18,18,18,1,1,18,900000000,"current_sensitivity","EXECUTED",0.44323200000000001,""
uwb-imu-pl/gate-d-diagnostics/v16,18,900000000,18,18,18,1,1,18,900000000,"model_generation","EXECUTED",213.370621,""
uwb-imu-pl/gate-d-diagnostics/v16,18,900000000,18,18,18,1,1,18,900000000,"historical_sensitivity","EXECUTED",0.12183199999999998,""
uwb-imu-pl/gate-d-diagnostics/v16,18,900000000,18,18,18,1,1,18,900000000,"hypothesis_evidence","EXECUTED",1203.068156,"effective_dimensions=1:398,2:30328,3:13872,other:0;context_bytes=7492784;worker_blocks=4"
uwb-imu-pl/gate-d-diagnostics/v16,18,900000000,18,18,18,1,1,18,900000000,"health_actions","EXECUTED",15.232642999999999,""
uwb-imu-pl/gate-d-diagnostics/v16,18,900000000,18,18,18,1,1,18,900000000,"hypothesis_audit","SKIPPED",,"disabled by output.write_hypothesis_evidence"
uwb-imu-pl/gate-d-diagnostics/v16,18,900000000,18,18,18,1,1,18,900000000,"base_factorization","EXECUTED",0.23682800000000001,""
uwb-imu-pl/gate-d-diagnostics/v16,18,900000000,18,18,18,1,1,18,900000000,"shared_cache","EXECUTED",0.0029459999999999998,""
uwb-imu-pl/gate-d-diagnostics/v16,18,900000000,18,18,18,1,1,18,900000000,"candidate_evaluation","EXECUTED",326.71162800000002,"rank=1;dense=0"
uwb-imu-pl/gate-d-diagnostics/v16,18,900000000,18,18,18,1,1,18,900000000,"fde_decision","EXECUTED",5.8862819999999996,""
uwb-imu-pl/gate-d-diagnostics/v16,18,900000000,18,18,18,1,1,18,900000000,"candidate_audit","EXECUTED",0.045851999999999997,""
uwb-imu-pl/gate-d-diagnostics/v16,18,900000000,18,18,18,1,1,18,900000000,"commit","EXECUTED",1.300918,""
uwb-imu-pl/gate-d-diagnostics/v16,18,900000000,18,18,18,1,1,18,900000000,"state_audit","EXECUTED",0.00028200000000000002,""
uwb-imu-pl/gate-d-diagnostics/v16,18,900000000,18,18,18,1,1,18,900000000,"finalize_commit_audit","EXECUTED",27.140722999999998,"excludes separately timed commit/discard/state audit"
uwb-imu-pl/gate-d-diagnostics/v16,18,900000000,18,18,18,1,1,18,900000000,"discard","SKIPPED",,"upstream gate did not reach stage"
uwb-imu-pl/gate-d-diagnostics/v16,18,900000000,18,18,18,1,1,18,900000000,"core_total","EXECUTED",1951.1529169999999,""
uwb-imu-pl/gate-d-diagnostics/v16,19,950000000,19,19,19,1,1,19,950000000,"prepare","EXECUTED",2.6932589999999998,""
uwb-imu-pl/gate-d-diagnostics/v16,19,950000000,19,19,19,1,1,19,950000000,"integrity_window","EXECUTED",251.36976899999999,""
uwb-imu-pl/gate-d-diagnostics/v16,19,950000000,19,19,19,1,1,19,950000000,"window_boundary_provenance","EXECUTED",237.27207300000001,""
uwb-imu-pl/gate-d-diagnostics/v16,19,950000000,19,19,19,1,1,19,950000000,"window_factor_linearization_whitening","EXECUTED",0.89171,""
uwb-imu-pl/gate-d-diagnostics/v16,19,950000000,19,19,19,1,1,19,950000000,"window_dense_assembly","EXECUTED",0.078128000000000003,""
uwb-imu-pl/gate-d-diagnostics/v16,19,950000000,19,19,19,1,1,19,950000000,"window_svd","EXECUTED",7.6426460000000001,""
uwb-imu-pl/gate-d-diagnostics/v16,19,950000000,19,19,19,1,1,19,950000000,"window_normal_equations","EXECUTED",0.30786999999999998,""
uwb-imu-pl/gate-d-diagnostics/v16,19,950000000,19,19,19,1,1,19,950000000,"window_llt_state_solves","EXECUTED",0.099316000000000002,""
uwb-imu-pl/gate-d-diagnostics/v16,19,950000000,19,19,19,1,1,19,950000000,"window_fingerprint","EXECUTED",3.7974399999999999,""
uwb-imu-pl/gate-d-diagnostics/v16,19,950000000,19,19,19,1,1,19,950000000,"all_in_detector","EXECUTED",0.22218099999999999,""
uwb-imu-pl/gate-d-diagnostics/v16,19,950000000,19,19,19,1,1,19,950000000,"current_sensitivity","EXECUTED",0.48613299999999998,""
uwb-imu-pl/gate-d-diagnostics/v16,19,950000000,19,19,19,1,1,19,950000000,"model_generation","EXECUTED",252.515626,""
uwb-imu-pl/gate-d-diagnostics/v16,19,950000000,19,19,19,1,1,19,950000000,"historical_sensitivity","EXECUTED",0.12939799999999999,""
uwb-imu-pl/gate-d-diagnostics/v16,19,950000000,19,19,19,1,1,19,950000000,"hypothesis_evidence","EXECUTED",1494.6892740000001,"effective_dimensions=1:420,2:33840,3:15552,other:0;context_bytes=8368736;worker_blocks=4"
uwb-imu-pl/gate-d-diagnostics/v16,19,950000000,19,19,19,1,1,19,950000000,"health_actions","EXECUTED",13.696129000000001,""
uwb-imu-pl/gate-d-diagnostics/v16,19,950000000,19,19,19,1,1,19,950000000,"hypothesis_audit","SKIPPED",,"disabled by output.write_hypothesis_evidence"
uwb-imu-pl/gate-d-diagnostics/v16,19,950000000,19,19,19,1,1,19,950000000,"base_factorization","EXECUTED",0.24174499999999999,""
uwb-imu-pl/gate-d-diagnostics/v16,19,950000000,19,19,19,1,1,19,950000000,"shared_cache","EXECUTED",0.0025230000000000001,""
uwb-imu-pl/gate-d-diagnostics/v16,19,950000000,19,19,19,1,1,19,950000000,"candidate_evaluation","EXECUTED",363.81818500000003,"rank=1;dense=0"
uwb-imu-pl/gate-d-diagnostics/v16,19,950000000,19,19,19,1,1,19,950000000,"fde_decision","EXECUTED",7.1429369999999999,""
uwb-imu-pl/gate-d-diagnostics/v16,19,950000000,19,19,19,1,1,19,950000000,"candidate_audit","EXECUTED",0.042824000000000001,""
uwb-imu-pl/gate-d-diagnostics/v16,19,950000000,19,19,19,1,1,19,950000000,"commit","EXECUTED",1.7605409999999999,""
uwb-imu-pl/gate-d-diagnostics/v16,19,950000000,19,19,19,1,1,19,950000000,"state_audit","EXECUTED",0.00070699999999999995,""
uwb-imu-pl/gate-d-diagnostics/v16,19,950000000,19,19,19,1,1,19,950000000,"finalize_commit_audit","EXECUTED",25.696290000000001,"excludes separately timed commit/discard/state audit"
uwb-imu-pl/gate-d-diagnostics/v16,19,950000000,19,19,19,1,1,19,950000000,"discard","SKIPPED",,"upstream gate did not reach stage"
uwb-imu-pl/gate-d-diagnostics/v16,19,950000000,19,19,19,1,1,19,950000000,"core_total","EXECUTED",2415.0930939999998,""
uwb-imu-pl/gate-d-diagnostics/v16,20,1000000000,20,20,20,1,1,20,1000000000,"prepare","EXECUTED",1.9786680000000001,""
uwb-imu-pl/gate-d-diagnostics/v16,20,1000000000,20,20,20,1,1,20,1000000000,"integrity_window","EXECUTED",363.87785600000001,""
uwb-imu-pl/gate-d-diagnostics/v16,20,1000000000,20,20,20,1,1,20,1000000000,"window_boundary_provenance","EXECUTED",348.07402400000001,""
uwb-imu-pl/gate-d-diagnostics/v16,20,1000000000,20,20,20,1,1,20,1000000000,"window_factor_linearization_whitening","EXECUTED",0.79837400000000003,""
uwb-imu-pl/gate-d-diagnostics/v16,20,1000000000,20,20,20,1,1,20,1000000000,"window_dense_assembly","EXECUTED",0.083127000000000006,""
uwb-imu-pl/gate-d-diagnostics/v16,20,1000000000,20,20,20,1,1,20,1000000000,"window_svd","EXECUTED",9.3012720000000009,""
uwb-imu-pl/gate-d-diagnostics/v16,20,1000000000,20,20,20,1,1,20,1000000000,"window_normal_equations","EXECUTED",0.38877200000000001,""
uwb-imu-pl/gate-d-diagnostics/v16,20,1000000000,20,20,20,1,1,20,1000000000,"window_llt_state_solves","EXECUTED",0.118066,""
uwb-imu-pl/gate-d-diagnostics/v16,20,1000000000,20,20,20,1,1,20,1000000000,"window_fingerprint","EXECUTED",3.822892,""
uwb-imu-pl/gate-d-diagnostics/v16,20,1000000000,20,20,20,1,1,20,1000000000,"all_in_detector","EXECUTED",0.20763699999999999,""
uwb-imu-pl/gate-d-diagnostics/v16,20,1000000000,20,20,20,1,1,20,1000000000,"current_sensitivity","EXECUTED",0.46393099999999998,""
uwb-imu-pl/gate-d-diagnostics/v16,20,1000000000,20,20,20,1,1,20,1000000000,"model_generation","EXECUTED",273.66720299999997,""
uwb-imu-pl/gate-d-diagnostics/v16,20,1000000000,20,20,20,1,1,20,1000000000,"historical_sensitivity","EXECUTED",0.123102,""
uwb-imu-pl/gate-d-diagnostics/v16,20,1000000000,20,20,20,1,1,20,1000000000,"hypothesis_evidence","EXECUTED",1612.309806,"effective_dimensions=1:442,2:37544,3:17328,other:0;context_bytes=9293072;worker_blocks=4"
uwb-imu-pl/gate-d-diagnostics/v16,20,1000000000,20,20,20,1,1,20,1000000000,"health_actions","EXECUTED",14.295882000000001,""
uwb-imu-pl/gate-d-diagnostics/v16,20,1000000000,20,20,20,1,1,20,1000000000,"hypothesis_audit","SKIPPED",,"disabled by output.write_hypothesis_evidence"
uwb-imu-pl/gate-d-diagnostics/v16,20,1000000000,20,20,20,1,1,20,1000000000,"base_factorization","EXECUTED",0.249172,""
uwb-imu-pl/gate-d-diagnostics/v16,20,1000000000,20,20,20,1,1,20,1000000000,"shared_cache","EXECUTED",0.0027079999999999999,""
uwb-imu-pl/gate-d-diagnostics/v16,20,1000000000,20,20,20,1,1,20,1000000000,"candidate_evaluation","EXECUTED",398.918655,"rank=1;dense=0"
uwb-imu-pl/gate-d-diagnostics/v16,20,1000000000,20,20,20,1,1,20,1000000000,"fde_decision","EXECUTED",10.052587000000001,""
uwb-imu-pl/gate-d-diagnostics/v16,20,1000000000,20,20,20,1,1,20,1000000000,"candidate_audit","EXECUTED",0.057798000000000002,""
uwb-imu-pl/gate-d-diagnostics/v16,20,1000000000,20,20,20,1,1,20,1000000000,"commit","EXECUTED",2.3178559999999999,""
uwb-imu-pl/gate-d-diagnostics/v16,20,1000000000,20,20,20,1,1,20,1000000000,"state_audit","EXECUTED",0.00044099999999999999,""
uwb-imu-pl/gate-d-diagnostics/v16,20,1000000000,20,20,20,1,1,20,1000000000,"finalize_commit_audit","EXECUTED",25.406071999999998,"excludes separately timed commit/discard/state audit"
uwb-imu-pl/gate-d-diagnostics/v16,20,1000000000,20,20,20,1,1,20,1000000000,"discard","SKIPPED",,"upstream gate did not reach stage"
uwb-imu-pl/gate-d-diagnostics/v16,20,1000000000,20,20,20,1,1,20,1000000000,"core_total","EXECUTED",2704.4860899999999,""
uwb-imu-pl/gate-d-diagnostics/v16,21,1050000000,21,21,21,1,1,21,1050000000,"prepare","EXECUTED",1.8545940000000001,""
uwb-imu-pl/gate-d-diagnostics/v16,21,1050000000,21,21,21,1,1,21,1050000000,"integrity_window","EXECUTED",512.98606600000005,""
uwb-imu-pl/gate-d-diagnostics/v16,21,1050000000,21,21,21,1,1,21,1050000000,"window_boundary_provenance","EXECUTED",497.69690100000003,""
uwb-imu-pl/gate-d-diagnostics/v16,21,1050000000,21,21,21,1,1,21,1050000000,"window_factor_linearization_whitening","EXECUTED",0.88499799999999995,""
uwb-imu-pl/gate-d-diagnostics/v16,21,1050000000,21,21,21,1,1,21,1050000000,"window_dense_assembly","EXECUTED",0.092032000000000003,""
uwb-imu-pl/gate-d-diagnostics/v16,21,1050000000,21,21,21,1,1,21,1050000000,"window_svd","EXECUTED",7.9423269999999997,""
uwb-imu-pl/gate-d-diagnostics/v16,21,1050000000,21,21,21,1,1,21,1050000000,"window_normal_equations","EXECUTED",0.47039500000000001,""
uwb-imu-pl/gate-d-diagnostics/v16,21,1050000000,21,21,21,1,1,21,1050000000,"window_llt_state_solves","EXECUTED",0.23155300000000001,""
uwb-imu-pl/gate-d-diagnostics/v16,21,1050000000,21,21,21,1,1,21,1050000000,"window_fingerprint","EXECUTED",4.3335569999999999,""
uwb-imu-pl/gate-d-diagnostics/v16,21,1050000000,21,21,21,1,1,21,1050000000,"all_in_detector","EXECUTED",0.304535,""
uwb-imu-pl/gate-d-diagnostics/v16,21,1050000000,21,21,21,1,1,21,1050000000,"current_sensitivity","EXECUTED",0.595333,""
uwb-imu-pl/gate-d-diagnostics/v16,21,1050000000,21,21,21,1,1,21,1050000000,"model_generation","EXECUTED",298.509094,""
uwb-imu-pl/gate-d-diagnostics/v16,21,1050000000,21,21,21,1,1,21,1050000000,"historical_sensitivity","EXECUTED",0.13500999999999999,""
uwb-imu-pl/gate-d-diagnostics/v16,21,1050000000,21,21,21,1,1,21,1050000000,"hypothesis_evidence","EXECUTED",1824.361576,"effective_dimensions=1:464,2:41440,3:19200,other:0;context_bytes=10265792;worker_blocks=4"
uwb-imu-pl/gate-d-diagnostics/v16,21,1050000000,21,21,21,1,1,21,1050000000,"health_actions","EXECUTED",17.434456999999998,""
uwb-imu-pl/gate-d-diagnostics/v16,21,1050000000,21,21,21,1,1,21,1050000000,"hypothesis_audit","SKIPPED",,"disabled by output.write_hypothesis_evidence"
uwb-imu-pl/gate-d-diagnostics/v16,21,1050000000,21,21,21,1,1,21,1050000000,"base_factorization","EXECUTED",0.25498599999999999,""
uwb-imu-pl/gate-d-diagnostics/v16,21,1050000000,21,21,21,1,1,21,1050000000,"shared_cache","EXECUTED",0.0026800000000000001,""
uwb-imu-pl/gate-d-diagnostics/v16,21,1050000000,21,21,21,1,1,21,1050000000,"candidate_evaluation","EXECUTED",442.575042,"rank=1;dense=0"
uwb-imu-pl/gate-d-diagnostics/v16,21,1050000000,21,21,21,1,1,21,1050000000,"fde_decision","EXECUTED",7.7276069999999999,""
uwb-imu-pl/gate-d-diagnostics/v16,21,1050000000,21,21,21,1,1,21,1050000000,"candidate_audit","EXECUTED",0.035262000000000002,""
uwb-imu-pl/gate-d-diagnostics/v16,21,1050000000,21,21,21,1,1,21,1050000000,"commit","EXECUTED",1.5404119999999999,""
uwb-imu-pl/gate-d-diagnostics/v16,21,1050000000,21,21,21,1,1,21,1050000000,"state_audit","EXECUTED",0.000736,""
uwb-imu-pl/gate-d-diagnostics/v16,21,1050000000,21,21,21,1,1,21,1050000000,"finalize_commit_audit","EXECUTED",29.703766000000002,"excludes separately timed commit/discard/state audit"
uwb-imu-pl/gate-d-diagnostics/v16,21,1050000000,21,21,21,1,1,21,1050000000,"discard","SKIPPED",,"upstream gate did not reach stage"
uwb-imu-pl/gate-d-diagnostics/v16,21,1050000000,21,21,21,1,1,21,1050000000,"core_total","EXECUTED",3138.5020979999999,""
uwb-imu-pl/gate-d-diagnostics/v16,22,1100000000,22,22,22,1,1,22,1100000000,"prepare","EXECUTED",3.8134420000000002,""
uwb-imu-pl/gate-d-diagnostics/v16,22,1100000000,22,22,22,1,1,22,1100000000,"integrity_window","EXECUTED",665.14572199999998,""
uwb-imu-pl/gate-d-diagnostics/v16,22,1100000000,22,22,22,1,1,22,1100000000,"window_boundary_provenance","EXECUTED",649.55337799999995,""
uwb-imu-pl/gate-d-diagnostics/v16,22,1100000000,22,22,22,1,1,22,1100000000,"window_factor_linearization_whitening","EXECUTED",1.0769010000000001,""
uwb-imu-pl/gate-d-diagnostics/v16,22,1100000000,22,22,22,1,1,22,1100000000,"window_dense_assembly","EXECUTED",0.12381300000000001,""
uwb-imu-pl/gate-d-diagnostics/v16,22,1100000000,22,22,22,1,1,22,1100000000,"window_svd","EXECUTED",7.8965940000000003,""
uwb-imu-pl/gate-d-diagnostics/v16,22,1100000000,22,22,22,1,1,22,1100000000,"window_normal_equations","EXECUTED",0.34859899999999999,""
uwb-imu-pl/gate-d-diagnostics/v16,22,1100000000,22,22,22,1,1,22,1100000000,"window_llt_state_solves","EXECUTED",0.107858,""
uwb-imu-pl/gate-d-diagnostics/v16,22,1100000000,22,22,22,1,1,22,1100000000,"window_fingerprint","EXECUTED",3.853415,""
uwb-imu-pl/gate-d-diagnostics/v16,22,1100000000,22,22,22,1,1,22,1100000000,"all_in_detector","EXECUTED",0.54661999999999999,""
uwb-imu-pl/gate-d-diagnostics/v16,22,1100000000,22,22,22,1,1,22,1100000000,"current_sensitivity","EXECUTED",0.74625699999999995,""
uwb-imu-pl/gate-d-diagnostics/v16,22,1100000000,22,22,22,1,1,22,1100000000,"model_generation","EXECUTED",294.675433,""
uwb-imu-pl/gate-d-diagnostics/v16,22,1100000000,22,22,22,1,1,22,1100000000,"historical_sensitivity","EXECUTED",0.14470199999999997,""
uwb-imu-pl/gate-d-diagnostics/v16,22,1100000000,22,22,22,1,1,22,1100000000,"hypothesis_evidence","EXECUTED",1818.0906199999999,"effective_dimensions=1:464,2:41440,3:19200,other:0;context_bytes=10265792;worker_blocks=4"
uwb-imu-pl/gate-d-diagnostics/v16,22,1100000000,22,22,22,1,1,22,1100000000,"health_actions","EXECUTED",19.892582999999998,""
uwb-imu-pl/gate-d-diagnostics/v16,22,1100000000,22,22,22,1,1,22,1100000000,"hypothesis_audit","SKIPPED",,"disabled by output.write_hypothesis_evidence"
uwb-imu-pl/gate-d-diagnostics/v16,22,1100000000,22,22,22,1,1,22,1100000000,"base_factorization","EXECUTED",0.29800500000000002,""
uwb-imu-pl/gate-d-diagnostics/v16,22,1100000000,22,22,22,1,1,22,1100000000,"shared_cache","EXECUTED",0.004071,""
uwb-imu-pl/gate-d-diagnostics/v16,22,1100000000,22,22,22,1,1,22,1100000000,"candidate_evaluation","EXECUTED",428.02243700000002,"rank=1;dense=0"
uwb-imu-pl/gate-d-diagnostics/v16,22,1100000000,22,22,22,1,1,22,1100000000,"fde_decision","EXECUTED",8.2687790000000003,""
uwb-imu-pl/gate-d-diagnostics/v16,22,1100000000,22,22,22,1,1,22,1100000000,"candidate_audit","EXECUTED",0.041929000000000001,""
uwb-imu-pl/gate-d-diagnostics/v16,22,1100000000,22,22,22,1,1,22,1100000000,"commit","EXECUTED",1.6111960000000001,""
uwb-imu-pl/gate-d-diagnostics/v16,22,1100000000,22,22,22,1,1,22,1100000000,"state_audit","EXECUTED",0.00028499999999999999,""
uwb-imu-pl/gate-d-diagnostics/v16,22,1100000000,22,22,22,1,1,22,1100000000,"finalize_commit_audit","EXECUTED",31.280753000000001,"excludes separately timed commit/discard/state audit"
uwb-imu-pl/gate-d-diagnostics/v16,22,1100000000,22,22,22,1,1,22,1100000000,"discard","SKIPPED",,"upstream gate did not reach stage"
uwb-imu-pl/gate-d-diagnostics/v16,22,1100000000,22,22,22,1,1,22,1100000000,"core_total","EXECUTED",3273.2187720000002,""
uwb-imu-pl/gate-d-diagnostics/v16,23,1150000000,23,23,23,1,1,23,1150000000,"prepare","EXECUTED",1.966888,""
uwb-imu-pl/gate-d-diagnostics/v16,23,1150000000,23,23,23,1,1,23,1150000000,"integrity_window","EXECUTED",899.00011900000004,""
uwb-imu-pl/gate-d-diagnostics/v16,23,1150000000,23,23,23,1,1,23,1150000000,"window_boundary_provenance","EXECUTED",883.42473199999995,""
uwb-imu-pl/gate-d-diagnostics/v16,23,1150000000,23,23,23,1,1,23,1150000000,"window_factor_linearization_whitening","EXECUTED",0.92388300000000001,""
uwb-imu-pl/gate-d-diagnostics/v16,23,1150000000,23,23,23,1,1,23,1150000000,"window_dense_assembly","EXECUTED",0.094581999999999999,""
uwb-imu-pl/gate-d-diagnostics/v16,23,1150000000,23,23,23,1,1,23,1150000000,"window_svd","EXECUTED",9.1689629999999998,""
uwb-imu-pl/gate-d-diagnostics/v16,23,1150000000,23,23,23,1,1,23,1150000000,"window_normal_equations","EXECUTED",0.336781,""
uwb-imu-pl/gate-d-diagnostics/v16,23,1150000000,23,23,23,1,1,23,1150000000,"window_llt_state_solves","EXECUTED",0.105542,""
uwb-imu-pl/gate-d-diagnostics/v16,23,1150000000,23,23,23,1,1,23,1150000000,"window_fingerprint","EXECUTED",3.6650010000000002,""
uwb-imu-pl/gate-d-diagnostics/v16,23,1150000000,23,23,23,1,1,23,1150000000,"all_in_detector","EXECUTED",0.26436999999999999,""
uwb-imu-pl/gate-d-diagnostics/v16,23,1150000000,23,23,23,1,1,23,1150000000,"current_sensitivity","EXECUTED",0.47539199999999998,""
uwb-imu-pl/gate-d-diagnostics/v16,23,1150000000,23,23,23,1,1,23,1150000000,"model_generation","EXECUTED",298.12793799999997,""
uwb-imu-pl/gate-d-diagnostics/v16,23,1150000000,23,23,23,1,1,23,1150000000,"historical_sensitivity","EXECUTED",0.18423499999999998,""
uwb-imu-pl/gate-d-diagnostics/v16,23,1150000000,23,23,23,1,1,23,1150000000,"hypothesis_evidence","EXECUTED",1832.5319340000001,"effective_dimensions=1:464,2:41440,3:19200,other:0;context_bytes=10265792;worker_blocks=4"
uwb-imu-pl/gate-d-diagnostics/v16,23,1150000000,23,23,23,1,1,23,1150000000,"health_actions","EXECUTED",19.481258,""
uwb-imu-pl/gate-d-diagnostics/v16,23,1150000000,23,23,23,1,1,23,1150000000,"hypothesis_audit","SKIPPED",,"disabled by output.write_hypothesis_evidence"
uwb-imu-pl/gate-d-diagnostics/v16,23,1150000000,23,23,23,1,1,23,1150000000,"base_factorization","EXECUTED",0.29353899999999999,""
uwb-imu-pl/gate-d-diagnostics/v16,23,1150000000,23,23,23,1,1,23,1150000000,"shared_cache","EXECUTED",0.0035500000000000002,""
uwb-imu-pl/gate-d-diagnostics/v16,23,1150000000,23,23,23,1,1,23,1150000000,"candidate_evaluation","EXECUTED",420.75236200000001,"rank=1;dense=0"
uwb-imu-pl/gate-d-diagnostics/v16,23,1150000000,23,23,23,1,1,23,1150000000,"fde_decision","EXECUTED",7.743652,""
uwb-imu-pl/gate-d-diagnostics/v16,23,1150000000,23,23,23,1,1,23,1150000000,"candidate_audit","EXECUTED",0.034223000000000003,""
uwb-imu-pl/gate-d-diagnostics/v16,23,1150000000,23,23,23,1,1,23,1150000000,"commit","EXECUTED",1.7384660000000001,""
uwb-imu-pl/gate-d-diagnostics/v16,23,1150000000,23,23,23,1,1,23,1150000000,"state_audit","EXECUTED",0.00065300000000000004,""
uwb-imu-pl/gate-d-diagnostics/v16,23,1150000000,23,23,23,1,1,23,1150000000,"finalize_commit_audit","EXECUTED",31.781634999999998,"excludes separately timed commit/discard/state audit"
uwb-imu-pl/gate-d-diagnostics/v16,23,1150000000,23,23,23,1,1,23,1150000000,"discard","SKIPPED",,"upstream gate did not reach stage"
uwb-imu-pl/gate-d-diagnostics/v16,23,1150000000,23,23,23,1,1,23,1150000000,"core_total","EXECUTED",3515.0445340000001,""
uwb-imu-pl/gate-d-diagnostics/v16,24,1200000000,24,24,24,1,1,24,1200000000,"prepare","EXECUTED",2.0682119999999999,""
uwb-imu-pl/gate-d-diagnostics/v16,24,1200000000,24,24,24,1,1,24,1200000000,"integrity_window","EXECUTED",1065.0541089999999,""
uwb-imu-pl/gate-d-diagnostics/v16,24,1200000000,24,24,24,1,1,24,1200000000,"window_boundary_provenance","EXECUTED",1050.0505969999999,""
uwb-imu-pl/gate-d-diagnostics/v16,24,1200000000,24,24,24,1,1,24,1200000000,"window_factor_linearization_whitening","EXECUTED",0.92624099999999998,""
uwb-imu-pl/gate-d-diagnostics/v16,24,1200000000,24,24,24,1,1,24,1200000000,"window_dense_assembly","EXECUTED",0.092948000000000003,""
uwb-imu-pl/gate-d-diagnostics/v16,24,1200000000,24,24,24,1,1,24,1200000000,"window_svd","EXECUTED",8.1265669999999997,""
uwb-imu-pl/gate-d-diagnostics/v16,24,1200000000,24,24,24,1,1,24,1200000000,"window_normal_equations","EXECUTED",0.38411400000000001,""
uwb-imu-pl/gate-d-diagnostics/v16,24,1200000000,24,24,24,1,1,24,1200000000,"window_llt_state_solves","EXECUTED",0.115276,""
uwb-imu-pl/gate-d-diagnostics/v16,24,1200000000,24,24,24,1,1,24,1200000000,"window_fingerprint","EXECUTED",4.0296159999999999,""
uwb-imu-pl/gate-d-diagnostics/v16,24,1200000000,24,24,24,1,1,24,1200000000,"all_in_detector","EXECUTED",0.25022100000000003,""
uwb-imu-pl/gate-d-diagnostics/v16,24,1200000000,24,24,24,1,1,24,1200000000,"current_sensitivity","EXECUTED",0.51732999999999996,""
uwb-imu-pl/gate-d-diagnostics/v16,24,1200000000,24,24,24,1,1,24,1200000000,"model_generation","EXECUTED",301.82122299999997,""
uwb-imu-pl/gate-d-diagnostics/v16,24,1200000000,24,24,24,1,1,24,1200000000,"historical_sensitivity","EXECUTED",0.133688,""
uwb-imu-pl/gate-d-diagnostics/v16,24,1200000000,24,24,24,1,1,24,1200000000,"hypothesis_evidence","EXECUTED",1832.0867310000001,"effective_dimensions=1:464,2:41440,3:19200,other:0;context_bytes=10265792;worker_blocks=4"
uwb-imu-pl/gate-d-diagnostics/v16,24,1200000000,24,24,24,1,1,24,1200000000,"health_actions","EXECUTED",17.861926,""
uwb-imu-pl/gate-d-diagnostics/v16,24,1200000000,24,24,24,1,1,24,1200000000,"hypothesis_audit","SKIPPED",,"disabled by output.write_hypothesis_evidence"
uwb-imu-pl/gate-d-diagnostics/v16,24,1200000000,24,24,24,1,1,24,1200000000,"base_factorization","EXECUTED",0.26009900000000002,""
uwb-imu-pl/gate-d-diagnostics/v16,24,1200000000,24,24,24,1,1,24,1200000000,"shared_cache","EXECUTED",0.003519,""
uwb-imu-pl/gate-d-diagnostics/v16,24,1200000000,24,24,24,1,1,24,1200000000,"candidate_evaluation","EXECUTED",427.34553599999998,"rank=1;dense=0"
uwb-imu-pl/gate-d-diagnostics/v16,24,1200000000,24,24,24,1,1,24,1200000000,"fde_decision","EXECUTED",8.2373399999999997,""
uwb-imu-pl/gate-d-diagnostics/v16,24,1200000000,24,24,24,1,1,24,1200000000,"candidate_audit","EXECUTED",0.032309999999999998,""
uwb-imu-pl/gate-d-diagnostics/v16,24,1200000000,24,24,24,1,1,24,1200000000,"commit","EXECUTED",2.4711590000000001,""
uwb-imu-pl/gate-d-diagnostics/v16,24,1200000000,24,24,24,1,1,24,1200000000,"state_audit","EXECUTED",0.00080999999999999996,""
uwb-imu-pl/gate-d-diagnostics/v16,24,1200000000,24,24,24,1,1,24,1200000000,"finalize_commit_audit","EXECUTED",33.302661999999998,"excludes separately timed commit/discard/state audit"
uwb-imu-pl/gate-d-diagnostics/v16,24,1200000000,24,24,24,1,1,24,1200000000,"discard","SKIPPED",,"upstream gate did not reach stage"
uwb-imu-pl/gate-d-diagnostics/v16,24,1200000000,24,24,24,1,1,24,1200000000,"core_total","EXECUTED",3692.3079130000001,""
uwb-imu-pl/gate-d-diagnostics/v16,25,1250000000,25,25,25,1,1,25,1250000000,"prepare","EXECUTED",2.144012,""
uwb-imu-pl/gate-d-diagnostics/v16,25,1250000000,25,25,25,1,1,25,1250000000,"integrity_window","EXECUTED",1706.251111,""
uwb-imu-pl/gate-d-diagnostics/v16,25,1250000000,25,25,25,1,1,25,1250000000,"window_boundary_provenance","EXECUTED",1689.02909,""
uwb-imu-pl/gate-d-diagnostics/v16,25,1250000000,25,25,25,1,1,25,1250000000,"window_factor_linearization_whitening","EXECUTED",1.320918,""
uwb-imu-pl/gate-d-diagnostics/v16,25,1250000000,25,25,25,1,1,25,1250000000,"window_dense_assembly","EXECUTED",0.12526899999999999,""
uwb-imu-pl/gate-d-diagnostics/v16,25,1250000000,25,25,25,1,1,25,1250000000,"window_svd","EXECUTED",10.074164,""
uwb-imu-pl/gate-d-diagnostics/v16,25,1250000000,25,25,25,1,1,25,1250000000,"window_normal_equations","EXECUTED",0.33504099999999998,""
uwb-imu-pl/gate-d-diagnostics/v16,25,1250000000,25,25,25,1,1,25,1250000000,"window_llt_state_solves","EXECUTED",0.106534,""
uwb-imu-pl/gate-d-diagnostics/v16,25,1250000000,25,25,25,1,1,25,1250000000,"window_fingerprint","EXECUTED",3.880614,""
uwb-imu-pl/gate-d-diagnostics/v16,25,1250000000,25,25,25,1,1,25,1250000000,"all_in_detector","EXECUTED",0.23904700000000001,""
uwb-imu-pl/gate-d-diagnostics/v16,25,1250000000,25,25,25,1,1,25,1250000000,"current_sensitivity","EXECUTED",0.48304599999999998,""
uwb-imu-pl/gate-d-diagnostics/v16,25,1250000000,25,25,25,1,1,25,1250000000,"model_generation","EXECUTED",303.586635,""
uwb-imu-pl/gate-d-diagnostics/v16,25,1250000000,25,25,25,1,1,25,1250000000,"historical_sensitivity","EXECUTED",0.13299199999999997,""
uwb-imu-pl/gate-d-diagnostics/v16,25,1250000000,25,25,25,1,1,25,1250000000,"hypothesis_evidence","EXECUTED",1823.457048,"effective_dimensions=1:464,2:41440,3:19200,other:0;context_bytes=10265792;worker_blocks=4"
uwb-imu-pl/gate-d-diagnostics/v16,25,1250000000,25,25,25,1,1,25,1250000000,"health_actions","EXECUTED",16.537865,""
uwb-imu-pl/gate-d-diagnostics/v16,25,1250000000,25,25,25,1,1,25,1250000000,"hypothesis_audit","SKIPPED",,"disabled by output.write_hypothesis_evidence"
uwb-imu-pl/gate-d-diagnostics/v16,25,1250000000,25,25,25,1,1,25,1250000000,"base_factorization","EXECUTED",0.26277600000000001,""
uwb-imu-pl/gate-d-diagnostics/v16,25,1250000000,25,25,25,1,1,25,1250000000,"shared_cache","EXECUTED",0.0028400000000000001,""
uwb-imu-pl/gate-d-diagnostics/v16,25,1250000000,25,25,25,1,1,25,1250000000,"candidate_evaluation","EXECUTED",423.11156699999998,"rank=1;dense=0"
uwb-imu-pl/gate-d-diagnostics/v16,25,1250000000,25,25,25,1,1,25,1250000000,"fde_decision","EXECUTED",8.8194959999999991,""
uwb-imu-pl/gate-d-diagnostics/v16,25,1250000000,25,25,25,1,1,25,1250000000,"candidate_audit","EXECUTED",0.038952000000000001,""
uwb-imu-pl/gate-d-diagnostics/v16,25,1250000000,25,25,25,1,1,25,1250000000,"commit","EXECUTED",1.6336619999999999,""
uwb-imu-pl/gate-d-diagnostics/v16,25,1250000000,25,25,25,1,1,25,1250000000,"state_audit","EXECUTED",0.00055800000000000001,""
uwb-imu-pl/gate-d-diagnostics/v16,25,1250000000,25,25,25,1,1,25,1250000000,"finalize_commit_audit","EXECUTED",30.758099000000001,"excludes separately timed commit/discard/state audit"
uwb-imu-pl/gate-d-diagnostics/v16,25,1250000000,25,25,25,1,1,25,1250000000,"discard","SKIPPED",,"upstream gate did not reach stage"
uwb-imu-pl/gate-d-diagnostics/v16,25,1250000000,25,25,25,1,1,25,1250000000,"core_total","EXECUTED",4318.0449410000001,""
uwb-imu-pl/gate-d-diagnostics/v16,26,1300000000,26,26,26,1,1,26,1300000000,"prepare","EXECUTED",2.2955299999999998,""
uwb-imu-pl/gate-d-diagnostics/v16,26,1300000000,26,26,26,1,1,26,1300000000,"integrity_window","EXECUTED",1931.9733120000001,""
uwb-imu-pl/gate-d-diagnostics/v16,26,1300000000,26,26,26,1,1,26,1300000000,"window_boundary_provenance","EXECUTED",1916.845333,""
uwb-imu-pl/gate-d-diagnostics/v16,26,1300000000,26,26,26,1,1,26,1300000000,"window_factor_linearization_whitening","EXECUTED",1.1216710000000001,""
uwb-imu-pl/gate-d-diagnostics/v16,26,1300000000,26,26,26,1,1,26,1300000000,"window_dense_assembly","EXECUTED",0.10842300000000001,""
uwb-imu-pl/gate-d-diagnostics/v16,26,1300000000,26,26,26,1,1,26,1300000000,"window_svd","EXECUTED",8.1196800000000007,""
uwb-imu-pl/gate-d-diagnostics/v16,26,1300000000,26,26,26,1,1,26,1300000000,"window_normal_equations","EXECUTED",0.34070299999999998,""
uwb-imu-pl/gate-d-diagnostics/v16,26,1300000000,26,26,26,1,1,26,1300000000,"window_llt_state_solves","EXECUTED",0.114828,""
uwb-imu-pl/gate-d-diagnostics/v16,26,1300000000,26,26,26,1,1,26,1300000000,"window_fingerprint","EXECUTED",3.9532340000000001,""
uwb-imu-pl/gate-d-diagnostics/v16,26,1300000000,26,26,26,1,1,26,1300000000,"all_in_detector","EXECUTED",0.26788499999999998,""
uwb-imu-pl/gate-d-diagnostics/v16,26,1300000000,26,26,26,1,1,26,1300000000,"current_sensitivity","EXECUTED",0.57938000000000001,""
uwb-imu-pl/gate-d-diagnostics/v16,26,1300000000,26,26,26,1,1,26,1300000000,"model_generation","EXECUTED",304.54199599999998,""
uwb-imu-pl/gate-d-diagnostics/v16,26,1300000000,26,26,26,1,1,26,1300000000,"historical_sensitivity","EXECUTED",0.13613699999999998,""
uwb-imu-pl/gate-d-diagnostics/v16,26,1300000000,26,26,26,1,1,26,1300000000,"hypothesis_evidence","EXECUTED",1833.082985,"effective_dimensions=1:464,2:41440,3:19200,other:0;context_bytes=10265792;worker_blocks=4"
uwb-imu-pl/gate-d-diagnostics/v16,26,1300000000,26,26,26,1,1,26,1300000000,"health_actions","EXECUTED",20.138349000000002,""
uwb-imu-pl/gate-d-diagnostics/v16,26,1300000000,26,26,26,1,1,26,1300000000,"hypothesis_audit","SKIPPED",,"disabled by output.write_hypothesis_evidence"
uwb-imu-pl/gate-d-diagnostics/v16,26,1300000000,26,26,26,1,1,26,1300000000,"base_factorization","EXECUTED",0.28249400000000002,""
uwb-imu-pl/gate-d-diagnostics/v16,26,1300000000,26,26,26,1,1,26,1300000000,"shared_cache","EXECUTED",0.0037989999999999999,""
uwb-imu-pl/gate-d-diagnostics/v16,26,1300000000,26,26,26,1,1,26,1300000000,"candidate_evaluation","EXECUTED",427.207156,"rank=1;dense=0"
uwb-imu-pl/gate-d-diagnostics/v16,26,1300000000,26,26,26,1,1,26,1300000000,"fde_decision","EXECUTED",9.0806290000000001,""
uwb-imu-pl/gate-d-diagnostics/v16,26,1300000000,26,26,26,1,1,26,1300000000,"candidate_audit","EXECUTED",0.038232000000000002,""
uwb-imu-pl/gate-d-diagnostics/v16,26,1300000000,26,26,26,1,1,26,1300000000,"commit","EXECUTED",1.71637,""
uwb-imu-pl/gate-d-diagnostics/v16,26,1300000000,26,26,26,1,1,26,1300000000,"state_audit","EXECUTED",0.00042700000000000002,""
uwb-imu-pl/gate-d-diagnostics/v16,26,1300000000,26,26,26,1,1,26,1300000000,"finalize_commit_audit","EXECUTED",29.981428999999999,"excludes separately timed commit/discard/state audit"
uwb-imu-pl/gate-d-diagnostics/v16,26,1300000000,26,26,26,1,1,26,1300000000,"discard","SKIPPED",,"upstream gate did not reach stage"
uwb-imu-pl/gate-d-diagnostics/v16,26,1300000000,26,26,26,1,1,26,1300000000,"core_total","EXECUTED",4561.9851840000001,""
uwb-imu-pl/gate-d-diagnostics/v16,27,1350000000,27,27,27,1,1,27,1350000000,"prepare","EXECUTED",2.3335689999999998,""
uwb-imu-pl/gate-d-diagnostics/v16,27,1350000000,27,27,27,1,1,27,1350000000,"integrity_window","EXECUTED",2038.026865,""
uwb-imu-pl/gate-d-diagnostics/v16,27,1350000000,27,27,27,1,1,27,1350000000,"window_boundary_provenance","EXECUTED",2021.6756290000001,""
uwb-imu-pl/gate-d-diagnostics/v16,27,1350000000,27,27,27,1,1,27,1350000000,"window_factor_linearization_whitening","EXECUTED",0.88631700000000002,""
uwb-imu-pl/gate-d-diagnostics/v16,27,1350000000,27,27,27,1,1,27,1350000000,"window_dense_assembly","EXECUTED",0.090272000000000005,""
uwb-imu-pl/gate-d-diagnostics/v16,27,1350000000,27,27,27,1,1,27,1350000000,"window_svd","EXECUTED",9.6300589999999993,""
uwb-imu-pl/gate-d-diagnostics/v16,27,1350000000,27,27,27,1,1,27,1350000000,"window_normal_equations","EXECUTED",0.34769099999999997,""
uwb-imu-pl/gate-d-diagnostics/v16,27,1350000000,27,27,27,1,1,27,1350000000,"window_llt_state_solves","EXECUTED",0.107986,""
uwb-imu-pl/gate-d-diagnostics/v16,27,1350000000,27,27,27,1,1,27,1350000000,"window_fingerprint","EXECUTED",3.9132739999999999,""
uwb-imu-pl/gate-d-diagnostics/v16,27,1350000000,27,27,27,1,1,27,1350000000,"all_in_detector","EXECUTED",0.24596299999999999,""
uwb-imu-pl/gate-d-diagnostics/v16,27,1350000000,27,27,27,1,1,27,1350000000,"current_sensitivity","EXECUTED",0.50890500000000005,""
uwb-imu-pl/gate-d-diagnostics/v16,27,1350000000,27,27,27,1,1,27,1350000000,"model_generation","EXECUTED",306.44986699999998,""
uwb-imu-pl/gate-d-diagnostics/v16,27,1350000000,27,27,27,1,1,27,1350000000,"historical_sensitivity","EXECUTED",0.15592799999999998,""
uwb-imu-pl/gate-d-diagnostics/v16,27,1350000000,27,27,27,1,1,27,1350000000,"hypothesis_evidence","EXECUTED",1813.7599749999999,"effective_dimensions=1:464,2:41440,3:19200,other:0;context_bytes=10265792;worker_blocks=4"
uwb-imu-pl/gate-d-diagnostics/v16,27,1350000000,27,27,27,1,1,27,1350000000,"health_actions","EXECUTED",21.748054,""
uwb-imu-pl/gate-d-diagnostics/v16,27,1350000000,27,27,27,1,1,27,1350000000,"hypothesis_audit","SKIPPED",,"disabled by output.write_hypothesis_evidence"
uwb-imu-pl/gate-d-diagnostics/v16,27,1350000000,27,27,27,1,1,27,1350000000,"base_factorization","EXECUTED",0.40165499999999998,""
uwb-imu-pl/gate-d-diagnostics/v16,27,1350000000,27,27,27,1,1,27,1350000000,"shared_cache","EXECUTED",0.006267,""
uwb-imu-pl/gate-d-diagnostics/v16,27,1350000000,27,27,27,1,1,27,1350000000,"candidate_evaluation","EXECUTED",430.16364700000003,"rank=1;dense=0"
uwb-imu-pl/gate-d-diagnostics/v16,27,1350000000,27,27,27,1,1,27,1350000000,"fde_decision","EXECUTED",8.1386299999999991,""
uwb-imu-pl/gate-d-diagnostics/v16,27,1350000000,27,27,27,1,1,27,1350000000,"candidate_audit","EXECUTED",0.034797000000000002,""
uwb-imu-pl/gate-d-diagnostics/v16,27,1350000000,27,27,27,1,1,27,1350000000,"commit","EXECUTED",1.6589929999999999,""
uwb-imu-pl/gate-d-diagnostics/v16,27,1350000000,27,27,27,1,1,27,1350000000,"state_audit","EXECUTED",0.00053200000000000003,""
uwb-imu-pl/gate-d-diagnostics/v16,27,1350000000,27,27,27,1,1,27,1350000000,"finalize_commit_audit","EXECUTED",30.618839000000005,"excludes separately timed commit/discard/state audit"
uwb-imu-pl/gate-d-diagnostics/v16,27,1350000000,27,27,27,1,1,27,1350000000,"discard","SKIPPED",,"upstream gate did not reach stage"
uwb-imu-pl/gate-d-diagnostics/v16,27,1350000000,27,27,27,1,1,27,1350000000,"core_total","EXECUTED",4654.8305959999998,""
uwb-imu-pl/gate-d-diagnostics/v16,28,1400000000,28,28,28,1,1,28,1400000000,"prepare","EXECUTED",2.346562,""
uwb-imu-pl/gate-d-diagnostics/v16,28,1400000000,28,28,28,1,1,28,1400000000,"integrity_window","EXECUTED",2276.6546579999999,""
uwb-imu-pl/gate-d-diagnostics/v16,28,1400000000,28,28,28,1,1,28,1400000000,"window_boundary_provenance","EXECUTED",2260.0264000000002,""
uwb-imu-pl/gate-d-diagnostics/v16,28,1400000000,28,28,28,1,1,28,1400000000,"window_factor_linearization_whitening","EXECUTED",0.93193099999999995,""
uwb-imu-pl/gate-d-diagnostics/v16,28,1400000000,28,28,28,1,1,28,1400000000,"window_dense_assembly","EXECUTED",0.098152000000000003,""
uwb-imu-pl/gate-d-diagnostics/v16,28,1400000000,28,28,28,1,1,28,1400000000,"window_svd","EXECUTED",7.9200309999999998,""
uwb-imu-pl/gate-d-diagnostics/v16,28,1400000000,28,28,28,1,1,28,1400000000,"window_normal_equations","EXECUTED",0.34458,""
uwb-imu-pl/gate-d-diagnostics/v16,28,1400000000,28,28,28,1,1,28,1400000000,"window_llt_state_solves","EXECUTED",0.102865,""
uwb-imu-pl/gate-d-diagnostics/v16,28,1400000000,28,28,28,1,1,28,1400000000,"window_fingerprint","EXECUTED",5.8409120000000003,""
uwb-imu-pl/gate-d-diagnostics/v16,28,1400000000,28,28,28,1,1,28,1400000000,"all_in_detector","EXECUTED",0.245117,""
uwb-imu-pl/gate-d-diagnostics/v16,28,1400000000,28,28,28,1,1,28,1400000000,"current_sensitivity","EXECUTED",0.57217799999999996,""
uwb-imu-pl/gate-d-diagnostics/v16,28,1400000000,28,28,28,1,1,28,1400000000,"model_generation","EXECUTED",293.24094500000001,""
uwb-imu-pl/gate-d-diagnostics/v16,28,1400000000,28,28,28,1,1,28,1400000000,"historical_sensitivity","EXECUTED",0.126857,""
uwb-imu-pl/gate-d-diagnostics/v16,28,1400000000,28,28,28,1,1,28,1400000000,"hypothesis_evidence","EXECUTED",1856.7557750000001,"effective_dimensions=1:464,2:41440,3:19200,other:0;context_bytes=10265792;worker_blocks=4"
uwb-imu-pl/gate-d-diagnostics/v16,28,1400000000,28,28,28,1,1,28,1400000000,"health_actions","EXECUTED",16.488616,""
uwb-imu-pl/gate-d-diagnostics/v16,28,1400000000,28,28,28,1,1,28,1400000000,"hypothesis_audit","SKIPPED",,"disabled by output.write_hypothesis_evidence"
uwb-imu-pl/gate-d-diagnostics/v16,28,1400000000,28,28,28,1,1,28,1400000000,"base_factorization","EXECUTED",0.27716000000000002,""
uwb-imu-pl/gate-d-diagnostics/v16,28,1400000000,28,28,28,1,1,28,1400000000,"shared_cache","EXECUTED",0.00331,""
uwb-imu-pl/gate-d-diagnostics/v16,28,1400000000,28,28,28,1,1,28,1400000000,"candidate_evaluation","EXECUTED",421.99778199999997,"rank=1;dense=0"
uwb-imu-pl/gate-d-diagnostics/v16,28,1400000000,28,28,28,1,1,28,1400000000,"fde_decision","EXECUTED",9.6714470000000006,""
uwb-imu-pl/gate-d-diagnostics/v16,28,1400000000,28,28,28,1,1,28,1400000000,"candidate_audit","EXECUTED",0.043130000000000002,""
uwb-imu-pl/gate-d-diagnostics/v16,28,1400000000,28,28,28,1,1,28,1400000000,"commit","EXECUTED",2.0350809999999999,""
uwb-imu-pl/gate-d-diagnostics/v16,28,1400000000,28,28,28,1,1,28,1400000000,"state_audit","EXECUTED",0.00058100000000000003,""
uwb-imu-pl/gate-d-diagnostics/v16,28,1400000000,28,28,28,1,1,28,1400000000,"finalize_commit_audit","EXECUTED",29.498869000000003,"excludes separately timed commit/discard/state audit"
uwb-imu-pl/gate-d-diagnostics/v16,28,1400000000,28,28,28,1,1,28,1400000000,"discard","SKIPPED",,"upstream gate did not reach stage"
uwb-imu-pl/gate-d-diagnostics/v16,28,1400000000,28,28,28,1,1,28,1400000000,"core_total","EXECUTED",4910.8535300000003,""
uwb-imu-pl/gate-d-diagnostics/v16,29,1450000000,29,29,29,1,1,29,1450000000,"prepare","EXECUTED",2.510545,""
uwb-imu-pl/gate-d-diagnostics/v16,29,1450000000,29,29,29,1,1,29,1450000000,"integrity_window","EXECUTED",2605.5212379999998,""
uwb-imu-pl/gate-d-diagnostics/v16,29,1450000000,29,29,29,1,1,29,1450000000,"window_boundary_provenance","EXECUTED",2590.534678,""
uwb-imu-pl/gate-d-diagnostics/v16,29,1450000000,29,29,29,1,1,29,1450000000,"window_factor_linearization_whitening","EXECUTED",0.91969999999999996,""
uwb-imu-pl/gate-d-diagnostics/v16,29,1450000000,29,29,29,1,1,29,1450000000,"window_dense_assembly","EXECUTED",0.091380000000000003,""
uwb-imu-pl/gate-d-diagnostics/v16,29,1450000000,29,29,29,1,1,29,1450000000,"window_svd","EXECUTED",8.2981929999999995,""
uwb-imu-pl/gate-d-diagnostics/v16,29,1450000000,29,29,29,1,1,29,1450000000,"window_normal_equations","EXECUTED",0.34343000000000001,""
uwb-imu-pl/gate-d-diagnostics/v16,29,1450000000,29,29,29,1,1,29,1450000000,"window_llt_state_solves","EXECUTED",0.10666100000000001,""
uwb-imu-pl/gate-d-diagnostics/v16,29,1450000000,29,29,29,1,1,29,1450000000,"window_fingerprint","EXECUTED",3.8772769999999999,""
uwb-imu-pl/gate-d-diagnostics/v16,29,1450000000,29,29,29,1,1,29,1450000000,"all_in_detector","EXECUTED",0.26354300000000003,""
uwb-imu-pl/gate-d-diagnostics/v16,29,1450000000,29,29,29,1,1,29,1450000000,"current_sensitivity","EXECUTED",0.48824000000000001,""
uwb-imu-pl/gate-d-diagnostics/v16,29,1450000000,29,29,29,1,1,29,1450000000,"model_generation","EXECUTED",308.95587,""
uwb-imu-pl/gate-d-diagnostics/v16,29,1450000000,29,29,29,1,1,29,1450000000,"historical_sensitivity","EXECUTED",0.13326099999999999,""
uwb-imu-pl/gate-d-diagnostics/v16,29,1450000000,29,29,29,1,1,29,1450000000,"hypothesis_evidence","EXECUTED",1812.4993979999999,"effective_dimensions=1:464,2:41440,3:19200,other:0;context_bytes=10265792;worker_blocks=4"
uwb-imu-pl/gate-d-diagnostics/v16,29,1450000000,29,29,29,1,1,29,1450000000,"health_actions","EXECUTED",20.507097999999999,""
uwb-imu-pl/gate-d-diagnostics/v16,29,1450000000,29,29,29,1,1,29,1450000000,"hypothesis_audit","SKIPPED",,"disabled by output.write_hypothesis_evidence"
uwb-imu-pl/gate-d-diagnostics/v16,29,1450000000,29,29,29,1,1,29,1450000000,"base_factorization","EXECUTED",0.26106699999999999,""
uwb-imu-pl/gate-d-diagnostics/v16,29,1450000000,29,29,29,1,1,29,1450000000,"shared_cache","EXECUTED",0.0036579999999999998,""
uwb-imu-pl/gate-d-diagnostics/v16,29,1450000000,29,29,29,1,1,29,1450000000,"candidate_evaluation","EXECUTED",426.08349299999998,"rank=1;dense=0"
uwb-imu-pl/gate-d-diagnostics/v16,29,1450000000,29,29,29,1,1,29,1450000000,"fde_decision","EXECUTED",8.6084540000000001,""
uwb-imu-pl/gate-d-diagnostics/v16,29,1450000000,29,29,29,1,1,29,1450000000,"candidate_audit","EXECUTED",0.040904999999999997,""
uwb-imu-pl/gate-d-diagnostics/v16,29,1450000000,29,29,29,1,1,29,1450000000,"commit","EXECUTED",1.7764770000000001,""
uwb-imu-pl/gate-d-diagnostics/v16,29,1450000000,29,29,29,1,1,29,1450000000,"state_audit","EXECUTED",0.00042499999999999998,""
uwb-imu-pl/gate-d-diagnostics/v16,29,1450000000,29,29,29,1,1,29,1450000000,"finalize_commit_audit","EXECUTED",31.925466999999998,"excludes separately timed commit/discard/state audit"
uwb-imu-pl/gate-d-diagnostics/v16,29,1450000000,29,29,29,1,1,29,1450000000,"discard","SKIPPED",,"upstream gate did not reach stage"
uwb-imu-pl/gate-d-diagnostics/v16,29,1450000000,29,29,29,1,1,29,1450000000,"core_total","EXECUTED",5220.2107599999999,""
uwb-imu-pl/gate-d-diagnostics/v16,30,1500000000,30,30,30,1,1,30,1500000000,"prepare","EXECUTED",2.33528,""
uwb-imu-pl/gate-d-diagnostics/v16,30,1500000000,30,30,30,1,1,30,1500000000,"integrity_window","EXECUTED",3089.8885650000002,""
uwb-imu-pl/gate-d-diagnostics/v16,30,1500000000,30,30,30,1,1,30,1500000000,"window_boundary_provenance","EXECUTED",3075.4664849999999,""
uwb-imu-pl/gate-d-diagnostics/v16,30,1500000000,30,30,30,1,1,30,1500000000,"window_factor_linearization_whitening","EXECUTED",1.581299,""
uwb-imu-pl/gate-d-diagnostics/v16,30,1500000000,30,30,30,1,1,30,1500000000,"window_dense_assembly","EXECUTED",0.104569,""
uwb-imu-pl/gate-d-diagnostics/v16,30,1500000000,30,30,30,1,1,30,1500000000,"window_svd","EXECUTED",7.4528569999999998,""
uwb-imu-pl/gate-d-diagnostics/v16,30,1500000000,30,30,30,1,1,30,1500000000,"window_normal_equations","EXECUTED",0.30498399999999998,""
uwb-imu-pl/gate-d-diagnostics/v16,30,1500000000,30,30,30,1,1,30,1500000000,"window_llt_state_solves","EXECUTED",0.097650000000000001,""
uwb-imu-pl/gate-d-diagnostics/v16,30,1500000000,30,30,30,1,1,30,1500000000,"window_fingerprint","EXECUTED",3.6227710000000002,""
uwb-imu-pl/gate-d-diagnostics/v16,30,1500000000,30,30,30,1,1,30,1500000000,"all_in_detector","EXECUTED",0.21071999999999999,""
uwb-imu-pl/gate-d-diagnostics/v16,30,1500000000,30,30,30,1,1,30,1500000000,"current_sensitivity","EXECUTED",0.355124,""
uwb-imu-pl/gate-d-diagnostics/v16,30,1500000000,30,30,30,1,1,30,1500000000,"model_generation","EXECUTED",298.090754,""
uwb-imu-pl/gate-d-diagnostics/v16,30,1500000000,30,30,30,1,1,30,1500000000,"historical_sensitivity","EXECUTED",0.12928499999999998,""
uwb-imu-pl/gate-d-diagnostics/v16,30,1500000000,30,30,30,1,1,30,1500000000,"hypothesis_evidence","EXECUTED",1829.8180010000001,"effective_dimensions=1:464,2:41440,3:19200,other:0;context_bytes=10265792;worker_blocks=4"
uwb-imu-pl/gate-d-diagnostics/v16,30,1500000000,30,30,30,1,1,30,1500000000,"health_actions","EXECUTED",24.236267000000002,""
uwb-imu-pl/gate-d-diagnostics/v16,30,1500000000,30,30,30,1,1,30,1500000000,"hypothesis_audit","SKIPPED",,"disabled by output.write_hypothesis_evidence"
uwb-imu-pl/gate-d-diagnostics/v16,30,1500000000,30,30,30,1,1,30,1500000000,"base_factorization","EXECUTED",0.41004200000000002,""
uwb-imu-pl/gate-d-diagnostics/v16,30,1500000000,30,30,30,1,1,30,1500000000,"shared_cache","EXECUTED",0.005169,""
uwb-imu-pl/gate-d-diagnostics/v16,30,1500000000,30,30,30,1,1,30,1500000000,"candidate_evaluation","EXECUTED",419.97572400000001,"rank=1;dense=0"
uwb-imu-pl/gate-d-diagnostics/v16,30,1500000000,30,30,30,1,1,30,1500000000,"fde_decision","EXECUTED",8.1100569999999994,""
uwb-imu-pl/gate-d-diagnostics/v16,30,1500000000,30,30,30,1,1,30,1500000000,"candidate_audit","EXECUTED",0.038411000000000001,""
uwb-imu-pl/gate-d-diagnostics/v16,30,1500000000,30,30,30,1,1,30,1500000000,"commit","EXECUTED",1.9394819999999999,""
uwb-imu-pl/gate-d-diagnostics/v16,30,1500000000,30,30,30,1,1,30,1500000000,"state_audit","EXECUTED",0.00054500000000000002,""
uwb-imu-pl/gate-d-diagnostics/v16,30,1500000000,30,30,30,1,1,30,1500000000,"finalize_commit_audit","EXECUTED",33.252670999999999,"excludes separately timed commit/discard/state audit"
uwb-imu-pl/gate-d-diagnostics/v16,30,1500000000,30,30,30,1,1,30,1500000000,"discard","SKIPPED",,"upstream gate did not reach stage"
uwb-imu-pl/gate-d-diagnostics/v16,30,1500000000,30,30,30,1,1,30,1500000000,"core_total","EXECUTED",5709.3323090000004,""
uwb-imu-pl/gate-d-diagnostics/v16,31,1550000000,31,31,31,2,1,31,1550000000,"prepare","EXECUTED",3.294305,""
uwb-imu-pl/gate-d-diagnostics/v16,31,1550000000,31,31,31,2,1,31,1550000000,"integrity_window","EXECUTED",459.07125400000001,""
uwb-imu-pl/gate-d-diagnostics/v16,31,1550000000,31,31,31,2,1,31,1550000000,"window_boundary_provenance","EXECUTED",441.34518800000001,""
uwb-imu-pl/gate-d-diagnostics/v16,31,1550000000,31,31,31,2,1,31,1550000000,"window_factor_linearization_whitening","EXECUTED",1.0354399999999999,""
uwb-imu-pl/gate-d-diagnostics/v16,31,1550000000,31,31,31,2,1,31,1550000000,"window_dense_assembly","EXECUTED",0.093979999999999994,""
uwb-imu-pl/gate-d-diagnostics/v16,31,1550000000,31,31,31,2,1,31,1550000000,"window_svd","EXECUTED",10.676503,""
uwb-imu-pl/gate-d-diagnostics/v16,31,1550000000,31,31,31,2,1,31,1550000000,"window_normal_equations","EXECUTED",0.35145900000000002,""
uwb-imu-pl/gate-d-diagnostics/v16,31,1550000000,31,31,31,2,1,31,1550000000,"window_llt_state_solves","EXECUTED",0.15260399999999999,""
uwb-imu-pl/gate-d-diagnostics/v16,31,1550000000,31,31,31,2,1,31,1550000000,"window_fingerprint","EXECUTED",4.0313509999999999,""
uwb-imu-pl/gate-d-diagnostics/v16,31,1550000000,31,31,31,2,1,31,1550000000,"all_in_detector","EXECUTED",0.31550600000000001,""
uwb-imu-pl/gate-d-diagnostics/v16,31,1550000000,31,31,31,2,1,31,1550000000,"current_sensitivity","EXECUTED",0.61716400000000005,""
uwb-imu-pl/gate-d-diagnostics/v16,31,1550000000,31,31,31,2,1,31,1550000000,"model_generation","EXECUTED",295.88507800000002,""
uwb-imu-pl/gate-d-diagnostics/v16,31,1550000000,31,31,31,2,1,31,1550000000,"historical_sensitivity","EXECUTED",0.14249600000000001,""
uwb-imu-pl/gate-d-diagnostics/v16,31,1550000000,31,31,31,2,1,31,1550000000,"hypothesis_evidence","EXECUTED",1810.8244500000001,"effective_dimensions=1:464,2:41440,3:19200,other:0;context_bytes=10265792;worker_blocks=4"
uwb-imu-pl/gate-d-diagnostics/v16,31,1550000000,31,31,31,2,1,31,1550000000,"health_actions","EXECUTED",21.298394999999999,""
uwb-imu-pl/gate-d-diagnostics/v16,31,1550000000,31,31,31,2,1,31,1550000000,"hypothesis_audit","SKIPPED",,"disabled by output.write_hypothesis_evidence"
uwb-imu-pl/gate-d-diagnostics/v16,31,1550000000,31,31,31,2,1,31,1550000000,"base_factorization","EXECUTED",0.260158,""
uwb-imu-pl/gate-d-diagnostics/v16,31,1550000000,31,31,31,2,1,31,1550000000,"shared_cache","EXECUTED",0.0033830000000000002,""
uwb-imu-pl/gate-d-diagnostics/v16,31,1550000000,31,31,31,2,1,31,1550000000,"candidate_evaluation","EXECUTED",420.139432,"rank=1;dense=0"
uwb-imu-pl/gate-d-diagnostics/v16,31,1550000000,31,31,31,2,1,31,1550000000,"fde_decision","EXECUTED",8.2987990000000007,""
uwb-imu-pl/gate-d-diagnostics/v16,31,1550000000,31,31,31,2,1,31,1550000000,"candidate_audit","EXECUTED",0.037349,""
uwb-imu-pl/gate-d-diagnostics/v16,31,1550000000,31,31,31,2,1,31,1550000000,"commit","EXECUTED",2.4442520000000001,""
uwb-imu-pl/gate-d-diagnostics/v16,31,1550000000,31,31,31,2,1,31,1550000000,"state_audit","EXECUTED",0.00076000000000000004,""
uwb-imu-pl/gate-d-diagnostics/v16,31,1550000000,31,31,31,2,1,31,1550000000,"finalize_commit_audit","EXECUTED",28.040987999999999,"excludes separately timed commit/discard/state audit"
uwb-imu-pl/gate-d-diagnostics/v16,31,1550000000,31,31,31,2,1,31,1550000000,"discard","SKIPPED",,"upstream gate did not reach stage"
uwb-imu-pl/gate-d-diagnostics/v16,31,1550000000,31,31,31,2,1,31,1550000000,"core_total","EXECUTED",3051.2201220000002,""
uwb-imu-pl/gate-d-diagnostics/v16,32,1600000000,32,32,32,3,1,32,1600000000,"prepare","EXECUTED",2.6708370000000001,""
uwb-imu-pl/gate-d-diagnostics/v16,32,1600000000,32,32,32,3,1,32,1600000000,"integrity_window","EXECUTED",416.19410399999998,""
uwb-imu-pl/gate-d-diagnostics/v16,32,1600000000,32,32,32,3,1,32,1600000000,"window_boundary_provenance","EXECUTED",401.13300600000002,""
uwb-imu-pl/gate-d-diagnostics/v16,32,1600000000,32,32,32,3,1,32,1600000000,"window_factor_linearization_whitening","EXECUTED",1.679888,""
uwb-imu-pl/gate-d-diagnostics/v16,32,1600000000,32,32,32,3,1,32,1600000000,"window_dense_assembly","EXECUTED",0.15163199999999999,""
uwb-imu-pl/gate-d-diagnostics/v16,32,1600000000,32,32,32,3,1,32,1600000000,"window_svd","EXECUTED",7.7692290000000002,""
uwb-imu-pl/gate-d-diagnostics/v16,32,1600000000,32,32,32,3,1,32,1600000000,"window_normal_equations","EXECUTED",0.31645299999999998,""
uwb-imu-pl/gate-d-diagnostics/v16,32,1600000000,32,32,32,3,1,32,1600000000,"window_llt_state_solves","EXECUTED",0.108553,""
uwb-imu-pl/gate-d-diagnostics/v16,32,1600000000,32,32,32,3,1,32,1600000000,"window_fingerprint","EXECUTED",3.7257500000000001,""
uwb-imu-pl/gate-d-diagnostics/v16,32,1600000000,32,32,32,3,1,32,1600000000,"all_in_detector","EXECUTED",0.26718999999999998,""
uwb-imu-pl/gate-d-diagnostics/v16,32,1600000000,32,32,32,3,1,32,1600000000,"current_sensitivity","EXECUTED",0.50906600000000002,""
uwb-imu-pl/gate-d-diagnostics/v16,32,1600000000,32,32,32,3,1,32,1600000000,"model_generation","EXECUTED",299.91795000000002,""
uwb-imu-pl/gate-d-diagnostics/v16,32,1600000000,32,32,32,3,1,32,1600000000,"historical_sensitivity","EXECUTED",0.20501800000000001,""
uwb-imu-pl/gate-d-diagnostics/v16,32,1600000000,32,32,32,3,1,32,1600000000,"hypothesis_evidence","EXECUTED",1813.284193,"effective_dimensions=1:464,2:41440,3:19200,other:0;context_bytes=10265792;worker_blocks=4"
uwb-imu-pl/gate-d-diagnostics/v16,32,1600000000,32,32,32,3,1,32,1600000000,"health_actions","EXECUTED",16.807625000000002,""
uwb-imu-pl/gate-d-diagnostics/v16,32,1600000000,32,32,32,3,1,32,1600000000,"hypothesis_audit","SKIPPED",,"disabled by output.write_hypothesis_evidence"
uwb-imu-pl/gate-d-diagnostics/v16,32,1600000000,32,32,32,3,1,32,1600000000,"base_factorization","EXECUTED",0.254774,""
uwb-imu-pl/gate-d-diagnostics/v16,32,1600000000,32,32,32,3,1,32,1600000000,"shared_cache","EXECUTED",0.0034259999999999998,""
uwb-imu-pl/gate-d-diagnostics/v16,32,1600000000,32,32,32,3,1,32,1600000000,"candidate_evaluation","EXECUTED",427.55800900000003,"rank=1;dense=0"
uwb-imu-pl/gate-d-diagnostics/v16,32,1600000000,32,32,32,3,1,32,1600000000,"fde_decision","EXECUTED",8.2684479999999994,""
uwb-imu-pl/gate-d-diagnostics/v16,32,1600000000,32,32,32,3,1,32,1600000000,"candidate_audit","EXECUTED",0.036360999999999997,""
uwb-imu-pl/gate-d-diagnostics/v16,32,1600000000,32,32,32,3,1,32,1600000000,"commit","EXECUTED",2.7039610000000001,""
uwb-imu-pl/gate-d-diagnostics/v16,32,1600000000,32,32,32,3,1,32,1600000000,"state_audit","EXECUTED",0.00057399999999999997,""
uwb-imu-pl/gate-d-diagnostics/v16,32,1600000000,32,32,32,3,1,32,1600000000,"finalize_commit_audit","EXECUTED",34.529890000000002,"excludes separately timed commit/discard/state audit"
uwb-imu-pl/gate-d-diagnostics/v16,32,1600000000,32,32,32,3,1,32,1600000000,"discard","SKIPPED",,"upstream gate did not reach stage"
uwb-imu-pl/gate-d-diagnostics/v16,32,1600000000,32,32,32,3,1,32,1600000000,"core_total","EXECUTED",3023.9027230000002,""
uwb-imu-pl/gate-d-diagnostics/v16,33,1650000000,33,33,33,4,1,33,1650000000,"prepare","EXECUTED",2.437287,""
uwb-imu-pl/gate-d-diagnostics/v16,33,1650000000,33,33,33,4,1,33,1650000000,"integrity_window","EXECUTED",400.28427699999997,""
uwb-imu-pl/gate-d-diagnostics/v16,33,1650000000,33,33,33,4,1,33,1650000000,"window_boundary_provenance","EXECUTED",384.24708700000002,""
uwb-imu-pl/gate-d-diagnostics/v16,33,1650000000,33,33,33,4,1,33,1650000000,"window_factor_linearization_whitening","EXECUTED",0.93486599999999997,""
uwb-imu-pl/gate-d-diagnostics/v16,33,1650000000,33,33,33,4,1,33,1650000000,"window_dense_assembly","EXECUTED",0.092037999999999995,""
uwb-imu-pl/gate-d-diagnostics/v16,33,1650000000,33,33,33,4,1,33,1650000000,"window_svd","EXECUTED",9.2231419999999993,""
uwb-imu-pl/gate-d-diagnostics/v16,33,1650000000,33,33,33,4,1,33,1650000000,"window_normal_equations","EXECUTED",0.33908300000000002,""
uwb-imu-pl/gate-d-diagnostics/v16,33,1650000000,33,33,33,4,1,33,1650000000,"window_llt_state_solves","EXECUTED",0.113467,""
uwb-imu-pl/gate-d-diagnostics/v16,33,1650000000,33,33,33,4,1,33,1650000000,"window_fingerprint","EXECUTED",3.9875829999999999,""
uwb-imu-pl/gate-d-diagnostics/v16,33,1650000000,33,33,33,4,1,33,1650000000,"all_in_detector","EXECUTED",0.27479500000000001,""
uwb-imu-pl/gate-d-diagnostics/v16,33,1650000000,33,33,33,4,1,33,1650000000,"current_sensitivity","EXECUTED",0.494093,""
uwb-imu-pl/gate-d-diagnostics/v16,33,1650000000,33,33,33,4,1,33,1650000000,"model_generation","EXECUTED",299.66321599999998,""
uwb-imu-pl/gate-d-diagnostics/v16,33,1650000000,33,33,33,4,1,33,1650000000,"historical_sensitivity","EXECUTED",0.12393899999999999,""
uwb-imu-pl/gate-d-diagnostics/v16,33,1650000000,33,33,33,4,1,33,1650000000,"hypothesis_evidence","EXECUTED",1834.920699,"effective_dimensions=1:464,2:41440,3:19200,other:0;context_bytes=10265792;worker_blocks=4"
uwb-imu-pl/gate-d-diagnostics/v16,33,1650000000,33,33,33,4,1,33,1650000000,"health_actions","EXECUTED",21.119443,""
uwb-imu-pl/gate-d-diagnostics/v16,33,1650000000,33,33,33,4,1,33,1650000000,"hypothesis_audit","SKIPPED",,"disabled by output.write_hypothesis_evidence"
uwb-imu-pl/gate-d-diagnostics/v16,33,1650000000,33,33,33,4,1,33,1650000000,"base_factorization","EXECUTED",0.27891700000000003,""
uwb-imu-pl/gate-d-diagnostics/v16,33,1650000000,33,33,33,4,1,33,1650000000,"shared_cache","EXECUTED",0.0037469999999999999,""
uwb-imu-pl/gate-d-diagnostics/v16,33,1650000000,33,33,33,4,1,33,1650000000,"candidate_evaluation","EXECUTED",424.08759099999997,"rank=1;dense=0"
uwb-imu-pl/gate-d-diagnostics/v16,33,1650000000,33,33,33,4,1,33,1650000000,"fde_decision","EXECUTED",10.175552,""
uwb-imu-pl/gate-d-diagnostics/v16,33,1650000000,33,33,33,4,1,33,1650000000,"candidate_audit","EXECUTED",0.041846000000000001,""
uwb-imu-pl/gate-d-diagnostics/v16,33,1650000000,33,33,33,4,1,33,1650000000,"commit","EXECUTED",2.285825,""
uwb-imu-pl/gate-d-diagnostics/v16,33,1650000000,33,33,33,4,1,33,1650000000,"state_audit","EXECUTED",0.00055199999999999997,""
uwb-imu-pl/gate-d-diagnostics/v16,33,1650000000,33,33,33,4,1,33,1650000000,"finalize_commit_audit","EXECUTED",33.521842999999997,"excludes separately timed commit/discard/state audit"
uwb-imu-pl/gate-d-diagnostics/v16,33,1650000000,33,33,33,4,1,33,1650000000,"discard","SKIPPED",,"upstream gate did not reach stage"
uwb-imu-pl/gate-d-diagnostics/v16,33,1650000000,33,33,33,4,1,33,1650000000,"core_total","EXECUTED",3030.26854,""
uwb-imu-pl/gate-d-diagnostics/v16,34,1700000000,34,34,34,5,1,34,1700000000,"prepare","EXECUTED",3.9191240000000001,""
uwb-imu-pl/gate-d-diagnostics/v16,34,1700000000,34,34,34,5,1,34,1700000000,"integrity_window","EXECUTED",392.20795800000002,""
uwb-imu-pl/gate-d-diagnostics/v16,34,1700000000,34,34,34,5,1,34,1700000000,"window_boundary_provenance","EXECUTED",376.19689199999999,""
uwb-imu-pl/gate-d-diagnostics/v16,34,1700000000,34,34,34,5,1,34,1700000000,"window_factor_linearization_whitening","EXECUTED",0.96228199999999997,""
uwb-imu-pl/gate-d-diagnostics/v16,34,1700000000,34,34,34,5,1,34,1700000000,"window_dense_assembly","EXECUTED",0.092534000000000005,""
uwb-imu-pl/gate-d-diagnostics/v16,34,1700000000,34,34,34,5,1,34,1700000000,"window_svd","EXECUTED",9.1625449999999997,""
uwb-imu-pl/gate-d-diagnostics/v16,34,1700000000,34,34,34,5,1,34,1700000000,"window_normal_equations","EXECUTED",0.35413600000000001,""
uwb-imu-pl/gate-d-diagnostics/v16,34,1700000000,34,34,34,5,1,34,1700000000,"window_llt_state_solves","EXECUTED",0.108253,""
uwb-imu-pl/gate-d-diagnostics/v16,34,1700000000,34,34,34,5,1,34,1700000000,"window_fingerprint","EXECUTED",3.9164919999999999,""
uwb-imu-pl/gate-d-diagnostics/v16,34,1700000000,34,34,34,5,1,34,1700000000,"all_in_detector","EXECUTED",0.27628799999999998,""
uwb-imu-pl/gate-d-diagnostics/v16,34,1700000000,34,34,34,5,1,34,1700000000,"current_sensitivity","EXECUTED",0.50689899999999999,""
uwb-imu-pl/gate-d-diagnostics/v16,34,1700000000,34,34,34,5,1,34,1700000000,"model_generation","EXECUTED",299.93606800000003,""
uwb-imu-pl/gate-d-diagnostics/v16,34,1700000000,34,34,34,5,1,34,1700000000,"historical_sensitivity","EXECUTED",0.14209399999999997,""
uwb-imu-pl/gate-d-diagnostics/v16,34,1700000000,34,34,34,5,1,34,1700000000,"hypothesis_evidence","EXECUTED",1814.250221,"effective_dimensions=1:464,2:41440,3:19200,other:0;context_bytes=10265792;worker_blocks=4"
uwb-imu-pl/gate-d-diagnostics/v16,34,1700000000,34,34,34,5,1,34,1700000000,"health_actions","EXECUTED",17.038402000000001,""
uwb-imu-pl/gate-d-diagnostics/v16,34,1700000000,34,34,34,5,1,34,1700000000,"hypothesis_audit","SKIPPED",,"disabled by output.write_hypothesis_evidence"
uwb-imu-pl/gate-d-diagnostics/v16,34,1700000000,34,34,34,5,1,34,1700000000,"base_factorization","EXECUTED",0.259156,""
uwb-imu-pl/gate-d-diagnostics/v16,34,1700000000,34,34,34,5,1,34,1700000000,"shared_cache","EXECUTED",0.0036180000000000001,""
uwb-imu-pl/gate-d-diagnostics/v16,34,1700000000,34,34,34,5,1,34,1700000000,"candidate_evaluation","EXECUTED",430.74516999999997,"rank=1;dense=0"
uwb-imu-pl/gate-d-diagnostics/v16,34,1700000000,34,34,34,5,1,34,1700000000,"fde_decision","EXECUTED",8.0312970000000004,""
uwb-imu-pl/gate-d-diagnostics/v16,34,1700000000,34,34,34,5,1,34,1700000000,"candidate_audit","EXECUTED",0.034372,""
uwb-imu-pl/gate-d-diagnostics/v16,34,1700000000,34,34,34,5,1,34,1700000000,"commit","EXECUTED",2.7168480000000002,""
uwb-imu-pl/gate-d-diagnostics/v16,34,1700000000,34,34,34,5,1,34,1700000000,"state_audit","EXECUTED",0.00054900000000000001,""
uwb-imu-pl/gate-d-diagnostics/v16,34,1700000000,34,34,34,5,1,34,1700000000,"finalize_commit_audit","EXECUTED",27.688400999999999,"excludes separately timed commit/discard/state audit"
uwb-imu-pl/gate-d-diagnostics/v16,34,1700000000,34,34,34,5,1,34,1700000000,"discard","SKIPPED",,"upstream gate did not reach stage"
uwb-imu-pl/gate-d-diagnostics/v16,34,1700000000,34,34,34,5,1,34,1700000000,"core_total","EXECUTED",2998.2954719999998,""
uwb-imu-pl/gate-d-diagnostics/v16,35,1750000000,35,35,35,6,1,35,1750000000,"prepare","EXECUTED",2.4599839999999999,""
uwb-imu-pl/gate-d-diagnostics/v16,35,1750000000,35,35,35,6,1,35,1750000000,"integrity_window","EXECUTED",411.910616,""
uwb-imu-pl/gate-d-diagnostics/v16,35,1750000000,35,35,35,6,1,35,1750000000,"window_boundary_provenance","EXECUTED",396.45853199999999,""
uwb-imu-pl/gate-d-diagnostics/v16,35,1750000000,35,35,35,6,1,35,1750000000,"window_factor_linearization_whitening","EXECUTED",1.097264,""
uwb-imu-pl/gate-d-diagnostics/v16,35,1750000000,35,35,35,6,1,35,1750000000,"window_dense_assembly","EXECUTED",0.095695000000000002,""
uwb-imu-pl/gate-d-diagnostics/v16,35,1750000000,35,35,35,6,1,35,1750000000,"window_svd","EXECUTED",7.758445,""
uwb-imu-pl/gate-d-diagnostics/v16,35,1750000000,35,35,35,6,1,35,1750000000,"window_normal_equations","EXECUTED",0.33347700000000002,""
uwb-imu-pl/gate-d-diagnostics/v16,35,1750000000,35,35,35,6,1,35,1750000000,"window_llt_state_solves","EXECUTED",0.105753,""
uwb-imu-pl/gate-d-diagnostics/v16,35,1750000000,35,35,35,6,1,35,1750000000,"window_fingerprint","EXECUTED",4.6147330000000002,""
uwb-imu-pl/gate-d-diagnostics/v16,35,1750000000,35,35,35,6,1,35,1750000000,"all_in_detector","EXECUTED",0.37728699999999998,""
uwb-imu-pl/gate-d-diagnostics/v16,35,1750000000,35,35,35,6,1,35,1750000000,"current_sensitivity","EXECUTED",0.60989000000000004,""
uwb-imu-pl/gate-d-diagnostics/v16,35,1750000000,35,35,35,6,1,35,1750000000,"model_generation","EXECUTED",293.96335100000005,""
uwb-imu-pl/gate-d-diagnostics/v16,35,1750000000,35,35,35,6,1,35,1750000000,"historical_sensitivity","EXECUTED",0.153424,""
uwb-imu-pl/gate-d-diagnostics/v16,35,1750000000,35,35,35,6,1,35,1750000000,"hypothesis_evidence","EXECUTED",1818.925473,"effective_dimensions=1:464,2:41440,3:19200,other:0;context_bytes=10265792;worker_blocks=4"
uwb-imu-pl/gate-d-diagnostics/v16,35,1750000000,35,35,35,6,1,35,1750000000,"health_actions","EXECUTED",20.181716000000002,""
uwb-imu-pl/gate-d-diagnostics/v16,35,1750000000,35,35,35,6,1,35,1750000000,"hypothesis_audit","SKIPPED",,"disabled by output.write_hypothesis_evidence"
uwb-imu-pl/gate-d-diagnostics/v16,35,1750000000,35,35,35,6,1,35,1750000000,"base_factorization","EXECUTED",0.29117700000000002,""
uwb-imu-pl/gate-d-diagnostics/v16,35,1750000000,35,35,35,6,1,35,1750000000,"shared_cache","EXECUTED",0.0048929999999999998,""
uwb-imu-pl/gate-d-diagnostics/v16,35,1750000000,35,35,35,6,1,35,1750000000,"candidate_evaluation","EXECUTED",423.17512699999997,"rank=1;dense=0"
uwb-imu-pl/gate-d-diagnostics/v16,35,1750000000,35,35,35,6,1,35,1750000000,"fde_decision","EXECUTED",8.9645290000000006,""
uwb-imu-pl/gate-d-diagnostics/v16,35,1750000000,35,35,35,6,1,35,1750000000,"candidate_audit","EXECUTED",0.043337000000000001,""
uwb-imu-pl/gate-d-diagnostics/v16,35,1750000000,35,35,35,6,1,35,1750000000,"commit","EXECUTED",2.6043500000000002,""
uwb-imu-pl/gate-d-diagnostics/v16,35,1750000000,35,35,35,6,1,35,1750000000,"state_audit","EXECUTED",0.00076800000000000002,""
uwb-imu-pl/gate-d-diagnostics/v16,35,1750000000,35,35,35,6,1,35,1750000000,"finalize_commit_audit","EXECUTED",30.807148000000002,"excludes separately timed commit/discard/state audit"
uwb-imu-pl/gate-d-diagnostics/v16,35,1750000000,35,35,35,6,1,35,1750000000,"discard","SKIPPED",,"upstream gate did not reach stage"
uwb-imu-pl/gate-d-diagnostics/v16,35,1750000000,35,35,35,6,1,35,1750000000,"core_total","EXECUTED",3015.1225079999999,""
uwb-imu-pl/gate-d-diagnostics/v16,36,1800000000,36,36,36,7,1,36,1800000000,"prepare","EXECUTED",3.2624490000000002,""
uwb-imu-pl/gate-d-diagnostics/v16,36,1800000000,36,36,36,7,1,36,1800000000,"integrity_window","EXECUTED",433.56772999999998,""
uwb-imu-pl/gate-d-diagnostics/v16,36,1800000000,36,36,36,7,1,36,1800000000,"window_boundary_provenance","EXECUTED",418.67087299999997,""
uwb-imu-pl/gate-d-diagnostics/v16,36,1800000000,36,36,36,7,1,36,1800000000,"window_factor_linearization_whitening","EXECUTED",0.97435300000000002,""
uwb-imu-pl/gate-d-diagnostics/v16,36,1800000000,36,36,36,7,1,36,1800000000,"window_dense_assembly","EXECUTED",0.086681999999999995,""
uwb-imu-pl/gate-d-diagnostics/v16,36,1800000000,36,36,36,7,1,36,1800000000,"window_svd","EXECUTED",7.6337260000000002,""
uwb-imu-pl/gate-d-diagnostics/v16,36,1800000000,36,36,36,7,1,36,1800000000,"window_normal_equations","EXECUTED",0.32260299999999997,""
uwb-imu-pl/gate-d-diagnostics/v16,36,1800000000,36,36,36,7,1,36,1800000000,"window_llt_state_solves","EXECUTED",0.10038800000000001,""
uwb-imu-pl/gate-d-diagnostics/v16,36,1800000000,36,36,36,7,1,36,1800000000,"window_fingerprint","EXECUTED",4.4064969999999999,""
uwb-imu-pl/gate-d-diagnostics/v16,36,1800000000,36,36,36,7,1,36,1800000000,"all_in_detector","EXECUTED",0.28388000000000002,""
uwb-imu-pl/gate-d-diagnostics/v16,36,1800000000,36,36,36,7,1,36,1800000000,"current_sensitivity","EXECUTED",0.59323000000000004,""
uwb-imu-pl/gate-d-diagnostics/v16,36,1800000000,36,36,36,7,1,36,1800000000,"model_generation","EXECUTED",309.48296500000004,""
uwb-imu-pl/gate-d-diagnostics/v16,36,1800000000,36,36,36,7,1,36,1800000000,"historical_sensitivity","EXECUTED",0.13234399999999999,""
uwb-imu-pl/gate-d-diagnostics/v16,36,1800000000,36,36,36,7,1,36,1800000000,"hypothesis_evidence","EXECUTED",1832.4784870000001,"effective_dimensions=1:464,2:41440,3:19200,other:0;context_bytes=10265792;worker_blocks=4"
uwb-imu-pl/gate-d-diagnostics/v16,36,1800000000,36,36,36,7,1,36,1800000000,"health_actions","EXECUTED",18.241140000000001,""
uwb-imu-pl/gate-d-diagnostics/v16,36,1800000000,36,36,36,7,1,36,1800000000,"hypothesis_audit","SKIPPED",,"disabled by output.write_hypothesis_evidence"
uwb-imu-pl/gate-d-diagnostics/v16,36,1800000000,36,36,36,7,1,36,1800000000,"base_factorization","EXECUTED",0.26050600000000002,""
uwb-imu-pl/gate-d-diagnostics/v16,36,1800000000,36,36,36,7,1,36,1800000000,"shared_cache","EXECUTED",0.0030769999999999999,""
uwb-imu-pl/gate-d-diagnostics/v16,36,1800000000,36,36,36,7,1,36,1800000000,"candidate_evaluation","EXECUTED",429.90094199999999,"rank=1;dense=0"
uwb-imu-pl/gate-d-diagnostics/v16,36,1800000000,36,36,36,7,1,36,1800000000,"fde_decision","EXECUTED",8.5412210000000002,""
uwb-imu-pl/gate-d-diagnostics/v16,36,1800000000,36,36,36,7,1,36,1800000000,"candidate_audit","EXECUTED",0.046586000000000002,""
uwb-imu-pl/gate-d-diagnostics/v16,36,1800000000,36,36,36,7,1,36,1800000000,"commit","EXECUTED",2.745028,""
uwb-imu-pl/gate-d-diagnostics/v16,36,1800000000,36,36,36,7,1,36,1800000000,"state_audit","EXECUTED",0.00058100000000000003,""
uwb-imu-pl/gate-d-diagnostics/v16,36,1800000000,36,36,36,7,1,36,1800000000,"finalize_commit_audit","EXECUTED",36.628579999999999,"excludes separately timed commit/discard/state audit"
uwb-imu-pl/gate-d-diagnostics/v16,36,1800000000,36,36,36,7,1,36,1800000000,"discard","SKIPPED",,"upstream gate did not reach stage"
uwb-imu-pl/gate-d-diagnostics/v16,36,1800000000,36,36,36,7,1,36,1800000000,"core_total","EXECUTED",3076.708083,""
uwb-imu-pl/gate-d-diagnostics/v16,37,1850000000,37,37,37,8,1,37,1850000000,"prepare","EXECUTED",2.351251,""
uwb-imu-pl/gate-d-diagnostics/v16,37,1850000000,37,37,37,8,1,37,1850000000,"integrity_window","EXECUTED",456.40120200000001,""
uwb-imu-pl/gate-d-diagnostics/v16,37,1850000000,37,37,37,8,1,37,1850000000,"window_boundary_provenance","EXECUTED",441.55375400000003,""
uwb-imu-pl/gate-d-diagnostics/v16,37,1850000000,37,37,37,8,1,37,1850000000,"window_factor_linearization_whitening","EXECUTED",1.151681,""
uwb-imu-pl/gate-d-diagnostics/v16,37,1850000000,37,37,37,8,1,37,1850000000,"window_dense_assembly","EXECUTED",0.107528,""
uwb-imu-pl/gate-d-diagnostics/v16,37,1850000000,37,37,37,8,1,37,1850000000,"window_svd","EXECUTED",7.8657339999999998,""
uwb-imu-pl/gate-d-diagnostics/v16,37,1850000000,37,37,37,8,1,37,1850000000,"window_normal_equations","EXECUTED",0.35093000000000002,""
uwb-imu-pl/gate-d-diagnostics/v16,37,1850000000,37,37,37,8,1,37,1850000000,"window_llt_state_solves","EXECUTED",0.104949,""
uwb-imu-pl/gate-d-diagnostics/v16,37,1850000000,37,37,37,8,1,37,1850000000,"window_fingerprint","EXECUTED",3.8779650000000001,""
uwb-imu-pl/gate-d-diagnostics/v16,37,1850000000,37,37,37,8,1,37,1850000000,"all_in_detector","EXECUTED",0.81833500000000003,""
uwb-imu-pl/gate-d-diagnostics/v16,37,1850000000,37,37,37,8,1,37,1850000000,"current_sensitivity","EXECUTED",0.97489700000000001,""
uwb-imu-pl/gate-d-diagnostics/v16,37,1850000000,37,37,37,8,1,37,1850000000,"model_generation","EXECUTED",300.638577,""
uwb-imu-pl/gate-d-diagnostics/v16,37,1850000000,37,37,37,8,1,37,1850000000,"historical_sensitivity","EXECUTED",0.12835699999999997,""
uwb-imu-pl/gate-d-diagnostics/v16,37,1850000000,37,37,37,8,1,37,1850000000,"hypothesis_evidence","EXECUTED",1839.9755680000001,"effective_dimensions=1:464,2:41440,3:19200,other:0;context_bytes=10265792;worker_blocks=4"
uwb-imu-pl/gate-d-diagnostics/v16,37,1850000000,37,37,37,8,1,37,1850000000,"health_actions","EXECUTED",19.291623999999999,""
uwb-imu-pl/gate-d-diagnostics/v16,37,1850000000,37,37,37,8,1,37,1850000000,"hypothesis_audit","SKIPPED",,"disabled by output.write_hypothesis_evidence"
uwb-imu-pl/gate-d-diagnostics/v16,37,1850000000,37,37,37,8,1,37,1850000000,"base_factorization","EXECUTED",0.25552399999999997,""
uwb-imu-pl/gate-d-diagnostics/v16,37,1850000000,37,37,37,8,1,37,1850000000,"shared_cache","EXECUTED",0.0033769999999999998,""
uwb-imu-pl/gate-d-diagnostics/v16,37,1850000000,37,37,37,8,1,37,1850000000,"candidate_evaluation","EXECUTED",428.07529499999998,"rank=1;dense=0"
uwb-imu-pl/gate-d-diagnostics/v16,37,1850000000,37,37,37,8,1,37,1850000000,"fde_decision","EXECUTED",8.9365729999999992,""
uwb-imu-pl/gate-d-diagnostics/v16,37,1850000000,37,37,37,8,1,37,1850000000,"candidate_audit","EXECUTED",0.035479999999999998,""
uwb-imu-pl/gate-d-diagnostics/v16,37,1850000000,37,37,37,8,1,37,1850000000,"commit","EXECUTED",3.1973440000000002,""
uwb-imu-pl/gate-d-diagnostics/v16,37,1850000000,37,37,37,8,1,37,1850000000,"state_audit","EXECUTED",0.00059900000000000003,""
uwb-imu-pl/gate-d-diagnostics/v16,37,1850000000,37,37,37,8,1,37,1850000000,"finalize_commit_audit","EXECUTED",33.376435999999998,"excludes separately timed commit/discard/state audit"
uwb-imu-pl/gate-d-diagnostics/v16,37,1850000000,37,37,37,8,1,37,1850000000,"discard","SKIPPED",,"upstream gate did not reach stage"
uwb-imu-pl/gate-d-diagnostics/v16,37,1850000000,37,37,37,8,1,37,1850000000,"core_total","EXECUTED",3095.1132929999999,""
uwb-imu-pl/gate-d-diagnostics/v16,38,1900000000,38,38,38,9,1,38,1900000000,"prepare","EXECUTED",2.7322169999999999,""
uwb-imu-pl/gate-d-diagnostics/v16,38,1900000000,38,38,38,9,1,38,1900000000,"integrity_window","EXECUTED",497.51555000000002,""
uwb-imu-pl/gate-d-diagnostics/v16,38,1900000000,38,38,38,9,1,38,1900000000,"window_boundary_provenance","EXECUTED",481.29178200000001,""
uwb-imu-pl/gate-d-diagnostics/v16,38,1900000000,38,38,38,9,1,38,1900000000,"window_factor_linearization_whitening","EXECUTED",1.104039,""
uwb-imu-pl/gate-d-diagnostics/v16,38,1900000000,38,38,38,9,1,38,1900000000,"window_dense_assembly","EXECUTED",0.117048,""
uwb-imu-pl/gate-d-diagnostics/v16,38,1900000000,38,38,38,9,1,38,1900000000,"window_svd","EXECUTED",8.1790199999999995,""
uwb-imu-pl/gate-d-diagnostics/v16,38,1900000000,38,38,38,9,1,38,1900000000,"window_normal_equations","EXECUTED",0.36271199999999998,""
uwb-imu-pl/gate-d-diagnostics/v16,38,1900000000,38,38,38,9,1,38,1900000000,"window_llt_state_solves","EXECUTED",0.108086,""
uwb-imu-pl/gate-d-diagnostics/v16,38,1900000000,38,38,38,9,1,38,1900000000,"window_fingerprint","EXECUTED",4.2923609999999996,""
uwb-imu-pl/gate-d-diagnostics/v16,38,1900000000,38,38,38,9,1,38,1900000000,"all_in_detector","EXECUTED",0.33879399999999998,""
uwb-imu-pl/gate-d-diagnostics/v16,38,1900000000,38,38,38,9,1,38,1900000000,"current_sensitivity","EXECUTED",0.66813500000000003,""
uwb-imu-pl/gate-d-diagnostics/v16,38,1900000000,38,38,38,9,1,38,1900000000,"model_generation","EXECUTED",304.92949600000003,""
uwb-imu-pl/gate-d-diagnostics/v16,38,1900000000,38,38,38,9,1,38,1900000000,"historical_sensitivity","EXECUTED",0.13608699999999999,""
uwb-imu-pl/gate-d-diagnostics/v16,38,1900000000,38,38,38,9,1,38,1900000000,"hypothesis_evidence","EXECUTED",1820.4229230000001,"effective_dimensions=1:464,2:41440,3:19200,other:0;context_bytes=10265792;worker_blocks=4"
uwb-imu-pl/gate-d-diagnostics/v16,38,1900000000,38,38,38,9,1,38,1900000000,"health_actions","EXECUTED",33.581347000000001,""
uwb-imu-pl/gate-d-diagnostics/v16,38,1900000000,38,38,38,9,1,38,1900000000,"hypothesis_audit","SKIPPED",,"disabled by output.write_hypothesis_evidence"
uwb-imu-pl/gate-d-diagnostics/v16,38,1900000000,38,38,38,9,1,38,1900000000,"base_factorization","EXECUTED",0.33978999999999998,""
uwb-imu-pl/gate-d-diagnostics/v16,38,1900000000,38,38,38,9,1,38,1900000000,"shared_cache","EXECUTED",0.0065519999999999997,""
uwb-imu-pl/gate-d-diagnostics/v16,38,1900000000,38,38,38,9,1,38,1900000000,"candidate_evaluation","EXECUTED",431.22377599999999,"rank=1;dense=0"
uwb-imu-pl/gate-d-diagnostics/v16,38,1900000000,38,38,38,9,1,38,1900000000,"fde_decision","EXECUTED",9.4487749999999995,""
uwb-imu-pl/gate-d-diagnostics/v16,38,1900000000,38,38,38,9,1,38,1900000000,"candidate_audit","EXECUTED",0.042573,""
uwb-imu-pl/gate-d-diagnostics/v16,38,1900000000,38,38,38,9,1,38,1900000000,"commit","EXECUTED",2.4301629999999999,""
uwb-imu-pl/gate-d-diagnostics/v16,38,1900000000,38,38,38,9,1,38,1900000000,"state_audit","EXECUTED",0.00059299999999999999,""
uwb-imu-pl/gate-d-diagnostics/v16,38,1900000000,38,38,38,9,1,38,1900000000,"finalize_commit_audit","EXECUTED",33.769787000000001,"excludes separately timed commit/discard/state audit"
uwb-imu-pl/gate-d-diagnostics/v16,38,1900000000,38,38,38,9,1,38,1900000000,"discard","SKIPPED",,"upstream gate did not reach stage"
uwb-imu-pl/gate-d-diagnostics/v16,38,1900000000,38,38,38,9,1,38,1900000000,"core_total","EXECUTED",3138.219975,""
uwb-imu-pl/gate-d-diagnostics/v16,39,1950000000,39,39,39,10,1,39,1950000000,"prepare","EXECUTED",2.5265919999999999,""
uwb-imu-pl/gate-d-diagnostics/v16,39,1950000000,39,39,39,10,1,39,1950000000,"integrity_window","EXECUTED",537.97319100000004,""
uwb-imu-pl/gate-d-diagnostics/v16,39,1950000000,39,39,39,10,1,39,1950000000,"window_boundary_provenance","EXECUTED",522.85832600000003,""
uwb-imu-pl/gate-d-diagnostics/v16,39,1950000000,39,39,39,10,1,39,1950000000,"window_factor_linearization_whitening","EXECUTED",1.049474,""
uwb-imu-pl/gate-d-diagnostics/v16,39,1950000000,39,39,39,10,1,39,1950000000,"window_dense_assembly","EXECUTED",0.108225,""
uwb-imu-pl/gate-d-diagnostics/v16,39,1950000000,39,39,39,10,1,39,1950000000,"window_svd","EXECUTED",8.1618250000000003,""
uwb-imu-pl/gate-d-diagnostics/v16,39,1950000000,39,39,39,10,1,39,1950000000,"window_normal_equations","EXECUTED",0.34544399999999997,""
uwb-imu-pl/gate-d-diagnostics/v16,39,1950000000,39,39,39,10,1,39,1950000000,"window_llt_state_solves","EXECUTED",0.109334,""
uwb-imu-pl/gate-d-diagnostics/v16,39,1950000000,39,39,39,10,1,39,1950000000,"window_fingerprint","EXECUTED",4.0206099999999996,""
uwb-imu-pl/gate-d-diagnostics/v16,39,1950000000,39,39,39,10,1,39,1950000000,"all_in_detector","EXECUTED",0.28624300000000003,""
uwb-imu-pl/gate-d-diagnostics/v16,39,1950000000,39,39,39,10,1,39,1950000000,"current_sensitivity","EXECUTED",1.1244700000000001,""
uwb-imu-pl/gate-d-diagnostics/v16,39,1950000000,39,39,39,10,1,39,1950000000,"model_generation","EXECUTED",308.01317900000004,""
uwb-imu-pl/gate-d-diagnostics/v16,39,1950000000,39,39,39,10,1,39,1950000000,"historical_sensitivity","EXECUTED",0.13355899999999998,""
uwb-imu-pl/gate-d-diagnostics/v16,39,1950000000,39,39,39,10,1,39,1950000000,"hypothesis_evidence","EXECUTED",1831.4598450000001,"effective_dimensions=1:464,2:41440,3:19200,other:0;context_bytes=10265792;worker_blocks=4"
uwb-imu-pl/gate-d-diagnostics/v16,39,1950000000,39,39,39,10,1,39,1950000000,"health_actions","EXECUTED",17.833942,""
uwb-imu-pl/gate-d-diagnostics/v16,39,1950000000,39,39,39,10,1,39,1950000000,"hypothesis_audit","SKIPPED",,"disabled by output.write_hypothesis_evidence"
uwb-imu-pl/gate-d-diagnostics/v16,39,1950000000,39,39,39,10,1,39,1950000000,"base_factorization","EXECUTED",0.26002500000000001,""
uwb-imu-pl/gate-d-diagnostics/v16,39,1950000000,39,39,39,10,1,39,1950000000,"shared_cache","EXECUTED",0.003042,""
uwb-imu-pl/gate-d-diagnostics/v16,39,1950000000,39,39,39,10,1,39,1950000000,"candidate_evaluation","EXECUTED",426.70264100000003,"rank=1;dense=0"
uwb-imu-pl/gate-d-diagnostics/v16,39,1950000000,39,39,39,10,1,39,1950000000,"fde_decision","EXECUTED",8.9626669999999997,""
uwb-imu-pl/gate-d-diagnostics/v16,39,1950000000,39,39,39,10,1,39,1950000000,"candidate_audit","EXECUTED",0.028792000000000002,""
uwb-imu-pl/gate-d-diagnostics/v16,39,1950000000,39,39,39,10,1,39,1950000000,"commit","EXECUTED",2.6175410000000001,""
uwb-imu-pl/gate-d-diagnostics/v16,39,1950000000,39,39,39,10,1,39,1950000000,"state_audit","EXECUTED",0.00056999999999999998,""
uwb-imu-pl/gate-d-diagnostics/v16,39,1950000000,39,39,39,10,1,39,1950000000,"finalize_commit_audit","EXECUTED",31.875678000000001,"excludes separately timed commit/discard/state audit"
uwb-imu-pl/gate-d-diagnostics/v16,39,1950000000,39,39,39,10,1,39,1950000000,"discard","SKIPPED",,"upstream gate did not reach stage"
uwb-imu-pl/gate-d-diagnostics/v16,39,1950000000,39,39,39,10,1,39,1950000000,"core_total","EXECUTED",3170.350128,""
uwb-imu-pl/gate-d-diagnostics/v16,40,2000000000,40,40,40,11,1,40,2000000000,"prepare","EXECUTED",4.1929379999999998,""
uwb-imu-pl/gate-d-diagnostics/v16,40,2000000000,40,40,40,11,1,40,2000000000,"integrity_window","EXECUTED",573.11408100000006,""
uwb-imu-pl/gate-d-diagnostics/v16,40,2000000000,40,40,40,11,1,40,2000000000,"window_boundary_provenance","EXECUTED",556.99712299999999,""
uwb-imu-pl/gate-d-diagnostics/v16,40,2000000000,40,40,40,11,1,40,2000000000,"window_factor_linearization_whitening","EXECUTED",0.96589000000000003,""
uwb-imu-pl/gate-d-diagnostics/v16,40,2000000000,40,40,40,11,1,40,2000000000,"window_dense_assembly","EXECUTED",0.086939000000000002,""
uwb-imu-pl/gate-d-diagnostics/v16,40,2000000000,40,40,40,11,1,40,2000000000,"window_svd","EXECUTED",9.4843200000000003,""
uwb-imu-pl/gate-d-diagnostics/v16,40,2000000000,40,40,40,11,1,40,2000000000,"window_normal_equations","EXECUTED",0.34025699999999998,""
uwb-imu-pl/gate-d-diagnostics/v16,40,2000000000,40,40,40,11,1,40,2000000000,"window_llt_state_solves","EXECUTED",0.116644,""
uwb-imu-pl/gate-d-diagnostics/v16,40,2000000000,40,40,40,11,1,40,2000000000,"window_fingerprint","EXECUTED",3.7965309999999999,""
uwb-imu-pl/gate-d-diagnostics/v16,40,2000000000,40,40,40,11,1,40,2000000000,"all_in_detector","EXECUTED",0.24529599999999999,""
uwb-imu-pl/gate-d-diagnostics/v16,40,2000000000,40,40,40,11,1,40,2000000000,"current_sensitivity","EXECUTED",0.49245100000000003,""
uwb-imu-pl/gate-d-diagnostics/v16,40,2000000000,40,40,40,11,1,40,2000000000,"model_generation","EXECUTED",303.41903500000001,""
uwb-imu-pl/gate-d-diagnostics/v16,40,2000000000,40,40,40,11,1,40,2000000000,"historical_sensitivity","EXECUTED",0.12366400000000002,""
uwb-imu-pl/gate-d-diagnostics/v16,40,2000000000,40,40,40,11,1,40,2000000000,"hypothesis_evidence","EXECUTED",1808.8641009999999,"effective_dimensions=1:464,2:41440,3:19200,other:0;context_bytes=10265792;worker_blocks=4"
uwb-imu-pl/gate-d-diagnostics/v16,40,2000000000,40,40,40,11,1,40,2000000000,"health_actions","EXECUTED",18.502991000000002,""
uwb-imu-pl/gate-d-diagnostics/v16,40,2000000000,40,40,40,11,1,40,2000000000,"hypothesis_audit","SKIPPED",,"disabled by output.write_hypothesis_evidence"
uwb-imu-pl/gate-d-diagnostics/v16,40,2000000000,40,40,40,11,1,40,2000000000,"base_factorization","EXECUTED",0.25983200000000001,""
uwb-imu-pl/gate-d-diagnostics/v16,40,2000000000,40,40,40,11,1,40,2000000000,"shared_cache","EXECUTED",0.0033300000000000001,""
uwb-imu-pl/gate-d-diagnostics/v16,40,2000000000,40,40,40,11,1,40,2000000000,"candidate_evaluation","EXECUTED",422.40023200000002,"rank=1;dense=0"
uwb-imu-pl/gate-d-diagnostics/v16,40,2000000000,40,40,40,11,1,40,2000000000,"fde_decision","EXECUTED",10.428221000000001,""
uwb-imu-pl/gate-d-diagnostics/v16,40,2000000000,40,40,40,11,1,40,2000000000,"candidate_audit","EXECUTED",0.040822999999999998,""
uwb-imu-pl/gate-d-diagnostics/v16,40,2000000000,40,40,40,11,1,40,2000000000,"commit","EXECUTED",2.4577059999999999,""
uwb-imu-pl/gate-d-diagnostics/v16,40,2000000000,40,40,40,11,1,40,2000000000,"state_audit","EXECUTED",0.00054600000000000004,""
uwb-imu-pl/gate-d-diagnostics/v16,40,2000000000,40,40,40,11,1,40,2000000000,"finalize_commit_audit","EXECUTED",33.695146000000001,"excludes separately timed commit/discard/state audit"
uwb-imu-pl/gate-d-diagnostics/v16,40,2000000000,40,40,40,11,1,40,2000000000,"discard","SKIPPED",,"upstream gate did not reach stage"
uwb-imu-pl/gate-d-diagnostics/v16,40,2000000000,40,40,40,11,1,40,2000000000,"core_total","EXECUTED",3178.8959479999999,""
uwb-imu-pl/gate-d-diagnostics/v16,41,2050000000,41,41,41,12,1,41,2050000000,"prepare","EXECUTED",2.4086799999999999,""
uwb-imu-pl/gate-d-diagnostics/v16,41,2050000000,41,41,41,12,1,41,2050000000,"integrity_window","EXECUTED",543.45718699999998,""
uwb-imu-pl/gate-d-diagnostics/v16,41,2050000000,41,41,41,12,1,41,2050000000,"window_boundary_provenance","EXECUTED",526.41794500000003,""
uwb-imu-pl/gate-d-diagnostics/v16,41,2050000000,41,41,41,12,1,41,2050000000,"window_factor_linearization_whitening","EXECUTED",1.285841,""
uwb-imu-pl/gate-d-diagnostics/v16,41,2050000000,41,41,41,12,1,41,2050000000,"window_dense_assembly","EXECUTED",0.119224,""
uwb-imu-pl/gate-d-diagnostics/v16,41,2050000000,41,41,41,12,1,41,2050000000,"window_svd","EXECUTED",8.2456709999999998,""
uwb-imu-pl/gate-d-diagnostics/v16,41,2050000000,41,41,41,12,1,41,2050000000,"window_normal_equations","EXECUTED",0.36961300000000002,""
uwb-imu-pl/gate-d-diagnostics/v16,41,2050000000,41,41,41,12,1,41,2050000000,"window_llt_state_solves","EXECUTED",0.11178399999999999,""
uwb-imu-pl/gate-d-diagnostics/v16,41,2050000000,41,41,41,12,1,41,2050000000,"window_fingerprint","EXECUTED",5.5445539999999998,""
uwb-imu-pl/gate-d-diagnostics/v16,41,2050000000,41,41,41,12,1,41,2050000000,"all_in_detector","EXECUTED",0.27304099999999998,""
uwb-imu-pl/gate-d-diagnostics/v16,41,2050000000,41,41,41,12,1,41,2050000000,"current_sensitivity","EXECUTED",0.52072099999999999,""
uwb-imu-pl/gate-d-diagnostics/v16,41,2050000000,41,41,41,12,1,41,2050000000,"model_generation","EXECUTED",304.31052299999999,""
uwb-imu-pl/gate-d-diagnostics/v16,41,2050000000,41,41,41,12,1,41,2050000000,"historical_sensitivity","EXECUTED",0.12729699999999999,""
uwb-imu-pl/gate-d-diagnostics/v16,41,2050000000,41,41,41,12,1,41,2050000000,"hypothesis_evidence","EXECUTED",1802.951881,"effective_dimensions=1:464,2:41440,3:19200,other:0;context_bytes=10265792;worker_blocks=4"
uwb-imu-pl/gate-d-diagnostics/v16,41,2050000000,41,41,41,12,1,41,2050000000,"health_actions","EXECUTED",21.825410999999999,""
uwb-imu-pl/gate-d-diagnostics/v16,41,2050000000,41,41,41,12,1,41,2050000000,"hypothesis_audit","SKIPPED",,"disabled by output.write_hypothesis_evidence"
uwb-imu-pl/gate-d-diagnostics/v16,41,2050000000,41,41,41,12,1,41,2050000000,"base_factorization","EXECUTED",0.314216,""
uwb-imu-pl/gate-d-diagnostics/v16,41,2050000000,41,41,41,12,1,41,2050000000,"shared_cache","EXECUTED",0.0050159999999999996,""
uwb-imu-pl/gate-d-diagnostics/v16,41,2050000000,41,41,41,12,1,41,2050000000,"candidate_evaluation","EXECUTED",428.078034,"rank=1;dense=0"
uwb-imu-pl/gate-d-diagnostics/v16,41,2050000000,41,41,41,12,1,41,2050000000,"fde_decision","EXECUTED",10.290543,""
uwb-imu-pl/gate-d-diagnostics/v16,41,2050000000,41,41,41,12,1,41,2050000000,"candidate_audit","EXECUTED",0.038968999999999997,""
uwb-imu-pl/gate-d-diagnostics/v16,41,2050000000,41,41,41,12,1,41,2050000000,"commit","EXECUTED",2.339928,""
uwb-imu-pl/gate-d-diagnostics/v16,41,2050000000,41,41,41,12,1,41,2050000000,"state_audit","EXECUTED",0.00042400000000000001,""
uwb-imu-pl/gate-d-diagnostics/v16,41,2050000000,41,41,41,12,1,41,2050000000,"finalize_commit_audit","EXECUTED",35.486647999999995,"excludes separately timed commit/discard/state audit"
uwb-imu-pl/gate-d-diagnostics/v16,41,2050000000,41,41,41,12,1,41,2050000000,"discard","SKIPPED",,"upstream gate did not reach stage"
uwb-imu-pl/gate-d-diagnostics/v16,41,2050000000,41,41,41,12,1,41,2050000000,"core_total","EXECUTED",3152.9681220000002,""
uwb-imu-pl/gate-d-diagnostics/v16,42,2100000000,42,42,42,13,1,42,2100000000,"prepare","EXECUTED",2.4365579999999998,""
uwb-imu-pl/gate-d-diagnostics/v16,42,2100000000,42,42,42,13,1,42,2100000000,"integrity_window","EXECUTED",612.50127499999996,""
uwb-imu-pl/gate-d-diagnostics/v16,42,2100000000,42,42,42,13,1,42,2100000000,"window_boundary_provenance","EXECUTED",597.57839300000001,""
uwb-imu-pl/gate-d-diagnostics/v16,42,2100000000,42,42,42,13,1,42,2100000000,"window_factor_linearization_whitening","EXECUTED",0.94362599999999996,""
uwb-imu-pl/gate-d-diagnostics/v16,42,2100000000,42,42,42,13,1,42,2100000000,"window_dense_assembly","EXECUTED",0.085508000000000001,""
uwb-imu-pl/gate-d-diagnostics/v16,42,2100000000,42,42,42,13,1,42,2100000000,"window_svd","EXECUTED",8.0969280000000001,""
uwb-imu-pl/gate-d-diagnostics/v16,42,2100000000,42,42,42,13,1,42,2100000000,"window_normal_equations","EXECUTED",0.34961700000000001,""
uwb-imu-pl/gate-d-diagnostics/v16,42,2100000000,42,42,42,13,1,42,2100000000,"window_llt_state_solves","EXECUTED",0.108294,""
uwb-imu-pl/gate-d-diagnostics/v16,42,2100000000,42,42,42,13,1,42,2100000000,"window_fingerprint","EXECUTED",3.9322810000000001,""
uwb-imu-pl/gate-d-diagnostics/v16,42,2100000000,42,42,42,13,1,42,2100000000,"all_in_detector","EXECUTED",0.30510700000000002,""
uwb-imu-pl/gate-d-diagnostics/v16,42,2100000000,42,42,42,13,1,42,2100000000,"current_sensitivity","EXECUTED",0.59193399999999996,""
uwb-imu-pl/gate-d-diagnostics/v16,42,2100000000,42,42,42,13,1,42,2100000000,"model_generation","EXECUTED",300.277962,""
uwb-imu-pl/gate-d-diagnostics/v16,42,2100000000,42,42,42,13,1,42,2100000000,"historical_sensitivity","EXECUTED",0.15734899999999999,""
uwb-imu-pl/gate-d-diagnostics/v16,42,2100000000,42,42,42,13,1,42,2100000000,"hypothesis_evidence","EXECUTED",1798.2091129999999,"effective_dimensions=1:464,2:41440,3:19200,other:0;context_bytes=10265792;worker_blocks=4"
uwb-imu-pl/gate-d-diagnostics/v16,42,2100000000,42,42,42,13,1,42,2100000000,"health_actions","EXECUTED",19.571867999999998,""
uwb-imu-pl/gate-d-diagnostics/v16,42,2100000000,42,42,42,13,1,42,2100000000,"hypothesis_audit","SKIPPED",,"disabled by output.write_hypothesis_evidence"
uwb-imu-pl/gate-d-diagnostics/v16,42,2100000000,42,42,42,13,1,42,2100000000,"base_factorization","EXECUTED",0.25440200000000002,""
uwb-imu-pl/gate-d-diagnostics/v16,42,2100000000,42,42,42,13,1,42,2100000000,"shared_cache","EXECUTED",0.002643,""
uwb-imu-pl/gate-d-diagnostics/v16,42,2100000000,42,42,42,13,1,42,2100000000,"candidate_evaluation","EXECUTED",424.297192,"rank=1;dense=0"
uwb-imu-pl/gate-d-diagnostics/v16,42,2100000000,42,42,42,13,1,42,2100000000,"fde_decision","EXECUTED",9.7141710000000003,""
uwb-imu-pl/gate-d-diagnostics/v16,42,2100000000,42,42,42,13,1,42,2100000000,"candidate_audit","EXECUTED",0.035490000000000001,""
uwb-imu-pl/gate-d-diagnostics/v16,42,2100000000,42,42,42,13,1,42,2100000000,"commit","EXECUTED",3.1859459999999999,""
uwb-imu-pl/gate-d-diagnostics/v16,42,2100000000,42,42,42,13,1,42,2100000000,"state_audit","EXECUTED",0.00050600000000000005,""
uwb-imu-pl/gate-d-diagnostics/v16,42,2100000000,42,42,42,13,1,42,2100000000,"finalize_commit_audit","EXECUTED",31.910359000000003,"excludes separately timed commit/discard/state audit"
uwb-imu-pl/gate-d-diagnostics/v16,42,2100000000,42,42,42,13,1,42,2100000000,"discard","SKIPPED",,"upstream gate did not reach stage"
uwb-imu-pl/gate-d-diagnostics/v16,42,2100000000,42,42,42,13,1,42,2100000000,"core_total","EXECUTED",3203.9860090000002,""
uwb-imu-pl/gate-d-diagnostics/v16,43,2150000000,43,43,43,14,1,43,2150000000,"prepare","EXECUTED",3.3536800000000002,""
uwb-imu-pl/gate-d-diagnostics/v16,43,2150000000,43,43,43,14,1,43,2150000000,"integrity_window","EXECUTED",665.86897899999997,""
uwb-imu-pl/gate-d-diagnostics/v16,43,2150000000,43,43,43,14,1,43,2150000000,"window_boundary_provenance","EXECUTED",649.72484799999995,""
uwb-imu-pl/gate-d-diagnostics/v16,43,2150000000,43,43,43,14,1,43,2150000000,"window_factor_linearization_whitening","EXECUTED",1.7762519999999999,""
uwb-imu-pl/gate-d-diagnostics/v16,43,2150000000,43,43,43,14,1,43,2150000000,"window_dense_assembly","EXECUTED",0.13586799999999999,""
uwb-imu-pl/gate-d-diagnostics/v16,43,2150000000,43,43,43,14,1,43,2150000000,"window_svd","EXECUTED",7.930364,""
uwb-imu-pl/gate-d-diagnostics/v16,43,2150000000,43,43,43,14,1,43,2150000000,"window_normal_equations","EXECUTED",0.34864699999999998,""
uwb-imu-pl/gate-d-diagnostics/v16,43,2150000000,43,43,43,14,1,43,2150000000,"window_llt_state_solves","EXECUTED",0.122569,""
uwb-imu-pl/gate-d-diagnostics/v16,43,2150000000,43,43,43,14,1,43,2150000000,"window_fingerprint","EXECUTED",4.0606239999999998,""
uwb-imu-pl/gate-d-diagnostics/v16,43,2150000000,43,43,43,14,1,43,2150000000,"all_in_detector","EXECUTED",0.36875799999999997,""
uwb-imu-pl/gate-d-diagnostics/v16,43,2150000000,43,43,43,14,1,43,2150000000,"current_sensitivity","EXECUTED",0.66025,""
uwb-imu-pl/gate-d-diagnostics/v16,43,2150000000,43,43,43,14,1,43,2150000000,"model_generation","EXECUTED",300.55705499999999,""
uwb-imu-pl/gate-d-diagnostics/v16,43,2150000000,43,43,43,14,1,43,2150000000,"historical_sensitivity","EXECUTED",0.130971,""
uwb-imu-pl/gate-d-diagnostics/v16,43,2150000000,43,43,43,14,1,43,2150000000,"hypothesis_evidence","EXECUTED",1818.5129139999999,"effective_dimensions=1:464,2:41440,3:19200,other:0;context_bytes=10265792;worker_blocks=4"
uwb-imu-pl/gate-d-diagnostics/v16,43,2150000000,43,43,43,14,1,43,2150000000,"health_actions","EXECUTED",18.304967999999999,""
uwb-imu-pl/gate-d-diagnostics/v16,43,2150000000,43,43,43,14,1,43,2150000000,"hypothesis_audit","SKIPPED",,"disabled by output.write_hypothesis_evidence"
uwb-imu-pl/gate-d-diagnostics/v16,43,2150000000,43,43,43,14,1,43,2150000000,"base_factorization","EXECUTED",0.26624300000000001,""
uwb-imu-pl/gate-d-diagnostics/v16,43,2150000000,43,43,43,14,1,43,2150000000,"shared_cache","EXECUTED",0.0026580000000000002,""
uwb-imu-pl/gate-d-diagnostics/v16,43,2150000000,43,43,43,14,1,43,2150000000,"candidate_evaluation","EXECUTED",422.89603499999998,"rank=1;dense=0"
uwb-imu-pl/gate-d-diagnostics/v16,43,2150000000,43,43,43,14,1,43,2150000000,"fde_decision","EXECUTED",9.7710919999999994,""
uwb-imu-pl/gate-d-diagnostics/v16,43,2150000000,43,43,43,14,1,43,2150000000,"candidate_audit","EXECUTED",0.040827000000000002,""
uwb-imu-pl/gate-d-diagnostics/v16,43,2150000000,43,43,43,14,1,43,2150000000,"commit","EXECUTED",2.70933,""
uwb-imu-pl/gate-d-diagnostics/v16,43,2150000000,43,43,43,14,1,43,2150000000,"state_audit","EXECUTED",0.00055000000000000003,""
uwb-imu-pl/gate-d-diagnostics/v16,43,2150000000,43,43,43,14,1,43,2150000000,"finalize_commit_audit","EXECUTED",38.094935,"excludes separately timed commit/discard/state audit"
uwb-imu-pl/gate-d-diagnostics/v16,43,2150000000,43,43,43,14,1,43,2150000000,"discard","SKIPPED",,"upstream gate did not reach stage"
uwb-imu-pl/gate-d-diagnostics/v16,43,2150000000,43,43,43,14,1,43,2150000000,"core_total","EXECUTED",3282.147324,""
uwb-imu-pl/gate-d-diagnostics/v16,44,2200000000,44,44,44,15,1,44,2200000000,"prepare","EXECUTED",2.770794,""
uwb-imu-pl/gate-d-diagnostics/v16,44,2200000000,44,44,44,15,1,44,2200000000,"integrity_window","EXECUTED",477.11174999999997,""
uwb-imu-pl/gate-d-diagnostics/v16,44,2200000000,44,44,44,15,1,44,2200000000,"window_boundary_provenance","EXECUTED",461.98258499999997,""
uwb-imu-pl/gate-d-diagnostics/v16,44,2200000000,44,44,44,15,1,44,2200000000,"window_factor_linearization_whitening","EXECUTED",1.0554889999999999,""
uwb-imu-pl/gate-d-diagnostics/v16,44,2200000000,44,44,44,15,1,44,2200000000,"window_dense_assembly","EXECUTED",0.085900000000000004,""
uwb-imu-pl/gate-d-diagnostics/v16,44,2200000000,44,44,44,15,1,44,2200000000,"window_svd","EXECUTED",8.4082720000000002,""
uwb-imu-pl/gate-d-diagnostics/v16,44,2200000000,44,44,44,15,1,44,2200000000,"window_normal_equations","EXECUTED",0.338034,""
uwb-imu-pl/gate-d-diagnostics/v16,44,2200000000,44,44,44,15,1,44,2200000000,"window_llt_state_solves","EXECUTED",0.11906600000000001,""
uwb-imu-pl/gate-d-diagnostics/v16,44,2200000000,44,44,44,15,1,44,2200000000,"window_fingerprint","EXECUTED",3.7782399999999998,""
uwb-imu-pl/gate-d-diagnostics/v16,44,2200000000,44,44,44,15,1,44,2200000000,"all_in_detector","EXECUTED",0.23293,""
uwb-imu-pl/gate-d-diagnostics/v16,44,2200000000,44,44,44,15,1,44,2200000000,"current_sensitivity","EXECUTED",0.53979600000000005,""
uwb-imu-pl/gate-d-diagnostics/v16,44,2200000000,44,44,44,15,1,44,2200000000,"model_generation","EXECUTED",312.733251,""
uwb-imu-pl/gate-d-diagnostics/v16,44,2200000000,44,44,44,15,1,44,2200000000,"historical_sensitivity","EXECUTED",0.13683200000000001,""
uwb-imu-pl/gate-d-diagnostics/v16,44,2200000000,44,44,44,15,1,44,2200000000,"hypothesis_evidence","EXECUTED",1819.6405070000001,"effective_dimensions=1:464,2:41440,3:19200,other:0;context_bytes=10265792;worker_blocks=4"
uwb-imu-pl/gate-d-diagnostics/v16,44,2200000000,44,44,44,15,1,44,2200000000,"health_actions","EXECUTED",17.079208999999999,""
uwb-imu-pl/gate-d-diagnostics/v16,44,2200000000,44,44,44,15,1,44,2200000000,"hypothesis_audit","SKIPPED",,"disabled by output.write_hypothesis_evidence"
uwb-imu-pl/gate-d-diagnostics/v16,44,2200000000,44,44,44,15,1,44,2200000000,"base_factorization","EXECUTED",0.25928600000000002,""
uwb-imu-pl/gate-d-diagnostics/v16,44,2200000000,44,44,44,15,1,44,2200000000,"shared_cache","EXECUTED",0.0026250000000000002,""
uwb-imu-pl/gate-d-diagnostics/v16,44,2200000000,44,44,44,15,1,44,2200000000,"candidate_evaluation","EXECUTED",435.35465799999997,"rank=1;dense=0"
uwb-imu-pl/gate-d-diagnostics/v16,44,2200000000,44,44,44,15,1,44,2200000000,"fde_decision","EXECUTED",10.284114000000001,""
uwb-imu-pl/gate-d-diagnostics/v16,44,2200000000,44,44,44,15,1,44,2200000000,"candidate_audit","EXECUTED",0.043194999999999997,""
uwb-imu-pl/gate-d-diagnostics/v16,44,2200000000,44,44,44,15,1,44,2200000000,"commit","EXECUTED",3.0648219999999999,""
uwb-imu-pl/gate-d-diagnostics/v16,44,2200000000,44,44,44,15,1,44,2200000000,"state_audit","EXECUTED",0.00076199999999999998,""
uwb-imu-pl/gate-d-diagnostics/v16,44,2200000000,44,44,44,15,1,44,2200000000,"finalize_commit_audit","EXECUTED",34.507199999999997,"excludes separately timed commit/discard/state audit"
uwb-imu-pl/gate-d-diagnostics/v16,44,2200000000,44,44,44,15,1,44,2200000000,"discard","SKIPPED",,"upstream gate did not reach stage"
uwb-imu-pl/gate-d-diagnostics/v16,44,2200000000,44,44,44,15,1,44,2200000000,"core_total","EXECUTED",3114.3112679999999,""
uwb-imu-pl/gate-d-diagnostics/v16,45,2250000000,45,45,45,16,1,45,2250000000,"prepare","EXECUTED",2.3873419999999999,""
uwb-imu-pl/gate-d-diagnostics/v16,45,2250000000,45,45,45,16,1,45,2250000000,"integrity_window","EXECUTED",506.77872200000002,""
uwb-imu-pl/gate-d-diagnostics/v16,45,2250000000,45,45,45,16,1,45,2250000000,"window_boundary_provenance","EXECUTED",491.19243599999999,""
uwb-imu-pl/gate-d-diagnostics/v16,45,2250000000,45,45,45,16,1,45,2250000000,"window_factor_linearization_whitening","EXECUTED",1.2170719999999999,""
uwb-imu-pl/gate-d-diagnostics/v16,45,2250000000,45,45,45,16,1,45,2250000000,"window_dense_assembly","EXECUTED",0.099727999999999997,""
uwb-imu-pl/gate-d-diagnostics/v16,45,2250000000,45,45,45,16,1,45,2250000000,"window_svd","EXECUTED",7.911397,""
uwb-imu-pl/gate-d-diagnostics/v16,45,2250000000,45,45,45,16,1,45,2250000000,"window_normal_equations","EXECUTED",0.340586,""
uwb-imu-pl/gate-d-diagnostics/v16,45,2250000000,45,45,45,16,1,45,2250000000,"window_llt_state_solves","EXECUTED",0.105022,""
uwb-imu-pl/gate-d-diagnostics/v16,45,2250000000,45,45,45,16,1,45,2250000000,"window_fingerprint","EXECUTED",4.4874669999999997,""
uwb-imu-pl/gate-d-diagnostics/v16,45,2250000000,45,45,45,16,1,45,2250000000,"all_in_detector","EXECUTED",0.34853299999999998,""
uwb-imu-pl/gate-d-diagnostics/v16,45,2250000000,45,45,45,16,1,45,2250000000,"current_sensitivity","EXECUTED",0.94131699999999996,""
uwb-imu-pl/gate-d-diagnostics/v16,45,2250000000,45,45,45,16,1,45,2250000000,"model_generation","EXECUTED",302.99022500000001,""
uwb-imu-pl/gate-d-diagnostics/v16,45,2250000000,45,45,45,16,1,45,2250000000,"historical_sensitivity","EXECUTED",0.13342900000000002,""
uwb-imu-pl/gate-d-diagnostics/v16,45,2250000000,45,45,45,16,1,45,2250000000,"hypothesis_evidence","EXECUTED",1808.318886,"effective_dimensions=1:464,2:41440,3:19200,other:0;context_bytes=10265792;worker_blocks=4"
uwb-imu-pl/gate-d-diagnostics/v16,45,2250000000,45,45,45,16,1,45,2250000000,"health_actions","EXECUTED",20.31052,""
uwb-imu-pl/gate-d-diagnostics/v16,45,2250000000,45,45,45,16,1,45,2250000000,"hypothesis_audit","SKIPPED",,"disabled by output.write_hypothesis_evidence"
uwb-imu-pl/gate-d-diagnostics/v16,45,2250000000,45,45,45,16,1,45,2250000000,"base_factorization","EXECUTED",0.27714800000000001,""
uwb-imu-pl/gate-d-diagnostics/v16,45,2250000000,45,45,45,16,1,45,2250000000,"shared_cache","EXECUTED",0.0052360000000000002,""
uwb-imu-pl/gate-d-diagnostics/v16,45,2250000000,45,45,45,16,1,45,2250000000,"candidate_evaluation","EXECUTED",426.564457,"rank=1;dense=0"
uwb-imu-pl/gate-d-diagnostics/v16,45,2250000000,45,45,45,16,1,45,2250000000,"fde_decision","EXECUTED",9.3461770000000008,""
uwb-imu-pl/gate-d-diagnostics/v16,45,2250000000,45,45,45,16,1,45,2250000000,"candidate_audit","EXECUTED",0.048174000000000002,""
uwb-imu-pl/gate-d-diagnostics/v16,45,2250000000,45,45,45,16,1,45,2250000000,"commit","EXECUTED",2.8384480000000001,""
uwb-imu-pl/gate-d-diagnostics/v16,45,2250000000,45,45,45,16,1,45,2250000000,"state_audit","EXECUTED",0.00069899999999999997,""
uwb-imu-pl/gate-d-diagnostics/v16,45,2250000000,45,45,45,16,1,45,2250000000,"finalize_commit_audit","EXECUTED",33.587926000000003,"excludes separately timed commit/discard/state audit"
uwb-imu-pl/gate-d-diagnostics/v16,45,2250000000,45,45,45,16,1,45,2250000000,"discard","SKIPPED",,"upstream gate did not reach stage"
uwb-imu-pl/gate-d-diagnostics/v16,45,2250000000,45,45,45,16,1,45,2250000000,"core_total","EXECUTED",3115.4178740000002,""
uwb-imu-pl/gate-d-diagnostics/v16,46,2300000000,46,46,46,17,1,46,2300000000,"prepare","EXECUTED",2.4324520000000001,""
uwb-imu-pl/gate-d-diagnostics/v16,46,2300000000,46,46,46,17,1,46,2300000000,"integrity_window","EXECUTED",497.21028699999999,""
uwb-imu-pl/gate-d-diagnostics/v16,46,2300000000,46,46,46,17,1,46,2300000000,"window_boundary_provenance","EXECUTED",482.079386,""
uwb-imu-pl/gate-d-diagnostics/v16,46,2300000000,46,46,46,17,1,46,2300000000,"window_factor_linearization_whitening","EXECUTED",1.00942,""
uwb-imu-pl/gate-d-diagnostics/v16,46,2300000000,46,46,46,17,1,46,2300000000,"window_dense_assembly","EXECUTED",0.075562000000000004,""
uwb-imu-pl/gate-d-diagnostics/v16,46,2300000000,46,46,46,17,1,46,2300000000,"window_svd","EXECUTED",8.2757240000000003,""
uwb-imu-pl/gate-d-diagnostics/v16,46,2300000000,46,46,46,17,1,46,2300000000,"window_normal_equations","EXECUTED",0.34092699999999998,""
uwb-imu-pl/gate-d-diagnostics/v16,46,2300000000,46,46,46,17,1,46,2300000000,"window_llt_state_solves","EXECUTED",0.115574,""
uwb-imu-pl/gate-d-diagnostics/v16,46,2300000000,46,46,46,17,1,46,2300000000,"window_fingerprint","EXECUTED",3.9042340000000002,""
uwb-imu-pl/gate-d-diagnostics/v16,46,2300000000,46,46,46,17,1,46,2300000000,"all_in_detector","EXECUTED",0.224914,""
uwb-imu-pl/gate-d-diagnostics/v16,46,2300000000,46,46,46,17,1,46,2300000000,"current_sensitivity","EXECUTED",0.50071299999999996,""
uwb-imu-pl/gate-d-diagnostics/v16,46,2300000000,46,46,46,17,1,46,2300000000,"model_generation","EXECUTED",311.05938800000001,""
uwb-imu-pl/gate-d-diagnostics/v16,46,2300000000,46,46,46,17,1,46,2300000000,"historical_sensitivity","EXECUTED",0.12728200000000001,""
uwb-imu-pl/gate-d-diagnostics/v16,46,2300000000,46,46,46,17,1,46,2300000000,"hypothesis_evidence","EXECUTED",1844.3179090000001,"effective_dimensions=1:464,2:41440,3:19200,other:0;context_bytes=10265792;worker_blocks=4"
uwb-imu-pl/gate-d-diagnostics/v16,46,2300000000,46,46,46,17,1,46,2300000000,"health_actions","EXECUTED",18.407993000000001,""
uwb-imu-pl/gate-d-diagnostics/v16,46,2300000000,46,46,46,17,1,46,2300000000,"hypothesis_audit","SKIPPED",,"disabled by output.write_hypothesis_evidence"
uwb-imu-pl/gate-d-diagnostics/v16,46,2300000000,46,46,46,17,1,46,2300000000,"base_factorization","EXECUTED",0.25606899999999999,""
uwb-imu-pl/gate-d-diagnostics/v16,46,2300000000,46,46,46,17,1,46,2300000000,"shared_cache","EXECUTED",0.0031180000000000001,""
uwb-imu-pl/gate-d-diagnostics/v16,46,2300000000,46,46,46,17,1,46,2300000000,"candidate_evaluation","EXECUTED",426.58946099999997,"rank=1;dense=0"
uwb-imu-pl/gate-d-diagnostics/v16,46,2300000000,46,46,46,17,1,46,2300000000,"fde_decision","EXECUTED",10.513771999999999,""
uwb-imu-pl/gate-d-diagnostics/v16,46,2300000000,46,46,46,17,1,46,2300000000,"candidate_audit","EXECUTED",0.045641000000000001,""
uwb-imu-pl/gate-d-diagnostics/v16,46,2300000000,46,46,46,17,1,46,2300000000,"commit","EXECUTED",2.5520619999999998,""
uwb-imu-pl/gate-d-diagnostics/v16,46,2300000000,46,46,46,17,1,46,2300000000,"state_audit","EXECUTED",0.00040900000000000002,""
uwb-imu-pl/gate-d-diagnostics/v16,46,2300000000,46,46,46,17,1,46,2300000000,"finalize_commit_audit","EXECUTED",32.964784000000002,"excludes separately timed commit/discard/state audit"
uwb-imu-pl/gate-d-diagnostics/v16,46,2300000000,46,46,46,17,1,46,2300000000,"discard","SKIPPED",,"upstream gate did not reach stage"
uwb-imu-pl/gate-d-diagnostics/v16,46,2300000000,46,46,46,17,1,46,2300000000,"core_total","EXECUTED",3147.7982000000002,""
uwb-imu-pl/gate-d-diagnostics/v16,47,2350000000,47,47,47,18,1,47,2350000000,"prepare","EXECUTED",2.3494540000000002,""
uwb-imu-pl/gate-d-diagnostics/v16,47,2350000000,47,47,47,18,1,47,2350000000,"integrity_window","EXECUTED",582.72434399999997,""
uwb-imu-pl/gate-d-diagnostics/v16,47,2350000000,47,47,47,18,1,47,2350000000,"window_boundary_provenance","EXECUTED",567.20088599999997,""
uwb-imu-pl/gate-d-diagnostics/v16,47,2350000000,47,47,47,18,1,47,2350000000,"window_factor_linearization_whitening","EXECUTED",1.261665,""
uwb-imu-pl/gate-d-diagnostics/v16,47,2350000000,47,47,47,18,1,47,2350000000,"window_dense_assembly","EXECUTED",0.102034,""
uwb-imu-pl/gate-d-diagnostics/v16,47,2350000000,47,47,47,18,1,47,2350000000,"window_svd","EXECUTED",8.4241829999999993,""
uwb-imu-pl/gate-d-diagnostics/v16,47,2350000000,47,47,47,18,1,47,2350000000,"window_normal_equations","EXECUTED",0.34215099999999998,""
uwb-imu-pl/gate-d-diagnostics/v16,47,2350000000,47,47,47,18,1,47,2350000000,"window_llt_state_solves","EXECUTED",0.118591,""
uwb-imu-pl/gate-d-diagnostics/v16,47,2350000000,47,47,47,18,1,47,2350000000,"window_fingerprint","EXECUTED",3.912544,""
uwb-imu-pl/gate-d-diagnostics/v16,47,2350000000,47,47,47,18,1,47,2350000000,"all_in_detector","EXECUTED",0.24876499999999999,""
uwb-imu-pl/gate-d-diagnostics/v16,47,2350000000,47,47,47,18,1,47,2350000000,"current_sensitivity","EXECUTED",0.54935400000000001,""
uwb-imu-pl/gate-d-diagnostics/v16,47,2350000000,47,47,47,18,1,47,2350000000,"model_generation","EXECUTED",302.63321999999999,""
uwb-imu-pl/gate-d-diagnostics/v16,47,2350000000,47,47,47,18,1,47,2350000000,"historical_sensitivity","EXECUTED",0.14244700000000002,""
uwb-imu-pl/gate-d-diagnostics/v16,47,2350000000,47,47,47,18,1,47,2350000000,"hypothesis_evidence","EXECUTED",1837.027167,"effective_dimensions=1:464,2:41440,3:19200,other:0;context_bytes=10265792;worker_blocks=4"
uwb-imu-pl/gate-d-diagnostics/v16,47,2350000000,47,47,47,18,1,47,2350000000,"health_actions","EXECUTED",20.505192000000001,""
uwb-imu-pl/gate-d-diagnostics/v16,47,2350000000,47,47,47,18,1,47,2350000000,"hypothesis_audit","SKIPPED",,"disabled by output.write_hypothesis_evidence"
uwb-imu-pl/gate-d-diagnostics/v16,47,2350000000,47,47,47,18,1,47,2350000000,"base_factorization","EXECUTED",0.27093099999999998,""
uwb-imu-pl/gate-d-diagnostics/v16,47,2350000000,47,47,47,18,1,47,2350000000,"shared_cache","EXECUTED",0.0043839999999999999,""
uwb-imu-pl/gate-d-diagnostics/v16,47,2350000000,47,47,47,18,1,47,2350000000,"candidate_evaluation","EXECUTED",428.52715799999999,"rank=1;dense=0"
uwb-imu-pl/gate-d-diagnostics/v16,47,2350000000,47,47,47,18,1,47,2350000000,"fde_decision","EXECUTED",8.4748760000000001,""
uwb-imu-pl/gate-d-diagnostics/v16,47,2350000000,47,47,47,18,1,47,2350000000,"candidate_audit","EXECUTED",0.032946000000000003,""
uwb-imu-pl/gate-d-diagnostics/v16,47,2350000000,47,47,47,18,1,47,2350000000,"commit","EXECUTED",2.76004,""
uwb-imu-pl/gate-d-diagnostics/v16,47,2350000000,47,47,47,18,1,47,2350000000,"state_audit","EXECUTED",0.00065099999999999999,""
uwb-imu-pl/gate-d-diagnostics/v16,47,2350000000,47,47,47,18,1,47,2350000000,"finalize_commit_audit","EXECUTED",32.816856999999999,"excludes separately timed commit/discard/state audit"
uwb-imu-pl/gate-d-diagnostics/v16,47,2350000000,47,47,47,18,1,47,2350000000,"discard","SKIPPED",,"upstream gate did not reach stage"
uwb-imu-pl/gate-d-diagnostics/v16,47,2350000000,47,47,47,18,1,47,2350000000,"core_total","EXECUTED",3219.6048329999999,""
uwb-imu-pl/gate-d-diagnostics/v16,48,2400000000,48,48,48,19,1,48,2400000000,"prepare","EXECUTED",2.6721219999999999,""
uwb-imu-pl/gate-d-diagnostics/v16,48,2400000000,48,48,48,19,1,48,2400000000,"integrity_window","EXECUTED",619.42279599999995,""
uwb-imu-pl/gate-d-diagnostics/v16,48,2400000000,48,48,48,19,1,48,2400000000,"window_boundary_provenance","EXECUTED",604.41350799999998,""
uwb-imu-pl/gate-d-diagnostics/v16,48,2400000000,48,48,48,19,1,48,2400000000,"window_factor_linearization_whitening","EXECUTED",1.0628820000000001,""
uwb-imu-pl/gate-d-diagnostics/v16,48,2400000000,48,48,48,19,1,48,2400000000,"window_dense_assembly","EXECUTED",0.094534000000000007,""
uwb-imu-pl/gate-d-diagnostics/v16,48,2400000000,48,48,48,19,1,48,2400000000,"window_svd","EXECUTED",7.6597489999999997,""
uwb-imu-pl/gate-d-diagnostics/v16,48,2400000000,48,48,48,19,1,48,2400000000,"window_normal_equations","EXECUTED",0.328706,""
uwb-imu-pl/gate-d-diagnostics/v16,48,2400000000,48,48,48,19,1,48,2400000000,"window_llt_state_solves","EXECUTED",0.10294300000000001,""
uwb-imu-pl/gate-d-diagnostics/v16,48,2400000000,48,48,48,19,1,48,2400000000,"window_fingerprint","EXECUTED",3.9621080000000002,""
uwb-imu-pl/gate-d-diagnostics/v16,48,2400000000,48,48,48,19,1,48,2400000000,"all_in_detector","EXECUTED",0.27024999999999999,""
uwb-imu-pl/gate-d-diagnostics/v16,48,2400000000,48,48,48,19,1,48,2400000000,"current_sensitivity","EXECUTED",0.602881,""
uwb-imu-pl/gate-d-diagnostics/v16,48,2400000000,48,48,48,19,1,48,2400000000,"model_generation","EXECUTED",326.64284800000001,""
uwb-imu-pl/gate-d-diagnostics/v16,48,2400000000,48,48,48,19,1,48,2400000000,"historical_sensitivity","EXECUTED",0.13551799999999997,""
uwb-imu-pl/gate-d-diagnostics/v16,48,2400000000,48,48,48,19,1,48,2400000000,"hypothesis_evidence","EXECUTED",1822.0842339999999,"effective_dimensions=1:464,2:41440,3:19200,other:0;context_bytes=10265792;worker_blocks=4"
uwb-imu-pl/gate-d-diagnostics/v16,48,2400000000,48,48,48,19,1,48,2400000000,"health_actions","EXECUTED",20.056284999999999,""
uwb-imu-pl/gate-d-diagnostics/v16,48,2400000000,48,48,48,19,1,48,2400000000,"hypothesis_audit","SKIPPED",,"disabled by output.write_hypothesis_evidence"
uwb-imu-pl/gate-d-diagnostics/v16,48,2400000000,48,48,48,19,1,48,2400000000,"base_factorization","EXECUTED",0.26855099999999998,""
uwb-imu-pl/gate-d-diagnostics/v16,48,2400000000,48,48,48,19,1,48,2400000000,"shared_cache","EXECUTED",0.0032079999999999999,""
uwb-imu-pl/gate-d-diagnostics/v16,48,2400000000,48,48,48,19,1,48,2400000000,"candidate_evaluation","EXECUTED",424.75930099999999,"rank=1;dense=0"
uwb-imu-pl/gate-d-diagnostics/v16,48,2400000000,48,48,48,19,1,48,2400000000,"fde_decision","EXECUTED",9.8943639999999995,""
uwb-imu-pl/gate-d-diagnostics/v16,48,2400000000,48,48,48,19,1,48,2400000000,"candidate_audit","EXECUTED",0.042793999999999999,""
uwb-imu-pl/gate-d-diagnostics/v16,48,2400000000,48,48,48,19,1,48,2400000000,"commit","EXECUTED",3.191872,""
uwb-imu-pl/gate-d-diagnostics/v16,48,2400000000,48,48,48,19,1,48,2400000000,"state_audit","EXECUTED",0.00066,""
uwb-imu-pl/gate-d-diagnostics/v16,48,2400000000,48,48,48,19,1,48,2400000000,"finalize_commit_audit","EXECUTED",35.178480999999998,"excludes separately timed commit/discard/state audit"
uwb-imu-pl/gate-d-diagnostics/v16,48,2400000000,48,48,48,19,1,48,2400000000,"discard","SKIPPED",,"upstream gate did not reach stage"
uwb-imu-pl/gate-d-diagnostics/v16,48,2400000000,48,48,48,19,1,48,2400000000,"core_total","EXECUTED",3265.8382660000002,""
uwb-imu-pl/gate-d-diagnostics/v16,49,2450000000,49,49,49,20,1,49,2450000000,"prepare","EXECUTED",3.3940709999999998,""
uwb-imu-pl/gate-d-diagnostics/v16,49,2450000000,49,49,49,20,1,49,2450000000,"integrity_window","EXECUTED",681.41544899999997,""
uwb-imu-pl/gate-d-diagnostics/v16,49,2450000000,49,49,49,20,1,49,2450000000,"window_boundary_provenance","EXECUTED",665.85515399999997,""
uwb-imu-pl/gate-d-diagnostics/v16,49,2450000000,49,49,49,20,1,49,2450000000,"window_factor_linearization_whitening","EXECUTED",1.3770659999999999,""
uwb-imu-pl/gate-d-diagnostics/v16,49,2450000000,49,49,49,20,1,49,2450000000,"window_dense_assembly","EXECUTED",0.12221600000000001,""
uwb-imu-pl/gate-d-diagnostics/v16,49,2450000000,49,49,49,20,1,49,2450000000,"window_svd","EXECUTED",7.8613340000000003,""
uwb-imu-pl/gate-d-diagnostics/v16,49,2450000000,49,49,49,20,1,49,2450000000,"window_normal_equations","EXECUTED",0.404362,""
uwb-imu-pl/gate-d-diagnostics/v16,49,2450000000,49,49,49,20,1,49,2450000000,"window_llt_state_solves","EXECUTED",0.160131,""
uwb-imu-pl/gate-d-diagnostics/v16,49,2450000000,49,49,49,20,1,49,2450000000,"window_fingerprint","EXECUTED",4.2152149999999997,""
uwb-imu-pl/gate-d-diagnostics/v16,49,2450000000,49,49,49,20,1,49,2450000000,"all_in_detector","EXECUTED",0.28542499999999998,""
uwb-imu-pl/gate-d-diagnostics/v16,49,2450000000,49,49,49,20,1,49,2450000000,"current_sensitivity","EXECUTED",0.83294100000000004,""
uwb-imu-pl/gate-d-diagnostics/v16,49,2450000000,49,49,49,20,1,49,2450000000,"model_generation","EXECUTED",301.83814900000004,""
uwb-imu-pl/gate-d-diagnostics/v16,49,2450000000,49,49,49,20,1,49,2450000000,"historical_sensitivity","EXECUTED",0.129105,""
uwb-imu-pl/gate-d-diagnostics/v16,49,2450000000,49,49,49,20,1,49,2450000000,"hypothesis_evidence","EXECUTED",1839.1894830000001,"effective_dimensions=1:464,2:41440,3:19200,other:0;context_bytes=10265792;worker_blocks=4"
uwb-imu-pl/gate-d-diagnostics/v16,49,2450000000,49,49,49,20,1,49,2450000000,"health_actions","EXECUTED",21.666981,""
uwb-imu-pl/gate-d-diagnostics/v16,49,2450000000,49,49,49,20,1,49,2450000000,"hypothesis_audit","SKIPPED",,"disabled by output.write_hypothesis_evidence"
uwb-imu-pl/gate-d-diagnostics/v16,49,2450000000,49,49,49,20,1,49,2450000000,"base_factorization","EXECUTED",0.26828200000000002,""
uwb-imu-pl/gate-d-diagnostics/v16,49,2450000000,49,49,49,20,1,49,2450000000,"shared_cache","EXECUTED",0.0041099999999999999,""
uwb-imu-pl/gate-d-diagnostics/v16,49,2450000000,49,49,49,20,1,49,2450000000,"candidate_evaluation","EXECUTED",423.88561800000002,"rank=1;dense=0"
uwb-imu-pl/gate-d-diagnostics/v16,49,2450000000,49,49,49,20,1,49,2450000000,"fde_decision","EXECUTED",9.3391000000000002,""
uwb-imu-pl/gate-d-diagnostics/v16,49,2450000000,49,49,49,20,1,49,2450000000,"candidate_audit","EXECUTED",0.042571999999999999,""
uwb-imu-pl/gate-d-diagnostics/v16,49,2450000000,49,49,49,20,1,49,2450000000,"commit","EXECUTED",2.7276590000000001,""
uwb-imu-pl/gate-d-diagnostics/v16,49,2450000000,49,49,49,20,1,49,2450000000,"state_audit","EXECUTED",0.00058500000000000002,""
uwb-imu-pl/gate-d-diagnostics/v16,49,2450000000,49,49,49,20,1,49,2450000000,"finalize_commit_audit","EXECUTED",29.902567000000001,"excludes separately timed commit/discard/state audit"
uwb-imu-pl/gate-d-diagnostics/v16,49,2450000000,49,49,49,20,1,49,2450000000,"discard","SKIPPED",,"upstream gate did not reach stage"
uwb-imu-pl/gate-d-diagnostics/v16,49,2450000000,49,49,49,20,1,49,2450000000,"core_total","EXECUTED",3315.607497,""
uwb-imu-pl/gate-d-diagnostics/v16,50,2500000000,50,50,50,21,1,50,2500000000,"prepare","EXECUTED",2.579631,""
uwb-imu-pl/gate-d-diagnostics/v16,50,2500000000,50,50,50,21,1,50,2500000000,"integrity_window","EXECUTED",714.39951599999995,""
uwb-imu-pl/gate-d-diagnostics/v16,50,2500000000,50,50,50,21,1,50,2500000000,"window_boundary_provenance","EXECUTED",699.35316999999998,""
uwb-imu-pl/gate-d-diagnostics/v16,50,2500000000,50,50,50,21,1,50,2500000000,"window_factor_linearization_whitening","EXECUTED",1.0504899999999999,""
uwb-imu-pl/gate-d-diagnostics/v16,50,2500000000,50,50,50,21,1,50,2500000000,"window_dense_assembly","EXECUTED",0.091346999999999998,""
uwb-imu-pl/gate-d-diagnostics/v16,50,2500000000,50,50,50,21,1,50,2500000000,"window_svd","EXECUTED",8.2506050000000002,""
uwb-imu-pl/gate-d-diagnostics/v16,50,2500000000,50,50,50,21,1,50,2500000000,"window_normal_equations","EXECUTED",0.34474500000000002,""
uwb-imu-pl/gate-d-diagnostics/v16,50,2500000000,50,50,50,21,1,50,2500000000,"window_llt_state_solves","EXECUTED",0.105725,""
uwb-imu-pl/gate-d-diagnostics/v16,50,2500000000,50,50,50,21,1,50,2500000000,"window_fingerprint","EXECUTED",3.8635899999999999,""
uwb-imu-pl/gate-d-diagnostics/v16,50,2500000000,50,50,50,21,1,50,2500000000,"all_in_detector","EXECUTED",0.24684500000000001,""
uwb-imu-pl/gate-d-diagnostics/v16,50,2500000000,50,50,50,21,1,50,2500000000,"current_sensitivity","EXECUTED",0.49917899999999998,""
uwb-imu-pl/gate-d-diagnostics/v16,50,2500000000,50,50,50,21,1,50,2500000000,"model_generation","EXECUTED",302.52562399999999,""
uwb-imu-pl/gate-d-diagnostics/v16,50,2500000000,50,50,50,21,1,50,2500000000,"historical_sensitivity","EXECUTED",0.13655399999999998,""
uwb-imu-pl/gate-d-diagnostics/v16,50,2500000000,50,50,50,21,1,50,2500000000,"hypothesis_evidence","EXECUTED",1830.2142679999999,"effective_dimensions=1:464,2:41440,3:19200,other:0;context_bytes=10265792;worker_blocks=4"
uwb-imu-pl/gate-d-diagnostics/v16,50,2500000000,50,50,50,21,1,50,2500000000,"health_actions","EXECUTED",17.775945,""
uwb-imu-pl/gate-d-diagnostics/v16,50,2500000000,50,50,50,21,1,50,2500000000,"hypothesis_audit","SKIPPED",,"disabled by output.write_hypothesis_evidence"
uwb-imu-pl/gate-d-diagnostics/v16,50,2500000000,50,50,50,21,1,50,2500000000,"base_factorization","EXECUTED",0.25687399999999999,""
uwb-imu-pl/gate-d-diagnostics/v16,50,2500000000,50,50,50,21,1,50,2500000000,"shared_cache","EXECUTED",0.0028700000000000002,""
uwb-imu-pl/gate-d-diagnostics/v16,50,2500000000,50,50,50,21,1,50,2500000000,"candidate_evaluation","EXECUTED",428.12758200000002,"rank=1;dense=0"
uwb-imu-pl/gate-d-diagnostics/v16,50,2500000000,50,50,50,21,1,50,2500000000,"fde_decision","EXECUTED",8.7439020000000003,""
uwb-imu-pl/gate-d-diagnostics/v16,50,2500000000,50,50,50,21,1,50,2500000000,"candidate_audit","EXECUTED",0.037311999999999998,""
uwb-imu-pl/gate-d-diagnostics/v16,50,2500000000,50,50,50,21,1,50,2500000000,"commit","EXECUTED",1.774796,""
uwb-imu-pl/gate-d-diagnostics/v16,50,2500000000,50,50,50,21,1,50,2500000000,"state_audit","EXECUTED",0.000415,""
uwb-imu-pl/gate-d-diagnostics/v16,50,2500000000,50,50,50,21,1,50,2500000000,"finalize_commit_audit","EXECUTED",32.179935999999998,"excludes separately timed commit/discard/state audit"
uwb-imu-pl/gate-d-diagnostics/v16,50,2500000000,50,50,50,21,1,50,2500000000,"discard","SKIPPED",,"upstream gate did not reach stage"
uwb-imu-pl/gate-d-diagnostics/v16,50,2500000000,50,50,50,21,1,50,2500000000,"core_total","EXECUTED",3340.1502850000002,""
uwb-imu-pl/gate-d-diagnostics/v16,51,2550000000,51,51,51,22,1,51,2550000000,"prepare","EXECUTED",2.4726319999999999,""
uwb-imu-pl/gate-d-diagnostics/v16,51,2550000000,51,51,51,22,1,51,2550000000,"integrity_window","EXECUTED",528.02356599999996,""
uwb-imu-pl/gate-d-diagnostics/v16,51,2550000000,51,51,51,22,1,51,2550000000,"window_boundary_provenance","EXECUTED",512.46379200000001,""
uwb-imu-pl/gate-d-diagnostics/v16,51,2550000000,51,51,51,22,1,51,2550000000,"window_factor_linearization_whitening","EXECUTED",1.027293,""
uwb-imu-pl/gate-d-diagnostics/v16,51,2550000000,51,51,51,22,1,51,2550000000,"window_dense_assembly","EXECUTED",0.085208000000000006,""
uwb-imu-pl/gate-d-diagnostics/v16,51,2550000000,51,51,51,22,1,51,2550000000,"window_svd","EXECUTED",8.6126470000000008,""
uwb-imu-pl/gate-d-diagnostics/v16,51,2550000000,51,51,51,22,1,51,2550000000,"window_normal_equations","EXECUTED",0.34592099999999998,""
uwb-imu-pl/gate-d-diagnostics/v16,51,2550000000,51,51,51,22,1,51,2550000000,"window_llt_state_solves","EXECUTED",0.108807,""
uwb-imu-pl/gate-d-diagnostics/v16,51,2550000000,51,51,51,22,1,51,2550000000,"window_fingerprint","EXECUTED",3.9835970000000001,""
uwb-imu-pl/gate-d-diagnostics/v16,51,2550000000,51,51,51,22,1,51,2550000000,"all_in_detector","EXECUTED",0.26875100000000002,""
uwb-imu-pl/gate-d-diagnostics/v16,51,2550000000,51,51,51,22,1,51,2550000000,"current_sensitivity","EXECUTED",0.55583700000000003,""
uwb-imu-pl/gate-d-diagnostics/v16,51,2550000000,51,51,51,22,1,51,2550000000,"model_generation","EXECUTED",301.826548,""
uwb-imu-pl/gate-d-diagnostics/v16,51,2550000000,51,51,51,22,1,51,2550000000,"historical_sensitivity","EXECUTED",0.12530000000000002,""
uwb-imu-pl/gate-d-diagnostics/v16,51,2550000000,51,51,51,22,1,51,2550000000,"hypothesis_evidence","EXECUTED",1816.3332129999999,"effective_dimensions=1:464,2:41440,3:19200,other:0;context_bytes=10265792;worker_blocks=4"
uwb-imu-pl/gate-d-diagnostics/v16,51,2550000000,51,51,51,22,1,51,2550000000,"health_actions","EXECUTED",18.770977999999999,""
uwb-imu-pl/gate-d-diagnostics/v16,51,2550000000,51,51,51,22,1,51,2550000000,"hypothesis_audit","SKIPPED",,"disabled by output.write_hypothesis_evidence"
uwb-imu-pl/gate-d-diagnostics/v16,51,2550000000,51,51,51,22,1,51,2550000000,"base_factorization","EXECUTED",0.26043300000000003,""
uwb-imu-pl/gate-d-diagnostics/v16,51,2550000000,51,51,51,22,1,51,2550000000,"shared_cache","EXECUTED",0.002725,""
uwb-imu-pl/gate-d-diagnostics/v16,51,2550000000,51,51,51,22,1,51,2550000000,"candidate_evaluation","EXECUTED",429.77576599999998,"rank=1;dense=0"
uwb-imu-pl/gate-d-diagnostics/v16,51,2550000000,51,51,51,22,1,51,2550000000,"fde_decision","EXECUTED",9.2262939999999993,""
uwb-imu-pl/gate-d-diagnostics/v16,51,2550000000,51,51,51,22,1,51,2550000000,"candidate_audit","EXECUTED",0.041734,""
uwb-imu-pl/gate-d-diagnostics/v16,51,2550000000,51,51,51,22,1,51,2550000000,"commit","EXECUTED",2.4233349999999998,""
uwb-imu-pl/gate-d-diagnostics/v16,51,2550000000,51,51,51,22,1,51,2550000000,"state_audit","EXECUTED",0.00056800000000000004,""
uwb-imu-pl/gate-d-diagnostics/v16,51,2550000000,51,51,51,22,1,51,2550000000,"finalize_commit_audit","EXECUTED",30.934912000000001,"excludes separately timed commit/discard/state audit"
uwb-imu-pl/gate-d-diagnostics/v16,51,2550000000,51,51,51,22,1,51,2550000000,"discard","SKIPPED",,"upstream gate did not reach stage"
uwb-imu-pl/gate-d-diagnostics/v16,51,2550000000,51,51,51,22,1,51,2550000000,"core_total","EXECUTED",3141.6734799999999,""
uwb-imu-pl/gate-d-diagnostics/v16,52,2600000000,52,52,52,23,1,52,2600000000,"prepare","EXECUTED",3.0825840000000002,""
uwb-imu-pl/gate-d-diagnostics/v16,52,2600000000,52,52,52,23,1,52,2600000000,"integrity_window","EXECUTED",570.18792900000005,""
uwb-imu-pl/gate-d-diagnostics/v16,52,2600000000,52,52,52,23,1,52,2600000000,"window_boundary_provenance","EXECUTED",554.98442299999999,""
uwb-imu-pl/gate-d-diagnostics/v16,52,2600000000,52,52,52,23,1,52,2600000000,"window_factor_linearization_whitening","EXECUTED",1.0166809999999999,""
uwb-imu-pl/gate-d-diagnostics/v16,52,2600000000,52,52,52,23,1,52,2600000000,"window_dense_assembly","EXECUTED",0.087104000000000001,""
uwb-imu-pl/gate-d-diagnostics/v16,52,2600000000,52,52,52,23,1,52,2600000000,"window_svd","EXECUTED",8.3065870000000004,""
uwb-imu-pl/gate-d-diagnostics/v16,52,2600000000,52,52,52,23,1,52,2600000000,"window_normal_equations","EXECUTED",0.34276000000000001,""
uwb-imu-pl/gate-d-diagnostics/v16,52,2600000000,52,52,52,23,1,52,2600000000,"window_llt_state_solves","EXECUTED",0.107377,""
uwb-imu-pl/gate-d-diagnostics/v16,52,2600000000,52,52,52,23,1,52,2600000000,"window_fingerprint","EXECUTED",3.9367679999999998,""
uwb-imu-pl/gate-d-diagnostics/v16,52,2600000000,52,52,52,23,1,52,2600000000,"all_in_detector","EXECUTED",0.24964600000000001,""
uwb-imu-pl/gate-d-diagnostics/v16,52,2600000000,52,52,52,23,1,52,2600000000,"current_sensitivity","EXECUTED",0.49358400000000002,""
uwb-imu-pl/gate-d-diagnostics/v16,52,2600000000,52,52,52,23,1,52,2600000000,"model_generation","EXECUTED",300.71891599999998,""
uwb-imu-pl/gate-d-diagnostics/v16,52,2600000000,52,52,52,23,1,52,2600000000,"historical_sensitivity","EXECUTED",0.12675,""
uwb-imu-pl/gate-d-diagnostics/v16,52,2600000000,52,52,52,23,1,52,2600000000,"hypothesis_evidence","EXECUTED",1801.775547,"effective_dimensions=1:464,2:41440,3:19200,other:0;context_bytes=10265792;worker_blocks=4"
uwb-imu-pl/gate-d-diagnostics/v16,52,2600000000,52,52,52,23,1,52,2600000000,"health_actions","EXECUTED",21.151845999999999,""
uwb-imu-pl/gate-d-diagnostics/v16,52,2600000000,52,52,52,23,1,52,2600000000,"hypothesis_audit","SKIPPED",,"disabled by output.write_hypothesis_evidence"
uwb-imu-pl/gate-d-diagnostics/v16,52,2600000000,52,52,52,23,1,52,2600000000,"base_factorization","EXECUTED",0.33235900000000002,""
uwb-imu-pl/gate-d-diagnostics/v16,52,2600000000,52,52,52,23,1,52,2600000000,"shared_cache","EXECUTED",0.004725,""
uwb-imu-pl/gate-d-diagnostics/v16,52,2600000000,52,52,52,23,1,52,2600000000,"candidate_evaluation","EXECUTED",425.43158,"rank=1;dense=0"
uwb-imu-pl/gate-d-diagnostics/v16,52,2600000000,52,52,52,23,1,52,2600000000,"fde_decision","EXECUTED",9.583615,""
uwb-imu-pl/gate-d-diagnostics/v16,52,2600000000,52,52,52,23,1,52,2600000000,"candidate_audit","EXECUTED",0.041918999999999998,""
uwb-imu-pl/gate-d-diagnostics/v16,52,2600000000,52,52,52,23,1,52,2600000000,"commit","EXECUTED",2.0344880000000001,""
uwb-imu-pl/gate-d-diagnostics/v16,52,2600000000,52,52,52,23,1,52,2600000000,"state_audit","EXECUTED",0.00041800000000000002,""
uwb-imu-pl/gate-d-diagnostics/v16,52,2600000000,52,52,52,23,1,52,2600000000,"finalize_commit_audit","EXECUTED",30.510164000000003,"excludes separately timed commit/discard/state audit"
uwb-imu-pl/gate-d-diagnostics/v16,52,2600000000,52,52,52,23,1,52,2600000000,"discard","SKIPPED",,"upstream gate did not reach stage"
uwb-imu-pl/gate-d-diagnostics/v16,52,2600000000,52,52,52,23,1,52,2600000000,"core_total","EXECUTED",3166.3366470000001,""
uwb-imu-pl/gate-d-diagnostics/v16,53,2650000000,53,53,53,24,1,53,2650000000,"prepare","EXECUTED",2.7678189999999998,""
uwb-imu-pl/gate-d-diagnostics/v16,53,2650000000,53,53,53,24,1,53,2650000000,"integrity_window","EXECUTED",618.487348,""
uwb-imu-pl/gate-d-diagnostics/v16,53,2650000000,53,53,53,24,1,53,2650000000,"window_boundary_provenance","EXECUTED",601.975414,""
uwb-imu-pl/gate-d-diagnostics/v16,53,2650000000,53,53,53,24,1,53,2650000000,"window_factor_linearization_whitening","EXECUTED",0.97280100000000003,""
uwb-imu-pl/gate-d-diagnostics/v16,53,2650000000,53,53,53,24,1,53,2650000000,"window_dense_assembly","EXECUTED",0.091616000000000003,""
uwb-imu-pl/gate-d-diagnostics/v16,53,2650000000,53,53,53,24,1,53,2650000000,"window_svd","EXECUTED",9.8980809999999995,""
uwb-imu-pl/gate-d-diagnostics/v16,53,2650000000,53,53,53,24,1,53,2650000000,"window_normal_equations","EXECUTED",0.32889699999999999,""
uwb-imu-pl/gate-d-diagnostics/v16,53,2650000000,53,53,53,24,1,53,2650000000,"window_llt_state_solves","EXECUTED",0.108747,""
uwb-imu-pl/gate-d-diagnostics/v16,53,2650000000,53,53,53,24,1,53,2650000000,"window_fingerprint","EXECUTED",3.7598980000000002,""
uwb-imu-pl/gate-d-diagnostics/v16,53,2650000000,53,53,53,24,1,53,2650000000,"all_in_detector","EXECUTED",0.24105799999999999,""
uwb-imu-pl/gate-d-diagnostics/v16,53,2650000000,53,53,53,24,1,53,2650000000,"current_sensitivity","EXECUTED",0.67213900000000004,""
uwb-imu-pl/gate-d-diagnostics/v16,53,2650000000,53,53,53,24,1,53,2650000000,"model_generation","EXECUTED",307.23112300000003,""
uwb-imu-pl/gate-d-diagnostics/v16,53,2650000000,53,53,53,24,1,53,2650000000,"historical_sensitivity","EXECUTED",0.130302,""
uwb-imu-pl/gate-d-diagnostics/v16,53,2650000000,53,53,53,24,1,53,2650000000,"hypothesis_evidence","EXECUTED",1810.412227,"effective_dimensions=1:464,2:41440,3:19200,other:0;context_bytes=10265792;worker_blocks=4"
uwb-imu-pl/gate-d-diagnostics/v16,53,2650000000,53,53,53,24,1,53,2650000000,"health_actions","EXECUTED",19.819925999999999,""
uwb-imu-pl/gate-d-diagnostics/v16,53,2650000000,53,53,53,24,1,53,2650000000,"hypothesis_audit","SKIPPED",,"disabled by output.write_hypothesis_evidence"
uwb-imu-pl/gate-d-diagnostics/v16,53,2650000000,53,53,53,24,1,53,2650000000,"base_factorization","EXECUTED",0.26732099999999998,""
uwb-imu-pl/gate-d-diagnostics/v16,53,2650000000,53,53,53,24,1,53,2650000000,"shared_cache","EXECUTED",0.0044609999999999997,""
uwb-imu-pl/gate-d-diagnostics/v16,53,2650000000,53,53,53,24,1,53,2650000000,"candidate_evaluation","EXECUTED",430.38260000000002,"rank=1;dense=0"
uwb-imu-pl/gate-d-diagnostics/v16,53,2650000000,53,53,53,24,1,53,2650000000,"fde_decision","EXECUTED",8.3990220000000004,""
uwb-imu-pl/gate-d-diagnostics/v16,53,2650000000,53,53,53,24,1,53,2650000000,"candidate_audit","EXECUTED",0.036394999999999997,""
uwb-imu-pl/gate-d-diagnostics/v16,53,2650000000,53,53,53,24,1,53,2650000000,"commit","EXECUTED",1.948645,""
uwb-imu-pl/gate-d-diagnostics/v16,53,2650000000,53,53,53,24,1,53,2650000000,"state_audit","EXECUTED",0.00048299999999999998,""
uwb-imu-pl/gate-d-diagnostics/v16,53,2650000000,53,53,53,24,1,53,2650000000,"finalize_commit_audit","EXECUTED",32.046490999999996,"excludes separately timed commit/discard/state audit"
uwb-imu-pl/gate-d-diagnostics/v16,53,2650000000,53,53,53,24,1,53,2650000000,"discard","SKIPPED",,"upstream gate did not reach stage"
uwb-imu-pl/gate-d-diagnostics/v16,53,2650000000,53,53,53,24,1,53,2650000000,"core_total","EXECUTED",3233.4471130000002,""
uwb-imu-pl/gate-d-diagnostics/v16,54,2700000000,54,54,54,25,1,54,2700000000,"prepare","EXECUTED",2.4583050000000002,""
uwb-imu-pl/gate-d-diagnostics/v16,54,2700000000,54,54,54,25,1,54,2700000000,"integrity_window","EXECUTED",623.29412400000001,""
uwb-imu-pl/gate-d-diagnostics/v16,54,2700000000,54,54,54,25,1,54,2700000000,"window_boundary_provenance","EXECUTED",608.54261499999996,""
uwb-imu-pl/gate-d-diagnostics/v16,54,2700000000,54,54,54,25,1,54,2700000000,"window_factor_linearization_whitening","EXECUTED",1.135426,""
uwb-imu-pl/gate-d-diagnostics/v16,54,2700000000,54,54,54,25,1,54,2700000000,"window_dense_assembly","EXECUTED",0.117368,""
uwb-imu-pl/gate-d-diagnostics/v16,54,2700000000,54,54,54,25,1,54,2700000000,"window_svd","EXECUTED",7.8301309999999997,""
uwb-imu-pl/gate-d-diagnostics/v16,54,2700000000,54,54,54,25,1,54,2700000000,"window_normal_equations","EXECUTED",0.32727299999999998,""
uwb-imu-pl/gate-d-diagnostics/v16,54,2700000000,54,54,54,25,1,54,2700000000,"window_llt_state_solves","EXECUTED",0.108081,""
uwb-imu-pl/gate-d-diagnostics/v16,54,2700000000,54,54,54,25,1,54,2700000000,"window_fingerprint","EXECUTED",3.8800500000000002,""
uwb-imu-pl/gate-d-diagnostics/v16,54,2700000000,54,54,54,25,1,54,2700000000,"all_in_detector","EXECUTED",0.284995,""
uwb-imu-pl/gate-d-diagnostics/v16,54,2700000000,54,54,54,25,1,54,2700000000,"current_sensitivity","EXECUTED",0.57650299999999999,""
uwb-imu-pl/gate-d-diagnostics/v16,54,2700000000,54,54,54,25,1,54,2700000000,"model_generation","EXECUTED",303.14424100000002,""
uwb-imu-pl/gate-d-diagnostics/v16,54,2700000000,54,54,54,25,1,54,2700000000,"historical_sensitivity","EXECUTED",0.13205399999999998,""
uwb-imu-pl/gate-d-diagnostics/v16,54,2700000000,54,54,54,25,1,54,2700000000,"hypothesis_evidence","EXECUTED",1813.4668320000001,"effective_dimensions=1:464,2:41440,3:19200,other:0;context_bytes=10265792;worker_blocks=4"
uwb-imu-pl/gate-d-diagnostics/v16,54,2700000000,54,54,54,25,1,54,2700000000,"health_actions","EXECUTED",17.484925,""
uwb-imu-pl/gate-d-diagnostics/v16,54,2700000000,54,54,54,25,1,54,2700000000,"hypothesis_audit","SKIPPED",,"disabled by output.write_hypothesis_evidence"
uwb-imu-pl/gate-d-diagnostics/v16,54,2700000000,54,54,54,25,1,54,2700000000,"base_factorization","EXECUTED",0.26564900000000002,""
uwb-imu-pl/gate-d-diagnostics/v16,54,2700000000,54,54,54,25,1,54,2700000000,"shared_cache","EXECUTED",0.0040350000000000004,""
uwb-imu-pl/gate-d-diagnostics/v16,54,2700000000,54,54,54,25,1,54,2700000000,"candidate_evaluation","EXECUTED",402.29740099999998,"rank=1;dense=0"
uwb-imu-pl/gate-d-diagnostics/v16,54,2700000000,54,54,54,25,1,54,2700000000,"fde_decision","EXECUTED",9.2842789999999997,""
uwb-imu-pl/gate-d-diagnostics/v16,54,2700000000,54,54,54,25,1,54,2700000000,"candidate_audit","EXECUTED",0.032100999999999998,""
uwb-imu-pl/gate-d-diagnostics/v16,54,2700000000,54,54,54,25,1,54,2700000000,"commit","EXECUTED",3.3058610000000002,""
uwb-imu-pl/gate-d-diagnostics/v16,54,2700000000,54,54,54,25,1,54,2700000000,"state_audit","EXECUTED",0.000571,""
uwb-imu-pl/gate-d-diagnostics/v16,54,2700000000,54,54,54,25,1,54,2700000000,"finalize_commit_audit","EXECUTED",31.067996000000001,"excludes separately timed commit/discard/state audit"
uwb-imu-pl/gate-d-diagnostics/v16,54,2700000000,54,54,54,25,1,54,2700000000,"discard","SKIPPED",,"upstream gate did not reach stage"
uwb-imu-pl/gate-d-diagnostics/v16,54,2700000000,54,54,54,25,1,54,2700000000,"core_total","EXECUTED",3208.0480219999999,""
uwb-imu-pl/gate-d-diagnostics/v16,55,2750000000,55,55,55,26,1,55,2750000000,"prepare","EXECUTED",2.6432229999999999,""
uwb-imu-pl/gate-d-diagnostics/v16,55,2750000000,55,55,55,26,1,55,2750000000,"integrity_window","EXECUTED",614.39833999999996,""
uwb-imu-pl/gate-d-diagnostics/v16,55,2750000000,55,55,55,26,1,55,2750000000,"window_boundary_provenance","EXECUTED",598.94734500000004,""
uwb-imu-pl/gate-d-diagnostics/v16,55,2750000000,55,55,55,26,1,55,2750000000,"window_factor_linearization_whitening","EXECUTED",1.2309330000000001,""
uwb-imu-pl/gate-d-diagnostics/v16,55,2750000000,55,55,55,26,1,55,2750000000,"window_dense_assembly","EXECUTED",0.14651800000000001,""
uwb-imu-pl/gate-d-diagnostics/v16,55,2750000000,55,55,55,26,1,55,2750000000,"window_svd","EXECUTED",8.0611060000000005,""
uwb-imu-pl/gate-d-diagnostics/v16,55,2750000000,55,55,55,26,1,55,2750000000,"window_normal_equations","EXECUTED",0.405418,""
uwb-imu-pl/gate-d-diagnostics/v16,55,2750000000,55,55,55,26,1,55,2750000000,"window_llt_state_solves","EXECUTED",0.123617,""
uwb-imu-pl/gate-d-diagnostics/v16,55,2750000000,55,55,55,26,1,55,2750000000,"window_fingerprint","EXECUTED",4.047892,""
uwb-imu-pl/gate-d-diagnostics/v16,55,2750000000,55,55,55,26,1,55,2750000000,"all_in_detector","EXECUTED",0.30338900000000002,""
uwb-imu-pl/gate-d-diagnostics/v16,55,2750000000,55,55,55,26,1,55,2750000000,"current_sensitivity","EXECUTED",0.61052799999999996,""
uwb-imu-pl/gate-d-diagnostics/v16,55,2750000000,55,55,55,26,1,55,2750000000,"model_generation","EXECUTED",304.75925799999999,""
uwb-imu-pl/gate-d-diagnostics/v16,55,2750000000,55,55,55,26,1,55,2750000000,"historical_sensitivity","EXECUTED",0.13327899999999998,""
uwb-imu-pl/gate-d-diagnostics/v16,55,2750000000,55,55,55,26,1,55,2750000000,"hypothesis_evidence","EXECUTED",1804.041318,"effective_dimensions=1:464,2:41440,3:19200,other:0;context_bytes=10265792;worker_blocks=4"
uwb-imu-pl/gate-d-diagnostics/v16,55,2750000000,55,55,55,26,1,55,2750000000,"health_actions","EXECUTED",21.545154,""
uwb-imu-pl/gate-d-diagnostics/v16,55,2750000000,55,55,55,26,1,55,2750000000,"hypothesis_audit","SKIPPED",,"disabled by output.write_hypothesis_evidence"
uwb-imu-pl/gate-d-diagnostics/v16,55,2750000000,55,55,55,26,1,55,2750000000,"base_factorization","EXECUTED",0.28088099999999999,""
uwb-imu-pl/gate-d-diagnostics/v16,55,2750000000,55,55,55,26,1,55,2750000000,"shared_cache","EXECUTED",0.0044770000000000001,""
uwb-imu-pl/gate-d-diagnostics/v16,55,2750000000,55,55,55,26,1,55,2750000000,"candidate_evaluation","EXECUTED",425.154335,"rank=1;dense=0"
uwb-imu-pl/gate-d-diagnostics/v16,55,2750000000,55,55,55,26,1,55,2750000000,"fde_decision","EXECUTED",10.067157999999999,""
uwb-imu-pl/gate-d-diagnostics/v16,55,2750000000,55,55,55,26,1,55,2750000000,"candidate_audit","EXECUTED",0.037661,""
uwb-imu-pl/gate-d-diagnostics/v16,55,2750000000,55,55,55,26,1,55,2750000000,"commit","EXECUTED",2.1418620000000002,""
uwb-imu-pl/gate-d-diagnostics/v16,55,2750000000,55,55,55,26,1,55,2750000000,"state_audit","EXECUTED",0.00043399999999999998,""
uwb-imu-pl/gate-d-diagnostics/v16,55,2750000000,55,55,55,26,1,55,2750000000,"finalize_commit_audit","EXECUTED",34.550092999999997,"excludes separately timed commit/discard/state audit"
uwb-imu-pl/gate-d-diagnostics/v16,55,2750000000,55,55,55,26,1,55,2750000000,"discard","SKIPPED",,"upstream gate did not reach stage"
uwb-imu-pl/gate-d-diagnostics/v16,55,2750000000,55,55,55,26,1,55,2750000000,"core_total","EXECUTED",3221.1701330000001,""
uwb-imu-pl/gate-d-diagnostics/v16,56,2800000000,56,56,56,27,1,56,2800000000,"prepare","EXECUTED",3.4798339999999999,""
uwb-imu-pl/gate-d-diagnostics/v16,56,2800000000,56,56,56,27,1,56,2800000000,"integrity_window","EXECUTED",513.79036699999995,""
uwb-imu-pl/gate-d-diagnostics/v16,56,2800000000,56,56,56,27,1,56,2800000000,"window_boundary_provenance","EXECUTED",498.04799300000002,""
uwb-imu-pl/gate-d-diagnostics/v16,56,2800000000,56,56,56,27,1,56,2800000000,"window_factor_linearization_whitening","EXECUTED",1.0365009999999999,""
uwb-imu-pl/gate-d-diagnostics/v16,56,2800000000,56,56,56,27,1,56,2800000000,"window_dense_assembly","EXECUTED",0.108166,""
uwb-imu-pl/gate-d-diagnostics/v16,56,2800000000,56,56,56,27,1,56,2800000000,"window_svd","EXECUTED",8.8849719999999994,""
uwb-imu-pl/gate-d-diagnostics/v16,56,2800000000,56,56,56,27,1,56,2800000000,"window_normal_equations","EXECUTED",0.349742,""
uwb-imu-pl/gate-d-diagnostics/v16,56,2800000000,56,56,56,27,1,56,2800000000,"window_llt_state_solves","EXECUTED",0.115285,""
uwb-imu-pl/gate-d-diagnostics/v16,56,2800000000,56,56,56,27,1,56,2800000000,"window_fingerprint","EXECUTED",3.8737699999999999,""
uwb-imu-pl/gate-d-diagnostics/v16,56,2800000000,56,56,56,27,1,56,2800000000,"all_in_detector","EXECUTED",0.25578200000000001,""
uwb-imu-pl/gate-d-diagnostics/v16,56,2800000000,56,56,56,27,1,56,2800000000,"current_sensitivity","EXECUTED",0.513019,""
uwb-imu-pl/gate-d-diagnostics/v16,56,2800000000,56,56,56,27,1,56,2800000000,"model_generation","EXECUTED",300.04827699999998,""
uwb-imu-pl/gate-d-diagnostics/v16,56,2800000000,56,56,56,27,1,56,2800000000,"historical_sensitivity","EXECUTED",0.12393399999999997,""
uwb-imu-pl/gate-d-diagnostics/v16,56,2800000000,56,56,56,27,1,56,2800000000,"hypothesis_evidence","EXECUTED",1871.6253939999999,"effective_dimensions=1:464,2:41440,3:19200,other:0;context_bytes=10265792;worker_blocks=4"
uwb-imu-pl/gate-d-diagnostics/v16,56,2800000000,56,56,56,27,1,56,2800000000,"health_actions","EXECUTED",18.886588,""
uwb-imu-pl/gate-d-diagnostics/v16,56,2800000000,56,56,56,27,1,56,2800000000,"hypothesis_audit","SKIPPED",,"disabled by output.write_hypothesis_evidence"
uwb-imu-pl/gate-d-diagnostics/v16,56,2800000000,56,56,56,27,1,56,2800000000,"base_factorization","EXECUTED",0.31175999999999998,""
uwb-imu-pl/gate-d-diagnostics/v16,56,2800000000,56,56,56,27,1,56,2800000000,"shared_cache","EXECUTED",0.0045240000000000002,""
uwb-imu-pl/gate-d-diagnostics/v16,56,2800000000,56,56,56,27,1,56,2800000000,"candidate_evaluation","EXECUTED",421.52871599999997,"rank=1;dense=0"
uwb-imu-pl/gate-d-diagnostics/v16,56,2800000000,56,56,56,27,1,56,2800000000,"fde_decision","EXECUTED",9.7770609999999998,""
uwb-imu-pl/gate-d-diagnostics/v16,56,2800000000,56,56,56,27,1,56,2800000000,"candidate_audit","EXECUTED",0.032573999999999999,""
uwb-imu-pl/gate-d-diagnostics/v16,56,2800000000,56,56,56,27,1,56,2800000000,"commit","EXECUTED",3.448804,""
uwb-imu-pl/gate-d-diagnostics/v16,56,2800000000,56,56,56,27,1,56,2800000000,"state_audit","EXECUTED",0.00099700000000000006,""
uwb-imu-pl/gate-d-diagnostics/v16,56,2800000000,56,56,56,27,1,56,2800000000,"finalize_commit_audit","EXECUTED",33.853335999999999,"excludes separately timed commit/discard/state audit"
uwb-imu-pl/gate-d-diagnostics/v16,56,2800000000,56,56,56,27,1,56,2800000000,"discard","SKIPPED",,"upstream gate did not reach stage"
uwb-imu-pl/gate-d-diagnostics/v16,56,2800000000,56,56,56,27,1,56,2800000000,"core_total","EXECUTED",3178.313619,""
uwb-imu-pl/gate-d-diagnostics/v16,57,2850000000,57,57,57,28,1,57,2850000000,"prepare","EXECUTED",2.8338990000000002,""
uwb-imu-pl/gate-d-diagnostics/v16,57,2850000000,57,57,57,28,1,57,2850000000,"integrity_window","EXECUTED",514.45553500000005,""
uwb-imu-pl/gate-d-diagnostics/v16,57,2850000000,57,57,57,28,1,57,2850000000,"window_boundary_provenance","EXECUTED",497.97154399999999,""
uwb-imu-pl/gate-d-diagnostics/v16,57,2850000000,57,57,57,28,1,57,2850000000,"window_factor_linearization_whitening","EXECUTED",1.415718,""
uwb-imu-pl/gate-d-diagnostics/v16,57,2850000000,57,57,57,28,1,57,2850000000,"window_dense_assembly","EXECUTED",0.12019199999999999,""
uwb-imu-pl/gate-d-diagnostics/v16,57,2850000000,57,57,57,28,1,57,2850000000,"window_svd","EXECUTED",8.8742889999999992,""
uwb-imu-pl/gate-d-diagnostics/v16,57,2850000000,57,57,57,28,1,57,2850000000,"window_normal_equations","EXECUTED",0.37150300000000003,""
uwb-imu-pl/gate-d-diagnostics/v16,57,2850000000,57,57,57,28,1,57,2850000000,"window_llt_state_solves","EXECUTED",0.123919,""
uwb-imu-pl/gate-d-diagnostics/v16,57,2850000000,57,57,57,28,1,57,2850000000,"window_fingerprint","EXECUTED",4.1826829999999999,""
uwb-imu-pl/gate-d-diagnostics/v16,57,2850000000,57,57,57,28,1,57,2850000000,"all_in_detector","EXECUTED",0.28123599999999999,""
uwb-imu-pl/gate-d-diagnostics/v16,57,2850000000,57,57,57,28,1,57,2850000000,"current_sensitivity","EXECUTED",0.61841500000000005,""
uwb-imu-pl/gate-d-diagnostics/v16,57,2850000000,57,57,57,28,1,57,2850000000,"model_generation","EXECUTED",302.58838700000001,""
uwb-imu-pl/gate-d-diagnostics/v16,57,2850000000,57,57,57,28,1,57,2850000000,"historical_sensitivity","EXECUTED",0.13499700000000001,""
uwb-imu-pl/gate-d-diagnostics/v16,57,2850000000,57,57,57,28,1,57,2850000000,"hypothesis_evidence","EXECUTED",1849.473829,"effective_dimensions=1:464,2:41440,3:19200,other:0;context_bytes=10265792;worker_blocks=4"
uwb-imu-pl/gate-d-diagnostics/v16,57,2850000000,57,57,57,28,1,57,2850000000,"health_actions","EXECUTED",19.879173000000002,""
uwb-imu-pl/gate-d-diagnostics/v16,57,2850000000,57,57,57,28,1,57,2850000000,"hypothesis_audit","SKIPPED",,"disabled by output.write_hypothesis_evidence"
uwb-imu-pl/gate-d-diagnostics/v16,57,2850000000,57,57,57,28,1,57,2850000000,"base_factorization","EXECUTED",0.51377899999999999,""
uwb-imu-pl/gate-d-diagnostics/v16,57,2850000000,57,57,57,28,1,57,2850000000,"shared_cache","EXECUTED",0.0068999999999999999,""
uwb-imu-pl/gate-d-diagnostics/v16,57,2850000000,57,57,57,28,1,57,2850000000,"candidate_evaluation","EXECUTED",419.612167,"rank=1;dense=0"
uwb-imu-pl/gate-d-diagnostics/v16,57,2850000000,57,57,57,28,1,57,2850000000,"fde_decision","EXECUTED",8.7380650000000006,""
uwb-imu-pl/gate-d-diagnostics/v16,57,2850000000,57,57,57,28,1,57,2850000000,"candidate_audit","EXECUTED",0.036415000000000003,""
uwb-imu-pl/gate-d-diagnostics/v16,57,2850000000,57,57,57,28,1,57,2850000000,"commit","EXECUTED",2.1529470000000002,""
uwb-imu-pl/gate-d-diagnostics/v16,57,2850000000,57,57,57,28,1,57,2850000000,"state_audit","EXECUTED",0.00057499999999999999,""
uwb-imu-pl/gate-d-diagnostics/v16,57,2850000000,57,57,57,28,1,57,2850000000,"finalize_commit_audit","EXECUTED",33.722680999999994,"excludes separately timed commit/discard/state audit"
uwb-imu-pl/gate-d-diagnostics/v16,57,2850000000,57,57,57,28,1,57,2850000000,"discard","SKIPPED",,"upstream gate did not reach stage"
uwb-imu-pl/gate-d-diagnostics/v16,57,2850000000,57,57,57,28,1,57,2850000000,"core_total","EXECUTED",3155.5639620000002,""
uwb-imu-pl/gate-d-diagnostics/v16,58,2900000000,58,58,58,29,1,58,2900000000,"prepare","EXECUTED",2.8395589999999999,""
uwb-imu-pl/gate-d-diagnostics/v16,58,2900000000,58,58,58,29,1,58,2900000000,"integrity_window","EXECUTED",510.588413,""
uwb-imu-pl/gate-d-diagnostics/v16,58,2900000000,58,58,58,29,1,58,2900000000,"window_boundary_provenance","EXECUTED",495.43870500000003,""
uwb-imu-pl/gate-d-diagnostics/v16,58,2900000000,58,58,58,29,1,58,2900000000,"window_factor_linearization_whitening","EXECUTED",1.087793,""
uwb-imu-pl/gate-d-diagnostics/v16,58,2900000000,58,58,58,29,1,58,2900000000,"window_dense_assembly","EXECUTED",0.13827200000000001,""
uwb-imu-pl/gate-d-diagnostics/v16,58,2900000000,58,58,58,29,1,58,2900000000,"window_svd","EXECUTED",7.72424,""
uwb-imu-pl/gate-d-diagnostics/v16,58,2900000000,58,58,58,29,1,58,2900000000,"window_normal_equations","EXECUTED",0.34581699999999999,""
uwb-imu-pl/gate-d-diagnostics/v16,58,2900000000,58,58,58,29,1,58,2900000000,"window_llt_state_solves","EXECUTED",0.109485,""
uwb-imu-pl/gate-d-diagnostics/v16,58,2900000000,58,58,58,29,1,58,2900000000,"window_fingerprint","EXECUTED",4.2082629999999996,""
uwb-imu-pl/gate-d-diagnostics/v16,58,2900000000,58,58,58,29,1,58,2900000000,"all_in_detector","EXECUTED",0.38025900000000001,""
uwb-imu-pl/gate-d-diagnostics/v16,58,2900000000,58,58,58,29,1,58,2900000000,"current_sensitivity","EXECUTED",0.63942699999999997,""
uwb-imu-pl/gate-d-diagnostics/v16,58,2900000000,58,58,58,29,1,58,2900000000,"model_generation","EXECUTED",304.05291699999998,""
uwb-imu-pl/gate-d-diagnostics/v16,58,2900000000,58,58,58,29,1,58,2900000000,"historical_sensitivity","EXECUTED",0.14274300000000001,""
uwb-imu-pl/gate-d-diagnostics/v16,58,2900000000,58,58,58,29,1,58,2900000000,"hypothesis_evidence","EXECUTED",1843.098031,"effective_dimensions=1:464,2:41440,3:19200,other:0;context_bytes=10265792;worker_blocks=4"
uwb-imu-pl/gate-d-diagnostics/v16,58,2900000000,58,58,58,29,1,58,2900000000,"health_actions","EXECUTED",20.914594000000001,""
uwb-imu-pl/gate-d-diagnostics/v16,58,2900000000,58,58,58,29,1,58,2900000000,"hypothesis_audit","SKIPPED",,"disabled by output.write_hypothesis_evidence"
uwb-imu-pl/gate-d-diagnostics/v16,58,2900000000,58,58,58,29,1,58,2900000000,"base_factorization","EXECUTED",0.27033299999999999,""
uwb-imu-pl/gate-d-diagnostics/v16,58,2900000000,58,58,58,29,1,58,2900000000,"shared_cache","EXECUTED",0.0031549999999999998,""
uwb-imu-pl/gate-d-diagnostics/v16,58,2900000000,58,58,58,29,1,58,2900000000,"candidate_evaluation","EXECUTED",425.41899799999999,"rank=1;dense=0"
uwb-imu-pl/gate-d-diagnostics/v16,58,2900000000,58,58,58,29,1,58,2900000000,"fde_decision","EXECUTED",9.4054859999999998,""
uwb-imu-pl/gate-d-diagnostics/v16,58,2900000000,58,58,58,29,1,58,2900000000,"candidate_audit","EXECUTED",0.040044999999999997,""
uwb-imu-pl/gate-d-diagnostics/v16,58,2900000000,58,58,58,29,1,58,2900000000,"commit","EXECUTED",2.3446180000000001,""
uwb-imu-pl/gate-d-diagnostics/v16,58,2900000000,58,58,58,29,1,58,2900000000,"state_audit","EXECUTED",0.00042299999999999998,""
uwb-imu-pl/gate-d-diagnostics/v16,58,2900000000,58,58,58,29,1,58,2900000000,"finalize_commit_audit","EXECUTED",31.439603999999996,"excludes separately timed commit/discard/state audit"
uwb-imu-pl/gate-d-diagnostics/v16,58,2900000000,58,58,58,29,1,58,2900000000,"discard","SKIPPED",,"upstream gate did not reach stage"
uwb-imu-pl/gate-d-diagnostics/v16,58,2900000000,58,58,58,29,1,58,2900000000,"core_total","EXECUTED",3152.0951639999998,""
uwb-imu-pl/gate-d-diagnostics/v16,59,2950000000,59,59,59,30,1,59,2950000000,"prepare","EXECUTED",2.435365,""
uwb-imu-pl/gate-d-diagnostics/v16,59,2950000000,59,59,59,30,1,59,2950000000,"integrity_window","EXECUTED",544.19026299999996,""
uwb-imu-pl/gate-d-diagnostics/v16,59,2950000000,59,59,59,30,1,59,2950000000,"window_boundary_provenance","EXECUTED",528.31120599999997,""
uwb-imu-pl/gate-d-diagnostics/v16,59,2950000000,59,59,59,30,1,59,2950000000,"window_factor_linearization_whitening","EXECUTED",1.0745400000000001,""
uwb-imu-pl/gate-d-diagnostics/v16,59,2950000000,59,59,59,30,1,59,2950000000,"window_dense_assembly","EXECUTED",0.096921999999999994,""
uwb-imu-pl/gate-d-diagnostics/v16,59,2950000000,59,59,59,30,1,59,2950000000,"window_svd","EXECUTED",9.150442,""
uwb-imu-pl/gate-d-diagnostics/v16,59,2950000000,59,59,59,30,1,59,2950000000,"window_normal_equations","EXECUTED",0.33752799999999999,""
uwb-imu-pl/gate-d-diagnostics/v16,59,2950000000,59,59,59,30,1,59,2950000000,"window_llt_state_solves","EXECUTED",0.11332,""
uwb-imu-pl/gate-d-diagnostics/v16,59,2950000000,59,59,59,30,1,59,2950000000,"window_fingerprint","EXECUTED",3.829218,""
uwb-imu-pl/gate-d-diagnostics/v16,59,2950000000,59,59,59,30,1,59,2950000000,"all_in_detector","EXECUTED",0.27249400000000001,""
uwb-imu-pl/gate-d-diagnostics/v16,59,2950000000,59,59,59,30,1,59,2950000000,"current_sensitivity","EXECUTED",0.52895300000000001,""
uwb-imu-pl/gate-d-diagnostics/v16,59,2950000000,59,59,59,30,1,59,2950000000,"model_generation","EXECUTED",303.73137800000001,""
uwb-imu-pl/gate-d-diagnostics/v16,59,2950000000,59,59,59,30,1,59,2950000000,"historical_sensitivity","EXECUTED",0.123996,""
uwb-imu-pl/gate-d-diagnostics/v16,59,2950000000,59,59,59,30,1,59,2950000000,"hypothesis_evidence","EXECUTED",1809.6303539999999,"effective_dimensions=1:464,2:41440,3:19200,other:0;context_bytes=10265792;worker_blocks=4"
uwb-imu-pl/gate-d-diagnostics/v16,59,2950000000,59,59,59,30,1,59,2950000000,"health_actions","EXECUTED",18.888589,""
uwb-imu-pl/gate-d-diagnostics/v16,59,2950000000,59,59,59,30,1,59,2950000000,"hypothesis_audit","SKIPPED",,"disabled by output.write_hypothesis_evidence"
uwb-imu-pl/gate-d-diagnostics/v16,59,2950000000,59,59,59,30,1,59,2950000000,"base_factorization","EXECUTED",0.25588899999999998,""
uwb-imu-pl/gate-d-diagnostics/v16,59,2950000000,59,59,59,30,1,59,2950000000,"shared_cache","EXECUTED",0.019400000000000001,""
uwb-imu-pl/gate-d-diagnostics/v16,59,2950000000,59,59,59,30,1,59,2950000000,"candidate_evaluation","EXECUTED",425.554598,"rank=1;dense=0"
uwb-imu-pl/gate-d-diagnostics/v16,59,2950000000,59,59,59,30,1,59,2950000000,"fde_decision","EXECUTED",9.465109,""
uwb-imu-pl/gate-d-diagnostics/v16,59,2950000000,59,59,59,30,1,59,2950000000,"candidate_audit","EXECUTED",0.035304000000000002,""
uwb-imu-pl/gate-d-diagnostics/v16,59,2950000000,59,59,59,30,1,59,2950000000,"commit","EXECUTED",2.2070319999999999,""
uwb-imu-pl/gate-d-diagnostics/v16,59,2950000000,59,59,59,30,1,59,2950000000,"state_audit","EXECUTED",0.00071500000000000003,""
uwb-imu-pl/gate-d-diagnostics/v16,59,2950000000,59,59,59,30,1,59,2950000000,"finalize_commit_audit","EXECUTED",31.591018999999999,"excludes separately timed commit/discard/state audit"
uwb-imu-pl/gate-d-diagnostics/v16,59,2950000000,59,59,59,30,1,59,2950000000,"discard","SKIPPED",,"upstream gate did not reach stage"
uwb-imu-pl/gate-d-diagnostics/v16,59,2950000000,59,59,59,30,1,59,2950000000,"core_total","EXECUTED",3149.4628029999999,""
uwb-imu-pl/gate-d-diagnostics/v16,60,3000000000,60,60,60,31,1,60,3000000000,"prepare","EXECUTED",3.2270539999999999,""
uwb-imu-pl/gate-d-diagnostics/v16,60,3000000000,60,60,60,31,1,60,3000000000,"integrity_window","EXECUTED",487.03995200000003,""
uwb-imu-pl/gate-d-diagnostics/v16,60,3000000000,60,60,60,31,1,60,3000000000,"window_boundary_provenance","EXECUTED",470.13526899999999,""
uwb-imu-pl/gate-d-diagnostics/v16,60,3000000000,60,60,60,31,1,60,3000000000,"window_factor_linearization_whitening","EXECUTED",1.3363940000000001,""
uwb-imu-pl/gate-d-diagnostics/v16,60,3000000000,60,60,60,31,1,60,3000000000,"window_dense_assembly","EXECUTED",0.106473,""
uwb-imu-pl/gate-d-diagnostics/v16,60,3000000000,60,60,60,31,1,60,3000000000,"window_svd","EXECUTED",7.9475020000000001,""
uwb-imu-pl/gate-d-diagnostics/v16,60,3000000000,60,60,60,31,1,60,3000000000,"window_normal_equations","EXECUTED",0.33361400000000002,""
uwb-imu-pl/gate-d-diagnostics/v16,60,3000000000,60,60,60,31,1,60,3000000000,"window_llt_state_solves","EXECUTED",0.14605199999999999,""
uwb-imu-pl/gate-d-diagnostics/v16,60,3000000000,60,60,60,31,1,60,3000000000,"window_fingerprint","EXECUTED",5.6295929999999998,""
uwb-imu-pl/gate-d-diagnostics/v16,60,3000000000,60,60,60,31,1,60,3000000000,"all_in_detector","EXECUTED",0.32723600000000003,""
uwb-imu-pl/gate-d-diagnostics/v16,60,3000000000,60,60,60,31,1,60,3000000000,"current_sensitivity","EXECUTED",0.67675099999999999,""
uwb-imu-pl/gate-d-diagnostics/v16,60,3000000000,60,60,60,31,1,60,3000000000,"model_generation","EXECUTED",312.58135199999998,""
uwb-imu-pl/gate-d-diagnostics/v16,60,3000000000,60,60,60,31,1,60,3000000000,"historical_sensitivity","EXECUTED",0.136929,""
uwb-imu-pl/gate-d-diagnostics/v16,60,3000000000,60,60,60,31,1,60,3000000000,"hypothesis_evidence","EXECUTED",1832.6428080000001,"effective_dimensions=1:464,2:41440,3:19200,other:0;context_bytes=10265792;worker_blocks=4"
uwb-imu-pl/gate-d-diagnostics/v16,60,3000000000,60,60,60,31,1,60,3000000000,"health_actions","EXECUTED",24.948982000000001,""
uwb-imu-pl/gate-d-diagnostics/v16,60,3000000000,60,60,60,31,1,60,3000000000,"hypothesis_audit","SKIPPED",,"disabled by output.write_hypothesis_evidence"
uwb-imu-pl/gate-d-diagnostics/v16,60,3000000000,60,60,60,31,1,60,3000000000,"base_factorization","EXECUTED",0.262046,""
uwb-imu-pl/gate-d-diagnostics/v16,60,3000000000,60,60,60,31,1,60,3000000000,"shared_cache","EXECUTED",0.003522,""
uwb-imu-pl/gate-d-diagnostics/v16,60,3000000000,60,60,60,31,1,60,3000000000,"candidate_evaluation","EXECUTED",424.45001200000002,"rank=1;dense=0"
uwb-imu-pl/gate-d-diagnostics/v16,60,3000000000,60,60,60,31,1,60,3000000000,"fde_decision","EXECUTED",9.5077669999999994,""
uwb-imu-pl/gate-d-diagnostics/v16,60,3000000000,60,60,60,31,1,60,3000000000,"candidate_audit","EXECUTED",0.041174000000000002,""
uwb-imu-pl/gate-d-diagnostics/v16,60,3000000000,60,60,60,31,1,60,3000000000,"commit","EXECUTED",2.8310940000000002,""
uwb-imu-pl/gate-d-diagnostics/v16,60,3000000000,60,60,60,31,1,60,3000000000,"state_audit","EXECUTED",0.00057700000000000004,""
uwb-imu-pl/gate-d-diagnostics/v16,60,3000000000,60,60,60,31,1,60,3000000000,"finalize_commit_audit","EXECUTED",42.147981000000001,"excludes separately timed commit/discard/state audit"
uwb-imu-pl/gate-d-diagnostics/v16,60,3000000000,60,60,60,31,1,60,3000000000,"discard","SKIPPED",,"upstream gate did not reach stage"
uwb-imu-pl/gate-d-diagnostics/v16,60,3000000000,60,60,60,31,1,60,3000000000,"core_total","EXECUTED",3141.3701489999999,""
uwb-imu-pl/gate-d-diagnostics/v16,61,3050000000,61,61,61,32,1,61,3050000000,"prepare","EXECUTED",2.99282,""
uwb-imu-pl/gate-d-diagnostics/v16,61,3050000000,61,61,61,32,1,61,3050000000,"integrity_window","EXECUTED",436.45082600000001,""
uwb-imu-pl/gate-d-diagnostics/v16,61,3050000000,61,61,61,32,1,61,3050000000,"window_boundary_provenance","EXECUTED",421.22929399999998,""
uwb-imu-pl/gate-d-diagnostics/v16,61,3050000000,61,61,61,32,1,61,3050000000,"window_factor_linearization_whitening","EXECUTED",1.116409,""
uwb-imu-pl/gate-d-diagnostics/v16,61,3050000000,61,61,61,32,1,61,3050000000,"window_dense_assembly","EXECUTED",0.11206199999999999,""
uwb-imu-pl/gate-d-diagnostics/v16,61,3050000000,61,61,61,32,1,61,3050000000,"window_svd","EXECUTED",8.4085570000000001,""
uwb-imu-pl/gate-d-diagnostics/v16,61,3050000000,61,61,61,32,1,61,3050000000,"window_normal_equations","EXECUTED",0.32940000000000003,""
uwb-imu-pl/gate-d-diagnostics/v16,61,3050000000,61,61,61,32,1,61,3050000000,"window_llt_state_solves","EXECUTED",0.10395600000000001,""
uwb-imu-pl/gate-d-diagnostics/v16,61,3050000000,61,61,61,32,1,61,3050000000,"window_fingerprint","EXECUTED",3.8144779999999998,""
uwb-imu-pl/gate-d-diagnostics/v16,61,3050000000,61,61,61,32,1,61,3050000000,"all_in_detector","EXECUTED",0.27921000000000001,""
uwb-imu-pl/gate-d-diagnostics/v16,61,3050000000,61,61,61,32,1,61,3050000000,"current_sensitivity","EXECUTED",0.53966400000000003,""
uwb-imu-pl/gate-d-diagnostics/v16,61,3050000000,61,61,61,32,1,61,3050000000,"model_generation","EXECUTED",303.31662200000005,""
uwb-imu-pl/gate-d-diagnostics/v16,61,3050000000,61,61,61,32,1,61,3050000000,"historical_sensitivity","EXECUTED",0.12246700000000001,""
uwb-imu-pl/gate-d-diagnostics/v16,61,3050000000,61,61,61,32,1,61,3050000000,"hypothesis_evidence","EXECUTED",1828.874141,"effective_dimensions=1:464,2:41440,3:19200,other:0;context_bytes=10265792;worker_blocks=4"
uwb-imu-pl/gate-d-diagnostics/v16,61,3050000000,61,61,61,32,1,61,3050000000,"health_actions","EXECUTED",19.505749999999999,""
uwb-imu-pl/gate-d-diagnostics/v16,61,3050000000,61,61,61,32,1,61,3050000000,"hypothesis_audit","SKIPPED",,"disabled by output.write_hypothesis_evidence"
uwb-imu-pl/gate-d-diagnostics/v16,61,3050000000,61,61,61,32,1,61,3050000000,"base_factorization","EXECUTED",0.254521,""
uwb-imu-pl/gate-d-diagnostics/v16,61,3050000000,61,61,61,32,1,61,3050000000,"shared_cache","EXECUTED",0.003003,""
uwb-imu-pl/gate-d-diagnostics/v16,61,3050000000,61,61,61,32,1,61,3050000000,"candidate_evaluation","EXECUTED",427.25133199999999,"rank=1;dense=0"
uwb-imu-pl/gate-d-diagnostics/v16,61,3050000000,61,61,61,32,1,61,3050000000,"fde_decision","EXECUTED",8.8284889999999994,""
uwb-imu-pl/gate-d-diagnostics/v16,61,3050000000,61,61,61,32,1,61,3050000000,"candidate_audit","EXECUTED",0.036331000000000002,""
uwb-imu-pl/gate-d-diagnostics/v16,61,3050000000,61,61,61,32,1,61,3050000000,"commit","EXECUTED",2.9276819999999999,""
uwb-imu-pl/gate-d-diagnostics/v16,61,3050000000,61,61,61,32,1,61,3050000000,"state_audit","EXECUTED",0.00077899999999999996,""
uwb-imu-pl/gate-d-diagnostics/v16,61,3050000000,61,61,61,32,1,61,3050000000,"finalize_commit_audit","EXECUTED",30.125275999999999,"excludes separately timed commit/discard/state audit"
uwb-imu-pl/gate-d-diagnostics/v16,61,3050000000,61,61,61,32,1,61,3050000000,"discard","SKIPPED",,"upstream gate did not reach stage"
uwb-imu-pl/gate-d-diagnostics/v16,61,3050000000,61,61,61,32,1,61,3050000000,"core_total","EXECUTED",3062.0542839999998,""
uwb-imu-pl/gate-d-diagnostics/v16,62,3100000000,62,62,62,33,1,62,3100000000,"prepare","EXECUTED",3.1736460000000002,""
uwb-imu-pl/gate-d-diagnostics/v16,62,3100000000,62,62,62,33,1,62,3100000000,"integrity_window","EXECUTED",393.02632599999998,""
uwb-imu-pl/gate-d-diagnostics/v16,62,3100000000,62,62,62,33,1,62,3100000000,"window_boundary_provenance","EXECUTED",377.39460100000002,""
uwb-imu-pl/gate-d-diagnostics/v16,62,3100000000,62,62,62,33,1,62,3100000000,"window_factor_linearization_whitening","EXECUTED",1.385284,""
uwb-imu-pl/gate-d-diagnostics/v16,62,3100000000,62,62,62,33,1,62,3100000000,"window_dense_assembly","EXECUTED",0.105796,""
uwb-imu-pl/gate-d-diagnostics/v16,62,3100000000,62,62,62,33,1,62,3100000000,"window_svd","EXECUTED",8.0348439999999997,""
uwb-imu-pl/gate-d-diagnostics/v16,62,3100000000,62,62,62,33,1,62,3100000000,"window_normal_equations","EXECUTED",0.36727199999999999,""
uwb-imu-pl/gate-d-diagnostics/v16,62,3100000000,62,62,62,33,1,62,3100000000,"window_llt_state_solves","EXECUTED",0.11773,""
uwb-imu-pl/gate-d-diagnostics/v16,62,3100000000,62,62,62,33,1,62,3100000000,"window_fingerprint","EXECUTED",4.0848750000000003,""
uwb-imu-pl/gate-d-diagnostics/v16,62,3100000000,62,62,62,33,1,62,3100000000,"all_in_detector","EXECUTED",0.61698299999999995,""
uwb-imu-pl/gate-d-diagnostics/v16,62,3100000000,62,62,62,33,1,62,3100000000,"current_sensitivity","EXECUTED",0.99799800000000005,""
uwb-imu-pl/gate-d-diagnostics/v16,62,3100000000,62,62,62,33,1,62,3100000000,"model_generation","EXECUTED",307.12185199999999,""
uwb-imu-pl/gate-d-diagnostics/v16,62,3100000000,62,62,62,33,1,62,3100000000,"historical_sensitivity","EXECUTED",0.188282,""
uwb-imu-pl/gate-d-diagnostics/v16,62,3100000000,62,62,62,33,1,62,3100000000,"hypothesis_evidence","EXECUTED",1814.868798,"effective_dimensions=1:464,2:41440,3:19200,other:0;context_bytes=10265792;worker_blocks=4"
uwb-imu-pl/gate-d-diagnostics/v16,62,3100000000,62,62,62,33,1,62,3100000000,"health_actions","EXECUTED",19.454135000000001,""
uwb-imu-pl/gate-d-diagnostics/v16,62,3100000000,62,62,62,33,1,62,3100000000,"hypothesis_audit","SKIPPED",,"disabled by output.write_hypothesis_evidence"
uwb-imu-pl/gate-d-diagnostics/v16,62,3100000000,62,62,62,33,1,62,3100000000,"base_factorization","EXECUTED",0.25903500000000002,""
uwb-imu-pl/gate-d-diagnostics/v16,62,3100000000,62,62,62,33,1,62,3100000000,"shared_cache","EXECUTED",0.0032799999999999999,""
uwb-imu-pl/gate-d-diagnostics/v16,62,3100000000,62,62,62,33,1,62,3100000000,"candidate_evaluation","EXECUTED",437.18491999999998,"rank=1;dense=0"
uwb-imu-pl/gate-d-diagnostics/v16,62,3100000000,62,62,62,33,1,62,3100000000,"fde_decision","EXECUTED",10.285729999999999,""
uwb-imu-pl/gate-d-diagnostics/v16,62,3100000000,62,62,62,33,1,62,3100000000,"candidate_audit","EXECUTED",0.039108999999999998,""
uwb-imu-pl/gate-d-diagnostics/v16,62,3100000000,62,62,62,33,1,62,3100000000,"commit","EXECUTED",2.5283199999999999,""
uwb-imu-pl/gate-d-diagnostics/v16,62,3100000000,62,62,62,33,1,62,3100000000,"state_audit","EXECUTED",0.00056099999999999998,""
uwb-imu-pl/gate-d-diagnostics/v16,62,3100000000,62,62,62,33,1,62,3100000000,"finalize_commit_audit","EXECUTED",34.868045000000002,"excludes separately timed commit/discard/state audit"
uwb-imu-pl/gate-d-diagnostics/v16,62,3100000000,62,62,62,33,1,62,3100000000,"discard","SKIPPED",,"upstream gate did not reach stage"
uwb-imu-pl/gate-d-diagnostics/v16,62,3100000000,62,62,62,33,1,62,3100000000,"core_total","EXECUTED",3025.2438699999998,""
uwb-imu-pl/gate-d-diagnostics/v16,63,3150000000,63,63,63,34,1,63,3150000000,"prepare","EXECUTED",2.930653,""
uwb-imu-pl/gate-d-diagnostics/v16,63,3150000000,63,63,63,34,1,63,3150000000,"integrity_window","EXECUTED",382.41791999999998,""
uwb-imu-pl/gate-d-diagnostics/v16,63,3150000000,63,63,63,34,1,63,3150000000,"window_boundary_provenance","EXECUTED",366.76963499999999,""
uwb-imu-pl/gate-d-diagnostics/v16,63,3150000000,63,63,63,34,1,63,3150000000,"window_factor_linearization_whitening","EXECUTED",1.201473,""
uwb-imu-pl/gate-d-diagnostics/v16,63,3150000000,63,63,63,34,1,63,3150000000,"window_dense_assembly","EXECUTED",0.11441800000000001,""
uwb-imu-pl/gate-d-diagnostics/v16,63,3150000000,63,63,63,34,1,63,3150000000,"window_svd","EXECUTED",7.7891579999999996,""
uwb-imu-pl/gate-d-diagnostics/v16,63,3150000000,63,63,63,34,1,63,3150000000,"window_normal_equations","EXECUTED",0.348603,""
uwb-imu-pl/gate-d-diagnostics/v16,63,3150000000,63,63,63,34,1,63,3150000000,"window_llt_state_solves","EXECUTED",0.104472,""
uwb-imu-pl/gate-d-diagnostics/v16,63,3150000000,63,63,63,34,1,63,3150000000,"window_fingerprint","EXECUTED",4.7388440000000003,""
uwb-imu-pl/gate-d-diagnostics/v16,63,3150000000,63,63,63,34,1,63,3150000000,"all_in_detector","EXECUTED",0.28369100000000003,""
uwb-imu-pl/gate-d-diagnostics/v16,63,3150000000,63,63,63,34,1,63,3150000000,"current_sensitivity","EXECUTED",0.55588800000000005,""
uwb-imu-pl/gate-d-diagnostics/v16,63,3150000000,63,63,63,34,1,63,3150000000,"model_generation","EXECUTED",301.72689600000001,""
uwb-imu-pl/gate-d-diagnostics/v16,63,3150000000,63,63,63,34,1,63,3150000000,"historical_sensitivity","EXECUTED",0.13037799999999999,""
uwb-imu-pl/gate-d-diagnostics/v16,63,3150000000,63,63,63,34,1,63,3150000000,"hypothesis_evidence","EXECUTED",1834.700081,"effective_dimensions=1:464,2:41440,3:19200,other:0;context_bytes=10265792;worker_blocks=4"
uwb-imu-pl/gate-d-diagnostics/v16,63,3150000000,63,63,63,34,1,63,3150000000,"health_actions","EXECUTED",17.01389,""
uwb-imu-pl/gate-d-diagnostics/v16,63,3150000000,63,63,63,34,1,63,3150000000,"hypothesis_audit","SKIPPED",,"disabled by output.write_hypothesis_evidence"
uwb-imu-pl/gate-d-diagnostics/v16,63,3150000000,63,63,63,34,1,63,3150000000,"base_factorization","EXECUTED",0.25226399999999999,""
uwb-imu-pl/gate-d-diagnostics/v16,63,3150000000,63,63,63,34,1,63,3150000000,"shared_cache","EXECUTED",0.002689,""
uwb-imu-pl/gate-d-diagnostics/v16,63,3150000000,63,63,63,34,1,63,3150000000,"candidate_evaluation","EXECUTED",419.73728,"rank=1;dense=0"
uwb-imu-pl/gate-d-diagnostics/v16,63,3150000000,63,63,63,34,1,63,3150000000,"fde_decision","EXECUTED",12.20332,""
uwb-imu-pl/gate-d-diagnostics/v16,63,3150000000,63,63,63,34,1,63,3150000000,"candidate_audit","EXECUTED",0.041968999999999999,""
uwb-imu-pl/gate-d-diagnostics/v16,63,3150000000,63,63,63,34,1,63,3150000000,"commit","EXECUTED",2.8057150000000002,""
uwb-imu-pl/gate-d-diagnostics/v16,63,3150000000,63,63,63,34,1,63,3150000000,"state_audit","EXECUTED",0.00056899999999999995,""
uwb-imu-pl/gate-d-diagnostics/v16,63,3150000000,63,63,63,34,1,63,3150000000,"finalize_commit_audit","EXECUTED",36.333434000000004,"excludes separately timed commit/discard/state audit"
uwb-imu-pl/gate-d-diagnostics/v16,63,3150000000,63,63,63,34,1,63,3150000000,"discard","SKIPPED",,"upstream gate did not reach stage"
uwb-imu-pl/gate-d-diagnostics/v16,63,3150000000,63,63,63,34,1,63,3150000000,"core_total","EXECUTED",3011.6964189999999,""
uwb-imu-pl/gate-d-diagnostics/v16,64,3200000000,64,64,64,35,1,64,3200000000,"prepare","EXECUTED",2.7918120000000002,""
uwb-imu-pl/gate-d-diagnostics/v16,64,3200000000,64,64,64,35,1,64,3200000000,"integrity_window","EXECUTED",398.14238,""
uwb-imu-pl/gate-d-diagnostics/v16,64,3200000000,64,64,64,35,1,64,3200000000,"window_boundary_provenance","EXECUTED",382.75509099999999,""
uwb-imu-pl/gate-d-diagnostics/v16,64,3200000000,64,64,64,35,1,64,3200000000,"window_factor_linearization_whitening","EXECUTED",1.1313200000000001,""
uwb-imu-pl/gate-d-diagnostics/v16,64,3200000000,64,64,64,35,1,64,3200000000,"window_dense_assembly","EXECUTED",0.096750000000000003,""
uwb-imu-pl/gate-d-diagnostics/v16,64,3200000000,64,64,64,35,1,64,3200000000,"window_svd","EXECUTED",8.150487,""
uwb-imu-pl/gate-d-diagnostics/v16,64,3200000000,64,64,64,35,1,64,3200000000,"window_normal_equations","EXECUTED",0.35502,""
uwb-imu-pl/gate-d-diagnostics/v16,64,3200000000,64,64,64,35,1,64,3200000000,"window_llt_state_solves","EXECUTED",0.117363,""
uwb-imu-pl/gate-d-diagnostics/v16,64,3200000000,64,64,64,35,1,64,3200000000,"window_fingerprint","EXECUTED",4.0727469999999997,""
uwb-imu-pl/gate-d-diagnostics/v16,64,3200000000,64,64,64,35,1,64,3200000000,"all_in_detector","EXECUTED",0.27948400000000001,""
uwb-imu-pl/gate-d-diagnostics/v16,64,3200000000,64,64,64,35,1,64,3200000000,"current_sensitivity","EXECUTED",0.52945200000000003,""
uwb-imu-pl/gate-d-diagnostics/v16,64,3200000000,64,64,64,35,1,64,3200000000,"model_generation","EXECUTED",304.01339099999996,""
uwb-imu-pl/gate-d-diagnostics/v16,64,3200000000,64,64,64,35,1,64,3200000000,"historical_sensitivity","EXECUTED",0.13886199999999999,""
uwb-imu-pl/gate-d-diagnostics/v16,64,3200000000,64,64,64,35,1,64,3200000000,"hypothesis_evidence","EXECUTED",1813.3072460000001,"effective_dimensions=1:464,2:41440,3:19200,other:0;context_bytes=10265792;worker_blocks=4"
uwb-imu-pl/gate-d-diagnostics/v16,64,3200000000,64,64,64,35,1,64,3200000000,"health_actions","EXECUTED",18.467632999999999,""
uwb-imu-pl/gate-d-diagnostics/v16,64,3200000000,64,64,64,35,1,64,3200000000,"hypothesis_audit","SKIPPED",,"disabled by output.write_hypothesis_evidence"
uwb-imu-pl/gate-d-diagnostics/v16,64,3200000000,64,64,64,35,1,64,3200000000,"base_factorization","EXECUTED",0.25378800000000001,""
uwb-imu-pl/gate-d-diagnostics/v16,64,3200000000,64,64,64,35,1,64,3200000000,"shared_cache","EXECUTED",0.003392,""
uwb-imu-pl/gate-d-diagnostics/v16,64,3200000000,64,64,64,35,1,64,3200000000,"candidate_evaluation","EXECUTED",424.62418400000001,"rank=1;dense=0"
uwb-imu-pl/gate-d-diagnostics/v16,64,3200000000,64,64,64,35,1,64,3200000000,"fde_decision","EXECUTED",9.0779809999999994,""
uwb-imu-pl/gate-d-diagnostics/v16,64,3200000000,64,64,64,35,1,64,3200000000,"candidate_audit","EXECUTED",0.033832000000000001,""
uwb-imu-pl/gate-d-diagnostics/v16,64,3200000000,64,64,64,35,1,64,3200000000,"commit","EXECUTED",2.5904829999999999,""
uwb-imu-pl/gate-d-diagnostics/v16,64,3200000000,64,64,64,35,1,64,3200000000,"state_audit","EXECUTED",0.000562,""
uwb-imu-pl/gate-d-diagnostics/v16,64,3200000000,64,64,64,35,1,64,3200000000,"finalize_commit_audit","EXECUTED",36.939858000000001,"excludes separately timed commit/discard/state audit"
uwb-imu-pl/gate-d-diagnostics/v16,64,3200000000,64,64,64,35,1,64,3200000000,"discard","SKIPPED",,"upstream gate did not reach stage"
uwb-imu-pl/gate-d-diagnostics/v16,64,3200000000,64,64,64,35,1,64,3200000000,"core_total","EXECUTED",3011.8332610000002,""
uwb-imu-pl/gate-d-diagnostics/v16,65,3250000000,65,65,65,36,1,65,3250000000,"prepare","EXECUTED",4.6625019999999999,""
uwb-imu-pl/gate-d-diagnostics/v16,65,3250000000,65,65,65,36,1,65,3250000000,"integrity_window","EXECUTED",437.80683099999999,""
uwb-imu-pl/gate-d-diagnostics/v16,65,3250000000,65,65,65,36,1,65,3250000000,"window_boundary_provenance","EXECUTED",423.01310000000001,""
uwb-imu-pl/gate-d-diagnostics/v16,65,3250000000,65,65,65,36,1,65,3250000000,"window_factor_linearization_whitening","EXECUTED",1.1673,""
uwb-imu-pl/gate-d-diagnostics/v16,65,3250000000,65,65,65,36,1,65,3250000000,"window_dense_assembly","EXECUTED",0.104994,""
uwb-imu-pl/gate-d-diagnostics/v16,65,3250000000,65,65,65,36,1,65,3250000000,"window_svd","EXECUTED",7.974996,""
uwb-imu-pl/gate-d-diagnostics/v16,65,3250000000,65,65,65,36,1,65,3250000000,"window_normal_equations","EXECUTED",0.33282400000000001,""
uwb-imu-pl/gate-d-diagnostics/v16,65,3250000000,65,65,65,36,1,65,3250000000,"window_llt_state_solves","EXECUTED",0.103176,""
uwb-imu-pl/gate-d-diagnostics/v16,65,3250000000,65,65,65,36,1,65,3250000000,"window_fingerprint","EXECUTED",3.7910569999999999,""
uwb-imu-pl/gate-d-diagnostics/v16,65,3250000000,65,65,65,36,1,65,3250000000,"all_in_detector","EXECUTED",0.262212,""
uwb-imu-pl/gate-d-diagnostics/v16,65,3250000000,65,65,65,36,1,65,3250000000,"current_sensitivity","EXECUTED",0.53721399999999997,""
uwb-imu-pl/gate-d-diagnostics/v16,65,3250000000,65,65,65,36,1,65,3250000000,"model_generation","EXECUTED",298.02383200000003,""
uwb-imu-pl/gate-d-diagnostics/v16,65,3250000000,65,65,65,36,1,65,3250000000,"historical_sensitivity","EXECUTED",0.128716,""
uwb-imu-pl/gate-d-diagnostics/v16,65,3250000000,65,65,65,36,1,65,3250000000,"hypothesis_evidence","EXECUTED",1818.5258779999999,"effective_dimensions=1:464,2:41440,3:19200,other:0;context_bytes=10265792;worker_blocks=4"
uwb-imu-pl/gate-d-diagnostics/v16,65,3250000000,65,65,65,36,1,65,3250000000,"health_actions","EXECUTED",17.321885999999999,""
uwb-imu-pl/gate-d-diagnostics/v16,65,3250000000,65,65,65,36,1,65,3250000000,"hypothesis_audit","SKIPPED",,"disabled by output.write_hypothesis_evidence"
uwb-imu-pl/gate-d-diagnostics/v16,65,3250000000,65,65,65,36,1,65,3250000000,"base_factorization","EXECUTED",0.24862100000000001,""
uwb-imu-pl/gate-d-diagnostics/v16,65,3250000000,65,65,65,36,1,65,3250000000,"shared_cache","EXECUTED",0.0032360000000000002,""
uwb-imu-pl/gate-d-diagnostics/v16,65,3250000000,65,65,65,36,1,65,3250000000,"candidate_evaluation","EXECUTED",427.95422000000002,"rank=1;dense=0"
uwb-imu-pl/gate-d-diagnostics/v16,65,3250000000,65,65,65,36,1,65,3250000000,"fde_decision","EXECUTED",8.4271159999999998,""
uwb-imu-pl/gate-d-diagnostics/v16,65,3250000000,65,65,65,36,1,65,3250000000,"candidate_audit","EXECUTED",0.033092999999999997,""
uwb-imu-pl/gate-d-diagnostics/v16,65,3250000000,65,65,65,36,1,65,3250000000,"commit","EXECUTED",2.6671170000000002,""
uwb-imu-pl/gate-d-diagnostics/v16,65,3250000000,65,65,65,36,1,65,3250000000,"state_audit","EXECUTED",0.00040299999999999998,""
uwb-imu-pl/gate-d-diagnostics/v16,65,3250000000,65,65,65,36,1,65,3250000000,"finalize_commit_audit","EXECUTED",32.234935,"excludes separately timed commit/discard/state audit"
uwb-imu-pl/gate-d-diagnostics/v16,65,3250000000,65,65,65,36,1,65,3250000000,"discard","SKIPPED",,"upstream gate did not reach stage"
uwb-imu-pl/gate-d-diagnostics/v16,65,3250000000,65,65,65,36,1,65,3250000000,"core_total","EXECUTED",3049.3730839999998,""
uwb-imu-pl/gate-d-diagnostics/v16,66,3300000000,66,66,66,37,1,66,3300000000,"prepare","EXECUTED",2.722305,""
uwb-imu-pl/gate-d-diagnostics/v16,66,3300000000,66,66,66,37,1,66,3300000000,"integrity_window","EXECUTED",432.00329399999998,""
uwb-imu-pl/gate-d-diagnostics/v16,66,3300000000,66,66,66,37,1,66,3300000000,"window_boundary_provenance","EXECUTED",416.706414,""
uwb-imu-pl/gate-d-diagnostics/v16,66,3300000000,66,66,66,37,1,66,3300000000,"window_factor_linearization_whitening","EXECUTED",1.0529820000000001,""
uwb-imu-pl/gate-d-diagnostics/v16,66,3300000000,66,66,66,37,1,66,3300000000,"window_dense_assembly","EXECUTED",0.090737999999999999,""
uwb-imu-pl/gate-d-diagnostics/v16,66,3300000000,66,66,66,37,1,66,3300000000,"window_svd","EXECUTED",7.9110680000000002,""
uwb-imu-pl/gate-d-diagnostics/v16,66,3300000000,66,66,66,37,1,66,3300000000,"window_normal_equations","EXECUTED",0.34278199999999998,""
uwb-imu-pl/gate-d-diagnostics/v16,66,3300000000,66,66,66,37,1,66,3300000000,"window_llt_state_solves","EXECUTED",0.10323300000000001,""
uwb-imu-pl/gate-d-diagnostics/v16,66,3300000000,66,66,66,37,1,66,3300000000,"window_fingerprint","EXECUTED",4.3518780000000001,""
uwb-imu-pl/gate-d-diagnostics/v16,66,3300000000,66,66,66,37,1,66,3300000000,"all_in_detector","EXECUTED",0.30751600000000001,""
uwb-imu-pl/gate-d-diagnostics/v16,66,3300000000,66,66,66,37,1,66,3300000000,"current_sensitivity","EXECUTED",0.55119099999999999,""
uwb-imu-pl/gate-d-diagnostics/v16,66,3300000000,66,66,66,37,1,66,3300000000,"model_generation","EXECUTED",295.82093800000001,""
uwb-imu-pl/gate-d-diagnostics/v16,66,3300000000,66,66,66,37,1,66,3300000000,"historical_sensitivity","EXECUTED",0.15555199999999997,""
uwb-imu-pl/gate-d-diagnostics/v16,66,3300000000,66,66,66,37,1,66,3300000000,"hypothesis_evidence","EXECUTED",1817.684816,"effective_dimensions=1:464,2:41440,3:19200,other:0;context_bytes=10265792;worker_blocks=4"
uwb-imu-pl/gate-d-diagnostics/v16,66,3300000000,66,66,66,37,1,66,3300000000,"health_actions","EXECUTED",19.651691,""
uwb-imu-pl/gate-d-diagnostics/v16,66,3300000000,66,66,66,37,1,66,3300000000,"hypothesis_audit","SKIPPED",,"disabled by output.write_hypothesis_evidence"
uwb-imu-pl/gate-d-diagnostics/v16,66,3300000000,66,66,66,37,1,66,3300000000,"base_factorization","EXECUTED",0.26056400000000002,""
uwb-imu-pl/gate-d-diagnostics/v16,66,3300000000,66,66,66,37,1,66,3300000000,"shared_cache","EXECUTED",0.0034780000000000002,""
uwb-imu-pl/gate-d-diagnostics/v16,66,3300000000,66,66,66,37,1,66,3300000000,"candidate_evaluation","EXECUTED",424.53099800000001,"rank=1;dense=0"
uwb-imu-pl/gate-d-diagnostics/v16,66,3300000000,66,66,66,37,1,66,3300000000,"fde_decision","EXECUTED",12.124955999999999,""
uwb-imu-pl/gate-d-diagnostics/v16,66,3300000000,66,66,66,37,1,66,3300000000,"candidate_audit","EXECUTED",0.040870999999999998,""
uwb-imu-pl/gate-d-diagnostics/v16,66,3300000000,66,66,66,37,1,66,3300000000,"commit","EXECUTED",2.5916399999999999,""
uwb-imu-pl/gate-d-diagnostics/v16,66,3300000000,66,66,66,37,1,66,3300000000,"state_audit","EXECUTED",0.00056700000000000001,""
uwb-imu-pl/gate-d-diagnostics/v16,66,3300000000,66,66,66,37,1,66,3300000000,"finalize_commit_audit","EXECUTED",32.214149999999997,"excludes separately timed commit/discard/state audit"
uwb-imu-pl/gate-d-diagnostics/v16,66,3300000000,66,66,66,37,1,66,3300000000,"discard","SKIPPED",,"upstream gate did not reach stage"
uwb-imu-pl/gate-d-diagnostics/v16,66,3300000000,66,66,66,37,1,66,3300000000,"core_total","EXECUTED",3041.2105069999998,""
uwb-imu-pl/gate-d-diagnostics/v16,67,3350000000,67,67,67,38,1,67,3350000000,"prepare","EXECUTED",2.5709949999999999,""
uwb-imu-pl/gate-d-diagnostics/v16,67,3350000000,67,67,67,38,1,67,3350000000,"integrity_window","EXECUTED",431.82283799999999,""
uwb-imu-pl/gate-d-diagnostics/v16,67,3350000000,67,67,67,38,1,67,3350000000,"window_boundary_provenance","EXECUTED",416.89821799999999,""
uwb-imu-pl/gate-d-diagnostics/v16,67,3350000000,67,67,67,38,1,67,3350000000,"window_factor_linearization_whitening","EXECUTED",1.014073,""
uwb-imu-pl/gate-d-diagnostics/v16,67,3350000000,67,67,67,38,1,67,3350000000,"window_dense_assembly","EXECUTED",0.089732999999999993,""
uwb-imu-pl/gate-d-diagnostics/v16,67,3350000000,67,67,67,38,1,67,3350000000,"window_svd","EXECUTED",8.0808020000000003,""
uwb-imu-pl/gate-d-diagnostics/v16,67,3350000000,67,67,67,38,1,67,3350000000,"window_normal_equations","EXECUTED",0.34293899999999999,""
uwb-imu-pl/gate-d-diagnostics/v16,67,3350000000,67,67,67,38,1,67,3350000000,"window_llt_state_solves","EXECUTED",0.10953599999999999,""
uwb-imu-pl/gate-d-diagnostics/v16,67,3350000000,67,67,67,38,1,67,3350000000,"window_fingerprint","EXECUTED",3.9290609999999999,""
uwb-imu-pl/gate-d-diagnostics/v16,67,3350000000,67,67,67,38,1,67,3350000000,"all_in_detector","EXECUTED",0.25347199999999998,""
uwb-imu-pl/gate-d-diagnostics/v16,67,3350000000,67,67,67,38,1,67,3350000000,"current_sensitivity","EXECUTED",0.52185899999999996,""
uwb-imu-pl/gate-d-diagnostics/v16,67,3350000000,67,67,67,38,1,67,3350000000,"model_generation","EXECUTED",303.90669800000001,""
uwb-imu-pl/gate-d-diagnostics/v16,67,3350000000,67,67,67,38,1,67,3350000000,"historical_sensitivity","EXECUTED",0.12497500000000002,""
uwb-imu-pl/gate-d-diagnostics/v16,67,3350000000,67,67,67,38,1,67,3350000000,"hypothesis_evidence","EXECUTED",1826.082744,"effective_dimensions=1:464,2:41440,3:19200,other:0;context_bytes=10265792;worker_blocks=4"
uwb-imu-pl/gate-d-diagnostics/v16,67,3350000000,67,67,67,38,1,67,3350000000,"health_actions","EXECUTED",19.954663,""
uwb-imu-pl/gate-d-diagnostics/v16,67,3350000000,67,67,67,38,1,67,3350000000,"hypothesis_audit","SKIPPED",,"disabled by output.write_hypothesis_evidence"
uwb-imu-pl/gate-d-diagnostics/v16,67,3350000000,67,67,67,38,1,67,3350000000,"base_factorization","EXECUTED",0.267403,""
uwb-imu-pl/gate-d-diagnostics/v16,67,3350000000,67,67,67,38,1,67,3350000000,"shared_cache","EXECUTED",0.0031289999999999998,""
uwb-imu-pl/gate-d-diagnostics/v16,67,3350000000,67,67,67,38,1,67,3350000000,"candidate_evaluation","EXECUTED",426.87615099999999,"rank=1;dense=0"
uwb-imu-pl/gate-d-diagnostics/v16,67,3350000000,67,67,67,38,1,67,3350000000,"fde_decision","EXECUTED",10.047075,""
uwb-imu-pl/gate-d-diagnostics/v16,67,3350000000,67,67,67,38,1,67,3350000000,"candidate_audit","EXECUTED",0.048885999999999999,""
uwb-imu-pl/gate-d-diagnostics/v16,67,3350000000,67,67,67,38,1,67,3350000000,"commit","EXECUTED",5.0157239999999996,""
uwb-imu-pl/gate-d-diagnostics/v16,67,3350000000,67,67,67,38,1,67,3350000000,"state_audit","EXECUTED",0.00047699999999999999,""
uwb-imu-pl/gate-d-diagnostics/v16,67,3350000000,67,67,67,38,1,67,3350000000,"finalize_commit_audit","EXECUTED",43.412987000000001,"excludes separately timed commit/discard/state audit"
uwb-imu-pl/gate-d-diagnostics/v16,67,3350000000,67,67,67,38,1,67,3350000000,"discard","SKIPPED",,"upstream gate did not reach stage"
uwb-imu-pl/gate-d-diagnostics/v16,67,3350000000,67,67,67,38,1,67,3350000000,"core_total","EXECUTED",3071.6054330000002,""
uwb-imu-pl/gate-d-diagnostics/v16,68,3400000000,68,68,68,39,1,68,3400000000,"prepare","EXECUTED",2.4990619999999999,""
uwb-imu-pl/gate-d-diagnostics/v16,68,3400000000,68,68,68,39,1,68,3400000000,"integrity_window","EXECUTED",472.84688599999998,""
uwb-imu-pl/gate-d-diagnostics/v16,68,3400000000,68,68,68,39,1,68,3400000000,"window_boundary_provenance","EXECUTED",458.168316,""
uwb-imu-pl/gate-d-diagnostics/v16,68,3400000000,68,68,68,39,1,68,3400000000,"window_factor_linearization_whitening","EXECUTED",0.96204699999999999,""
uwb-imu-pl/gate-d-diagnostics/v16,68,3400000000,68,68,68,39,1,68,3400000000,"window_dense_assembly","EXECUTED",0.098854999999999998,""
uwb-imu-pl/gate-d-diagnostics/v16,68,3400000000,68,68,68,39,1,68,3400000000,"window_svd","EXECUTED",7.930161,""
uwb-imu-pl/gate-d-diagnostics/v16,68,3400000000,68,68,68,39,1,68,3400000000,"window_normal_equations","EXECUTED",0.343171,""
uwb-imu-pl/gate-d-diagnostics/v16,68,3400000000,68,68,68,39,1,68,3400000000,"window_llt_state_solves","EXECUTED",0.106766,""
uwb-imu-pl/gate-d-diagnostics/v16,68,3400000000,68,68,68,39,1,68,3400000000,"window_fingerprint","EXECUTED",3.8831509999999998,""
uwb-imu-pl/gate-d-diagnostics/v16,68,3400000000,68,68,68,39,1,68,3400000000,"all_in_detector","EXECUTED",0.28427000000000002,""
uwb-imu-pl/gate-d-diagnostics/v16,68,3400000000,68,68,68,39,1,68,3400000000,"current_sensitivity","EXECUTED",0.54718599999999995,""
uwb-imu-pl/gate-d-diagnostics/v16,68,3400000000,68,68,68,39,1,68,3400000000,"model_generation","EXECUTED",310.34720200000004,""
uwb-imu-pl/gate-d-diagnostics/v16,68,3400000000,68,68,68,39,1,68,3400000000,"historical_sensitivity","EXECUTED",0.12820300000000001,""
uwb-imu-pl/gate-d-diagnostics/v16,68,3400000000,68,68,68,39,1,68,3400000000,"hypothesis_evidence","EXECUTED",1823.6469509999999,"effective_dimensions=1:464,2:41440,3:19200,other:0;context_bytes=10265792;worker_blocks=4"
uwb-imu-pl/gate-d-diagnostics/v16,68,3400000000,68,68,68,39,1,68,3400000000,"health_actions","EXECUTED",18.904107,""
uwb-imu-pl/gate-d-diagnostics/v16,68,3400000000,68,68,68,39,1,68,3400000000,"hypothesis_audit","SKIPPED",,"disabled by output.write_hypothesis_evidence"
uwb-imu-pl/gate-d-diagnostics/v16,68,3400000000,68,68,68,39,1,68,3400000000,"base_factorization","EXECUTED",0.25235000000000002,""
uwb-imu-pl/gate-d-diagnostics/v16,68,3400000000,68,68,68,39,1,68,3400000000,"shared_cache","EXECUTED",0.0027659999999999998,""
uwb-imu-pl/gate-d-diagnostics/v16,68,3400000000,68,68,68,39,1,68,3400000000,"candidate_evaluation","EXECUTED",427.330578,"rank=1;dense=0"
uwb-imu-pl/gate-d-diagnostics/v16,68,3400000000,68,68,68,39,1,68,3400000000,"fde_decision","EXECUTED",10.762282000000001,""
uwb-imu-pl/gate-d-diagnostics/v16,68,3400000000,68,68,68,39,1,68,3400000000,"candidate_audit","EXECUTED",0.047944000000000001,""
uwb-imu-pl/gate-d-diagnostics/v16,68,3400000000,68,68,68,39,1,68,3400000000,"commit","EXECUTED",2.8691770000000001,""
uwb-imu-pl/gate-d-diagnostics/v16,68,3400000000,68,68,68,39,1,68,3400000000,"state_audit","EXECUTED",0.00064099999999999997,""
uwb-imu-pl/gate-d-diagnostics/v16,68,3400000000,68,68,68,39,1,68,3400000000,"finalize_commit_audit","EXECUTED",31.306107999999998,"excludes separately timed commit/discard/state audit"
uwb-imu-pl/gate-d-diagnostics/v16,68,3400000000,68,68,68,39,1,68,3400000000,"discard","SKIPPED",,"upstream gate did not reach stage"
uwb-imu-pl/gate-d-diagnostics/v16,68,3400000000,68,68,68,39,1,68,3400000000,"core_total","EXECUTED",3102.39221,""
uwb-imu-pl/gate-d-diagnostics/v16,69,3450000000,69,69,69,40,1,69,3450000000,"prepare","EXECUTED",2.6664029999999999,""
uwb-imu-pl/gate-d-diagnostics/v16,69,3450000000,69,69,69,40,1,69,3450000000,"integrity_window","EXECUTED",510.24589700000001,""
uwb-imu-pl/gate-d-diagnostics/v16,69,3450000000,69,69,69,40,1,69,3450000000,"window_boundary_provenance","EXECUTED",495.49429199999997,""
uwb-imu-pl/gate-d-diagnostics/v16,69,3450000000,69,69,69,40,1,69,3450000000,"window_factor_linearization_whitening","EXECUTED",1.1585540000000001,""
uwb-imu-pl/gate-d-diagnostics/v16,69,3450000000,69,69,69,40,1,69,3450000000,"window_dense_assembly","EXECUTED",0.10634299999999999,""
uwb-imu-pl/gate-d-diagnostics/v16,69,3450000000,69,69,69,40,1,69,3450000000,"window_svd","EXECUTED",7.72797,""
uwb-imu-pl/gate-d-diagnostics/v16,69,3450000000,69,69,69,40,1,69,3450000000,"window_normal_equations","EXECUTED",0.357794,""
uwb-imu-pl/gate-d-diagnostics/v16,69,3450000000,69,69,69,40,1,69,3450000000,"window_llt_state_solves","EXECUTED",0.108709,""
uwb-imu-pl/gate-d-diagnostics/v16,69,3450000000,69,69,69,40,1,69,3450000000,"window_fingerprint","EXECUTED",3.8624649999999998,""
uwb-imu-pl/gate-d-diagnostics/v16,69,3450000000,69,69,69,40,1,69,3450000000,"all_in_detector","EXECUTED",0.46135900000000002,""
uwb-imu-pl/gate-d-diagnostics/v16,69,3450000000,69,69,69,40,1,69,3450000000,"current_sensitivity","EXECUTED",0.76793400000000001,""
uwb-imu-pl/gate-d-diagnostics/v16,69,3450000000,69,69,69,40,1,69,3450000000,"model_generation","EXECUTED",308.77229599999998,""
uwb-imu-pl/gate-d-diagnostics/v16,69,3450000000,69,69,69,40,1,69,3450000000,"historical_sensitivity","EXECUTED",0.14848700000000001,""
uwb-imu-pl/gate-d-diagnostics/v16,69,3450000000,69,69,69,40,1,69,3450000000,"hypothesis_evidence","EXECUTED",1835.69399,"effective_dimensions=1:464,2:41440,3:19200,other:0;context_bytes=10265792;worker_blocks=4"
uwb-imu-pl/gate-d-diagnostics/v16,69,3450000000,69,69,69,40,1,69,3450000000,"health_actions","EXECUTED",19.020187,""
uwb-imu-pl/gate-d-diagnostics/v16,69,3450000000,69,69,69,40,1,69,3450000000,"hypothesis_audit","SKIPPED",,"disabled by output.write_hypothesis_evidence"
uwb-imu-pl/gate-d-diagnostics/v16,69,3450000000,69,69,69,40,1,69,3450000000,"base_factorization","EXECUTED",0.26245800000000002,""
uwb-imu-pl/gate-d-diagnostics/v16,69,3450000000,69,69,69,40,1,69,3450000000,"shared_cache","EXECUTED",0.0029150000000000001,""
uwb-imu-pl/gate-d-diagnostics/v16,69,3450000000,69,69,69,40,1,69,3450000000,"candidate_evaluation","EXECUTED",429.993807,"rank=1;dense=0"
uwb-imu-pl/gate-d-diagnostics/v16,69,3450000000,69,69,69,40,1,69,3450000000,"fde_decision","EXECUTED",10.760377999999999,""
uwb-imu-pl/gate-d-diagnostics/v16,69,3450000000,69,69,69,40,1,69,3450000000,"candidate_audit","EXECUTED",0.039648000000000003,""
uwb-imu-pl/gate-d-diagnostics/v16,69,3450000000,69,69,69,40,1,69,3450000000,"commit","EXECUTED",2.452871,""
uwb-imu-pl/gate-d-diagnostics/v16,69,3450000000,69,69,69,40,1,69,3450000000,"state_audit","EXECUTED",0.00062600000000000004,""
uwb-imu-pl/gate-d-diagnostics/v16,69,3450000000,69,69,69,40,1,69,3450000000,"finalize_commit_audit","EXECUTED",34.457995000000004,"excludes separately timed commit/discard/state audit"
uwb-imu-pl/gate-d-diagnostics/v16,69,3450000000,69,69,69,40,1,69,3450000000,"discard","SKIPPED",,"upstream gate did not reach stage"
uwb-imu-pl/gate-d-diagnostics/v16,69,3450000000,69,69,69,40,1,69,3450000000,"core_total","EXECUTED",3156.2826639999998,""
uwb-imu-pl/gate-d-diagnostics/v16,70,3500000000,70,70,70,41,1,70,3500000000,"prepare","EXECUTED",3.1885279999999998,""
uwb-imu-pl/gate-d-diagnostics/v16,70,3500000000,70,70,70,41,1,70,3500000000,"integrity_window","EXECUTED",537.177235,""
uwb-imu-pl/gate-d-diagnostics/v16,70,3500000000,70,70,70,41,1,70,3500000000,"window_boundary_provenance","EXECUTED",521.66901600000006,""
uwb-imu-pl/gate-d-diagnostics/v16,70,3500000000,70,70,70,41,1,70,3500000000,"window_factor_linearization_whitening","EXECUTED",0.97769399999999995,""
uwb-imu-pl/gate-d-diagnostics/v16,70,3500000000,70,70,70,41,1,70,3500000000,"window_dense_assembly","EXECUTED",0.10377,""
uwb-imu-pl/gate-d-diagnostics/v16,70,3500000000,70,70,70,41,1,70,3500000000,"window_svd","EXECUTED",7.4644570000000003,""
uwb-imu-pl/gate-d-diagnostics/v16,70,3500000000,70,70,70,41,1,70,3500000000,"window_normal_equations","EXECUTED",0.32203399999999999,""
uwb-imu-pl/gate-d-diagnostics/v16,70,3500000000,70,70,70,41,1,70,3500000000,"window_llt_state_solves","EXECUTED",0.097212000000000007,""
uwb-imu-pl/gate-d-diagnostics/v16,70,3500000000,70,70,70,41,1,70,3500000000,"window_fingerprint","EXECUTED",4.9736880000000001,""
uwb-imu-pl/gate-d-diagnostics/v16,70,3500000000,70,70,70,41,1,70,3500000000,"all_in_detector","EXECUTED",0.27926000000000001,""
uwb-imu-pl/gate-d-diagnostics/v16,70,3500000000,70,70,70,41,1,70,3500000000,"current_sensitivity","EXECUTED",0.63372700000000004,""
uwb-imu-pl/gate-d-diagnostics/v16,70,3500000000,70,70,70,41,1,70,3500000000,"model_generation","EXECUTED",304.12959699999999,""
uwb-imu-pl/gate-d-diagnostics/v16,70,3500000000,70,70,70,41,1,70,3500000000,"historical_sensitivity","EXECUTED",0.14420900000000003,""
uwb-imu-pl/gate-d-diagnostics/v16,70,3500000000,70,70,70,41,1,70,3500000000,"hypothesis_evidence","EXECUTED",1844.3758620000001,"effective_dimensions=1:464,2:41440,3:19200,other:0;context_bytes=10265792;worker_blocks=4"
uwb-imu-pl/gate-d-diagnostics/v16,70,3500000000,70,70,70,41,1,70,3500000000,"health_actions","EXECUTED",17.977817999999999,""
uwb-imu-pl/gate-d-diagnostics/v16,70,3500000000,70,70,70,41,1,70,3500000000,"hypothesis_audit","SKIPPED",,"disabled by output.write_hypothesis_evidence"
uwb-imu-pl/gate-d-diagnostics/v16,70,3500000000,70,70,70,41,1,70,3500000000,"base_factorization","EXECUTED",0.26518700000000001,""
uwb-imu-pl/gate-d-diagnostics/v16,70,3500000000,70,70,70,41,1,70,3500000000,"shared_cache","EXECUTED",0.0037680000000000001,""
uwb-imu-pl/gate-d-diagnostics/v16,70,3500000000,70,70,70,41,1,70,3500000000,"candidate_evaluation","EXECUTED",433.13873799999999,"rank=1;dense=0"
uwb-imu-pl/gate-d-diagnostics/v16,70,3500000000,70,70,70,41,1,70,3500000000,"fde_decision","EXECUTED",8.7232520000000005,""
uwb-imu-pl/gate-d-diagnostics/v16,70,3500000000,70,70,70,41,1,70,3500000000,"candidate_audit","EXECUTED",0.029956,""
uwb-imu-pl/gate-d-diagnostics/v16,70,3500000000,70,70,70,41,1,70,3500000000,"commit","EXECUTED",1.92137,""
uwb-imu-pl/gate-d-diagnostics/v16,70,3500000000,70,70,70,41,1,70,3500000000,"state_audit","EXECUTED",0.00057700000000000004,""
uwb-imu-pl/gate-d-diagnostics/v16,70,3500000000,70,70,70,41,1,70,3500000000,"finalize_commit_audit","EXECUTED",33.987710999999997,"excludes separately timed commit/discard/state audit"
uwb-imu-pl/gate-d-diagnostics/v16,70,3500000000,70,70,70,41,1,70,3500000000,"discard","SKIPPED",,"upstream gate did not reach stage"
uwb-imu-pl/gate-d-diagnostics/v16,70,3500000000,70,70,70,41,1,70,3500000000,"core_total","EXECUTED",3186.7021589999999,""
uwb-imu-pl/gate-d-diagnostics/v16,71,3550000000,71,71,71,42,1,71,3550000000,"prepare","EXECUTED",2.7152400000000001,""
uwb-imu-pl/gate-d-diagnostics/v16,71,3550000000,71,71,71,42,1,71,3550000000,"integrity_window","EXECUTED",550.45491600000003,""
uwb-imu-pl/gate-d-diagnostics/v16,71,3550000000,71,71,71,42,1,71,3550000000,"window_boundary_provenance","EXECUTED",534.85477900000001,""
uwb-imu-pl/gate-d-diagnostics/v16,71,3550000000,71,71,71,42,1,71,3550000000,"window_factor_linearization_whitening","EXECUTED",1.0303640000000001,""
uwb-imu-pl/gate-d-diagnostics/v16,71,3550000000,71,71,71,42,1,71,3550000000,"window_dense_assembly","EXECUTED",0.087682999999999997,""
uwb-imu-pl/gate-d-diagnostics/v16,71,3550000000,71,71,71,42,1,71,3550000000,"window_svd","EXECUTED",8.3869290000000003,""
uwb-imu-pl/gate-d-diagnostics/v16,71,3550000000,71,71,71,42,1,71,3550000000,"window_normal_equations","EXECUTED",0.38246599999999997,""
uwb-imu-pl/gate-d-diagnostics/v16,71,3550000000,71,71,71,42,1,71,3550000000,"window_llt_state_solves","EXECUTED",0.12510099999999999,""
uwb-imu-pl/gate-d-diagnostics/v16,71,3550000000,71,71,71,42,1,71,3550000000,"window_fingerprint","EXECUTED",4.2341540000000002,""
uwb-imu-pl/gate-d-diagnostics/v16,71,3550000000,71,71,71,42,1,71,3550000000,"all_in_detector","EXECUTED",0.285443,""
uwb-imu-pl/gate-d-diagnostics/v16,71,3550000000,71,71,71,42,1,71,3550000000,"current_sensitivity","EXECUTED",0.52990199999999998,""
uwb-imu-pl/gate-d-diagnostics/v16,71,3550000000,71,71,71,42,1,71,3550000000,"model_generation","EXECUTED",311.75413800000001,""
uwb-imu-pl/gate-d-diagnostics/v16,71,3550000000,71,71,71,42,1,71,3550000000,"historical_sensitivity","EXECUTED",0.12173600000000001,""
uwb-imu-pl/gate-d-diagnostics/v16,71,3550000000,71,71,71,42,1,71,3550000000,"hypothesis_evidence","EXECUTED",1811.5235290000001,"effective_dimensions=1:464,2:41440,3:19200,other:0;context_bytes=10265792;worker_blocks=4"
uwb-imu-pl/gate-d-diagnostics/v16,71,3550000000,71,71,71,42,1,71,3550000000,"health_actions","EXECUTED",20.400006999999999,""
uwb-imu-pl/gate-d-diagnostics/v16,71,3550000000,71,71,71,42,1,71,3550000000,"hypothesis_audit","SKIPPED",,"disabled by output.write_hypothesis_evidence"
uwb-imu-pl/gate-d-diagnostics/v16,71,3550000000,71,71,71,42,1,71,3550000000,"base_factorization","EXECUTED",0.30261300000000002,""
uwb-imu-pl/gate-d-diagnostics/v16,71,3550000000,71,71,71,42,1,71,3550000000,"shared_cache","EXECUTED",0.0046620000000000003,""
uwb-imu-pl/gate-d-diagnostics/v16,71,3550000000,71,71,71,42,1,71,3550000000,"candidate_evaluation","EXECUTED",425.927863,"rank=1;dense=0"
uwb-imu-pl/gate-d-diagnostics/v16,71,3550000000,71,71,71,42,1,71,3550000000,"fde_decision","EXECUTED",10.223905,""
uwb-imu-pl/gate-d-diagnostics/v16,71,3550000000,71,71,71,42,1,71,3550000000,"candidate_audit","EXECUTED",0.041507000000000002,""
uwb-imu-pl/gate-d-diagnostics/v16,71,3550000000,71,71,71,42,1,71,3550000000,"commit","EXECUTED",1.850104,""
uwb-imu-pl/gate-d-diagnostics/v16,71,3550000000,71,71,71,42,1,71,3550000000,"state_audit","EXECUTED",0.00055800000000000001,""
uwb-imu-pl/gate-d-diagnostics/v16,71,3550000000,71,71,71,42,1,71,3550000000,"finalize_commit_audit","EXECUTED",34.003991999999997,"excludes separately timed commit/discard/state audit"
uwb-imu-pl/gate-d-diagnostics/v16,71,3550000000,71,71,71,42,1,71,3550000000,"discard","SKIPPED",,"upstream gate did not reach stage"
uwb-imu-pl/gate-d-diagnostics/v16,71,3550000000,71,71,71,42,1,71,3550000000,"core_total","EXECUTED",3171.0078319999998,""
uwb-imu-pl/gate-d-diagnostics/v16,72,3600000000,72,72,72,43,1,72,3600000000,"prepare","EXECUTED",2.3988550000000002,""
uwb-imu-pl/gate-d-diagnostics/v16,72,3600000000,72,72,72,43,1,72,3600000000,"integrity_window","EXECUTED",595.95532300000002,""
uwb-imu-pl/gate-d-diagnostics/v16,72,3600000000,72,72,72,43,1,72,3600000000,"window_boundary_provenance","EXECUTED",581.20172200000002,""
uwb-imu-pl/gate-d-diagnostics/v16,72,3600000000,72,72,72,43,1,72,3600000000,"window_factor_linearization_whitening","EXECUTED",1.0307649999999999,""
uwb-imu-pl/gate-d-diagnostics/v16,72,3600000000,72,72,72,43,1,72,3600000000,"window_dense_assembly","EXECUTED",0.090470999999999996,""
uwb-imu-pl/gate-d-diagnostics/v16,72,3600000000,72,72,72,43,1,72,3600000000,"window_svd","EXECUTED",8.0528549999999992,""
uwb-imu-pl/gate-d-diagnostics/v16,72,3600000000,72,72,72,43,1,72,3600000000,"window_normal_equations","EXECUTED",0.33609600000000001,""
uwb-imu-pl/gate-d-diagnostics/v16,72,3600000000,72,72,72,43,1,72,3600000000,"window_llt_state_solves","EXECUTED",0.107823,""
uwb-imu-pl/gate-d-diagnostics/v16,72,3600000000,72,72,72,43,1,72,3600000000,"window_fingerprint","EXECUTED",3.7736619999999998,""
uwb-imu-pl/gate-d-diagnostics/v16,72,3600000000,72,72,72,43,1,72,3600000000,"all_in_detector","EXECUTED",0.26943299999999998,""
uwb-imu-pl/gate-d-diagnostics/v16,72,3600000000,72,72,72,43,1,72,3600000000,"current_sensitivity","EXECUTED",0.64538399999999996,""
uwb-imu-pl/gate-d-diagnostics/v16,72,3600000000,72,72,72,43,1,72,3600000000,"model_generation","EXECUTED",300.08020299999998,""
uwb-imu-pl/gate-d-diagnostics/v16,72,3600000000,72,72,72,43,1,72,3600000000,"historical_sensitivity","EXECUTED",0.12600599999999998,""
uwb-imu-pl/gate-d-diagnostics/v16,72,3600000000,72,72,72,43,1,72,3600000000,"hypothesis_evidence","EXECUTED",1811.8425520000001,"effective_dimensions=1:464,2:41440,3:19200,other:0;context_bytes=10265792;worker_blocks=4"
uwb-imu-pl/gate-d-diagnostics/v16,72,3600000000,72,72,72,43,1,72,3600000000,"health_actions","EXECUTED",18.213232000000001,""
uwb-imu-pl/gate-d-diagnostics/v16,72,3600000000,72,72,72,43,1,72,3600000000,"hypothesis_audit","SKIPPED",,"disabled by output.write_hypothesis_evidence"
uwb-imu-pl/gate-d-diagnostics/v16,72,3600000000,72,72,72,43,1,72,3600000000,"base_factorization","EXECUTED",0.25417099999999998,""
uwb-imu-pl/gate-d-diagnostics/v16,72,3600000000,72,72,72,43,1,72,3600000000,"shared_cache","EXECUTED",0.0038779999999999999,""
uwb-imu-pl/gate-d-diagnostics/v16,72,3600000000,72,72,72,43,1,72,3600000000,"candidate_evaluation","EXECUTED",430.93883899999997,"rank=1;dense=0"
uwb-imu-pl/gate-d-diagnostics/v16,72,3600000000,72,72,72,43,1,72,3600000000,"fde_decision","EXECUTED",8.7689450000000004,""
uwb-imu-pl/gate-d-diagnostics/v16,72,3600000000,72,72,72,43,1,72,3600000000,"candidate_audit","EXECUTED",0.033835999999999998,""
uwb-imu-pl/gate-d-diagnostics/v16,72,3600000000,72,72,72,43,1,72,3600000000,"commit","EXECUTED",2.2075100000000001,""
uwb-imu-pl/gate-d-diagnostics/v16,72,3600000000,72,72,72,43,1,72,3600000000,"state_audit","EXECUTED",0.00071100000000000004,""
uwb-imu-pl/gate-d-diagnostics/v16,72,3600000000,72,72,72,43,1,72,3600000000,"finalize_commit_audit","EXECUTED",38.028608999999996,"excludes separately timed commit/discard/state audit"
uwb-imu-pl/gate-d-diagnostics/v16,72,3600000000,72,72,72,43,1,72,3600000000,"discard","SKIPPED",,"upstream gate did not reach stage"
uwb-imu-pl/gate-d-diagnostics/v16,72,3600000000,72,72,72,43,1,72,3600000000,"core_total","EXECUTED",3210.515727,""
uwb-imu-pl/gate-d-diagnostics/v16,73,3650000000,73,73,73,44,1,73,3650000000,"prepare","EXECUTED",2.7747190000000002,""
uwb-imu-pl/gate-d-diagnostics/v16,73,3650000000,73,73,73,44,1,73,3650000000,"integrity_window","EXECUTED",576.20795999999996,""
uwb-imu-pl/gate-d-diagnostics/v16,73,3650000000,73,73,73,44,1,73,3650000000,"window_boundary_provenance","EXECUTED",560.96226999999999,""
uwb-imu-pl/gate-d-diagnostics/v16,73,3650000000,73,73,73,44,1,73,3650000000,"window_factor_linearization_whitening","EXECUTED",1.255101,""
uwb-imu-pl/gate-d-diagnostics/v16,73,3650000000,73,73,73,44,1,73,3650000000,"window_dense_assembly","EXECUTED",0.13237299999999999,""
uwb-imu-pl/gate-d-diagnostics/v16,73,3650000000,73,73,73,44,1,73,3650000000,"window_svd","EXECUTED",7.9738709999999999,""
uwb-imu-pl/gate-d-diagnostics/v16,73,3650000000,73,73,73,44,1,73,3650000000,"window_normal_equations","EXECUTED",0.337648,""
uwb-imu-pl/gate-d-diagnostics/v16,73,3650000000,73,73,73,44,1,73,3650000000,"window_llt_state_solves","EXECUTED",0.107255,""
uwb-imu-pl/gate-d-diagnostics/v16,73,3650000000,73,73,73,44,1,73,3650000000,"window_fingerprint","EXECUTED",3.9524889999999999,""
uwb-imu-pl/gate-d-diagnostics/v16,73,3650000000,73,73,73,44,1,73,3650000000,"all_in_detector","EXECUTED",0.27281899999999998,""
uwb-imu-pl/gate-d-diagnostics/v16,73,3650000000,73,73,73,44,1,73,3650000000,"current_sensitivity","EXECUTED",0.64941899999999997,""
uwb-imu-pl/gate-d-diagnostics/v16,73,3650000000,73,73,73,44,1,73,3650000000,"model_generation","EXECUTED",300.19448599999998,""
uwb-imu-pl/gate-d-diagnostics/v16,73,3650000000,73,73,73,44,1,73,3650000000,"historical_sensitivity","EXECUTED",0.13245300000000002,""
uwb-imu-pl/gate-d-diagnostics/v16,73,3650000000,73,73,73,44,1,73,3650000000,"hypothesis_evidence","EXECUTED",1803.2822619999999,"effective_dimensions=1:464,2:41440,3:19200,other:0;context_bytes=10265792;worker_blocks=4"
uwb-imu-pl/gate-d-diagnostics/v16,73,3650000000,73,73,73,44,1,73,3650000000,"health_actions","EXECUTED",17.884038,""
uwb-imu-pl/gate-d-diagnostics/v16,73,3650000000,73,73,73,44,1,73,3650000000,"hypothesis_audit","SKIPPED",,"disabled by output.write_hypothesis_evidence"
uwb-imu-pl/gate-d-diagnostics/v16,73,3650000000,73,73,73,44,1,73,3650000000,"base_factorization","EXECUTED",0.25355800000000001,""
uwb-imu-pl/gate-d-diagnostics/v16,73,3650000000,73,73,73,44,1,73,3650000000,"shared_cache","EXECUTED",0.0031319999999999998,""
uwb-imu-pl/gate-d-diagnostics/v16,73,3650000000,73,73,73,44,1,73,3650000000,"candidate_evaluation","EXECUTED",422.15694000000002,"rank=1;dense=0"
uwb-imu-pl/gate-d-diagnostics/v16,73,3650000000,73,73,73,44,1,73,3650000000,"fde_decision","EXECUTED",9.3417510000000004,""
uwb-imu-pl/gate-d-diagnostics/v16,73,3650000000,73,73,73,44,1,73,3650000000,"candidate_audit","EXECUTED",0.039725999999999997,""
uwb-imu-pl/gate-d-diagnostics/v16,73,3650000000,73,73,73,44,1,73,3650000000,"commit","EXECUTED",2.071796,""
uwb-imu-pl/gate-d-diagnostics/v16,73,3650000000,73,73,73,44,1,73,3650000000,"state_audit","EXECUTED",0.00058399999999999999,""
uwb-imu-pl/gate-d-diagnostics/v16,73,3650000000,73,73,73,44,1,73,3650000000,"finalize_commit_audit","EXECUTED",34.177557,"excludes separately timed commit/discard/state audit"
uwb-imu-pl/gate-d-diagnostics/v16,73,3650000000,73,73,73,44,1,73,3650000000,"discard","SKIPPED",,"upstream gate did not reach stage"
uwb-imu-pl/gate-d-diagnostics/v16,73,3650000000,73,73,73,44,1,73,3650000000,"core_total","EXECUTED",3170.0476899999999,""
uwb-imu-pl/gate-d-diagnostics/v16,74,3700000000,74,74,74,45,1,74,3700000000,"prepare","EXECUTED",4.5957840000000001,""
uwb-imu-pl/gate-d-diagnostics/v16,74,3700000000,74,74,74,45,1,74,3700000000,"integrity_window","EXECUTED",605.77372100000002,""
uwb-imu-pl/gate-d-diagnostics/v16,74,3700000000,74,74,74,45,1,74,3700000000,"window_boundary_provenance","EXECUTED",590.91437800000006,""
uwb-imu-pl/gate-d-diagnostics/v16,74,3700000000,74,74,74,45,1,74,3700000000,"window_factor_linearization_whitening","EXECUTED",1.010926,""
uwb-imu-pl/gate-d-diagnostics/v16,74,3700000000,74,74,74,45,1,74,3700000000,"window_dense_assembly","EXECUTED",0.063442999999999999,""
uwb-imu-pl/gate-d-diagnostics/v16,74,3700000000,74,74,74,45,1,74,3700000000,"window_svd","EXECUTED",8.0767109999999995,""
uwb-imu-pl/gate-d-diagnostics/v16,74,3700000000,74,74,74,45,1,74,3700000000,"window_normal_equations","EXECUTED",0.33506399999999997,""
uwb-imu-pl/gate-d-diagnostics/v16,74,3700000000,74,74,74,45,1,74,3700000000,"window_llt_state_solves","EXECUTED",0.109332,""
uwb-imu-pl/gate-d-diagnostics/v16,74,3700000000,74,74,74,45,1,74,3700000000,"window_fingerprint","EXECUTED",3.9068770000000002,""
uwb-imu-pl/gate-d-diagnostics/v16,74,3700000000,74,74,74,45,1,74,3700000000,"all_in_detector","EXECUTED",0.26601999999999998,""
uwb-imu-pl/gate-d-diagnostics/v16,74,3700000000,74,74,74,45,1,74,3700000000,"current_sensitivity","EXECUTED",0.50048199999999998,""
uwb-imu-pl/gate-d-diagnostics/v16,74,3700000000,74,74,74,45,1,74,3700000000,"model_generation","EXECUTED",304.86694599999998,""
uwb-imu-pl/gate-d-diagnostics/v16,74,3700000000,74,74,74,45,1,74,3700000000,"historical_sensitivity","EXECUTED",0.12979499999999999,""
uwb-imu-pl/gate-d-diagnostics/v16,74,3700000000,74,74,74,45,1,74,3700000000,"hypothesis_evidence","EXECUTED",1821.9629210000001,"effective_dimensions=1:464,2:41440,3:19200,other:0;context_bytes=10265792;worker_blocks=4"
uwb-imu-pl/gate-d-diagnostics/v16,74,3700000000,74,74,74,45,1,74,3700000000,"health_actions","EXECUTED",19.600145000000001,""
uwb-imu-pl/gate-d-diagnostics/v16,74,3700000000,74,74,74,45,1,74,3700000000,"hypothesis_audit","SKIPPED",,"disabled by output.write_hypothesis_evidence"
uwb-imu-pl/gate-d-diagnostics/v16,74,3700000000,74,74,74,45,1,74,3700000000,"base_factorization","EXECUTED",0.27224199999999998,""
uwb-imu-pl/gate-d-diagnostics/v16,74,3700000000,74,74,74,45,1,74,3700000000,"shared_cache","EXECUTED",0.0041149999999999997,""
uwb-imu-pl/gate-d-diagnostics/v16,74,3700000000,74,74,74,45,1,74,3700000000,"candidate_evaluation","EXECUTED",423.32046400000002,"rank=1;dense=0"
uwb-imu-pl/gate-d-diagnostics/v16,74,3700000000,74,74,74,45,1,74,3700000000,"fde_decision","EXECUTED",9.8073940000000004,""
uwb-imu-pl/gate-d-diagnostics/v16,74,3700000000,74,74,74,45,1,74,3700000000,"candidate_audit","EXECUTED",0.044801000000000001,""
uwb-imu-pl/gate-d-diagnostics/v16,74,3700000000,74,74,74,45,1,74,3700000000,"commit","EXECUTED",2.4462009999999998,""
uwb-imu-pl/gate-d-diagnostics/v16,74,3700000000,74,74,74,45,1,74,3700000000,"state_audit","EXECUTED",0.00056899999999999995,""
uwb-imu-pl/gate-d-diagnostics/v16,74,3700000000,74,74,74,45,1,74,3700000000,"finalize_commit_audit","EXECUTED",36.564343999999998,"excludes separately timed commit/discard/state audit"
uwb-imu-pl/gate-d-diagnostics/v16,74,3700000000,74,74,74,45,1,74,3700000000,"discard","SKIPPED",,"upstream gate did not reach stage"
uwb-imu-pl/gate-d-diagnostics/v16,74,3700000000,74,74,74,45,1,74,3700000000,"core_total","EXECUTED",3230.778793,""
uwb-imu-pl/gate-d-diagnostics/v16,75,3750000000,75,75,75,46,1,75,3750000000,"prepare","EXECUTED",2.7468129999999999,""
uwb-imu-pl/gate-d-diagnostics/v16,75,3750000000,75,75,75,46,1,75,3750000000,"integrity_window","EXECUTED",670.04933200000005,""
uwb-imu-pl/gate-d-diagnostics/v16,75,3750000000,75,75,75,46,1,75,3750000000,"window_boundary_provenance","EXECUTED",654.35704699999997,""
uwb-imu-pl/gate-d-diagnostics/v16,75,3750000000,75,75,75,46,1,75,3750000000,"window_factor_linearization_whitening","EXECUTED",1.196528,""
uwb-imu-pl/gate-d-diagnostics/v16,75,3750000000,75,75,75,46,1,75,3750000000,"window_dense_assembly","EXECUTED",0.13405500000000001,""
uwb-imu-pl/gate-d-diagnostics/v16,75,3750000000,75,75,75,46,1,75,3750000000,"window_svd","EXECUTED",8.4204640000000008,""
uwb-imu-pl/gate-d-diagnostics/v16,75,3750000000,75,75,75,46,1,75,3750000000,"window_normal_equations","EXECUTED",0.45423400000000003,""
uwb-imu-pl/gate-d-diagnostics/v16,75,3750000000,75,75,75,46,1,75,3750000000,"window_llt_state_solves","EXECUTED",0.11304400000000001,""
uwb-imu-pl/gate-d-diagnostics/v16,75,3750000000,75,75,75,46,1,75,3750000000,"window_fingerprint","EXECUTED",4.0145960000000001,""
uwb-imu-pl/gate-d-diagnostics/v16,75,3750000000,75,75,75,46,1,75,3750000000,"all_in_detector","EXECUTED",0.25654199999999999,""
uwb-imu-pl/gate-d-diagnostics/v16,75,3750000000,75,75,75,46,1,75,3750000000,"current_sensitivity","EXECUTED",0.56009399999999998,""
uwb-imu-pl/gate-d-diagnostics/v16,75,3750000000,75,75,75,46,1,75,3750000000,"model_generation","EXECUTED",303.58335399999999,""
uwb-imu-pl/gate-d-diagnostics/v16,75,3750000000,75,75,75,46,1,75,3750000000,"historical_sensitivity","EXECUTED",0.12459300000000001,""
uwb-imu-pl/gate-d-diagnostics/v16,75,3750000000,75,75,75,46,1,75,3750000000,"hypothesis_evidence","EXECUTED",1815.1286560000001,"effective_dimensions=1:464,2:41440,3:19200,other:0;context_bytes=10265792;worker_blocks=4"
uwb-imu-pl/gate-d-diagnostics/v16,75,3750000000,75,75,75,46,1,75,3750000000,"health_actions","EXECUTED",18.126895999999999,""
uwb-imu-pl/gate-d-diagnostics/v16,75,3750000000,75,75,75,46,1,75,3750000000,"hypothesis_audit","SKIPPED",,"disabled by output.write_hypothesis_evidence"
uwb-imu-pl/gate-d-diagnostics/v16,75,3750000000,75,75,75,46,1,75,3750000000,"base_factorization","EXECUTED",0.25072299999999997,""
uwb-imu-pl/gate-d-diagnostics/v16,75,3750000000,75,75,75,46,1,75,3750000000,"shared_cache","EXECUTED",0.0038709999999999999,""
uwb-imu-pl/gate-d-diagnostics/v16,75,3750000000,75,75,75,46,1,75,3750000000,"candidate_evaluation","EXECUTED",423.31485099999998,"rank=0;dense=1;RANK_PRECONDITION_EXACT_MARGIN=1"
uwb-imu-pl/gate-d-diagnostics/v16,75,3750000000,75,75,75,46,1,75,3750000000,"fde_decision","EXECUTED",8.5895679999999999,""
uwb-imu-pl/gate-d-diagnostics/v16,75,3750000000,75,75,75,46,1,75,3750000000,"candidate_audit","EXECUTED",0.032925999999999997,""
uwb-imu-pl/gate-d-diagnostics/v16,75,3750000000,75,75,75,46,1,75,3750000000,"commit","EXECUTED",2.0653549999999998,""
uwb-imu-pl/gate-d-diagnostics/v16,75,3750000000,75,75,75,46,1,75,3750000000,"state_audit","EXECUTED",0.00044099999999999999,""
uwb-imu-pl/gate-d-diagnostics/v16,75,3750000000,75,75,75,46,1,75,3750000000,"finalize_commit_audit","EXECUTED",33.007220000000004,"excludes separately timed commit/discard/state audit"
uwb-imu-pl/gate-d-diagnostics/v16,75,3750000000,75,75,75,46,1,75,3750000000,"discard","SKIPPED",,"upstream gate did not reach stage"
uwb-imu-pl/gate-d-diagnostics/v16,75,3750000000,75,75,75,46,1,75,3750000000,"core_total","EXECUTED",3278.3941629999999,""
uwb-imu-pl/gate-d-diagnostics/v16,76,3800000000,76,76,76,47,1,76,3800000000,"prepare","EXECUTED",2.8499319999999999,""
uwb-imu-pl/gate-d-diagnostics/v16,76,3800000000,76,76,76,47,1,76,3800000000,"integrity_window","EXECUTED",429.20753400000001,""
uwb-imu-pl/gate-d-diagnostics/v16,76,3800000000,76,76,76,47,1,76,3800000000,"window_boundary_provenance","EXECUTED",413.59372400000001,""
uwb-imu-pl/gate-d-diagnostics/v16,76,3800000000,76,76,76,47,1,76,3800000000,"window_factor_linearization_whitening","EXECUTED",1.232308,""
uwb-imu-pl/gate-d-diagnostics/v16,76,3800000000,76,76,76,47,1,76,3800000000,"window_dense_assembly","EXECUTED",0.110101,""
uwb-imu-pl/gate-d-diagnostics/v16,76,3800000000,76,76,76,47,1,76,3800000000,"window_svd","EXECUTED",7.8740379999999996,""
uwb-imu-pl/gate-d-diagnostics/v16,76,3800000000,76,76,76,47,1,76,3800000000,"window_normal_equations","EXECUTED",0.341698,""
uwb-imu-pl/gate-d-diagnostics/v16,76,3800000000,76,76,76,47,1,76,3800000000,"window_llt_state_solves","EXECUTED",0.13525999999999999,""
uwb-imu-pl/gate-d-diagnostics/v16,76,3800000000,76,76,76,47,1,76,3800000000,"window_fingerprint","EXECUTED",3.8541660000000002,""
uwb-imu-pl/gate-d-diagnostics/v16,76,3800000000,76,76,76,47,1,76,3800000000,"all_in_detector","EXECUTED",0.81408000000000003,""
uwb-imu-pl/gate-d-diagnostics/v16,76,3800000000,76,76,76,47,1,76,3800000000,"current_sensitivity","EXECUTED",1.0488649999999999,""
uwb-imu-pl/gate-d-diagnostics/v16,76,3800000000,76,76,76,47,1,76,3800000000,"model_generation","EXECUTED",302.49980599999998,""
uwb-imu-pl/gate-d-diagnostics/v16,76,3800000000,76,76,76,47,1,76,3800000000,"historical_sensitivity","EXECUTED",0.13325899999999999,""
uwb-imu-pl/gate-d-diagnostics/v16,76,3800000000,76,76,76,47,1,76,3800000000,"hypothesis_evidence","EXECUTED",1807.916786,"effective_dimensions=1:464,2:41440,3:19200,other:0;context_bytes=10265792;worker_blocks=4"
uwb-imu-pl/gate-d-diagnostics/v16,76,3800000000,76,76,76,47,1,76,3800000000,"health_actions","EXECUTED",19.012903000000001,""
uwb-imu-pl/gate-d-diagnostics/v16,76,3800000000,76,76,76,47,1,76,3800000000,"hypothesis_audit","SKIPPED",,"disabled by output.write_hypothesis_evidence"
uwb-imu-pl/gate-d-diagnostics/v16,76,3800000000,76,76,76,47,1,76,3800000000,"base_factorization","EXECUTED",0.26431900000000003,""
uwb-imu-pl/gate-d-diagnostics/v16,76,3800000000,76,76,76,47,1,76,3800000000,"shared_cache","EXECUTED",0.0028649999999999999,""
uwb-imu-pl/gate-d-diagnostics/v16,76,3800000000,76,76,76,47,1,76,3800000000,"candidate_evaluation","EXECUTED",428.66100999999998,"rank=1;dense=0"
uwb-imu-pl/gate-d-diagnostics/v16,76,3800000000,76,76,76,47,1,76,3800000000,"fde_decision","EXECUTED",9.5185860000000009,""
uwb-imu-pl/gate-d-diagnostics/v16,76,3800000000,76,76,76,47,1,76,3800000000,"candidate_audit","EXECUTED",0.043067000000000001,""
uwb-imu-pl/gate-d-diagnostics/v16,76,3800000000,76,76,76,47,1,76,3800000000,"commit","EXECUTED",2.5430860000000002,""
uwb-imu-pl/gate-d-diagnostics/v16,76,3800000000,76,76,76,47,1,76,3800000000,"state_audit","EXECUTED",0.00058799999999999998,""
uwb-imu-pl/gate-d-diagnostics/v16,76,3800000000,76,76,76,47,1,76,3800000000,"finalize_commit_audit","EXECUTED",31.200261000000001,"excludes separately timed commit/discard/state audit"
uwb-imu-pl/gate-d-diagnostics/v16,76,3800000000,76,76,76,47,1,76,3800000000,"discard","SKIPPED",,"upstream gate did not reach stage"
uwb-imu-pl/gate-d-diagnostics/v16,76,3800000000,76,76,76,47,1,76,3800000000,"core_total","EXECUTED",3036.3478260000002,""
uwb-imu-pl/gate-d-diagnostics/v16,77,3850000000,77,77,77,48,1,77,3850000000,"prepare","EXECUTED",5.3859700000000004,""
uwb-imu-pl/gate-d-diagnostics/v16,77,3850000000,77,77,77,48,1,77,3850000000,"integrity_window","EXECUTED",409.50101599999999,""
uwb-imu-pl/gate-d-diagnostics/v16,77,3850000000,77,77,77,48,1,77,3850000000,"window_boundary_provenance","EXECUTED",394.66298,""
uwb-imu-pl/gate-d-diagnostics/v16,77,3850000000,77,77,77,48,1,77,3850000000,"window_factor_linearization_whitening","EXECUTED",1.2999890000000001,""
uwb-imu-pl/gate-d-diagnostics/v16,77,3850000000,77,77,77,48,1,77,3850000000,"window_dense_assembly","EXECUTED",0.140095,""
uwb-imu-pl/gate-d-diagnostics/v16,77,3850000000,77,77,77,48,1,77,3850000000,"window_svd","EXECUTED",7.9415370000000003,""
uwb-imu-pl/gate-d-diagnostics/v16,77,3850000000,77,77,77,48,1,77,3850000000,"window_normal_equations","EXECUTED",0.32250000000000001,""
uwb-imu-pl/gate-d-diagnostics/v16,77,3850000000,77,77,77,48,1,77,3850000000,"window_llt_state_solves","EXECUTED",0.104391,""
uwb-imu-pl/gate-d-diagnostics/v16,77,3850000000,77,77,77,48,1,77,3850000000,"window_fingerprint","EXECUTED",3.7375280000000002,""
uwb-imu-pl/gate-d-diagnostics/v16,77,3850000000,77,77,77,48,1,77,3850000000,"all_in_detector","EXECUTED",0.25694,""
uwb-imu-pl/gate-d-diagnostics/v16,77,3850000000,77,77,77,48,1,77,3850000000,"current_sensitivity","EXECUTED",0.48935499999999998,""
uwb-imu-pl/gate-d-diagnostics/v16,77,3850000000,77,77,77,48,1,77,3850000000,"model_generation","EXECUTED",299.95922999999999,""
uwb-imu-pl/gate-d-diagnostics/v16,77,3850000000,77,77,77,48,1,77,3850000000,"historical_sensitivity","EXECUTED",0.22548300000000002,""
uwb-imu-pl/gate-d-diagnostics/v16,77,3850000000,77,77,77,48,1,77,3850000000,"hypothesis_evidence","EXECUTED",1801.408686,"effective_dimensions=1:464,2:41440,3:19200,other:0;context_bytes=10265792;worker_blocks=4"
uwb-imu-pl/gate-d-diagnostics/v16,77,3850000000,77,77,77,48,1,77,3850000000,"health_actions","EXECUTED",22.465451999999999,""
uwb-imu-pl/gate-d-diagnostics/v16,77,3850000000,77,77,77,48,1,77,3850000000,"hypothesis_audit","SKIPPED",,"disabled by output.write_hypothesis_evidence"
uwb-imu-pl/gate-d-diagnostics/v16,77,3850000000,77,77,77,48,1,77,3850000000,"base_factorization","EXECUTED",0.25751099999999999,""
uwb-imu-pl/gate-d-diagnostics/v16,77,3850000000,77,77,77,48,1,77,3850000000,"shared_cache","EXECUTED",0.0026029999999999998,""
uwb-imu-pl/gate-d-diagnostics/v16,77,3850000000,77,77,77,48,1,77,3850000000,"candidate_evaluation","EXECUTED",425.86806999999999,"rank=0;dense=1;RANK_PRECONDITION_EXACT_MARGIN=1"
uwb-imu-pl/gate-d-diagnostics/v16,77,3850000000,77,77,77,48,1,77,3850000000,"fde_decision","EXECUTED",9.155564,""
uwb-imu-pl/gate-d-diagnostics/v16,77,3850000000,77,77,77,48,1,77,3850000000,"candidate_audit","EXECUTED",0.040813000000000002,""
uwb-imu-pl/gate-d-diagnostics/v16,77,3850000000,77,77,77,48,1,77,3850000000,"commit","EXECUTED",2.1675819999999999,""
uwb-imu-pl/gate-d-diagnostics/v16,77,3850000000,77,77,77,48,1,77,3850000000,"state_audit","EXECUTED",0.00042499999999999998,""
uwb-imu-pl/gate-d-diagnostics/v16,77,3850000000,77,77,77,48,1,77,3850000000,"finalize_commit_audit","EXECUTED",33.955965999999997,"excludes separately timed commit/discard/state audit"
uwb-imu-pl/gate-d-diagnostics/v16,77,3850000000,77,77,77,48,1,77,3850000000,"discard","SKIPPED",,"upstream gate did not reach stage"
uwb-imu-pl/gate-d-diagnostics/v16,77,3850000000,77,77,77,48,1,77,3850000000,"core_total","EXECUTED",3011.6899119999998,""
uwb-imu-pl/gate-d-diagnostics/v16,78,3900000000,78,78,78,49,1,78,3900000000,"prepare","EXECUTED",2.5850490000000002,""
uwb-imu-pl/gate-d-diagnostics/v16,78,3900000000,78,78,78,49,1,78,3900000000,"integrity_window","EXECUTED",413.16339399999998,""
uwb-imu-pl/gate-d-diagnostics/v16,78,3900000000,78,78,78,49,1,78,3900000000,"window_boundary_provenance","EXECUTED",398.33432499999998,""
uwb-imu-pl/gate-d-diagnostics/v16,78,3900000000,78,78,78,49,1,78,3900000000,"window_factor_linearization_whitening","EXECUTED",1.012891,""
uwb-imu-pl/gate-d-diagnostics/v16,78,3900000000,78,78,78,49,1,78,3900000000,"window_dense_assembly","EXECUTED",0.100829,""
uwb-imu-pl/gate-d-diagnostics/v16,78,3900000000,78,78,78,49,1,78,3900000000,"window_svd","EXECUTED",7.7951230000000002,""
uwb-imu-pl/gate-d-diagnostics/v16,78,3900000000,78,78,78,49,1,78,3900000000,"window_normal_equations","EXECUTED",0.33662199999999998,""
uwb-imu-pl/gate-d-diagnostics/v16,78,3900000000,78,78,78,49,1,78,3900000000,"window_llt_state_solves","EXECUTED",0.123381,""
uwb-imu-pl/gate-d-diagnostics/v16,78,3900000000,78,78,78,49,1,78,3900000000,"window_fingerprint","EXECUTED",4.1399549999999996,""
uwb-imu-pl/gate-d-diagnostics/v16,78,3900000000,78,78,78,49,1,78,3900000000,"all_in_detector","EXECUTED",0.300514,""
uwb-imu-pl/gate-d-diagnostics/v16,78,3900000000,78,78,78,49,1,78,3900000000,"current_sensitivity","EXECUTED",0.55181899999999995,""
uwb-imu-pl/gate-d-diagnostics/v16,78,3900000000,78,78,78,49,1,78,3900000000,"model_generation","EXECUTED",308.31426099999999,""
uwb-imu-pl/gate-d-diagnostics/v16,78,3900000000,78,78,78,49,1,78,3900000000,"historical_sensitivity","EXECUTED",0.13328400000000001,""
uwb-imu-pl/gate-d-diagnostics/v16,78,3900000000,78,78,78,49,1,78,3900000000,"hypothesis_evidence","EXECUTED",1820.523854,"effective_dimensions=1:464,2:41440,3:19200,other:0;context_bytes=10265792;worker_blocks=4"
uwb-imu-pl/gate-d-diagnostics/v16,78,3900000000,78,78,78,49,1,78,3900000000,"health_actions","EXECUTED",20.101633,""
uwb-imu-pl/gate-d-diagnostics/v16,78,3900000000,78,78,78,49,1,78,3900000000,"hypothesis_audit","SKIPPED",,"disabled by output.write_hypothesis_evidence"
uwb-imu-pl/gate-d-diagnostics/v16,78,3900000000,78,78,78,49,1,78,3900000000,"base_factorization","EXECUTED",0.27818300000000001,""
uwb-imu-pl/gate-d-diagnostics/v16,78,3900000000,78,78,78,49,1,78,3900000000,"shared_cache","EXECUTED",0.003202,""
uwb-imu-pl/gate-d-diagnostics/v16,78,3900000000,78,78,78,49,1,78,3900000000,"candidate_evaluation","EXECUTED",426.38916499999999,"rank=0;dense=1;RANK_PRECONDITION_EXACT_MARGIN=1"
uwb-imu-pl/gate-d-diagnostics/v16,78,3900000000,78,78,78,49,1,78,3900000000,"fde_decision","EXECUTED",10.143330000000001,""
uwb-imu-pl/gate-d-diagnostics/v16,78,3900000000,78,78,78,49,1,78,3900000000,"candidate_audit","EXECUTED",0.040253999999999998,""
uwb-imu-pl/gate-d-diagnostics/v16,78,3900000000,78,78,78,49,1,78,3900000000,"commit","EXECUTED",2.4078400000000002,""
uwb-imu-pl/gate-d-diagnostics/v16,78,3900000000,78,78,78,49,1,78,3900000000,"state_audit","EXECUTED",0.00056899999999999995,""
uwb-imu-pl/gate-d-diagnostics/v16,78,3900000000,78,78,78,49,1,78,3900000000,"finalize_commit_audit","EXECUTED",36.119396000000002,"excludes separately timed commit/discard/state audit"
uwb-imu-pl/gate-d-diagnostics/v16,78,3900000000,78,78,78,49,1,78,3900000000,"discard","SKIPPED",,"upstream gate did not reach stage"
uwb-imu-pl/gate-d-diagnostics/v16,78,3900000000,78,78,78,49,1,78,3900000000,"core_total","EXECUTED",3041.6821719999998,""
uwb-imu-pl/gate-d-diagnostics/v16,79,3950000000,79,79,79,50,1,79,3950000000,"prepare","EXECUTED",3.1332599999999999,""
uwb-imu-pl/gate-d-diagnostics/v16,79,3950000000,79,79,79,50,1,79,3950000000,"integrity_window","EXECUTED",467.600213,""
uwb-imu-pl/gate-d-diagnostics/v16,79,3950000000,79,79,79,50,1,79,3950000000,"window_boundary_provenance","EXECUTED",452.62350099999998,""
uwb-imu-pl/gate-d-diagnostics/v16,79,3950000000,79,79,79,50,1,79,3950000000,"window_factor_linearization_whitening","EXECUTED",1.0181910000000001,""
uwb-imu-pl/gate-d-diagnostics/v16,79,3950000000,79,79,79,50,1,79,3950000000,"window_dense_assembly","EXECUTED",0.099110000000000004,""
uwb-imu-pl/gate-d-diagnostics/v16,79,3950000000,79,79,79,50,1,79,3950000000,"window_svd","EXECUTED",8.025131,""
uwb-imu-pl/gate-d-diagnostics/v16,79,3950000000,79,79,79,50,1,79,3950000000,"window_normal_equations","EXECUTED",0.34062900000000002,""
uwb-imu-pl/gate-d-diagnostics/v16,79,3950000000,79,79,79,50,1,79,3950000000,"window_llt_state_solves","EXECUTED",0.111386,""
uwb-imu-pl/gate-d-diagnostics/v16,79,3950000000,79,79,79,50,1,79,3950000000,"window_fingerprint","EXECUTED",3.9945650000000001,""
uwb-imu-pl/gate-d-diagnostics/v16,79,3950000000,79,79,79,50,1,79,3950000000,"all_in_detector","EXECUTED",0.28141899999999997,""
uwb-imu-pl/gate-d-diagnostics/v16,79,3950000000,79,79,79,50,1,79,3950000000,"current_sensitivity","EXECUTED",0.51014099999999996,""
uwb-imu-pl/gate-d-diagnostics/v16,79,3950000000,79,79,79,50,1,79,3950000000,"model_generation","EXECUTED",304.97124200000002,""
uwb-imu-pl/gate-d-diagnostics/v16,79,3950000000,79,79,79,50,1,79,3950000000,"historical_sensitivity","EXECUTED",0.12926599999999999,""
uwb-imu-pl/gate-d-diagnostics/v16,79,3950000000,79,79,79,50,1,79,3950000000,"hypothesis_evidence","EXECUTED",1826.495416,"effective_dimensions=1:464,2:41440,3:19200,other:0;context_bytes=10265792;worker_blocks=4"
uwb-imu-pl/gate-d-diagnostics/v16,79,3950000000,79,79,79,50,1,79,3950000000,"health_actions","EXECUTED",18.486906000000001,""
uwb-imu-pl/gate-d-diagnostics/v16,79,3950000000,79,79,79,50,1,79,3950000000,"hypothesis_audit","SKIPPED",,"disabled by output.write_hypothesis_evidence"
uwb-imu-pl/gate-d-diagnostics/v16,79,3950000000,79,79,79,50,1,79,3950000000,"base_factorization","EXECUTED",0.27840100000000001,""
uwb-imu-pl/gate-d-diagnostics/v16,79,3950000000,79,79,79,50,1,79,3950000000,"shared_cache","EXECUTED",0.0029919999999999999,""
uwb-imu-pl/gate-d-diagnostics/v16,79,3950000000,79,79,79,50,1,79,3950000000,"candidate_evaluation","EXECUTED",424.35138599999999,"rank=0;dense=1;RANK_PRECONDITION_EXACT_MARGIN=1"
uwb-imu-pl/gate-d-diagnostics/v16,79,3950000000,79,79,79,50,1,79,3950000000,"fde_decision","EXECUTED",9.8471250000000001,""
uwb-imu-pl/gate-d-diagnostics/v16,79,3950000000,79,79,79,50,1,79,3950000000,"candidate_audit","EXECUTED",0.036512000000000003,""
uwb-imu-pl/gate-d-diagnostics/v16,79,3950000000,79,79,79,50,1,79,3950000000,"commit","EXECUTED",2.3259439999999998,""
uwb-imu-pl/gate-d-diagnostics/v16,79,3950000000,79,79,79,50,1,79,3950000000,"state_audit","EXECUTED",0.00054799999999999998,""
uwb-imu-pl/gate-d-diagnostics/v16,79,3950000000,79,79,79,50,1,79,3950000000,"finalize_commit_audit","EXECUTED",33.430706000000001,"excludes separately timed commit/discard/state audit"
uwb-imu-pl/gate-d-diagnostics/v16,79,3950000000,79,79,79,50,1,79,3950000000,"discard","SKIPPED",,"upstream gate did not reach stage"
uwb-imu-pl/gate-d-diagnostics/v16,79,3950000000,79,79,79,50,1,79,3950000000,"core_total","EXECUTED",3092.4477689999999,""
uwb-imu-pl/gate-d-diagnostics/v16,80,4000000000,80,80,80,51,1,80,4000000000,"prepare","EXECUTED",2.4482599999999999,""
uwb-imu-pl/gate-d-diagnostics/v16,80,4000000000,80,80,80,51,1,80,4000000000,"integrity_window","EXECUTED",521.91156999999998,""
uwb-imu-pl/gate-d-diagnostics/v16,80,4000000000,80,80,80,51,1,80,4000000000,"window_boundary_provenance","EXECUTED",503.77447699999999,""
uwb-imu-pl/gate-d-diagnostics/v16,80,4000000000,80,80,80,51,1,80,4000000000,"window_factor_linearization_whitening","EXECUTED",0.97655800000000004,""
uwb-imu-pl/gate-d-diagnostics/v16,80,4000000000,80,80,80,51,1,80,4000000000,"window_dense_assembly","EXECUTED",0.076421000000000003,""
uwb-imu-pl/gate-d-diagnostics/v16,80,4000000000,80,80,80,51,1,80,4000000000,"window_svd","EXECUTED",9.9991660000000007,""
uwb-imu-pl/gate-d-diagnostics/v16,80,4000000000,80,80,80,51,1,80,4000000000,"window_normal_equations","EXECUTED",0.35344700000000001,""
uwb-imu-pl/gate-d-diagnostics/v16,80,4000000000,80,80,80,51,1,80,4000000000,"window_llt_state_solves","EXECUTED",0.110028,""
uwb-imu-pl/gate-d-diagnostics/v16,80,4000000000,80,80,80,51,1,80,4000000000,"window_fingerprint","EXECUTED",5.2041890000000004,""
uwb-imu-pl/gate-d-diagnostics/v16,80,4000000000,80,80,80,51,1,80,4000000000,"all_in_detector","EXECUTED",0.35184799999999999,""
uwb-imu-pl/gate-d-diagnostics/v16,80,4000000000,80,80,80,51,1,80,4000000000,"current_sensitivity","EXECUTED",0.52185700000000002,""
uwb-imu-pl/gate-d-diagnostics/v16,80,4000000000,80,80,80,51,1,80,4000000000,"model_generation","EXECUTED",302.96652399999999,""
uwb-imu-pl/gate-d-diagnostics/v16,80,4000000000,80,80,80,51,1,80,4000000000,"historical_sensitivity","EXECUTED",0.134829,""
uwb-imu-pl/gate-d-diagnostics/v16,80,4000000000,80,80,80,51,1,80,4000000000,"hypothesis_evidence","EXECUTED",1815.896821,"effective_dimensions=1:464,2:41440,3:19200,other:0;context_bytes=10265792;worker_blocks=4"
uwb-imu-pl/gate-d-diagnostics/v16,80,4000000000,80,80,80,51,1,80,4000000000,"health_actions","EXECUTED",27.601199999999999,""
uwb-imu-pl/gate-d-diagnostics/v16,80,4000000000,80,80,80,51,1,80,4000000000,"hypothesis_audit","SKIPPED",,"disabled by output.write_hypothesis_evidence"
uwb-imu-pl/gate-d-diagnostics/v16,80,4000000000,80,80,80,51,1,80,4000000000,"base_factorization","EXECUTED",0.26058300000000001,""
uwb-imu-pl/gate-d-diagnostics/v16,80,4000000000,80,80,80,51,1,80,4000000000,"shared_cache","EXECUTED",0.003248,""
uwb-imu-pl/gate-d-diagnostics/v16,80,4000000000,80,80,80,51,1,80,4000000000,"candidate_evaluation","EXECUTED",426.43066499999998,"rank=1;dense=0"
uwb-imu-pl/gate-d-diagnostics/v16,80,4000000000,80,80,80,51,1,80,4000000000,"fde_decision","EXECUTED",8.8015640000000008,""
uwb-imu-pl/gate-d-diagnostics/v16,80,4000000000,80,80,80,51,1,80,4000000000,"candidate_audit","EXECUTED",0.034805999999999997,""
uwb-imu-pl/gate-d-diagnostics/v16,80,4000000000,80,80,80,51,1,80,4000000000,"commit","EXECUTED",2.4740630000000001,""
uwb-imu-pl/gate-d-diagnostics/v16,80,4000000000,80,80,80,51,1,80,4000000000,"state_audit","EXECUTED",0.00063299999999999999,""
uwb-imu-pl/gate-d-diagnostics/v16,80,4000000000,80,80,80,51,1,80,4000000000,"finalize_commit_audit","EXECUTED",32.837024,"excludes separately timed commit/discard/state audit"
uwb-imu-pl/gate-d-diagnostics/v16,80,4000000000,80,80,80,51,1,80,4000000000,"discard","SKIPPED",,"upstream gate did not reach stage"
uwb-imu-pl/gate-d-diagnostics/v16,80,4000000000,80,80,80,51,1,80,4000000000,"core_total","EXECUTED",3143.334824,""
uwb-imu-pl/gate-d-diagnostics/v16,81,4050000000,81,81,81,52,1,81,4050000000,"prepare","EXECUTED",2.4499879999999998,""
uwb-imu-pl/gate-d-diagnostics/v16,81,4050000000,81,81,81,52,1,81,4050000000,"integrity_window","EXECUTED",582.63400200000001,""
uwb-imu-pl/gate-d-diagnostics/v16,81,4050000000,81,81,81,52,1,81,4050000000,"window_boundary_provenance","EXECUTED",568.08006799999998,""
uwb-imu-pl/gate-d-diagnostics/v16,81,4050000000,81,81,81,52,1,81,4050000000,"window_factor_linearization_whitening","EXECUTED",0.98869600000000002,""
uwb-imu-pl/gate-d-diagnostics/v16,81,4050000000,81,81,81,52,1,81,4050000000,"window_dense_assembly","EXECUTED",0.071274000000000004,""
uwb-imu-pl/gate-d-diagnostics/v16,81,4050000000,81,81,81,52,1,81,4050000000,"window_svd","EXECUTED",7.9379460000000002,""
uwb-imu-pl/gate-d-diagnostics/v16,81,4050000000,81,81,81,52,1,81,4050000000,"window_normal_equations","EXECUTED",0.31564399999999998,""
uwb-imu-pl/gate-d-diagnostics/v16,81,4050000000,81,81,81,52,1,81,4050000000,"window_llt_state_solves","EXECUTED",0.102711,""
uwb-imu-pl/gate-d-diagnostics/v16,81,4050000000,81,81,81,52,1,81,4050000000,"window_fingerprint","EXECUTED",3.7943020000000001,""
uwb-imu-pl/gate-d-diagnostics/v16,81,4050000000,81,81,81,52,1,81,4050000000,"all_in_detector","EXECUTED",0.24688399999999999,""
uwb-imu-pl/gate-d-diagnostics/v16,81,4050000000,81,81,81,52,1,81,4050000000,"current_sensitivity","EXECUTED",0.50099800000000005,""
uwb-imu-pl/gate-d-diagnostics/v16,81,4050000000,81,81,81,52,1,81,4050000000,"model_generation","EXECUTED",305.05882499999996,""
uwb-imu-pl/gate-d-diagnostics/v16,81,4050000000,81,81,81,52,1,81,4050000000,"historical_sensitivity","EXECUTED",0.12864,""
uwb-imu-pl/gate-d-diagnostics/v16,81,4050000000,81,81,81,52,1,81,4050000000,"hypothesis_evidence","EXECUTED",1835.665964,"effective_dimensions=1:464,2:41440,3:19200,other:0;context_bytes=10265792;worker_blocks=4"
uwb-imu-pl/gate-d-diagnostics/v16,81,4050000000,81,81,81,52,1,81,4050000000,"health_actions","EXECUTED",21.368506,""
uwb-imu-pl/gate-d-diagnostics/v16,81,4050000000,81,81,81,52,1,81,4050000000,"hypothesis_audit","SKIPPED",,"disabled by output.write_hypothesis_evidence"
uwb-imu-pl/gate-d-diagnostics/v16,81,4050000000,81,81,81,52,1,81,4050000000,"base_factorization","EXECUTED",0.25571899999999997,""
uwb-imu-pl/gate-d-diagnostics/v16,81,4050000000,81,81,81,52,1,81,4050000000,"shared_cache","EXECUTED",0.0028149999999999998,""
uwb-imu-pl/gate-d-diagnostics/v16,81,4050000000,81,81,81,52,1,81,4050000000,"candidate_evaluation","EXECUTED",422.01813099999998,"rank=1;dense=0"
uwb-imu-pl/gate-d-diagnostics/v16,81,4050000000,81,81,81,52,1,81,4050000000,"fde_decision","EXECUTED",9.2765470000000008,""
uwb-imu-pl/gate-d-diagnostics/v16,81,4050000000,81,81,81,52,1,81,4050000000,"candidate_audit","EXECUTED",0.042818000000000002,""
uwb-imu-pl/gate-d-diagnostics/v16,81,4050000000,81,81,81,52,1,81,4050000000,"commit","EXECUTED",2.7554979999999998,""
uwb-imu-pl/gate-d-diagnostics/v16,81,4050000000,81,81,81,52,1,81,4050000000,"state_audit","EXECUTED",0.00056099999999999998,""
uwb-imu-pl/gate-d-diagnostics/v16,81,4050000000,81,81,81,52,1,81,4050000000,"finalize_commit_audit","EXECUTED",29.321298999999996,"excludes separately timed commit/discard/state audit"
uwb-imu-pl/gate-d-diagnostics/v16,81,4050000000,81,81,81,52,1,81,4050000000,"discard","SKIPPED",,"upstream gate did not reach stage"
uwb-imu-pl/gate-d-diagnostics/v16,81,4050000000,81,81,81,52,1,81,4050000000,"core_total","EXECUTED",3212.4232780000002,""
uwb-imu-pl/gate-d-diagnostics/v16,82,4100000000,82,82,82,53,1,82,4100000000,"prepare","EXECUTED",2.532321,""
uwb-imu-pl/gate-d-diagnostics/v16,82,4100000000,82,82,82,53,1,82,4100000000,"integrity_window","EXECUTED",705.16433600000005,""
uwb-imu-pl/gate-d-diagnostics/v16,82,4100000000,82,82,82,53,1,82,4100000000,"window_boundary_provenance","EXECUTED",690.26836700000001,""
uwb-imu-pl/gate-d-diagnostics/v16,82,4100000000,82,82,82,53,1,82,4100000000,"window_factor_linearization_whitening","EXECUTED",1.246335,""
uwb-imu-pl/gate-d-diagnostics/v16,82,4100000000,82,82,82,53,1,82,4100000000,"window_dense_assembly","EXECUTED",0.114209,""
uwb-imu-pl/gate-d-diagnostics/v16,82,4100000000,82,82,82,53,1,82,4100000000,"window_svd","EXECUTED",7.9127720000000004,""
uwb-imu-pl/gate-d-diagnostics/v16,82,4100000000,82,82,82,53,1,82,4100000000,"window_normal_equations","EXECUTED",0.330984,""
uwb-imu-pl/gate-d-diagnostics/v16,82,4100000000,82,82,82,53,1,82,4100000000,"window_llt_state_solves","EXECUTED",0.106825,""
uwb-imu-pl/gate-d-diagnostics/v16,82,4100000000,82,82,82,53,1,82,4100000000,"window_fingerprint","EXECUTED",3.8443329999999998,""
uwb-imu-pl/gate-d-diagnostics/v16,82,4100000000,82,82,82,53,1,82,4100000000,"all_in_detector","EXECUTED",0.50330900000000001,""
uwb-imu-pl/gate-d-diagnostics/v16,82,4100000000,82,82,82,53,1,82,4100000000,"current_sensitivity","EXECUTED",0.922462,""
uwb-imu-pl/gate-d-diagnostics/v16,82,4100000000,82,82,82,53,1,82,4100000000,"model_generation","EXECUTED",302.29114600000003,""
uwb-imu-pl/gate-d-diagnostics/v16,82,4100000000,82,82,82,53,1,82,4100000000,"historical_sensitivity","EXECUTED",0.136127,""
uwb-imu-pl/gate-d-diagnostics/v16,82,4100000000,82,82,82,53,1,82,4100000000,"hypothesis_evidence","EXECUTED",1840.22154,"effective_dimensions=1:464,2:41440,3:19200,other:0;context_bytes=10265792;worker_blocks=4"
uwb-imu-pl/gate-d-diagnostics/v16,82,4100000000,82,82,82,53,1,82,4100000000,"health_actions","EXECUTED",21.98237,""
uwb-imu-pl/gate-d-diagnostics/v16,82,4100000000,82,82,82,53,1,82,4100000000,"hypothesis_audit","SKIPPED",,"disabled by output.write_hypothesis_evidence"
uwb-imu-pl/gate-d-diagnostics/v16,82,4100000000,82,82,82,53,1,82,4100000000,"base_factorization","EXECUTED",0.264627,""
uwb-imu-pl/gate-d-diagnostics/v16,82,4100000000,82,82,82,53,1,82,4100000000,"shared_cache","EXECUTED",0.0034989999999999999,""
uwb-imu-pl/gate-d-diagnostics/v16,82,4100000000,82,82,82,53,1,82,4100000000,"candidate_evaluation","EXECUTED",416.14051599999999,"rank=0;dense=1;RANK_PRECONDITION_EXACT_MARGIN=1"
uwb-imu-pl/gate-d-diagnostics/v16,82,4100000000,82,82,82,53,1,82,4100000000,"fde_decision","EXECUTED",9.9639430000000004,""
uwb-imu-pl/gate-d-diagnostics/v16,82,4100000000,82,82,82,53,1,82,4100000000,"candidate_audit","EXECUTED",0.046551000000000002,""
uwb-imu-pl/gate-d-diagnostics/v16,82,4100000000,82,82,82,53,1,82,4100000000,"commit","EXECUTED",2.6053809999999999,""
uwb-imu-pl/gate-d-diagnostics/v16,82,4100000000,82,82,82,53,1,82,4100000000,"state_audit","EXECUTED",0.00076800000000000002,""
uwb-imu-pl/gate-d-diagnostics/v16,82,4100000000,82,82,82,53,1,82,4100000000,"finalize_commit_audit","EXECUTED",33.071683,"excludes separately timed commit/discard/state audit"
uwb-imu-pl/gate-d-diagnostics/v16,82,4100000000,82,82,82,53,1,82,4100000000,"discard","SKIPPED",,"upstream gate did not reach stage"
uwb-imu-pl/gate-d-diagnostics/v16,82,4100000000,82,82,82,53,1,82,4100000000,"core_total","EXECUTED",3336.4622720000002,""
uwb-imu-pl/gate-d-diagnostics/v16,83,4150000000,83,83,83,54,1,83,4150000000,"prepare","EXECUTED",2.8436089999999998,""
uwb-imu-pl/gate-d-diagnostics/v16,83,4150000000,83,83,83,54,1,83,4150000000,"integrity_window","EXECUTED",705.39451199999996,""
uwb-imu-pl/gate-d-diagnostics/v16,83,4150000000,83,83,83,54,1,83,4150000000,"window_boundary_provenance","EXECUTED",688.75719800000002,""
uwb-imu-pl/gate-d-diagnostics/v16,83,4150000000,83,83,83,54,1,83,4150000000,"window_factor_linearization_whitening","EXECUTED",1.0607789999999999,""
uwb-imu-pl/gate-d-diagnostics/v16,83,4150000000,83,83,83,54,1,83,4150000000,"window_dense_assembly","EXECUTED",0.10094499999999999,""
uwb-imu-pl/gate-d-diagnostics/v16,83,4150000000,83,83,83,54,1,83,4150000000,"window_svd","EXECUTED",9.6945160000000001,""
uwb-imu-pl/gate-d-diagnostics/v16,83,4150000000,83,83,83,54,1,83,4150000000,"window_normal_equations","EXECUTED",0.35124300000000003,""
uwb-imu-pl/gate-d-diagnostics/v16,83,4150000000,83,83,83,54,1,83,4150000000,"window_llt_state_solves","EXECUTED",0.11199099999999999,""
uwb-imu-pl/gate-d-diagnostics/v16,83,4150000000,83,83,83,54,1,83,4150000000,"window_fingerprint","EXECUTED",3.9320729999999999,""
uwb-imu-pl/gate-d-diagnostics/v16,83,4150000000,83,83,83,54,1,83,4150000000,"all_in_detector","EXECUTED",0.26796999999999999,""
uwb-imu-pl/gate-d-diagnostics/v16,83,4150000000,83,83,83,54,1,83,4150000000,"current_sensitivity","EXECUTED",0.52986,""
uwb-imu-pl/gate-d-diagnostics/v16,83,4150000000,83,83,83,54,1,83,4150000000,"model_generation","EXECUTED",307.60120900000004,""
uwb-imu-pl/gate-d-diagnostics/v16,83,4150000000,83,83,83,54,1,83,4150000000,"historical_sensitivity","EXECUTED",0.126829,""
uwb-imu-pl/gate-d-diagnostics/v16,83,4150000000,83,83,83,54,1,83,4150000000,"hypothesis_evidence","EXECUTED",1834.6579790000001,"effective_dimensions=1:464,2:41440,3:19200,other:0;context_bytes=10265792;worker_blocks=4"
uwb-imu-pl/gate-d-diagnostics/v16,83,4150000000,83,83,83,54,1,83,4150000000,"health_actions","EXECUTED",19.71978,""
uwb-imu-pl/gate-d-diagnostics/v16,83,4150000000,83,83,83,54,1,83,4150000000,"hypothesis_audit","SKIPPED",,"disabled by output.write_hypothesis_evidence"
uwb-imu-pl/gate-d-diagnostics/v16,83,4150000000,83,83,83,54,1,83,4150000000,"base_factorization","EXECUTED",0.25426599999999999,""
uwb-imu-pl/gate-d-diagnostics/v16,83,4150000000,83,83,83,54,1,83,4150000000,"shared_cache","EXECUTED",0.0028630000000000001,""
uwb-imu-pl/gate-d-diagnostics/v16,83,4150000000,83,83,83,54,1,83,4150000000,"candidate_evaluation","EXECUTED",436.12903999999997,"rank=0;dense=1;RANK_PRECONDITION_EXACT_MARGIN=1"
uwb-imu-pl/gate-d-diagnostics/v16,83,4150000000,83,83,83,54,1,83,4150000000,"fde_decision","EXECUTED",9.9425530000000002,""
uwb-imu-pl/gate-d-diagnostics/v16,83,4150000000,83,83,83,54,1,83,4150000000,"candidate_audit","EXECUTED",0.045483999999999997,""
uwb-imu-pl/gate-d-diagnostics/v16,83,4150000000,83,83,83,54,1,83,4150000000,"commit","EXECUTED",2.828122,""
uwb-imu-pl/gate-d-diagnostics/v16,83,4150000000,83,83,83,54,1,83,4150000000,"state_audit","EXECUTED",0.00054600000000000004,""
uwb-imu-pl/gate-d-diagnostics/v16,83,4150000000,83,83,83,54,1,83,4150000000,"finalize_commit_audit","EXECUTED",32.746482999999998,"excludes separately timed commit/discard/state audit"
uwb-imu-pl/gate-d-diagnostics/v16,83,4150000000,83,83,83,54,1,83,4150000000,"discard","SKIPPED",,"upstream gate did not reach stage"
uwb-imu-pl/gate-d-diagnostics/v16,83,4150000000,83,83,83,54,1,83,4150000000,"core_total","EXECUTED",3353.6740009999999,""
uwb-imu-pl/gate-d-diagnostics/v16,84,4200000000,84,84,84,55,1,84,4200000000,"prepare","EXECUTED",2.5322269999999998,""
uwb-imu-pl/gate-d-diagnostics/v16,84,4200000000,84,84,84,55,1,84,4200000000,"integrity_window","EXECUTED",717.47373700000003,""
uwb-imu-pl/gate-d-diagnostics/v16,84,4200000000,84,84,84,55,1,84,4200000000,"window_boundary_provenance","EXECUTED",701.69888900000001,""
uwb-imu-pl/gate-d-diagnostics/v16,84,4200000000,84,84,84,55,1,84,4200000000,"window_factor_linearization_whitening","EXECUTED",1.084338,""
uwb-imu-pl/gate-d-diagnostics/v16,84,4200000000,84,84,84,55,1,84,4200000000,"window_dense_assembly","EXECUTED",0.098419000000000006,""
uwb-imu-pl/gate-d-diagnostics/v16,84,4200000000,84,84,84,55,1,84,4200000000,"window_svd","EXECUTED",8.6624490000000005,""
uwb-imu-pl/gate-d-diagnostics/v16,84,4200000000,84,84,84,55,1,84,4200000000,"window_normal_equations","EXECUTED",0.403474,""
uwb-imu-pl/gate-d-diagnostics/v16,84,4200000000,84,84,84,55,1,84,4200000000,"window_llt_state_solves","EXECUTED",0.13223199999999999,""
uwb-imu-pl/gate-d-diagnostics/v16,84,4200000000,84,84,84,55,1,84,4200000000,"window_fingerprint","EXECUTED",4.0269029999999999,""
uwb-imu-pl/gate-d-diagnostics/v16,84,4200000000,84,84,84,55,1,84,4200000000,"all_in_detector","EXECUTED",0.29694100000000001,""
uwb-imu-pl/gate-d-diagnostics/v16,84,4200000000,84,84,84,55,1,84,4200000000,"current_sensitivity","EXECUTED",0.53828299999999996,""
uwb-imu-pl/gate-d-diagnostics/v16,84,4200000000,84,84,84,55,1,84,4200000000,"model_generation","EXECUTED",300.33508600000005,""
uwb-imu-pl/gate-d-diagnostics/v16,84,4200000000,84,84,84,55,1,84,4200000000,"historical_sensitivity","EXECUTED",0.12313899999999998,""
uwb-imu-pl/gate-d-diagnostics/v16,84,4200000000,84,84,84,55,1,84,4200000000,"hypothesis_evidence","EXECUTED",1825.253622,"effective_dimensions=1:464,2:41440,3:19200,other:0;context_bytes=10265792;worker_blocks=4"
uwb-imu-pl/gate-d-diagnostics/v16,84,4200000000,84,84,84,55,1,84,4200000000,"health_actions","EXECUTED",20.366356,""
uwb-imu-pl/gate-d-diagnostics/v16,84,4200000000,84,84,84,55,1,84,4200000000,"hypothesis_audit","SKIPPED",,"disabled by output.write_hypothesis_evidence"
uwb-imu-pl/gate-d-diagnostics/v16,84,4200000000,84,84,84,55,1,84,4200000000,"base_factorization","EXECUTED",0.27377299999999999,""
uwb-imu-pl/gate-d-diagnostics/v16,84,4200000000,84,84,84,55,1,84,4200000000,"shared_cache","EXECUTED",0.0030599999999999998,""
uwb-imu-pl/gate-d-diagnostics/v16,84,4200000000,84,84,84,55,1,84,4200000000,"candidate_evaluation","EXECUTED",416.21028100000001,"rank=1;dense=0"
uwb-imu-pl/gate-d-diagnostics/v16,84,4200000000,84,84,84,55,1,84,4200000000,"fde_decision","EXECUTED",9.4948820000000005,""
uwb-imu-pl/gate-d-diagnostics/v16,84,4200000000,84,84,84,55,1,84,4200000000,"candidate_audit","EXECUTED",0.033118000000000002,""
uwb-imu-pl/gate-d-diagnostics/v16,84,4200000000,84,84,84,55,1,84,4200000000,"commit","EXECUTED",3.0965560000000001,""
uwb-imu-pl/gate-d-diagnostics/v16,84,4200000000,84,84,84,55,1,84,4200000000,"state_audit","EXECUTED",0.00082600000000000002,""
uwb-imu-pl/gate-d-diagnostics/v16,84,4200000000,84,84,84,55,1,84,4200000000,"finalize_commit_audit","EXECUTED",35.988014,"excludes separately timed commit/discard/state audit"
uwb-imu-pl/gate-d-diagnostics/v16,84,4200000000,84,84,84,55,1,84,4200000000,"discard","SKIPPED",,"upstream gate did not reach stage"
uwb-imu-pl/gate-d-diagnostics/v16,84,4200000000,84,84,84,55,1,84,4200000000,"core_total","EXECUTED",3332.7046329999998,""
uwb-imu-pl/gate-d-diagnostics/v16,85,4250000000,85,85,85,56,1,85,4250000000,"prepare","EXECUTED",2.7715109999999998,""
uwb-imu-pl/gate-d-diagnostics/v16,85,4250000000,85,85,85,56,1,85,4250000000,"integrity_window","EXECUTED",702.32677799999999,""
uwb-imu-pl/gate-d-diagnostics/v16,85,4250000000,85,85,85,56,1,85,4250000000,"window_boundary_provenance","EXECUTED",686.27029400000004,""
uwb-imu-pl/gate-d-diagnostics/v16,85,4250000000,85,85,85,56,1,85,4250000000,"window_factor_linearization_whitening","EXECUTED",1.076236,""
uwb-imu-pl/gate-d-diagnostics/v16,85,4250000000,85,85,85,56,1,85,4250000000,"window_dense_assembly","EXECUTED",0.10695300000000001,""
uwb-imu-pl/gate-d-diagnostics/v16,85,4250000000,85,85,85,56,1,85,4250000000,"window_svd","EXECUTED",7.6407109999999996,""
uwb-imu-pl/gate-d-diagnostics/v16,85,4250000000,85,85,85,56,1,85,4250000000,"window_normal_equations","EXECUTED",0.31988,""
uwb-imu-pl/gate-d-diagnostics/v16,85,4250000000,85,85,85,56,1,85,4250000000,"window_llt_state_solves","EXECUTED",0.099098000000000006,""
uwb-imu-pl/gate-d-diagnostics/v16,85,4250000000,85,85,85,56,1,85,4250000000,"window_fingerprint","EXECUTED",5.5171010000000003,""
uwb-imu-pl/gate-d-diagnostics/v16,85,4250000000,85,85,85,56,1,85,4250000000,"all_in_detector","EXECUTED",0.30876300000000001,""
uwb-imu-pl/gate-d-diagnostics/v16,85,4250000000,85,85,85,56,1,85,4250000000,"current_sensitivity","EXECUTED",0.52939400000000003,""
uwb-imu-pl/gate-d-diagnostics/v16,85,4250000000,85,85,85,56,1,85,4250000000,"model_generation","EXECUTED",306.92461500000002,""
uwb-imu-pl/gate-d-diagnostics/v16,85,4250000000,85,85,85,56,1,85,4250000000,"historical_sensitivity","EXECUTED",0.12329799999999999,""
uwb-imu-pl/gate-d-diagnostics/v16,85,4250000000,85,85,85,56,1,85,4250000000,"hypothesis_evidence","EXECUTED",1829.0687270000001,"effective_dimensions=1:464,2:41440,3:19200,other:0;context_bytes=10265792;worker_blocks=4"
uwb-imu-pl/gate-d-diagnostics/v16,85,4250000000,85,85,85,56,1,85,4250000000,"health_actions","EXECUTED",17.731957000000001,""
uwb-imu-pl/gate-d-diagnostics/v16,85,4250000000,85,85,85,56,1,85,4250000000,"hypothesis_audit","SKIPPED",,"disabled by output.write_hypothesis_evidence"
uwb-imu-pl/gate-d-diagnostics/v16,85,4250000000,85,85,85,56,1,85,4250000000,"base_factorization","EXECUTED",0.269511,""
uwb-imu-pl/gate-d-diagnostics/v16,85,4250000000,85,85,85,56,1,85,4250000000,"shared_cache","EXECUTED",0.0028930000000000002,""
uwb-imu-pl/gate-d-diagnostics/v16,85,4250000000,85,85,85,56,1,85,4250000000,"candidate_evaluation","EXECUTED",423.15653200000003,"rank=1;dense=0"
uwb-imu-pl/gate-d-diagnostics/v16,85,4250000000,85,85,85,56,1,85,4250000000,"fde_decision","EXECUTED",8.8954210000000007,""
uwb-imu-pl/gate-d-diagnostics/v16,85,4250000000,85,85,85,56,1,85,4250000000,"candidate_audit","EXECUTED",0.036039000000000002,""
uwb-imu-pl/gate-d-diagnostics/v16,85,4250000000,85,85,85,56,1,85,4250000000,"commit","EXECUTED",2.4263370000000002,""
uwb-imu-pl/gate-d-diagnostics/v16,85,4250000000,85,85,85,56,1,85,4250000000,"state_audit","EXECUTED",0.00054500000000000002,""
uwb-imu-pl/gate-d-diagnostics/v16,85,4250000000,85,85,85,56,1,85,4250000000,"finalize_commit_audit","EXECUTED",35.931530000000002,"excludes separately timed commit/discard/state audit"
uwb-imu-pl/gate-d-diagnostics/v16,85,4250000000,85,85,85,56,1,85,4250000000,"discard","SKIPPED",,"upstream gate did not reach stage"
uwb-imu-pl/gate-d-diagnostics/v16,85,4250000000,85,85,85,56,1,85,4250000000,"core_total","EXECUTED",3331.1419529999998,""
uwb-imu-pl/gate-d-diagnostics/v16,86,4300000000,86,86,86,57,1,86,4300000000,"prepare","EXECUTED",2.6448990000000001,""
uwb-imu-pl/gate-d-diagnostics/v16,86,4300000000,86,86,86,57,1,86,4300000000,"integrity_window","EXECUTED",674.95705299999997,""
uwb-imu-pl/gate-d-diagnostics/v16,86,4300000000,86,86,86,57,1,86,4300000000,"window_boundary_provenance","EXECUTED",660.27583600000003,""
uwb-imu-pl/gate-d-diagnostics/v16,86,4300000000,86,86,86,57,1,86,4300000000,"window_factor_linearization_whitening","EXECUTED",1.2155750000000001,""
uwb-imu-pl/gate-d-diagnostics/v16,86,4300000000,86,86,86,57,1,86,4300000000,"window_dense_assembly","EXECUTED",0.115118,""
uwb-imu-pl/gate-d-diagnostics/v16,86,4300000000,86,86,86,57,1,86,4300000000,"window_svd","EXECUTED",7.7420970000000002,""
uwb-imu-pl/gate-d-diagnostics/v16,86,4300000000,86,86,86,57,1,86,4300000000,"window_normal_equations","EXECUTED",0.324351,""
uwb-imu-pl/gate-d-diagnostics/v16,86,4300000000,86,86,86,57,1,86,4300000000,"window_llt_state_solves","EXECUTED",0.106836,""
uwb-imu-pl/gate-d-diagnostics/v16,86,4300000000,86,86,86,57,1,86,4300000000,"window_fingerprint","EXECUTED",3.8144749999999998,""
uwb-imu-pl/gate-d-diagnostics/v16,86,4300000000,86,86,86,57,1,86,4300000000,"all_in_detector","EXECUTED",0.24695300000000001,""
uwb-imu-pl/gate-d-diagnostics/v16,86,4300000000,86,86,86,57,1,86,4300000000,"current_sensitivity","EXECUTED",0.44300099999999998,""
uwb-imu-pl/gate-d-diagnostics/v16,86,4300000000,86,86,86,57,1,86,4300000000,"model_generation","EXECUTED",306.244507,""
uwb-imu-pl/gate-d-diagnostics/v16,86,4300000000,86,86,86,57,1,86,4300000000,"historical_sensitivity","EXECUTED",0.13194900000000001,""
uwb-imu-pl/gate-d-diagnostics/v16,86,4300000000,86,86,86,57,1,86,4300000000,"hypothesis_evidence","EXECUTED",1856.176346,"effective_dimensions=1:464,2:41440,3:19200,other:0;context_bytes=10265792;worker_blocks=4"
uwb-imu-pl/gate-d-diagnostics/v16,86,4300000000,86,86,86,57,1,86,4300000000,"health_actions","EXECUTED",18.934502999999999,""
uwb-imu-pl/gate-d-diagnostics/v16,86,4300000000,86,86,86,57,1,86,4300000000,"hypothesis_audit","SKIPPED",,"disabled by output.write_hypothesis_evidence"
uwb-imu-pl/gate-d-diagnostics/v16,86,4300000000,86,86,86,57,1,86,4300000000,"base_factorization","EXECUTED",0.25315199999999999,""
uwb-imu-pl/gate-d-diagnostics/v16,86,4300000000,86,86,86,57,1,86,4300000000,"shared_cache","EXECUTED",0.0029459999999999998,""
uwb-imu-pl/gate-d-diagnostics/v16,86,4300000000,86,86,86,57,1,86,4300000000,"candidate_evaluation","EXECUTED",431.27447899999999,"rank=1;dense=0"
uwb-imu-pl/gate-d-diagnostics/v16,86,4300000000,86,86,86,57,1,86,4300000000,"fde_decision","EXECUTED",9.7749849999999991,""
uwb-imu-pl/gate-d-diagnostics/v16,86,4300000000,86,86,86,57,1,86,4300000000,"candidate_audit","EXECUTED",0.041091000000000003,""
uwb-imu-pl/gate-d-diagnostics/v16,86,4300000000,86,86,86,57,1,86,4300000000,"commit","EXECUTED",2.659618,""
uwb-imu-pl/gate-d-diagnostics/v16,86,4300000000,86,86,86,57,1,86,4300000000,"state_audit","EXECUTED",0.00054799999999999998,""
uwb-imu-pl/gate-d-diagnostics/v16,86,4300000000,86,86,86,57,1,86,4300000000,"finalize_commit_audit","EXECUTED",34.397204000000002,"excludes separately timed commit/discard/state audit"
uwb-imu-pl/gate-d-diagnostics/v16,86,4300000000,86,86,86,57,1,86,4300000000,"discard","SKIPPED",,"upstream gate did not reach stage"
uwb-imu-pl/gate-d-diagnostics/v16,86,4300000000,86,86,86,57,1,86,4300000000,"core_total","EXECUTED",3338.8113370000001,""
uwb-imu-pl/gate-d-diagnostics/v16,87,4350000000,87,87,87,58,1,87,4350000000,"prepare","EXECUTED",2.7041040000000001,""
uwb-imu-pl/gate-d-diagnostics/v16,87,4350000000,87,87,87,58,1,87,4350000000,"integrity_window","EXECUTED",662.64575500000001,""
uwb-imu-pl/gate-d-diagnostics/v16,87,4350000000,87,87,87,58,1,87,4350000000,"window_boundary_provenance","EXECUTED",646.674982,""
uwb-imu-pl/gate-d-diagnostics/v16,87,4350000000,87,87,87,58,1,87,4350000000,"window_factor_linearization_whitening","EXECUTED",1.007201,""
uwb-imu-pl/gate-d-diagnostics/v16,87,4350000000,87,87,87,58,1,87,4350000000,"window_dense_assembly","EXECUTED",0.088567000000000007,""
uwb-imu-pl/gate-d-diagnostics/v16,87,4350000000,87,87,87,58,1,87,4350000000,"window_svd","EXECUTED",8.2052650000000007,""
uwb-imu-pl/gate-d-diagnostics/v16,87,4350000000,87,87,87,58,1,87,4350000000,"window_normal_equations","EXECUTED",0.32178699999999999,""
uwb-imu-pl/gate-d-diagnostics/v16,87,4350000000,87,87,87,58,1,87,4350000000,"window_llt_state_solves","EXECUTED",0.104793,""
uwb-imu-pl/gate-d-diagnostics/v16,87,4350000000,87,87,87,58,1,87,4350000000,"window_fingerprint","EXECUTED",4.8303419999999999,""
uwb-imu-pl/gate-d-diagnostics/v16,87,4350000000,87,87,87,58,1,87,4350000000,"all_in_detector","EXECUTED",0.27731299999999998,""
uwb-imu-pl/gate-d-diagnostics/v16,87,4350000000,87,87,87,58,1,87,4350000000,"current_sensitivity","EXECUTED",0.55232899999999996,""
uwb-imu-pl/gate-d-diagnostics/v16,87,4350000000,87,87,87,58,1,87,4350000000,"model_generation","EXECUTED",297.72349800000001,""
uwb-imu-pl/gate-d-diagnostics/v16,87,4350000000,87,87,87,58,1,87,4350000000,"historical_sensitivity","EXECUTED",0.12665200000000001,""
uwb-imu-pl/gate-d-diagnostics/v16,87,4350000000,87,87,87,58,1,87,4350000000,"hypothesis_evidence","EXECUTED",1831.914761,"effective_dimensions=1:464,2:41440,3:19200,other:0;context_bytes=10265792;worker_blocks=4"
uwb-imu-pl/gate-d-diagnostics/v16,87,4350000000,87,87,87,58,1,87,4350000000,"health_actions","EXECUTED",17.790686999999998,""
uwb-imu-pl/gate-d-diagnostics/v16,87,4350000000,87,87,87,58,1,87,4350000000,"hypothesis_audit","SKIPPED",,"disabled by output.write_hypothesis_evidence"
uwb-imu-pl/gate-d-diagnostics/v16,87,4350000000,87,87,87,58,1,87,4350000000,"base_factorization","EXECUTED",0.25784299999999999,""
uwb-imu-pl/gate-d-diagnostics/v16,87,4350000000,87,87,87,58,1,87,4350000000,"shared_cache","EXECUTED",0.0036930000000000001,""
uwb-imu-pl/gate-d-diagnostics/v16,87,4350000000,87,87,87,58,1,87,4350000000,"candidate_evaluation","EXECUTED",425.32844399999999,"rank=1;dense=0"
uwb-imu-pl/gate-d-diagnostics/v16,87,4350000000,87,87,87,58,1,87,4350000000,"fde_decision","EXECUTED",9.0326020000000007,""
uwb-imu-pl/gate-d-diagnostics/v16,87,4350000000,87,87,87,58,1,87,4350000000,"candidate_audit","EXECUTED",0.065175999999999998,""
uwb-imu-pl/gate-d-diagnostics/v16,87,4350000000,87,87,87,58,1,87,4350000000,"commit","EXECUTED",2.712987,""
uwb-imu-pl/gate-d-diagnostics/v16,87,4350000000,87,87,87,58,1,87,4350000000,"state_audit","EXECUTED",0.000408,""
uwb-imu-pl/gate-d-diagnostics/v16,87,4350000000,87,87,87,58,1,87,4350000000,"finalize_commit_audit","EXECUTED",33.595438000000001,"excludes separately timed commit/discard/state audit"
uwb-imu-pl/gate-d-diagnostics/v16,87,4350000000,87,87,87,58,1,87,4350000000,"discard","SKIPPED",,"upstream gate did not reach stage"
uwb-imu-pl/gate-d-diagnostics/v16,87,4350000000,87,87,87,58,1,87,4350000000,"core_total","EXECUTED",3285.278233,""
uwb-imu-pl/gate-d-diagnostics/v16,88,4400000000,88,88,88,59,1,88,4400000000,"prepare","EXECUTED",2.5184820000000001,""
uwb-imu-pl/gate-d-diagnostics/v16,88,4400000000,88,88,88,59,1,88,4400000000,"integrity_window","EXECUTED",545.99912400000005,""
uwb-imu-pl/gate-d-diagnostics/v16,88,4400000000,88,88,88,59,1,88,4400000000,"window_boundary_provenance","EXECUTED",529.66777400000001,""
uwb-imu-pl/gate-d-diagnostics/v16,88,4400000000,88,88,88,59,1,88,4400000000,"window_factor_linearization_whitening","EXECUTED",1.0186539999999999,""
uwb-imu-pl/gate-d-diagnostics/v16,88,4400000000,88,88,88,59,1,88,4400000000,"window_dense_assembly","EXECUTED",0.089136000000000007,""
uwb-imu-pl/gate-d-diagnostics/v16,88,4400000000,88,88,88,59,1,88,4400000000,"window_svd","EXECUTED",7.6199279999999998,""
uwb-imu-pl/gate-d-diagnostics/v16,88,4400000000,88,88,88,59,1,88,4400000000,"window_normal_equations","EXECUTED",0.32081599999999999,""
uwb-imu-pl/gate-d-diagnostics/v16,88,4400000000,88,88,88,59,1,88,4400000000,"window_llt_state_solves","EXECUTED",0.097590999999999997,""
uwb-imu-pl/gate-d-diagnostics/v16,88,4400000000,88,88,88,59,1,88,4400000000,"window_fingerprint","EXECUTED",5.8702240000000003,""
uwb-imu-pl/gate-d-diagnostics/v16,88,4400000000,88,88,88,59,1,88,4400000000,"all_in_detector","EXECUTED",0.27455400000000002,""
uwb-imu-pl/gate-d-diagnostics/v16,88,4400000000,88,88,88,59,1,88,4400000000,"current_sensitivity","EXECUTED",0.51384200000000002,""
uwb-imu-pl/gate-d-diagnostics/v16,88,4400000000,88,88,88,59,1,88,4400000000,"model_generation","EXECUTED",305.887201,""
uwb-imu-pl/gate-d-diagnostics/v16,88,4400000000,88,88,88,59,1,88,4400000000,"historical_sensitivity","EXECUTED",0.13156799999999999,""
uwb-imu-pl/gate-d-diagnostics/v16,88,4400000000,88,88,88,59,1,88,4400000000,"hypothesis_evidence","EXECUTED",1855.216989,"effective_dimensions=1:464,2:41440,3:19200,other:0;context_bytes=10265792;worker_blocks=4"
uwb-imu-pl/gate-d-diagnostics/v16,88,4400000000,88,88,88,59,1,88,4400000000,"health_actions","EXECUTED",20.827452999999998,""
uwb-imu-pl/gate-d-diagnostics/v16,88,4400000000,88,88,88,59,1,88,4400000000,"hypothesis_audit","SKIPPED",,"disabled by output.write_hypothesis_evidence"
uwb-imu-pl/gate-d-diagnostics/v16,88,4400000000,88,88,88,59,1,88,4400000000,"base_factorization","EXECUTED",0.28665299999999999,""
uwb-imu-pl/gate-d-diagnostics/v16,88,4400000000,88,88,88,59,1,88,4400000000,"shared_cache","EXECUTED",0.0031510000000000002,""
uwb-imu-pl/gate-d-diagnostics/v16,88,4400000000,88,88,88,59,1,88,4400000000,"candidate_evaluation","EXECUTED",426.39156500000001,"rank=1;dense=0"
uwb-imu-pl/gate-d-diagnostics/v16,88,4400000000,88,88,88,59,1,88,4400000000,"fde_decision","EXECUTED",9.1980930000000001,""
uwb-imu-pl/gate-d-diagnostics/v16,88,4400000000,88,88,88,59,1,88,4400000000,"candidate_audit","EXECUTED",0.037463000000000003,""
uwb-imu-pl/gate-d-diagnostics/v16,88,4400000000,88,88,88,59,1,88,4400000000,"commit","EXECUTED",3.0085570000000001,""
uwb-imu-pl/gate-d-diagnostics/v16,88,4400000000,88,88,88,59,1,88,4400000000,"state_audit","EXECUTED",0.00054100000000000003,""
uwb-imu-pl/gate-d-diagnostics/v16,88,4400000000,88,88,88,59,1,88,4400000000,"finalize_commit_audit","EXECUTED",32.996097999999996,"excludes separately timed commit/discard/state audit"
uwb-imu-pl/gate-d-diagnostics/v16,88,4400000000,88,88,88,59,1,88,4400000000,"discard","SKIPPED",,"upstream gate did not reach stage"
uwb-imu-pl/gate-d-diagnostics/v16,88,4400000000,88,88,88,59,1,88,4400000000,"core_total","EXECUTED",3203.809886,""
uwb-imu-pl/gate-d-diagnostics/v16,89,4450000000,89,89,89,60,1,89,4450000000,"prepare","EXECUTED",2.7901609999999999,""
uwb-imu-pl/gate-d-diagnostics/v16,89,4450000000,89,89,89,60,1,89,4450000000,"integrity_window","EXECUTED",557.43508599999996,""
uwb-imu-pl/gate-d-diagnostics/v16,89,4450000000,89,89,89,60,1,89,4450000000,"window_boundary_provenance","EXECUTED",542.57339999999999,""
uwb-imu-pl/gate-d-diagnostics/v16,89,4450000000,89,89,89,60,1,89,4450000000,"window_factor_linearization_whitening","EXECUTED",1.120052,""
uwb-imu-pl/gate-d-diagnostics/v16,89,4450000000,89,89,89,60,1,89,4450000000,"window_dense_assembly","EXECUTED",0.116429,""
uwb-imu-pl/gate-d-diagnostics/v16,89,4450000000,89,89,89,60,1,89,4450000000,"window_svd","EXECUTED",7.692456,""
uwb-imu-pl/gate-d-diagnostics/v16,89,4450000000,89,89,89,60,1,89,4450000000,"window_normal_equations","EXECUTED",0.32783099999999998,""
uwb-imu-pl/gate-d-diagnostics/v16,89,4450000000,89,89,89,60,1,89,4450000000,"window_llt_state_solves","EXECUTED",0.103588,""
uwb-imu-pl/gate-d-diagnostics/v16,89,4450000000,89,89,89,60,1,89,4450000000,"window_fingerprint","EXECUTED",4.1213350000000002,""
uwb-imu-pl/gate-d-diagnostics/v16,89,4450000000,89,89,89,60,1,89,4450000000,"all_in_detector","EXECUTED",0.26784400000000003,""
uwb-imu-pl/gate-d-diagnostics/v16,89,4450000000,89,89,89,60,1,89,4450000000,"current_sensitivity","EXECUTED",0.53613299999999997,""
uwb-imu-pl/gate-d-diagnostics/v16,89,4450000000,89,89,89,60,1,89,4450000000,"model_generation","EXECUTED",303.85973899999999,""
uwb-imu-pl/gate-d-diagnostics/v16,89,4450000000,89,89,89,60,1,89,4450000000,"historical_sensitivity","EXECUTED",0.129575,""
uwb-imu-pl/gate-d-diagnostics/v16,89,4450000000,89,89,89,60,1,89,4450000000,"hypothesis_evidence","EXECUTED",1818.6796119999999,"effective_dimensions=1:464,2:41440,3:19200,other:0;context_bytes=10265792;worker_blocks=4"
uwb-imu-pl/gate-d-diagnostics/v16,89,4450000000,89,89,89,60,1,89,4450000000,"health_actions","EXECUTED",19.705663999999999,""
uwb-imu-pl/gate-d-diagnostics/v16,89,4450000000,89,89,89,60,1,89,4450000000,"hypothesis_audit","SKIPPED",,"disabled by output.write_hypothesis_evidence"
uwb-imu-pl/gate-d-diagnostics/v16,89,4450000000,89,89,89,60,1,89,4450000000,"base_factorization","EXECUTED",0.25335800000000003,""
uwb-imu-pl/gate-d-diagnostics/v16,89,4450000000,89,89,89,60,1,89,4450000000,"shared_cache","EXECUTED",0.0031259999999999999,""
uwb-imu-pl/gate-d-diagnostics/v16,89,4450000000,89,89,89,60,1,89,4450000000,"candidate_evaluation","EXECUTED",428.31743499999999,"rank=1;dense=0"
uwb-imu-pl/gate-d-diagnostics/v16,89,4450000000,89,89,89,60,1,89,4450000000,"fde_decision","EXECUTED",9.9130050000000001,""
uwb-imu-pl/gate-d-diagnostics/v16,89,4450000000,89,89,89,60,1,89,4450000000,"candidate_audit","EXECUTED",0.041633999999999997,""
uwb-imu-pl/gate-d-diagnostics/v16,89,4450000000,89,89,89,60,1,89,4450000000,"commit","EXECUTED",2.7388340000000002,""
uwb-imu-pl/gate-d-diagnostics/v16,89,4450000000,89,89,89,60,1,89,4450000000,"state_audit","EXECUTED",0.000406,""
uwb-imu-pl/gate-d-diagnostics/v16,89,4450000000,89,89,89,60,1,89,4450000000,"finalize_commit_audit","EXECUTED",31.263185000000004,"excludes separately timed commit/discard/state audit"
uwb-imu-pl/gate-d-diagnostics/v16,89,4450000000,89,89,89,60,1,89,4450000000,"discard","SKIPPED",,"upstream gate did not reach stage"
uwb-imu-pl/gate-d-diagnostics/v16,89,4450000000,89,89,89,60,1,89,4450000000,"core_total","EXECUTED",3176.544672,""
uwb-imu-pl/gate-d-diagnostics/v16,90,4500000000,90,90,90,61,1,90,4500000000,"prepare","EXECUTED",2.8979050000000002,""
uwb-imu-pl/gate-d-diagnostics/v16,90,4500000000,90,90,90,61,1,90,4500000000,"integrity_window","EXECUTED",499.93956600000001,""
uwb-imu-pl/gate-d-diagnostics/v16,90,4500000000,90,90,90,61,1,90,4500000000,"window_boundary_provenance","EXECUTED",484.71707300000003,""
uwb-imu-pl/gate-d-diagnostics/v16,90,4500000000,90,90,90,61,1,90,4500000000,"window_factor_linearization_whitening","EXECUTED",1.0955349999999999,""
uwb-imu-pl/gate-d-diagnostics/v16,90,4500000000,90,90,90,61,1,90,4500000000,"window_dense_assembly","EXECUTED",0.101198,""
uwb-imu-pl/gate-d-diagnostics/v16,90,4500000000,90,90,90,61,1,90,4500000000,"window_svd","EXECUTED",8.2628299999999992,""
uwb-imu-pl/gate-d-diagnostics/v16,90,4500000000,90,90,90,61,1,90,4500000000,"window_normal_equations","EXECUTED",0.32631199999999999,""
uwb-imu-pl/gate-d-diagnostics/v16,90,4500000000,90,90,90,61,1,90,4500000000,"window_llt_state_solves","EXECUTED",0.103612,""
uwb-imu-pl/gate-d-diagnostics/v16,90,4500000000,90,90,90,61,1,90,4500000000,"window_fingerprint","EXECUTED",3.9271919999999998,""
uwb-imu-pl/gate-d-diagnostics/v16,90,4500000000,90,90,90,61,1,90,4500000000,"all_in_detector","EXECUTED",0.28647499999999998,""
uwb-imu-pl/gate-d-diagnostics/v16,90,4500000000,90,90,90,61,1,90,4500000000,"current_sensitivity","EXECUTED",0.54657699999999998,""
uwb-imu-pl/gate-d-diagnostics/v16,90,4500000000,90,90,90,61,1,90,4500000000,"model_generation","EXECUTED",303.86107800000002,""
uwb-imu-pl/gate-d-diagnostics/v16,90,4500000000,90,90,90,61,1,90,4500000000,"historical_sensitivity","EXECUTED",0.12641999999999998,""
uwb-imu-pl/gate-d-diagnostics/v16,90,4500000000,90,90,90,61,1,90,4500000000,"hypothesis_evidence","EXECUTED",1819.7702260000001,"effective_dimensions=1:464,2:41440,3:19200,other:0;context_bytes=10265792;worker_blocks=4"
uwb-imu-pl/gate-d-diagnostics/v16,90,4500000000,90,90,90,61,1,90,4500000000,"health_actions","EXECUTED",19.880799,""
uwb-imu-pl/gate-d-diagnostics/v16,90,4500000000,90,90,90,61,1,90,4500000000,"hypothesis_audit","SKIPPED",,"disabled by output.write_hypothesis_evidence"
uwb-imu-pl/gate-d-diagnostics/v16,90,4500000000,90,90,90,61,1,90,4500000000,"base_factorization","EXECUTED",0.26822499999999999,""
uwb-imu-pl/gate-d-diagnostics/v16,90,4500000000,90,90,90,61,1,90,4500000000,"shared_cache","EXECUTED",0.0040080000000000003,""
uwb-imu-pl/gate-d-diagnostics/v16,90,4500000000,90,90,90,61,1,90,4500000000,"candidate_evaluation","EXECUTED",426.271905,"rank=1;dense=0"
uwb-imu-pl/gate-d-diagnostics/v16,90,4500000000,90,90,90,61,1,90,4500000000,"fde_decision","EXECUTED",10.559367,""
uwb-imu-pl/gate-d-diagnostics/v16,90,4500000000,90,90,90,61,1,90,4500000000,"candidate_audit","EXECUTED",0.039516999999999997,""
uwb-imu-pl/gate-d-diagnostics/v16,90,4500000000,90,90,90,61,1,90,4500000000,"commit","EXECUTED",1.7571889999999999,""
uwb-imu-pl/gate-d-diagnostics/v16,90,4500000000,90,90,90,61,1,90,4500000000,"state_audit","EXECUTED",0.00041100000000000002,""
uwb-imu-pl/gate-d-diagnostics/v16,90,4500000000,90,90,90,61,1,90,4500000000,"finalize_commit_audit","EXECUTED",35.696423000000003,"excludes separately timed commit/discard/state audit"
uwb-imu-pl/gate-d-diagnostics/v16,90,4500000000,90,90,90,61,1,90,4500000000,"discard","SKIPPED",,"upstream gate did not reach stage"
uwb-imu-pl/gate-d-diagnostics/v16,90,4500000000,90,90,90,61,1,90,4500000000,"core_total","EXECUTED",3122.5668300000002,""
uwb-imu-pl/gate-d-diagnostics/v16,91,4550000000,91,91,91,62,1,91,4550000000,"prepare","EXECUTED",2.7148490000000001,""
uwb-imu-pl/gate-d-diagnostics/v16,91,4550000000,91,91,91,62,1,91,4550000000,"integrity_window","EXECUTED",481.09783900000002,""
uwb-imu-pl/gate-d-diagnostics/v16,91,4550000000,91,91,91,62,1,91,4550000000,"window_boundary_provenance","EXECUTED",465.84038099999998,""
uwb-imu-pl/gate-d-diagnostics/v16,91,4550000000,91,91,91,62,1,91,4550000000,"window_factor_linearization_whitening","EXECUTED",1.111451,""
uwb-imu-pl/gate-d-diagnostics/v16,91,4550000000,91,91,91,62,1,91,4550000000,"window_dense_assembly","EXECUTED",0.115373,""
uwb-imu-pl/gate-d-diagnostics/v16,91,4550000000,91,91,91,62,1,91,4550000000,"window_svd","EXECUTED",7.6760760000000001,""
uwb-imu-pl/gate-d-diagnostics/v16,91,4550000000,91,91,91,62,1,91,4550000000,"window_normal_equations","EXECUTED",0.31833899999999998,""
uwb-imu-pl/gate-d-diagnostics/v16,91,4550000000,91,91,91,62,1,91,4550000000,"window_llt_state_solves","EXECUTED",0.099404999999999993,""
uwb-imu-pl/gate-d-diagnostics/v16,91,4550000000,91,91,91,62,1,91,4550000000,"window_fingerprint","EXECUTED",4.5741189999999996,""
uwb-imu-pl/gate-d-diagnostics/v16,91,4550000000,91,91,91,62,1,91,4550000000,"all_in_detector","EXECUTED",0.29525000000000001,""
uwb-imu-pl/gate-d-diagnostics/v16,91,4550000000,91,91,91,62,1,91,4550000000,"current_sensitivity","EXECUTED",0.57237000000000005,""
uwb-imu-pl/gate-d-diagnostics/v16,91,4550000000,91,91,91,62,1,91,4550000000,"model_generation","EXECUTED",298.07637699999998,""
uwb-imu-pl/gate-d-diagnostics/v16,91,4550000000,91,91,91,62,1,91,4550000000,"historical_sensitivity","EXECUTED",0.12958500000000001,""
uwb-imu-pl/gate-d-diagnostics/v16,91,4550000000,91,91,91,62,1,91,4550000000,"hypothesis_evidence","EXECUTED",1826.8682799999999,"effective_dimensions=1:464,2:41440,3:19200,other:0;context_bytes=10265792;worker_blocks=4"
uwb-imu-pl/gate-d-diagnostics/v16,91,4550000000,91,91,91,62,1,91,4550000000,"health_actions","EXECUTED",23.832982000000001,""
uwb-imu-pl/gate-d-diagnostics/v16,91,4550000000,91,91,91,62,1,91,4550000000,"hypothesis_audit","SKIPPED",,"disabled by output.write_hypothesis_evidence"
uwb-imu-pl/gate-d-diagnostics/v16,91,4550000000,91,91,91,62,1,91,4550000000,"base_factorization","EXECUTED",0.28572700000000001,""
uwb-imu-pl/gate-d-diagnostics/v16,91,4550000000,91,91,91,62,1,91,4550000000,"shared_cache","EXECUTED",0.0037780000000000001,""
uwb-imu-pl/gate-d-diagnostics/v16,91,4550000000,91,91,91,62,1,91,4550000000,"candidate_evaluation","EXECUTED",425.37744199999997,"rank=1;dense=0"
uwb-imu-pl/gate-d-diagnostics/v16,91,4550000000,91,91,91,62,1,91,4550000000,"fde_decision","EXECUTED",10.198467000000001,""
uwb-imu-pl/gate-d-diagnostics/v16,91,4550000000,91,91,91,62,1,91,4550000000,"candidate_audit","EXECUTED",0.040397000000000002,""
uwb-imu-pl/gate-d-diagnostics/v16,91,4550000000,91,91,91,62,1,91,4550000000,"commit","EXECUTED",1.9363379999999999,""
uwb-imu-pl/gate-d-diagnostics/v16,91,4550000000,91,91,91,62,1,91,4550000000,"state_audit","EXECUTED",0.00055800000000000001,""
uwb-imu-pl/gate-d-diagnostics/v16,91,4550000000,91,91,91,62,1,91,4550000000,"finalize_commit_audit","EXECUTED",31.935055000000002,"excludes separately timed commit/discard/state audit"
uwb-imu-pl/gate-d-diagnostics/v16,91,4550000000,91,91,91,62,1,91,4550000000,"discard","SKIPPED",,"upstream gate did not reach stage"
uwb-imu-pl/gate-d-diagnostics/v16,91,4550000000,91,91,91,62,1,91,4550000000,"core_total","EXECUTED",3103.9207839999999,""
uwb-imu-pl/gate-d-diagnostics/v16,92,4600000000,92,92,92,63,1,92,4600000000,"prepare","EXECUTED",2.6149499999999999,""
uwb-imu-pl/gate-d-diagnostics/v16,92,4600000000,92,92,92,63,1,92,4600000000,"integrity_window","EXECUTED",435.63737900000001,""
uwb-imu-pl/gate-d-diagnostics/v16,92,4600000000,92,92,92,63,1,92,4600000000,"window_boundary_provenance","EXECUTED",421.02014000000003,""
uwb-imu-pl/gate-d-diagnostics/v16,92,4600000000,92,92,92,63,1,92,4600000000,"window_factor_linearization_whitening","EXECUTED",1.442955,""
uwb-imu-pl/gate-d-diagnostics/v16,92,4600000000,92,92,92,63,1,92,4600000000,"window_dense_assembly","EXECUTED",0.104404,""
uwb-imu-pl/gate-d-diagnostics/v16,92,4600000000,92,92,92,63,1,92,4600000000,"window_svd","EXECUTED",7.5812840000000001,""
uwb-imu-pl/gate-d-diagnostics/v16,92,4600000000,92,92,92,63,1,92,4600000000,"window_normal_equations","EXECUTED",0.33567399999999997,""
uwb-imu-pl/gate-d-diagnostics/v16,92,4600000000,92,92,92,63,1,92,4600000000,"window_llt_state_solves","EXECUTED",0.10366599999999999,""
uwb-imu-pl/gate-d-diagnostics/v16,92,4600000000,92,92,92,63,1,92,4600000000,"window_fingerprint","EXECUTED",3.7633030000000001,""
uwb-imu-pl/gate-d-diagnostics/v16,92,4600000000,92,92,92,63,1,92,4600000000,"all_in_detector","EXECUTED",0.243203,""
uwb-imu-pl/gate-d-diagnostics/v16,92,4600000000,92,92,92,63,1,92,4600000000,"current_sensitivity","EXECUTED",0.47958899999999999,""
uwb-imu-pl/gate-d-diagnostics/v16,92,4600000000,92,92,92,63,1,92,4600000000,"model_generation","EXECUTED",305.37360999999999,""
uwb-imu-pl/gate-d-diagnostics/v16,92,4600000000,92,92,92,63,1,92,4600000000,"historical_sensitivity","EXECUTED",0.13381799999999999,""
uwb-imu-pl/gate-d-diagnostics/v16,92,4600000000,92,92,92,63,1,92,4600000000,"hypothesis_evidence","EXECUTED",1837.9381989999999,"effective_dimensions=1:464,2:41440,3:19200,other:0;context_bytes=10265792;worker_blocks=4"
uwb-imu-pl/gate-d-diagnostics/v16,92,4600000000,92,92,92,63,1,92,4600000000,"health_actions","EXECUTED",18.875516000000001,""
uwb-imu-pl/gate-d-diagnostics/v16,92,4600000000,92,92,92,63,1,92,4600000000,"hypothesis_audit","SKIPPED",,"disabled by output.write_hypothesis_evidence"
uwb-imu-pl/gate-d-diagnostics/v16,92,4600000000,92,92,92,63,1,92,4600000000,"base_factorization","EXECUTED",0.25794400000000001,""
uwb-imu-pl/gate-d-diagnostics/v16,92,4600000000,92,92,92,63,1,92,4600000000,"shared_cache","EXECUTED",0.00231,""
uwb-imu-pl/gate-d-diagnostics/v16,92,4600000000,92,92,92,63,1,92,4600000000,"candidate_evaluation","EXECUTED",427.10366900000002,"rank=1;dense=0"
uwb-imu-pl/gate-d-diagnostics/v16,92,4600000000,92,92,92,63,1,92,4600000000,"fde_decision","EXECUTED",8.6022960000000008,""
uwb-imu-pl/gate-d-diagnostics/v16,92,4600000000,92,92,92,63,1,92,4600000000,"candidate_audit","EXECUTED",0.033875000000000002,""
uwb-imu-pl/gate-d-diagnostics/v16,92,4600000000,92,92,92,63,1,92,4600000000,"commit","EXECUTED",2.3435199999999998,""
uwb-imu-pl/gate-d-diagnostics/v16,92,4600000000,92,92,92,63,1,92,4600000000,"state_audit","EXECUTED",0.000522,""
uwb-imu-pl/gate-d-diagnostics/v16,92,4600000000,92,92,92,63,1,92,4600000000,"finalize_commit_audit","EXECUTED",34.707066999999995,"excludes separately timed commit/discard/state audit"
uwb-imu-pl/gate-d-diagnostics/v16,92,4600000000,92,92,92,63,1,92,4600000000,"discard","SKIPPED",,"upstream gate did not reach stage"
uwb-imu-pl/gate-d-diagnostics/v16,92,4600000000,92,92,92,63,1,92,4600000000,"core_total","EXECUTED",3075.0564180000001,""
uwb-imu-pl/gate-d-diagnostics/v16,93,4650000000,93,93,93,64,1,93,4650000000,"prepare","EXECUTED",4.7114919999999998,""
uwb-imu-pl/gate-d-diagnostics/v16,93,4650000000,93,93,93,64,1,93,4650000000,"integrity_window","EXECUTED",439.90785,""
uwb-imu-pl/gate-d-diagnostics/v16,93,4650000000,93,93,93,64,1,93,4650000000,"window_boundary_provenance","EXECUTED",423.07934799999998,""
uwb-imu-pl/gate-d-diagnostics/v16,93,4650000000,93,93,93,64,1,93,4650000000,"window_factor_linearization_whitening","EXECUTED",1.101872,""
uwb-imu-pl/gate-d-diagnostics/v16,93,4650000000,93,93,93,64,1,93,4650000000,"window_dense_assembly","EXECUTED",0.094509999999999997,""
uwb-imu-pl/gate-d-diagnostics/v16,93,4650000000,93,93,93,64,1,93,4650000000,"window_svd","EXECUTED",9.7279049999999998,""
uwb-imu-pl/gate-d-diagnostics/v16,93,4650000000,93,93,93,64,1,93,4650000000,"window_normal_equations","EXECUTED",0.35065600000000002,""
uwb-imu-pl/gate-d-diagnostics/v16,93,4650000000,93,93,93,64,1,93,4650000000,"window_llt_state_solves","EXECUTED",0.12532499999999999,""
uwb-imu-pl/gate-d-diagnostics/v16,93,4650000000,93,93,93,64,1,93,4650000000,"window_fingerprint","EXECUTED",4.0090110000000001,""
uwb-imu-pl/gate-d-diagnostics/v16,93,4650000000,93,93,93,64,1,93,4650000000,"all_in_detector","EXECUTED",0.28734199999999999,""
uwb-imu-pl/gate-d-diagnostics/v16,93,4650000000,93,93,93,64,1,93,4650000000,"current_sensitivity","EXECUTED",0.53334800000000004,""
uwb-imu-pl/gate-d-diagnostics/v16,93,4650000000,93,93,93,64,1,93,4650000000,"model_generation","EXECUTED",303.10039300000005,""
uwb-imu-pl/gate-d-diagnostics/v16,93,4650000000,93,93,93,64,1,93,4650000000,"historical_sensitivity","EXECUTED",0.12746499999999999,""
uwb-imu-pl/gate-d-diagnostics/v16,93,4650000000,93,93,93,64,1,93,4650000000,"hypothesis_evidence","EXECUTED",1858.2204139999999,"effective_dimensions=1:464,2:41440,3:19200,other:0;context_bytes=10265792;worker_blocks=4"
uwb-imu-pl/gate-d-diagnostics/v16,93,4650000000,93,93,93,64,1,93,4650000000,"health_actions","EXECUTED",18.988693999999999,""
uwb-imu-pl/gate-d-diagnostics/v16,93,4650000000,93,93,93,64,1,93,4650000000,"hypothesis_audit","SKIPPED",,"disabled by output.write_hypothesis_evidence"
uwb-imu-pl/gate-d-diagnostics/v16,93,4650000000,93,93,93,64,1,93,4650000000,"base_factorization","EXECUTED",0.26144499999999998,""
uwb-imu-pl/gate-d-diagnostics/v16,93,4650000000,93,93,93,64,1,93,4650000000,"shared_cache","EXECUTED",0.0030839999999999999,""
uwb-imu-pl/gate-d-diagnostics/v16,93,4650000000,93,93,93,64,1,93,4650000000,"candidate_evaluation","EXECUTED",429.41416199999998,"rank=1;dense=0"
uwb-imu-pl/gate-d-diagnostics/v16,93,4650000000,93,93,93,64,1,93,4650000000,"fde_decision","EXECUTED",8.6406069999999993,""
uwb-imu-pl/gate-d-diagnostics/v16,93,4650000000,93,93,93,64,1,93,4650000000,"candidate_audit","EXECUTED",0.037238,""
uwb-imu-pl/gate-d-diagnostics/v16,93,4650000000,93,93,93,64,1,93,4650000000,"commit","EXECUTED",2.799239,""
uwb-imu-pl/gate-d-diagnostics/v16,93,4650000000,93,93,93,64,1,93,4650000000,"state_audit","EXECUTED",0.00069499999999999998,""
uwb-imu-pl/gate-d-diagnostics/v16,93,4650000000,93,93,93,64,1,93,4650000000,"finalize_commit_audit","EXECUTED",39.975000999999999,"excludes separately timed commit/discard/state audit"
uwb-imu-pl/gate-d-diagnostics/v16,93,4650000000,93,93,93,64,1,93,4650000000,"discard","SKIPPED",,"upstream gate did not reach stage"
uwb-imu-pl/gate-d-diagnostics/v16,93,4650000000,93,93,93,64,1,93,4650000000,"core_total","EXECUTED",3107.7120479999999,""
uwb-imu-pl/gate-d-diagnostics/v16,94,4700000000,94,94,94,65,1,94,4700000000,"prepare","EXECUTED",2.8979650000000001,""
uwb-imu-pl/gate-d-diagnostics/v16,94,4700000000,94,94,94,65,1,94,4700000000,"integrity_window","EXECUTED",446.98170599999997,""
uwb-imu-pl/gate-d-diagnostics/v16,94,4700000000,94,94,94,65,1,94,4700000000,"window_boundary_provenance","EXECUTED",430.97006699999997,""
uwb-imu-pl/gate-d-diagnostics/v16,94,4700000000,94,94,94,65,1,94,4700000000,"window_factor_linearization_whitening","EXECUTED",1.007242,""
uwb-imu-pl/gate-d-diagnostics/v16,94,4700000000,94,94,94,65,1,94,4700000000,"window_dense_assembly","EXECUTED",0.072683999999999999,""
uwb-imu-pl/gate-d-diagnostics/v16,94,4700000000,94,94,94,65,1,94,4700000000,"window_svd","EXECUTED",9.1835699999999996,""
uwb-imu-pl/gate-d-diagnostics/v16,94,4700000000,94,94,94,65,1,94,4700000000,"window_normal_equations","EXECUTED",0.34583599999999998,""
uwb-imu-pl/gate-d-diagnostics/v16,94,4700000000,94,94,94,65,1,94,4700000000,"window_llt_state_solves","EXECUTED",0.13134100000000001,""
uwb-imu-pl/gate-d-diagnostics/v16,94,4700000000,94,94,94,65,1,94,4700000000,"window_fingerprint","EXECUTED",3.9424229999999998,""
uwb-imu-pl/gate-d-diagnostics/v16,94,4700000000,94,94,94,65,1,94,4700000000,"all_in_detector","EXECUTED",0.25106200000000001,""
uwb-imu-pl/gate-d-diagnostics/v16,94,4700000000,94,94,94,65,1,94,4700000000,"current_sensitivity","EXECUTED",0.52703199999999994,""
uwb-imu-pl/gate-d-diagnostics/v16,94,4700000000,94,94,94,65,1,94,4700000000,"model_generation","EXECUTED",301.05556300000001,""
uwb-imu-pl/gate-d-diagnostics/v16,94,4700000000,94,94,94,65,1,94,4700000000,"historical_sensitivity","EXECUTED",0.14024500000000001,""
uwb-imu-pl/gate-d-diagnostics/v16,94,4700000000,94,94,94,65,1,94,4700000000,"hypothesis_evidence","EXECUTED",1797.081471,"effective_dimensions=1:464,2:41440,3:19200,other:0;context_bytes=10265792;worker_blocks=4"
uwb-imu-pl/gate-d-diagnostics/v16,94,4700000000,94,94,94,65,1,94,4700000000,"health_actions","EXECUTED",18.992560999999998,""
uwb-imu-pl/gate-d-diagnostics/v16,94,4700000000,94,94,94,65,1,94,4700000000,"hypothesis_audit","SKIPPED",,"disabled by output.write_hypothesis_evidence"
uwb-imu-pl/gate-d-diagnostics/v16,94,4700000000,94,94,94,65,1,94,4700000000,"base_factorization","EXECUTED",0.25387900000000002,""
uwb-imu-pl/gate-d-diagnostics/v16,94,4700000000,94,94,94,65,1,94,4700000000,"shared_cache","EXECUTED",0.0026159999999999998,""
uwb-imu-pl/gate-d-diagnostics/v16,94,4700000000,94,94,94,65,1,94,4700000000,"candidate_evaluation","EXECUTED",428.14994300000001,"rank=1;dense=0"
uwb-imu-pl/gate-d-diagnostics/v16,94,4700000000,94,94,94,65,1,94,4700000000,"fde_decision","EXECUTED",9.7381799999999998,""
uwb-imu-pl/gate-d-diagnostics/v16,94,4700000000,94,94,94,65,1,94,4700000000,"candidate_audit","EXECUTED",0.042072999999999999,""
uwb-imu-pl/gate-d-diagnostics/v16,94,4700000000,94,94,94,65,1,94,4700000000,"commit","EXECUTED",2.4892430000000001,""
uwb-imu-pl/gate-d-diagnostics/v16,94,4700000000,94,94,94,65,1,94,4700000000,"state_audit","EXECUTED",0.00057200000000000003,""
uwb-imu-pl/gate-d-diagnostics/v16,94,4700000000,94,94,94,65,1,94,4700000000,"finalize_commit_audit","EXECUTED",32.797424999999997,"excludes separately timed commit/discard/state audit"
uwb-imu-pl/gate-d-diagnostics/v16,94,4700000000,94,94,94,65,1,94,4700000000,"discard","SKIPPED",,"upstream gate did not reach stage"
uwb-imu-pl/gate-d-diagnostics/v16,94,4700000000,94,94,94,65,1,94,4700000000,"core_total","EXECUTED",3042.0660330000001,""
uwb-imu-pl/gate-d-diagnostics/v16,95,4750000000,95,95,95,66,1,95,4750000000,"prepare","EXECUTED",2.6108980000000002,""
uwb-imu-pl/gate-d-diagnostics/v16,95,4750000000,95,95,95,66,1,95,4750000000,"integrity_window","EXECUTED",452.82167299999998,""
uwb-imu-pl/gate-d-diagnostics/v16,95,4750000000,95,95,95,66,1,95,4750000000,"window_boundary_provenance","EXECUTED",436.87688100000003,""
uwb-imu-pl/gate-d-diagnostics/v16,95,4750000000,95,95,95,66,1,95,4750000000,"window_factor_linearization_whitening","EXECUTED",1.0086120000000001,""
uwb-imu-pl/gate-d-diagnostics/v16,95,4750000000,95,95,95,66,1,95,4750000000,"window_dense_assembly","EXECUTED",0.11120099999999999,""
uwb-imu-pl/gate-d-diagnostics/v16,95,4750000000,95,95,95,66,1,95,4750000000,"window_svd","EXECUTED",9.0059979999999999,""
uwb-imu-pl/gate-d-diagnostics/v16,95,4750000000,95,95,95,66,1,95,4750000000,"window_normal_equations","EXECUTED",0.34164099999999997,""
uwb-imu-pl/gate-d-diagnostics/v16,95,4750000000,95,95,95,66,1,95,4750000000,"window_llt_state_solves","EXECUTED",0.131415,""
uwb-imu-pl/gate-d-diagnostics/v16,95,4750000000,95,95,95,66,1,95,4750000000,"window_fingerprint","EXECUTED",3.9799790000000002,""
uwb-imu-pl/gate-d-diagnostics/v16,95,4750000000,95,95,95,66,1,95,4750000000,"all_in_detector","EXECUTED",0.27769500000000003,""
uwb-imu-pl/gate-d-diagnostics/v16,95,4750000000,95,95,95,66,1,95,4750000000,"current_sensitivity","EXECUTED",0.52583299999999999,""
uwb-imu-pl/gate-d-diagnostics/v16,95,4750000000,95,95,95,66,1,95,4750000000,"model_generation","EXECUTED",305.53844900000001,""
uwb-imu-pl/gate-d-diagnostics/v16,95,4750000000,95,95,95,66,1,95,4750000000,"historical_sensitivity","EXECUTED",0.18379099999999998,""
uwb-imu-pl/gate-d-diagnostics/v16,95,4750000000,95,95,95,66,1,95,4750000000,"hypothesis_evidence","EXECUTED",1829.0391139999999,"effective_dimensions=1:464,2:41440,3:19200,other:0;context_bytes=10265792;worker_blocks=4"
uwb-imu-pl/gate-d-diagnostics/v16,95,4750000000,95,95,95,66,1,95,4750000000,"health_actions","EXECUTED",22.415628000000002,""
uwb-imu-pl/gate-d-diagnostics/v16,95,4750000000,95,95,95,66,1,95,4750000000,"hypothesis_audit","SKIPPED",,"disabled by output.write_hypothesis_evidence"
uwb-imu-pl/gate-d-diagnostics/v16,95,4750000000,95,95,95,66,1,95,4750000000,"base_factorization","EXECUTED",0.30576300000000001,""
uwb-imu-pl/gate-d-diagnostics/v16,95,4750000000,95,95,95,66,1,95,4750000000,"shared_cache","EXECUTED",0.0059170000000000004,""
uwb-imu-pl/gate-d-diagnostics/v16,95,4750000000,95,95,95,66,1,95,4750000000,"candidate_evaluation","EXECUTED",427.77260699999999,"rank=1;dense=0"
uwb-imu-pl/gate-d-diagnostics/v16,95,4750000000,95,95,95,66,1,95,4750000000,"fde_decision","EXECUTED",10.849485,""
uwb-imu-pl/gate-d-diagnostics/v16,95,4750000000,95,95,95,66,1,95,4750000000,"candidate_audit","EXECUTED",0.041293000000000003,""
uwb-imu-pl/gate-d-diagnostics/v16,95,4750000000,95,95,95,66,1,95,4750000000,"commit","EXECUTED",2.1032570000000002,""
uwb-imu-pl/gate-d-diagnostics/v16,95,4750000000,95,95,95,66,1,95,4750000000,"state_audit","EXECUTED",0.000437,""
uwb-imu-pl/gate-d-diagnostics/v16,95,4750000000,95,95,95,66,1,95,4750000000,"finalize_commit_audit","EXECUTED",32.290147000000005,"excludes separately timed commit/discard/state audit"
uwb-imu-pl/gate-d-diagnostics/v16,95,4750000000,95,95,95,66,1,95,4750000000,"discard","SKIPPED",,"upstream gate did not reach stage"
uwb-imu-pl/gate-d-diagnostics/v16,95,4750000000,95,95,95,66,1,95,4750000000,"core_total","EXECUTED",3087.2986559999999,""
uwb-imu-pl/gate-d-diagnostics/v16,96,4800000000,96,96,96,67,1,96,4800000000,"prepare","EXECUTED",2.377329,""
uwb-imu-pl/gate-d-diagnostics/v16,96,4800000000,96,96,96,67,1,96,4800000000,"integrity_window","EXECUTED",448.52912300000003,""
uwb-imu-pl/gate-d-diagnostics/v16,96,4800000000,96,96,96,67,1,96,4800000000,"window_boundary_provenance","EXECUTED",432.36816700000003,""
uwb-imu-pl/gate-d-diagnostics/v16,96,4800000000,96,96,96,67,1,96,4800000000,"window_factor_linearization_whitening","EXECUTED",1.0496540000000001,""
uwb-imu-pl/gate-d-diagnostics/v16,96,4800000000,96,96,96,67,1,96,4800000000,"window_dense_assembly","EXECUTED",0.094128000000000003,""
uwb-imu-pl/gate-d-diagnostics/v16,96,4800000000,96,96,96,67,1,96,4800000000,"window_svd","EXECUTED",9.1055869999999999,""
uwb-imu-pl/gate-d-diagnostics/v16,96,4800000000,96,96,96,67,1,96,4800000000,"window_normal_equations","EXECUTED",0.355404,""
uwb-imu-pl/gate-d-diagnostics/v16,96,4800000000,96,96,96,67,1,96,4800000000,"window_llt_state_solves","EXECUTED",0.116268,""
uwb-imu-pl/gate-d-diagnostics/v16,96,4800000000,96,96,96,67,1,96,4800000000,"window_fingerprint","EXECUTED",4.0433830000000004,""
uwb-imu-pl/gate-d-diagnostics/v16,96,4800000000,96,96,96,67,1,96,4800000000,"all_in_detector","EXECUTED",0.27554800000000002,""
uwb-imu-pl/gate-d-diagnostics/v16,96,4800000000,96,96,96,67,1,96,4800000000,"current_sensitivity","EXECUTED",0.53014399999999995,""
uwb-imu-pl/gate-d-diagnostics/v16,96,4800000000,96,96,96,67,1,96,4800000000,"model_generation","EXECUTED",303.99753000000004,""
uwb-imu-pl/gate-d-diagnostics/v16,96,4800000000,96,96,96,67,1,96,4800000000,"historical_sensitivity","EXECUTED",0.12923999999999999,""
uwb-imu-pl/gate-d-diagnostics/v16,96,4800000000,96,96,96,67,1,96,4800000000,"hypothesis_evidence","EXECUTED",1833.9956649999999,"effective_dimensions=1:464,2:41440,3:19200,other:0;context_bytes=10265792;worker_blocks=4"
uwb-imu-pl/gate-d-diagnostics/v16,96,4800000000,96,96,96,67,1,96,4800000000,"health_actions","EXECUTED",20.665576999999999,""
uwb-imu-pl/gate-d-diagnostics/v16,96,4800000000,96,96,96,67,1,96,4800000000,"hypothesis_audit","SKIPPED",,"disabled by output.write_hypothesis_evidence"
uwb-imu-pl/gate-d-diagnostics/v16,96,4800000000,96,96,96,67,1,96,4800000000,"base_factorization","EXECUTED",0.27002100000000001,""
uwb-imu-pl/gate-d-diagnostics/v16,96,4800000000,96,96,96,67,1,96,4800000000,"shared_cache","EXECUTED",0.0035040000000000002,""
uwb-imu-pl/gate-d-diagnostics/v16,96,4800000000,96,96,96,67,1,96,4800000000,"candidate_evaluation","EXECUTED",426.04978199999999,"rank=1;dense=0"
uwb-imu-pl/gate-d-diagnostics/v16,96,4800000000,96,96,96,67,1,96,4800000000,"fde_decision","EXECUTED",9.6707140000000003,""
uwb-imu-pl/gate-d-diagnostics/v16,96,4800000000,96,96,96,67,1,96,4800000000,"candidate_audit","EXECUTED",0.045844000000000003,""
uwb-imu-pl/gate-d-diagnostics/v16,96,4800000000,96,96,96,67,1,96,4800000000,"commit","EXECUTED",2.038278,""
uwb-imu-pl/gate-d-diagnostics/v16,96,4800000000,96,96,96,67,1,96,4800000000,"state_audit","EXECUTED",0.00027700000000000001,""
uwb-imu-pl/gate-d-diagnostics/v16,96,4800000000,96,96,96,67,1,96,4800000000,"finalize_commit_audit","EXECUTED",34.602674999999998,"excludes separately timed commit/discard/state audit"
uwb-imu-pl/gate-d-diagnostics/v16,96,4800000000,96,96,96,67,1,96,4800000000,"discard","SKIPPED",,"upstream gate did not reach stage"
uwb-imu-pl/gate-d-diagnostics/v16,96,4800000000,96,96,96,67,1,96,4800000000,"core_total","EXECUTED",3083.7176880000002,""
uwb-imu-pl/gate-d-diagnostics/v16,97,4850000000,97,97,97,68,1,97,4850000000,"prepare","EXECUTED",2.5866009999999999,""
uwb-imu-pl/gate-d-diagnostics/v16,97,4850000000,97,97,97,68,1,97,4850000000,"integrity_window","EXECUTED",439.343684,""
uwb-imu-pl/gate-d-diagnostics/v16,97,4850000000,97,97,97,68,1,97,4850000000,"window_boundary_provenance","EXECUTED",423.90141299999999,""
uwb-imu-pl/gate-d-diagnostics/v16,97,4850000000,97,97,97,68,1,97,4850000000,"window_factor_linearization_whitening","EXECUTED",1.2333860000000001,""
uwb-imu-pl/gate-d-diagnostics/v16,97,4850000000,97,97,97,68,1,97,4850000000,"window_dense_assembly","EXECUTED",0.140987,""
uwb-imu-pl/gate-d-diagnostics/v16,97,4850000000,97,97,97,68,1,97,4850000000,"window_svd","EXECUTED",7.9742699999999997,""
uwb-imu-pl/gate-d-diagnostics/v16,97,4850000000,97,97,97,68,1,97,4850000000,"window_normal_equations","EXECUTED",0.34448000000000001,""
uwb-imu-pl/gate-d-diagnostics/v16,97,4850000000,97,97,97,68,1,97,4850000000,"window_llt_state_solves","EXECUTED",0.10847999999999999,""
uwb-imu-pl/gate-d-diagnostics/v16,97,4850000000,97,97,97,68,1,97,4850000000,"window_fingerprint","EXECUTED",4.2780959999999997,""
uwb-imu-pl/gate-d-diagnostics/v16,97,4850000000,97,97,97,68,1,97,4850000000,"all_in_detector","EXECUTED",0.29372999999999999,""
uwb-imu-pl/gate-d-diagnostics/v16,97,4850000000,97,97,97,68,1,97,4850000000,"current_sensitivity","EXECUTED",0.59343199999999996,""
uwb-imu-pl/gate-d-diagnostics/v16,97,4850000000,97,97,97,68,1,97,4850000000,"model_generation","EXECUTED",308.55488700000001,""
uwb-imu-pl/gate-d-diagnostics/v16,97,4850000000,97,97,97,68,1,97,4850000000,"historical_sensitivity","EXECUTED",0.150422,""
uwb-imu-pl/gate-d-diagnostics/v16,97,4850000000,97,97,97,68,1,97,4850000000,"hypothesis_evidence","EXECUTED",1841.5112039999999,"effective_dimensions=1:464,2:41440,3:19200,other:0;context_bytes=10265792;worker_blocks=4"
uwb-imu-pl/gate-d-diagnostics/v16,97,4850000000,97,97,97,68,1,97,4850000000,"health_actions","EXECUTED",18.132273000000001,""
uwb-imu-pl/gate-d-diagnostics/v16,97,4850000000,97,97,97,68,1,97,4850000000,"hypothesis_audit","SKIPPED",,"disabled by output.write_hypothesis_evidence"
uwb-imu-pl/gate-d-diagnostics/v16,97,4850000000,97,97,97,68,1,97,4850000000,"base_factorization","EXECUTED",0.27929700000000002,""
uwb-imu-pl/gate-d-diagnostics/v16,97,4850000000,97,97,97,68,1,97,4850000000,"shared_cache","EXECUTED",0.003055,""
uwb-imu-pl/gate-d-diagnostics/v16,97,4850000000,97,97,97,68,1,97,4850000000,"candidate_evaluation","EXECUTED",430.72772500000002,"rank=1;dense=0"
uwb-imu-pl/gate-d-diagnostics/v16,97,4850000000,97,97,97,68,1,97,4850000000,"fde_decision","EXECUTED",8.7053930000000008,""
uwb-imu-pl/gate-d-diagnostics/v16,97,4850000000,97,97,97,68,1,97,4850000000,"candidate_audit","EXECUTED",0.033112999999999997,""
uwb-imu-pl/gate-d-diagnostics/v16,97,4850000000,97,97,97,68,1,97,4850000000,"commit","EXECUTED",2.5152220000000001,""
uwb-imu-pl/gate-d-diagnostics/v16,97,4850000000,97,97,97,68,1,97,4850000000,"state_audit","EXECUTED",0.00045800000000000002,""
uwb-imu-pl/gate-d-diagnostics/v16,97,4850000000,97,97,97,68,1,97,4850000000,"finalize_commit_audit","EXECUTED",32.174080999999994,"excludes separately timed commit/discard/state audit"
uwb-imu-pl/gate-d-diagnostics/v16,97,4850000000,97,97,97,68,1,97,4850000000,"discard","SKIPPED",,"upstream gate did not reach stage"
uwb-imu-pl/gate-d-diagnostics/v16,97,4850000000,97,97,97,68,1,97,4850000000,"core_total","EXECUTED",3086.2641170000002,""
uwb-imu-pl/gate-d-diagnostics/v16,98,4900000000,98,98,98,69,1,98,4900000000,"prepare","EXECUTED",2.657089,""
uwb-imu-pl/gate-d-diagnostics/v16,98,4900000000,98,98,98,69,1,98,4900000000,"integrity_window","EXECUTED",402.64356299999997,""
uwb-imu-pl/gate-d-diagnostics/v16,98,4900000000,98,98,98,69,1,98,4900000000,"window_boundary_provenance","EXECUTED",388.53690699999999,""
uwb-imu-pl/gate-d-diagnostics/v16,98,4900000000,98,98,98,69,1,98,4900000000,"window_factor_linearization_whitening","EXECUTED",0.94260100000000002,""
uwb-imu-pl/gate-d-diagnostics/v16,98,4900000000,98,98,98,69,1,98,4900000000,"window_dense_assembly","EXECUTED",0.073774999999999993,""
uwb-imu-pl/gate-d-diagnostics/v16,98,4900000000,98,98,98,69,1,98,4900000000,"window_svd","EXECUTED",7.6245859999999999,""
uwb-imu-pl/gate-d-diagnostics/v16,98,4900000000,98,98,98,69,1,98,4900000000,"window_normal_equations","EXECUTED",0.32501400000000003,""
uwb-imu-pl/gate-d-diagnostics/v16,98,4900000000,98,98,98,69,1,98,4900000000,"window_llt_state_solves","EXECUTED",0.102756,""
uwb-imu-pl/gate-d-diagnostics/v16,98,4900000000,98,98,98,69,1,98,4900000000,"window_fingerprint","EXECUTED",3.738699,""
uwb-imu-pl/gate-d-diagnostics/v16,98,4900000000,98,98,98,69,1,98,4900000000,"all_in_detector","EXECUTED",0.26272000000000001,""
uwb-imu-pl/gate-d-diagnostics/v16,98,4900000000,98,98,98,69,1,98,4900000000,"current_sensitivity","EXECUTED",0.55076700000000001,""
uwb-imu-pl/gate-d-diagnostics/v16,98,4900000000,98,98,98,69,1,98,4900000000,"model_generation","EXECUTED",304.70018099999999,""
uwb-imu-pl/gate-d-diagnostics/v16,98,4900000000,98,98,98,69,1,98,4900000000,"historical_sensitivity","EXECUTED",0.12953699999999999,""
uwb-imu-pl/gate-d-diagnostics/v16,98,4900000000,98,98,98,69,1,98,4900000000,"hypothesis_evidence","EXECUTED",1830.89597,"effective_dimensions=1:464,2:41440,3:19200,other:0;context_bytes=10265792;worker_blocks=4"
uwb-imu-pl/gate-d-diagnostics/v16,98,4900000000,98,98,98,69,1,98,4900000000,"health_actions","EXECUTED",18.883749999999999,""
uwb-imu-pl/gate-d-diagnostics/v16,98,4900000000,98,98,98,69,1,98,4900000000,"hypothesis_audit","SKIPPED",,"disabled by output.write_hypothesis_evidence"
uwb-imu-pl/gate-d-diagnostics/v16,98,4900000000,98,98,98,69,1,98,4900000000,"base_factorization","EXECUTED",0.25919900000000001,""
uwb-imu-pl/gate-d-diagnostics/v16,98,4900000000,98,98,98,69,1,98,4900000000,"shared_cache","EXECUTED",0.0029250000000000001,""
uwb-imu-pl/gate-d-diagnostics/v16,98,4900000000,98,98,98,69,1,98,4900000000,"candidate_evaluation","EXECUTED",425.251575,"rank=1;dense=0"
uwb-imu-pl/gate-d-diagnostics/v16,98,4900000000,98,98,98,69,1,98,4900000000,"fde_decision","EXECUTED",8.3376529999999995,""
uwb-imu-pl/gate-d-diagnostics/v16,98,4900000000,98,98,98,69,1,98,4900000000,"candidate_audit","EXECUTED",0.030599000000000001,""
uwb-imu-pl/gate-d-diagnostics/v16,98,4900000000,98,98,98,69,1,98,4900000000,"commit","EXECUTED",3.1554570000000002,""
uwb-imu-pl/gate-d-diagnostics/v16,98,4900000000,98,98,98,69,1,98,4900000000,"state_audit","EXECUTED",0.000426,""
uwb-imu-pl/gate-d-diagnostics/v16,98,4900000000,98,98,98,69,1,98,4900000000,"finalize_commit_audit","EXECUTED",33.033784999999995,"excludes separately timed commit/discard/state audit"
uwb-imu-pl/gate-d-diagnostics/v16,98,4900000000,98,98,98,69,1,98,4900000000,"discard","SKIPPED",,"upstream gate did not reach stage"
uwb-imu-pl/gate-d-diagnostics/v16,98,4900000000,98,98,98,69,1,98,4900000000,"core_total","EXECUTED",3031.4311819999998,""
uwb-imu-pl/gate-d-diagnostics/v16,99,4950000000,99,99,99,70,1,99,4950000000,"prepare","EXECUTED",2.450723,""
uwb-imu-pl/gate-d-diagnostics/v16,99,4950000000,99,99,99,70,1,99,4950000000,"integrity_window","EXECUTED",389.981695,""
uwb-imu-pl/gate-d-diagnostics/v16,99,4950000000,99,99,99,70,1,99,4950000000,"window_boundary_provenance","EXECUTED",373.66055499999999,""
uwb-imu-pl/gate-d-diagnostics/v16,99,4950000000,99,99,99,70,1,99,4950000000,"window_factor_linearization_whitening","EXECUTED",1.113548,""
uwb-imu-pl/gate-d-diagnostics/v16,99,4950000000,99,99,99,70,1,99,4950000000,"window_dense_assembly","EXECUTED",0.10713499999999999,""
uwb-imu-pl/gate-d-diagnostics/v16,99,4950000000,99,99,99,70,1,99,4950000000,"window_svd","EXECUTED",9.0691570000000006,""
uwb-imu-pl/gate-d-diagnostics/v16,99,4950000000,99,99,99,70,1,99,4950000000,"window_normal_equations","EXECUTED",0.34124300000000002,""
uwb-imu-pl/gate-d-diagnostics/v16,99,4950000000,99,99,99,70,1,99,4950000000,"window_llt_state_solves","EXECUTED",0.108866,""
uwb-imu-pl/gate-d-diagnostics/v16,99,4950000000,99,99,99,70,1,99,4950000000,"window_fingerprint","EXECUTED",3.9725480000000002,""
uwb-imu-pl/gate-d-diagnostics/v16,99,4950000000,99,99,99,70,1,99,4950000000,"all_in_detector","EXECUTED",0.32321699999999998,""
uwb-imu-pl/gate-d-diagnostics/v16,99,4950000000,99,99,99,70,1,99,4950000000,"current_sensitivity","EXECUTED",0.68398800000000004,""
uwb-imu-pl/gate-d-diagnostics/v16,99,4950000000,99,99,99,70,1,99,4950000000,"model_generation","EXECUTED",300.118178,""
uwb-imu-pl/gate-d-diagnostics/v16,99,4950000000,99,99,99,70,1,99,4950000000,"historical_sensitivity","EXECUTED",0.127307,""
uwb-imu-pl/gate-d-diagnostics/v16,99,4950000000,99,99,99,70,1,99,4950000000,"hypothesis_evidence","EXECUTED",1811.2651900000001,"effective_dimensions=1:464,2:41440,3:19200,other:0;context_bytes=10265792;worker_blocks=4"
uwb-imu-pl/gate-d-diagnostics/v16,99,4950000000,99,99,99,70,1,99,4950000000,"health_actions","EXECUTED",20.692951999999998,""
uwb-imu-pl/gate-d-diagnostics/v16,99,4950000000,99,99,99,70,1,99,4950000000,"hypothesis_audit","SKIPPED",,"disabled by output.write_hypothesis_evidence"
uwb-imu-pl/gate-d-diagnostics/v16,99,4950000000,99,99,99,70,1,99,4950000000,"base_factorization","EXECUTED",0.353738,""
uwb-imu-pl/gate-d-diagnostics/v16,99,4950000000,99,99,99,70,1,99,4950000000,"shared_cache","EXECUTED",0.0054019999999999997,""
uwb-imu-pl/gate-d-diagnostics/v16,99,4950000000,99,99,99,70,1,99,4950000000,"candidate_evaluation","EXECUTED",427.96599600000002,"rank=1;dense=0"
uwb-imu-pl/gate-d-diagnostics/v16,99,4950000000,99,99,99,70,1,99,4950000000,"fde_decision","EXECUTED",9.4385239999999992,""
uwb-imu-pl/gate-d-diagnostics/v16,99,4950000000,99,99,99,70,1,99,4950000000,"candidate_audit","EXECUTED",0.040328000000000003,""
uwb-imu-pl/gate-d-diagnostics/v16,99,4950000000,99,99,99,70,1,99,4950000000,"commit","EXECUTED",2.8919450000000002,""
uwb-imu-pl/gate-d-diagnostics/v16,99,4950000000,99,99,99,70,1,99,4950000000,"state_audit","EXECUTED",0.00056899999999999995,""
uwb-imu-pl/gate-d-diagnostics/v16,99,4950000000,99,99,99,70,1,99,4950000000,"finalize_commit_audit","EXECUTED",34.928697,"excludes separately timed commit/discard/state audit"
uwb-imu-pl/gate-d-diagnostics/v16,99,4950000000,99,99,99,70,1,99,4950000000,"discard","SKIPPED",,"upstream gate did not reach stage"
uwb-imu-pl/gate-d-diagnostics/v16,99,4950000000,99,99,99,70,1,99,4950000000,"core_total","EXECUTED",3001.8587769999999,""
uwb-imu-pl/gate-d-diagnostics/v16,100,5000000000,100,100,100,71,1,100,5000000000,"prepare","EXECUTED",2.558951,""
uwb-imu-pl/gate-d-diagnostics/v16,100,5000000000,100,100,100,71,1,100,5000000000,"integrity_window","EXECUTED",409.77730500000001,""
uwb-imu-pl/gate-d-diagnostics/v16,100,5000000000,100,100,100,71,1,100,5000000000,"window_boundary_provenance","EXECUTED",395.17115999999999,""
uwb-imu-pl/gate-d-diagnostics/v16,100,5000000000,100,100,100,71,1,100,5000000000,"window_factor_linearization_whitening","EXECUTED",1.0032479999999999,""
uwb-imu-pl/gate-d-diagnostics/v16,100,5000000000,100,100,100,71,1,100,5000000000,"window_dense_assembly","EXECUTED",0.12256,""
uwb-imu-pl/gate-d-diagnostics/v16,100,5000000000,100,100,100,71,1,100,5000000000,"window_svd","EXECUTED",7.4749100000000004,""
uwb-imu-pl/gate-d-diagnostics/v16,100,5000000000,100,100,100,71,1,100,5000000000,"window_normal_equations","EXECUTED",0.40931200000000001,""
uwb-imu-pl/gate-d-diagnostics/v16,100,5000000000,100,100,100,71,1,100,5000000000,"window_llt_state_solves","EXECUTED",0.13700300000000001,""
uwb-imu-pl/gate-d-diagnostics/v16,100,5000000000,100,100,100,71,1,100,5000000000,"window_fingerprint","EXECUTED",4.117165,""
uwb-imu-pl/gate-d-diagnostics/v16,100,5000000000,100,100,100,71,1,100,5000000000,"all_in_detector","EXECUTED",0.29632799999999998,""
uwb-imu-pl/gate-d-diagnostics/v16,100,5000000000,100,100,100,71,1,100,5000000000,"current_sensitivity","EXECUTED",0.56130899999999995,""
uwb-imu-pl/gate-d-diagnostics/v16,100,5000000000,100,100,100,71,1,100,5000000000,"model_generation","EXECUTED",307.71306199999998,""
uwb-imu-pl/gate-d-diagnostics/v16,100,5000000000,100,100,100,71,1,100,5000000000,"historical_sensitivity","EXECUTED",0.12988399999999997,""
uwb-imu-pl/gate-d-diagnostics/v16,100,5000000000,100,100,100,71,1,100,5000000000,"hypothesis_evidence","EXECUTED",1824.776801,"effective_dimensions=1:464,2:41440,3:19200,other:0;context_bytes=10265792;worker_blocks=4"
uwb-imu-pl/gate-d-diagnostics/v16,100,5000000000,100,100,100,71,1,100,5000000000,"health_actions","EXECUTED",17.636433,""
uwb-imu-pl/gate-d-diagnostics/v16,100,5000000000,100,100,100,71,1,100,5000000000,"hypothesis_audit","SKIPPED",,"disabled by output.write_hypothesis_evidence"
uwb-imu-pl/gate-d-diagnostics/v16,100,5000000000,100,100,100,71,1,100,5000000000,"base_factorization","EXECUTED",0.26029200000000002,""
uwb-imu-pl/gate-d-diagnostics/v16,100,5000000000,100,100,100,71,1,100,5000000000,"shared_cache","EXECUTED",0.003065,""
uwb-imu-pl/gate-d-diagnostics/v16,100,5000000000,100,100,100,71,1,100,5000000000,"candidate_evaluation","EXECUTED",438.54809799999998,"rank=1;dense=0"
uwb-imu-pl/gate-d-diagnostics/v16,100,5000000000,100,100,100,71,1,100,5000000000,"fde_decision","EXECUTED",9.6101419999999997,""
uwb-imu-pl/gate-d-diagnostics/v16,100,5000000000,100,100,100,71,1,100,5000000000,"candidate_audit","EXECUTED",0.047289999999999999,""
uwb-imu-pl/gate-d-diagnostics/v16,100,5000000000,100,100,100,71,1,100,5000000000,"commit","EXECUTED",3.6664129999999999,""
uwb-imu-pl/gate-d-diagnostics/v16,100,5000000000,100,100,100,71,1,100,5000000000,"state_audit","EXECUTED",0.00067000000000000002,""
uwb-imu-pl/gate-d-diagnostics/v16,100,5000000000,100,100,100,71,1,100,5000000000,"finalize_commit_audit","EXECUTED",39.254099000000004,"excludes separately timed commit/discard/state audit"
uwb-imu-pl/gate-d-diagnostics/v16,100,5000000000,100,100,100,71,1,100,5000000000,"discard","SKIPPED",,"upstream gate did not reach stage"
uwb-imu-pl/gate-d-diagnostics/v16,100,5000000000,100,100,100,71,1,100,5000000000,"core_total","EXECUTED",3055.375211,""
uwb-imu-pl/gate-d-diagnostics/v16,101,5050000000,101,101,101,72,1,101,5050000000,"prepare","EXECUTED",3.161683,""
uwb-imu-pl/gate-d-diagnostics/v16,101,5050000000,101,101,101,72,1,101,5050000000,"integrity_window","EXECUTED",423.82270199999999,""
uwb-imu-pl/gate-d-diagnostics/v16,101,5050000000,101,101,101,72,1,101,5050000000,"window_boundary_provenance","EXECUTED",407.574478,""
uwb-imu-pl/gate-d-diagnostics/v16,101,5050000000,101,101,101,72,1,101,5050000000,"window_factor_linearization_whitening","EXECUTED",1.120581,""
uwb-imu-pl/gate-d-diagnostics/v16,101,5050000000,101,101,101,72,1,101,5050000000,"window_dense_assembly","EXECUTED",0.12111,""
uwb-imu-pl/gate-d-diagnostics/v16,101,5050000000,101,101,101,72,1,101,5050000000,"window_svd","EXECUTED",9.3677609999999998,""
uwb-imu-pl/gate-d-diagnostics/v16,101,5050000000,101,101,101,72,1,101,5050000000,"window_normal_equations","EXECUTED",0.33191900000000002,""
uwb-imu-pl/gate-d-diagnostics/v16,101,5050000000,101,101,101,72,1,101,5050000000,"window_llt_state_solves","EXECUTED",0.112085,""
uwb-imu-pl/gate-d-diagnostics/v16,101,5050000000,101,101,101,72,1,101,5050000000,"window_fingerprint","EXECUTED",3.8716599999999999,""
uwb-imu-pl/gate-d-diagnostics/v16,101,5050000000,101,101,101,72,1,101,5050000000,"all_in_detector","EXECUTED",0.27300000000000002,""
uwb-imu-pl/gate-d-diagnostics/v16,101,5050000000,101,101,101,72,1,101,5050000000,"current_sensitivity","EXECUTED",0.52812400000000004,""
uwb-imu-pl/gate-d-diagnostics/v16,101,5050000000,101,101,101,72,1,101,5050000000,"model_generation","EXECUTED",310.50805000000003,""
uwb-imu-pl/gate-d-diagnostics/v16,101,5050000000,101,101,101,72,1,101,5050000000,"historical_sensitivity","EXECUTED",0.13986999999999999,""
uwb-imu-pl/gate-d-diagnostics/v16,101,5050000000,101,101,101,72,1,101,5050000000,"hypothesis_evidence","EXECUTED",1830.8721619999999,"effective_dimensions=1:464,2:41440,3:19200,other:0;context_bytes=10265792;worker_blocks=4"
uwb-imu-pl/gate-d-diagnostics/v16,101,5050000000,101,101,101,72,1,101,5050000000,"health_actions","EXECUTED",20.141963000000001,""
uwb-imu-pl/gate-d-diagnostics/v16,101,5050000000,101,101,101,72,1,101,5050000000,"hypothesis_audit","SKIPPED",,"disabled by output.write_hypothesis_evidence"
uwb-imu-pl/gate-d-diagnostics/v16,101,5050000000,101,101,101,72,1,101,5050000000,"base_factorization","EXECUTED",0.25322299999999998,""
uwb-imu-pl/gate-d-diagnostics/v16,101,5050000000,101,101,101,72,1,101,5050000000,"shared_cache","EXECUTED",0.0037239999999999999,""
uwb-imu-pl/gate-d-diagnostics/v16,101,5050000000,101,101,101,72,1,101,5050000000,"candidate_evaluation","EXECUTED",426.06458300000003,"rank=1;dense=0"
uwb-imu-pl/gate-d-diagnostics/v16,101,5050000000,101,101,101,72,1,101,5050000000,"fde_decision","EXECUTED",10.752796999999999,""
uwb-imu-pl/gate-d-diagnostics/v16,101,5050000000,101,101,101,72,1,101,5050000000,"candidate_audit","EXECUTED",0.042587,""
uwb-imu-pl/gate-d-diagnostics/v16,101,5050000000,101,101,101,72,1,101,5050000000,"commit","EXECUTED",2.5793789999999999,""
uwb-imu-pl/gate-d-diagnostics/v16,101,5050000000,101,101,101,72,1,101,5050000000,"state_audit","EXECUTED",0.00055999999999999995,""
uwb-imu-pl/gate-d-diagnostics/v16,101,5050000000,101,101,101,72,1,101,5050000000,"finalize_commit_audit","EXECUTED",34.512999999999998,"excludes separately timed commit/discard/state audit"
uwb-imu-pl/gate-d-diagnostics/v16,101,5050000000,101,101,101,72,1,101,5050000000,"discard","SKIPPED",,"upstream gate did not reach stage"
uwb-imu-pl/gate-d-diagnostics/v16,101,5050000000,101,101,101,72,1,101,5050000000,"core_total","EXECUTED",3064.2097650000001,""
uwb-imu-pl/gate-d-diagnostics/v16,102,5100000000,102,102,102,73,1,102,5100000000,"prepare","EXECUTED",2.9488530000000002,""
uwb-imu-pl/gate-d-diagnostics/v16,102,5100000000,102,102,102,73,1,102,5100000000,"integrity_window","EXECUTED",459.25188100000003,""
uwb-imu-pl/gate-d-diagnostics/v16,102,5100000000,102,102,102,73,1,102,5100000000,"window_boundary_provenance","EXECUTED",443.35567099999997,""
uwb-imu-pl/gate-d-diagnostics/v16,102,5100000000,102,102,102,73,1,102,5100000000,"window_factor_linearization_whitening","EXECUTED",0.99423799999999996,""
uwb-imu-pl/gate-d-diagnostics/v16,102,5100000000,102,102,102,73,1,102,5100000000,"window_dense_assembly","EXECUTED",0.075953999999999994,""
uwb-imu-pl/gate-d-diagnostics/v16,102,5100000000,102,102,102,73,1,102,5100000000,"window_svd","EXECUTED",9.0264720000000001,""
uwb-imu-pl/gate-d-diagnostics/v16,102,5100000000,102,102,102,73,1,102,5100000000,"window_normal_equations","EXECUTED",0.34220499999999998,""
uwb-imu-pl/gate-d-diagnostics/v16,102,5100000000,102,102,102,73,1,102,5100000000,"window_llt_state_solves","EXECUTED",0.107143,""
uwb-imu-pl/gate-d-diagnostics/v16,102,5100000000,102,102,102,73,1,102,5100000000,"window_fingerprint","EXECUTED",3.9059149999999998,""
uwb-imu-pl/gate-d-diagnostics/v16,102,5100000000,102,102,102,73,1,102,5100000000,"all_in_detector","EXECUTED",0.27155099999999999,""
uwb-imu-pl/gate-d-diagnostics/v16,102,5100000000,102,102,102,73,1,102,5100000000,"current_sensitivity","EXECUTED",0.51839299999999999,""
uwb-imu-pl/gate-d-diagnostics/v16,102,5100000000,102,102,102,73,1,102,5100000000,"model_generation","EXECUTED",310.84736199999998,""
uwb-imu-pl/gate-d-diagnostics/v16,102,5100000000,102,102,102,73,1,102,5100000000,"historical_sensitivity","EXECUTED",0.20926600000000001,""
uwb-imu-pl/gate-d-diagnostics/v16,102,5100000000,102,102,102,73,1,102,5100000000,"hypothesis_evidence","EXECUTED",1824.271047,"effective_dimensions=1:464,2:41440,3:19200,other:0;context_bytes=10265792;worker_blocks=4"
uwb-imu-pl/gate-d-diagnostics/v16,102,5100000000,102,102,102,73,1,102,5100000000,"health_actions","EXECUTED",21.480143999999999,""
uwb-imu-pl/gate-d-diagnostics/v16,102,5100000000,102,102,102,73,1,102,5100000000,"hypothesis_audit","SKIPPED",,"disabled by output.write_hypothesis_evidence"
uwb-imu-pl/gate-d-diagnostics/v16,102,5100000000,102,102,102,73,1,102,5100000000,"base_factorization","EXECUTED",0.26509899999999997,""
uwb-imu-pl/gate-d-diagnostics/v16,102,5100000000,102,102,102,73,1,102,5100000000,"shared_cache","EXECUTED",0.003346,""
uwb-imu-pl/gate-d-diagnostics/v16,102,5100000000,102,102,102,73,1,102,5100000000,"candidate_evaluation","EXECUTED",426.13867699999997,"rank=1;dense=0"
uwb-imu-pl/gate-d-diagnostics/v16,102,5100000000,102,102,102,73,1,102,5100000000,"fde_decision","EXECUTED",10.151743,""
uwb-imu-pl/gate-d-diagnostics/v16,102,5100000000,102,102,102,73,1,102,5100000000,"candidate_audit","EXECUTED",0.042262000000000001,""
uwb-imu-pl/gate-d-diagnostics/v16,102,5100000000,102,102,102,73,1,102,5100000000,"commit","EXECUTED",2.6284209999999999,""
uwb-imu-pl/gate-d-diagnostics/v16,102,5100000000,102,102,102,73,1,102,5100000000,"state_audit","EXECUTED",0.00058200000000000005,""
uwb-imu-pl/gate-d-diagnostics/v16,102,5100000000,102,102,102,73,1,102,5100000000,"finalize_commit_audit","EXECUTED",34.304290999999999,"excludes separately timed commit/discard/state audit"
uwb-imu-pl/gate-d-diagnostics/v16,102,5100000000,102,102,102,73,1,102,5100000000,"discard","SKIPPED",,"upstream gate did not reach stage"
uwb-imu-pl/gate-d-diagnostics/v16,102,5100000000,102,102,102,73,1,102,5100000000,"core_total","EXECUTED",3093.8749069999999,""
uwb-imu-pl/gate-d-diagnostics/v16,103,5150000000,103,103,103,74,1,103,5150000000,"prepare","EXECUTED",2.363372,""
uwb-imu-pl/gate-d-diagnostics/v16,103,5150000000,103,103,103,74,1,103,5150000000,"integrity_window","EXECUTED",508.30652500000002,""
uwb-imu-pl/gate-d-diagnostics/v16,103,5150000000,103,103,103,74,1,103,5150000000,"window_boundary_provenance","EXECUTED",493.63986599999998,""
uwb-imu-pl/gate-d-diagnostics/v16,103,5150000000,103,103,103,74,1,103,5150000000,"window_factor_linearization_whitening","EXECUTED",1.070004,""
uwb-imu-pl/gate-d-diagnostics/v16,103,5150000000,103,103,103,74,1,103,5150000000,"window_dense_assembly","EXECUTED",0.107781,""
uwb-imu-pl/gate-d-diagnostics/v16,103,5150000000,103,103,103,74,1,103,5150000000,"window_svd","EXECUTED",7.7889189999999999,""
uwb-imu-pl/gate-d-diagnostics/v16,103,5150000000,103,103,103,74,1,103,5150000000,"window_normal_equations","EXECUTED",0.33210299999999998,""
uwb-imu-pl/gate-d-diagnostics/v16,103,5150000000,103,103,103,74,1,103,5150000000,"window_llt_state_solves","EXECUTED",0.099094000000000002,""
uwb-imu-pl/gate-d-diagnostics/v16,103,5150000000,103,103,103,74,1,103,5150000000,"window_fingerprint","EXECUTED",3.864239,""
uwb-imu-pl/gate-d-diagnostics/v16,103,5150000000,103,103,103,74,1,103,5150000000,"all_in_detector","EXECUTED",0.34708,""
uwb-imu-pl/gate-d-diagnostics/v16,103,5150000000,103,103,103,74,1,103,5150000000,"current_sensitivity","EXECUTED",0.58499400000000001,""
uwb-imu-pl/gate-d-diagnostics/v16,103,5150000000,103,103,103,74,1,103,5150000000,"model_generation","EXECUTED",307.65831600000001,""
uwb-imu-pl/gate-d-diagnostics/v16,103,5150000000,103,103,103,74,1,103,5150000000,"historical_sensitivity","EXECUTED",0.16811499999999999,""
uwb-imu-pl/gate-d-diagnostics/v16,103,5150000000,103,103,103,74,1,103,5150000000,"hypothesis_evidence","EXECUTED",1847.268204,"effective_dimensions=1:464,2:41440,3:19200,other:0;context_bytes=10265792;worker_blocks=4"
uwb-imu-pl/gate-d-diagnostics/v16,103,5150000000,103,103,103,74,1,103,5150000000,"health_actions","EXECUTED",18.878233000000002,""
uwb-imu-pl/gate-d-diagnostics/v16,103,5150000000,103,103,103,74,1,103,5150000000,"hypothesis_audit","SKIPPED",,"disabled by output.write_hypothesis_evidence"
uwb-imu-pl/gate-d-diagnostics/v16,103,5150000000,103,103,103,74,1,103,5150000000,"base_factorization","EXECUTED",0.27576499999999998,""
uwb-imu-pl/gate-d-diagnostics/v16,103,5150000000,103,103,103,74,1,103,5150000000,"shared_cache","EXECUTED",0.003248,""
uwb-imu-pl/gate-d-diagnostics/v16,103,5150000000,103,103,103,74,1,103,5150000000,"candidate_evaluation","EXECUTED",426.15953200000001,"rank=1;dense=0"
uwb-imu-pl/gate-d-diagnostics/v16,103,5150000000,103,103,103,74,1,103,5150000000,"fde_decision","EXECUTED",8.583691,""
uwb-imu-pl/gate-d-diagnostics/v16,103,5150000000,103,103,103,74,1,103,5150000000,"candidate_audit","EXECUTED",0.032632000000000001,""
uwb-imu-pl/gate-d-diagnostics/v16,103,5150000000,103,103,103,74,1,103,5150000000,"commit","EXECUTED",2.6018889999999999,""
uwb-imu-pl/gate-d-diagnostics/v16,103,5150000000,103,103,103,74,1,103,5150000000,"state_audit","EXECUTED",0.00039899999999999999,""
uwb-imu-pl/gate-d-diagnostics/v16,103,5150000000,103,103,103,74,1,103,5150000000,"finalize_commit_audit","EXECUTED",37.001860999999998,"excludes separately timed commit/discard/state audit"
uwb-imu-pl/gate-d-diagnostics/v16,103,5150000000,103,103,103,74,1,103,5150000000,"discard","SKIPPED",,"upstream gate did not reach stage"
uwb-imu-pl/gate-d-diagnostics/v16,103,5150000000,103,103,103,74,1,103,5150000000,"core_total","EXECUTED",3160.911067,""
uwb-imu-pl/gate-d-diagnostics/v16,104,5200000000,104,104,104,75,1,104,5200000000,"prepare","EXECUTED",2.8947289999999999,""
uwb-imu-pl/gate-d-diagnostics/v16,104,5200000000,104,104,104,75,1,104,5200000000,"integrity_window","EXECUTED",557.05478600000004,""
uwb-imu-pl/gate-d-diagnostics/v16,104,5200000000,104,104,104,75,1,104,5200000000,"window_boundary_provenance","EXECUTED",541.88011500000005,""
uwb-imu-pl/gate-d-diagnostics/v16,104,5200000000,104,104,104,75,1,104,5200000000,"window_factor_linearization_whitening","EXECUTED",0.98041699999999998,""
uwb-imu-pl/gate-d-diagnostics/v16,104,5200000000,104,104,104,75,1,104,5200000000,"window_dense_assembly","EXECUTED",0.074439000000000005,""
uwb-imu-pl/gate-d-diagnostics/v16,104,5200000000,104,104,104,75,1,104,5200000000,"window_svd","EXECUTED",8.3633659999999992,""
uwb-imu-pl/gate-d-diagnostics/v16,104,5200000000,104,104,104,75,1,104,5200000000,"window_normal_equations","EXECUTED",0.348663,""
uwb-imu-pl/gate-d-diagnostics/v16,104,5200000000,104,104,104,75,1,104,5200000000,"window_llt_state_solves","EXECUTED",0.106378,""
uwb-imu-pl/gate-d-diagnostics/v16,104,5200000000,104,104,104,75,1,104,5200000000,"window_fingerprint","EXECUTED",3.8971719999999999,""
uwb-imu-pl/gate-d-diagnostics/v16,104,5200000000,104,104,104,75,1,104,5200000000,"all_in_detector","EXECUTED",0.25245800000000002,""
uwb-imu-pl/gate-d-diagnostics/v16,104,5200000000,104,104,104,75,1,104,5200000000,"current_sensitivity","EXECUTED",0.51513200000000003,""
uwb-imu-pl/gate-d-diagnostics/v16,104,5200000000,104,104,104,75,1,104,5200000000,"model_generation","EXECUTED",311.45363800000001,""
uwb-imu-pl/gate-d-diagnostics/v16,104,5200000000,104,104,104,75,1,104,5200000000,"historical_sensitivity","EXECUTED",0.12875400000000001,""
uwb-imu-pl/gate-d-diagnostics/v16,104,5200000000,104,104,104,75,1,104,5200000000,"hypothesis_evidence","EXECUTED",1837.4229419999999,"effective_dimensions=1:464,2:41440,3:19200,other:0;context_bytes=10265792;worker_blocks=4"
uwb-imu-pl/gate-d-diagnostics/v16,104,5200000000,104,104,104,75,1,104,5200000000,"health_actions","EXECUTED",22.668012000000001,""
uwb-imu-pl/gate-d-diagnostics/v16,104,5200000000,104,104,104,75,1,104,5200000000,"hypothesis_audit","SKIPPED",,"disabled by output.write_hypothesis_evidence"
uwb-imu-pl/gate-d-diagnostics/v16,104,5200000000,104,104,104,75,1,104,5200000000,"base_factorization","EXECUTED",0.39663399999999999,""
uwb-imu-pl/gate-d-diagnostics/v16,104,5200000000,104,104,104,75,1,104,5200000000,"shared_cache","EXECUTED",0.0069369999999999996,""
uwb-imu-pl/gate-d-diagnostics/v16,104,5200000000,104,104,104,75,1,104,5200000000,"candidate_evaluation","EXECUTED",425.31140099999999,"rank=1;dense=0"
uwb-imu-pl/gate-d-diagnostics/v16,104,5200000000,104,104,104,75,1,104,5200000000,"fde_decision","EXECUTED",9.1662800000000004,""
uwb-imu-pl/gate-d-diagnostics/v16,104,5200000000,104,104,104,75,1,104,5200000000,"candidate_audit","EXECUTED",0.039254999999999998,""
uwb-imu-pl/gate-d-diagnostics/v16,104,5200000000,104,104,104,75,1,104,5200000000,"commit","EXECUTED",2.5860409999999998,""
uwb-imu-pl/gate-d-diagnostics/v16,104,5200000000,104,104,104,75,1,104,5200000000,"state_audit","EXECUTED",0.00058,""
uwb-imu-pl/gate-d-diagnostics/v16,104,5200000000,104,104,104,75,1,104,5200000000,"finalize_commit_audit","EXECUTED",35.665872,"excludes separately timed commit/discard/state audit"
uwb-imu-pl/gate-d-diagnostics/v16,104,5200000000,104,104,104,75,1,104,5200000000,"discard","SKIPPED",,"upstream gate did not reach stage"
uwb-imu-pl/gate-d-diagnostics/v16,104,5200000000,104,104,104,75,1,104,5200000000,"core_total","EXECUTED",3206.1431969999999,""
uwb-imu-pl/gate-d-diagnostics/v16,105,5250000000,105,105,105,76,1,105,5250000000,"prepare","EXECUTED",2.4158849999999998,""
uwb-imu-pl/gate-d-diagnostics/v16,105,5250000000,105,105,105,76,1,105,5250000000,"integrity_window","EXECUTED",594.03425900000002,""
uwb-imu-pl/gate-d-diagnostics/v16,105,5250000000,105,105,105,76,1,105,5250000000,"window_boundary_provenance","EXECUTED",577.776028,""
uwb-imu-pl/gate-d-diagnostics/v16,105,5250000000,105,105,105,76,1,105,5250000000,"window_factor_linearization_whitening","EXECUTED",1.0595909999999999,""
uwb-imu-pl/gate-d-diagnostics/v16,105,5250000000,105,105,105,76,1,105,5250000000,"window_dense_assembly","EXECUTED",0.088236999999999996,""
uwb-imu-pl/gate-d-diagnostics/v16,105,5250000000,105,105,105,76,1,105,5250000000,"window_svd","EXECUTED",9.2113270000000007,""
uwb-imu-pl/gate-d-diagnostics/v16,105,5250000000,105,105,105,76,1,105,5250000000,"window_normal_equations","EXECUTED",0.363952,""
uwb-imu-pl/gate-d-diagnostics/v16,105,5250000000,105,105,105,76,1,105,5250000000,"window_llt_state_solves","EXECUTED",0.11017399999999999,""
uwb-imu-pl/gate-d-diagnostics/v16,105,5250000000,105,105,105,76,1,105,5250000000,"window_fingerprint","EXECUTED",4.0301830000000001,""
uwb-imu-pl/gate-d-diagnostics/v16,105,5250000000,105,105,105,76,1,105,5250000000,"all_in_detector","EXECUTED",0.25858999999999999,""
uwb-imu-pl/gate-d-diagnostics/v16,105,5250000000,105,105,105,76,1,105,5250000000,"current_sensitivity","EXECUTED",0.55816500000000002,""
uwb-imu-pl/gate-d-diagnostics/v16,105,5250000000,105,105,105,76,1,105,5250000000,"model_generation","EXECUTED",305.25122000000005,""
uwb-imu-pl/gate-d-diagnostics/v16,105,5250000000,105,105,105,76,1,105,5250000000,"historical_sensitivity","EXECUTED",0.12733,""
uwb-imu-pl/gate-d-diagnostics/v16,105,5250000000,105,105,105,76,1,105,5250000000,"hypothesis_evidence","EXECUTED",1844.288329,"effective_dimensions=1:464,2:41440,3:19200,other:0;context_bytes=10265792;worker_blocks=4"
uwb-imu-pl/gate-d-diagnostics/v16,105,5250000000,105,105,105,76,1,105,5250000000,"health_actions","EXECUTED",20.988589999999999,""
uwb-imu-pl/gate-d-diagnostics/v16,105,5250000000,105,105,105,76,1,105,5250000000,"hypothesis_audit","SKIPPED",,"disabled by output.write_hypothesis_evidence"
uwb-imu-pl/gate-d-diagnostics/v16,105,5250000000,105,105,105,76,1,105,5250000000,"base_factorization","EXECUTED",0.29690299999999997,""
uwb-imu-pl/gate-d-diagnostics/v16,105,5250000000,105,105,105,76,1,105,5250000000,"shared_cache","EXECUTED",0.003258,""
uwb-imu-pl/gate-d-diagnostics/v16,105,5250000000,105,105,105,76,1,105,5250000000,"candidate_evaluation","EXECUTED",440.49343099999999,"rank=1;dense=0"
uwb-imu-pl/gate-d-diagnostics/v16,105,5250000000,105,105,105,76,1,105,5250000000,"fde_decision","EXECUTED",9.3228220000000004,""
uwb-imu-pl/gate-d-diagnostics/v16,105,5250000000,105,105,105,76,1,105,5250000000,"candidate_audit","EXECUTED",0.035389999999999998,""
uwb-imu-pl/gate-d-diagnostics/v16,105,5250000000,105,105,105,76,1,105,5250000000,"commit","EXECUTED",3.612279,""
uwb-imu-pl/gate-d-diagnostics/v16,105,5250000000,105,105,105,76,1,105,5250000000,"state_audit","EXECUTED",0.000638,""
uwb-imu-pl/gate-d-diagnostics/v16,105,5250000000,105,105,105,76,1,105,5250000000,"finalize_commit_audit","EXECUTED",36.250019999999999,"excludes separately timed commit/discard/state audit"
uwb-imu-pl/gate-d-diagnostics/v16,105,5250000000,105,105,105,76,1,105,5250000000,"discard","SKIPPED",,"upstream gate did not reach stage"
uwb-imu-pl/gate-d-diagnostics/v16,105,5250000000,105,105,105,76,1,105,5250000000,"core_total","EXECUTED",3258.5539709999998,""
uwb-imu-pl/gate-d-diagnostics/v16,106,5300000000,106,106,106,77,1,106,5300000000,"prepare","EXECUTED",2.6181260000000002,""
uwb-imu-pl/gate-d-diagnostics/v16,106,5300000000,106,106,106,77,1,106,5300000000,"integrity_window","EXECUTED",641.860952,""
uwb-imu-pl/gate-d-diagnostics/v16,106,5300000000,106,106,106,77,1,106,5300000000,"window_boundary_provenance","EXECUTED",626.90222000000006,""
uwb-imu-pl/gate-d-diagnostics/v16,106,5300000000,106,106,106,77,1,106,5300000000,"window_factor_linearization_whitening","EXECUTED",1.399589,""
uwb-imu-pl/gate-d-diagnostics/v16,106,5300000000,106,106,106,77,1,106,5300000000,"window_dense_assembly","EXECUTED",0.103954,""
uwb-imu-pl/gate-d-diagnostics/v16,106,5300000000,106,106,106,77,1,106,5300000000,"window_svd","EXECUTED",7.8342799999999997,""
uwb-imu-pl/gate-d-diagnostics/v16,106,5300000000,106,106,106,77,1,106,5300000000,"window_normal_equations","EXECUTED",0.33984399999999998,""
uwb-imu-pl/gate-d-diagnostics/v16,106,5300000000,106,106,106,77,1,106,5300000000,"window_llt_state_solves","EXECUTED",0.10388,""
uwb-imu-pl/gate-d-diagnostics/v16,106,5300000000,106,106,106,77,1,106,5300000000,"window_fingerprint","EXECUTED",3.8263240000000001,""
uwb-imu-pl/gate-d-diagnostics/v16,106,5300000000,106,106,106,77,1,106,5300000000,"all_in_detector","EXECUTED",0.254662,""
uwb-imu-pl/gate-d-diagnostics/v16,106,5300000000,106,106,106,77,1,106,5300000000,"current_sensitivity","EXECUTED",0.45053399999999999,""
uwb-imu-pl/gate-d-diagnostics/v16,106,5300000000,106,106,106,77,1,106,5300000000,"model_generation","EXECUTED",309.99555400000003,""
uwb-imu-pl/gate-d-diagnostics/v16,106,5300000000,106,106,106,77,1,106,5300000000,"historical_sensitivity","EXECUTED",0.13725799999999999,""
uwb-imu-pl/gate-d-diagnostics/v16,106,5300000000,106,106,106,77,1,106,5300000000,"hypothesis_evidence","EXECUTED",1833.4603669999999,"effective_dimensions=1:464,2:41440,3:19200,other:0;context_bytes=10265792;worker_blocks=4"
uwb-imu-pl/gate-d-diagnostics/v16,106,5300000000,106,106,106,77,1,106,5300000000,"health_actions","EXECUTED",19.020247000000001,""
uwb-imu-pl/gate-d-diagnostics/v16,106,5300000000,106,106,106,77,1,106,5300000000,"hypothesis_audit","SKIPPED",,"disabled by output.write_hypothesis_evidence"
uwb-imu-pl/gate-d-diagnostics/v16,106,5300000000,106,106,106,77,1,106,5300000000,"base_factorization","EXECUTED",0.25086199999999997,""
uwb-imu-pl/gate-d-diagnostics/v16,106,5300000000,106,106,106,77,1,106,5300000000,"shared_cache","EXECUTED",0.0029659999999999999,""
uwb-imu-pl/gate-d-diagnostics/v16,106,5300000000,106,106,106,77,1,106,5300000000,"candidate_evaluation","EXECUTED",426.56129800000002,"rank=1;dense=0"
uwb-imu-pl/gate-d-diagnostics/v16,106,5300000000,106,106,106,77,1,106,5300000000,"fde_decision","EXECUTED",9.2071970000000007,""
uwb-imu-pl/gate-d-diagnostics/v16,106,5300000000,106,106,106,77,1,106,5300000000,"candidate_audit","EXECUTED",0.037131999999999998,""
uwb-imu-pl/gate-d-diagnostics/v16,106,5300000000,106,106,106,77,1,106,5300000000,"commit","EXECUTED",3.1762959999999998,""
uwb-imu-pl/gate-d-diagnostics/v16,106,5300000000,106,106,106,77,1,106,5300000000,"state_audit","EXECUTED",0.00061399999999999996,""
uwb-imu-pl/gate-d-diagnostics/v16,106,5300000000,106,106,106,77,1,106,5300000000,"finalize_commit_audit","EXECUTED",31.756962000000001,"excludes separately timed commit/discard/state audit"
uwb-imu-pl/gate-d-diagnostics/v16,106,5300000000,106,106,106,77,1,106,5300000000,"discard","SKIPPED",,"upstream gate did not reach stage"
uwb-imu-pl/gate-d-diagnostics/v16,106,5300000000,106,106,106,77,1,106,5300000000,"core_total","EXECUTED",3279.7531650000001,""
uwb-imu-pl/gate-d-diagnostics/v16,107,5350000000,107,107,107,78,1,107,5350000000,"prepare","EXECUTED",3.1316280000000001,""
uwb-imu-pl/gate-d-diagnostics/v16,107,5350000000,107,107,107,78,1,107,5350000000,"integrity_window","EXECUTED",671.29121199999997,""
uwb-imu-pl/gate-d-diagnostics/v16,107,5350000000,107,107,107,78,1,107,5350000000,"window_boundary_provenance","EXECUTED",655.94445900000005,""
uwb-imu-pl/gate-d-diagnostics/v16,107,5350000000,107,107,107,78,1,107,5350000000,"window_factor_linearization_whitening","EXECUTED",1.208971,""
uwb-imu-pl/gate-d-diagnostics/v16,107,5350000000,107,107,107,78,1,107,5350000000,"window_dense_assembly","EXECUTED",0.117647,""
uwb-imu-pl/gate-d-diagnostics/v16,107,5350000000,107,107,107,78,1,107,5350000000,"window_svd","EXECUTED",8.1106449999999999,""
uwb-imu-pl/gate-d-diagnostics/v16,107,5350000000,107,107,107,78,1,107,5350000000,"window_normal_equations","EXECUTED",0.38664399999999999,""
uwb-imu-pl/gate-d-diagnostics/v16,107,5350000000,107,107,107,78,1,107,5350000000,"window_llt_state_solves","EXECUTED",0.114403,""
uwb-imu-pl/gate-d-diagnostics/v16,107,5350000000,107,107,107,78,1,107,5350000000,"window_fingerprint","EXECUTED",4.0302610000000003,""
uwb-imu-pl/gate-d-diagnostics/v16,107,5350000000,107,107,107,78,1,107,5350000000,"all_in_detector","EXECUTED",0.260019,""
uwb-imu-pl/gate-d-diagnostics/v16,107,5350000000,107,107,107,78,1,107,5350000000,"current_sensitivity","EXECUTED",0.55523800000000001,""
uwb-imu-pl/gate-d-diagnostics/v16,107,5350000000,107,107,107,78,1,107,5350000000,"model_generation","EXECUTED",305.55723,""
uwb-imu-pl/gate-d-diagnostics/v16,107,5350000000,107,107,107,78,1,107,5350000000,"historical_sensitivity","EXECUTED",0.12814300000000003,""
uwb-imu-pl/gate-d-diagnostics/v16,107,5350000000,107,107,107,78,1,107,5350000000,"hypothesis_evidence","EXECUTED",1835.111177,"effective_dimensions=1:464,2:41440,3:19200,other:0;context_bytes=10265792;worker_blocks=4"
uwb-imu-pl/gate-d-diagnostics/v16,107,5350000000,107,107,107,78,1,107,5350000000,"health_actions","EXECUTED",20.689253000000001,""
uwb-imu-pl/gate-d-diagnostics/v16,107,5350000000,107,107,107,78,1,107,5350000000,"hypothesis_audit","SKIPPED",,"disabled by output.write_hypothesis_evidence"
uwb-imu-pl/gate-d-diagnostics/v16,107,5350000000,107,107,107,78,1,107,5350000000,"base_factorization","EXECUTED",0.280665,""
uwb-imu-pl/gate-d-diagnostics/v16,107,5350000000,107,107,107,78,1,107,5350000000,"shared_cache","EXECUTED",0.0041809999999999998,""
uwb-imu-pl/gate-d-diagnostics/v16,107,5350000000,107,107,107,78,1,107,5350000000,"candidate_evaluation","EXECUTED",427.455827,"rank=1;dense=0"
uwb-imu-pl/gate-d-diagnostics/v16,107,5350000000,107,107,107,78,1,107,5350000000,"fde_decision","EXECUTED",9.9953810000000001,""
uwb-imu-pl/gate-d-diagnostics/v16,107,5350000000,107,107,107,78,1,107,5350000000,"candidate_audit","EXECUTED",0.038966000000000001,""
uwb-imu-pl/gate-d-diagnostics/v16,107,5350000000,107,107,107,78,1,107,5350000000,"commit","EXECUTED",2.6190600000000002,""
uwb-imu-pl/gate-d-diagnostics/v16,107,5350000000,107,107,107,78,1,107,5350000000,"state_audit","EXECUTED",0.00057499999999999999,""
uwb-imu-pl/gate-d-diagnostics/v16,107,5350000000,107,107,107,78,1,107,5350000000,"finalize_commit_audit","EXECUTED",37.389305999999998,"excludes separately timed commit/discard/state audit"
uwb-imu-pl/gate-d-diagnostics/v16,107,5350000000,107,107,107,78,1,107,5350000000,"discard","SKIPPED",,"upstream gate did not reach stage"
uwb-imu-pl/gate-d-diagnostics/v16,107,5350000000,107,107,107,78,1,107,5350000000,"core_total","EXECUTED",3315.1182659999999,""
uwb-imu-pl/gate-d-diagnostics/v16,108,5400000000,108,108,108,79,1,108,5400000000,"prepare","EXECUTED",2.704088,""
uwb-imu-pl/gate-d-diagnostics/v16,108,5400000000,108,108,108,79,1,108,5400000000,"integrity_window","EXECUTED",707.12801100000001,""
uwb-imu-pl/gate-d-diagnostics/v16,108,5400000000,108,108,108,79,1,108,5400000000,"window_boundary_provenance","EXECUTED",691.78711599999997,""
uwb-imu-pl/gate-d-diagnostics/v16,108,5400000000,108,108,108,79,1,108,5400000000,"window_factor_linearization_whitening","EXECUTED",1.081386,""
uwb-imu-pl/gate-d-diagnostics/v16,108,5400000000,108,108,108,79,1,108,5400000000,"window_dense_assembly","EXECUTED",0.27902300000000002,""
uwb-imu-pl/gate-d-diagnostics/v16,108,5400000000,108,108,108,79,1,108,5400000000,"window_svd","EXECUTED",8.4477360000000008,""
uwb-imu-pl/gate-d-diagnostics/v16,108,5400000000,108,108,108,79,1,108,5400000000,"window_normal_equations","EXECUTED",0.344638,""
uwb-imu-pl/gate-d-diagnostics/v16,108,5400000000,108,108,108,79,1,108,5400000000,"window_llt_state_solves","EXECUTED",0.110455,""
uwb-imu-pl/gate-d-diagnostics/v16,108,5400000000,108,108,108,79,1,108,5400000000,"window_fingerprint","EXECUTED",3.765015,""
uwb-imu-pl/gate-d-diagnostics/v16,108,5400000000,108,108,108,79,1,108,5400000000,"all_in_detector","EXECUTED",0.279277,""
uwb-imu-pl/gate-d-diagnostics/v16,108,5400000000,108,108,108,79,1,108,5400000000,"current_sensitivity","EXECUTED",0.52820699999999998,""
uwb-imu-pl/gate-d-diagnostics/v16,108,5400000000,108,108,108,79,1,108,5400000000,"model_generation","EXECUTED",306.68740600000001,""
uwb-imu-pl/gate-d-diagnostics/v16,108,5400000000,108,108,108,79,1,108,5400000000,"historical_sensitivity","EXECUTED",0.19815300000000005,""
uwb-imu-pl/gate-d-diagnostics/v16,108,5400000000,108,108,108,79,1,108,5400000000,"hypothesis_evidence","EXECUTED",1838.916604,"effective_dimensions=1:464,2:41440,3:19200,other:0;context_bytes=10265792;worker_blocks=4"
uwb-imu-pl/gate-d-diagnostics/v16,108,5400000000,108,108,108,79,1,108,5400000000,"health_actions","EXECUTED",20.467517000000001,""
uwb-imu-pl/gate-d-diagnostics/v16,108,5400000000,108,108,108,79,1,108,5400000000,"hypothesis_audit","SKIPPED",,"disabled by output.write_hypothesis_evidence"
uwb-imu-pl/gate-d-diagnostics/v16,108,5400000000,108,108,108,79,1,108,5400000000,"base_factorization","EXECUTED",0.25456400000000001,""
uwb-imu-pl/gate-d-diagnostics/v16,108,5400000000,108,108,108,79,1,108,5400000000,"shared_cache","EXECUTED",0.0020860000000000002,""
uwb-imu-pl/gate-d-diagnostics/v16,108,5400000000,108,108,108,79,1,108,5400000000,"candidate_evaluation","EXECUTED",434.656274,"rank=1;dense=0"
uwb-imu-pl/gate-d-diagnostics/v16,108,5400000000,108,108,108,79,1,108,5400000000,"fde_decision","EXECUTED",9.2603179999999998,""
uwb-imu-pl/gate-d-diagnostics/v16,108,5400000000,108,108,108,79,1,108,5400000000,"candidate_audit","EXECUTED",0.063689999999999997,""
uwb-imu-pl/gate-d-diagnostics/v16,108,5400000000,108,108,108,79,1,108,5400000000,"commit","EXECUTED",3.1475399999999998,""
uwb-imu-pl/gate-d-diagnostics/v16,108,5400000000,108,108,108,79,1,108,5400000000,"state_audit","EXECUTED",0.00040299999999999998,""
uwb-imu-pl/gate-d-diagnostics/v16,108,5400000000,108,108,108,79,1,108,5400000000,"finalize_commit_audit","EXECUTED",45.143132000000001,"excludes separately timed commit/discard/state audit"
uwb-imu-pl/gate-d-diagnostics/v16,108,5400000000,108,108,108,79,1,108,5400000000,"discard","SKIPPED",,"upstream gate did not reach stage"
uwb-imu-pl/gate-d-diagnostics/v16,108,5400000000,108,108,108,79,1,108,5400000000,"core_total","EXECUTED",3370.056462,""
uwb-imu-pl/gate-d-diagnostics/v16,109,5450000000,109,109,109,80,1,109,5450000000,"prepare","EXECUTED",2.7148180000000002,""
uwb-imu-pl/gate-d-diagnostics/v16,109,5450000000,109,109,109,80,1,109,5450000000,"integrity_window","EXECUTED",728.38312599999995,""
uwb-imu-pl/gate-d-diagnostics/v16,109,5450000000,109,109,109,80,1,109,5450000000,"window_boundary_provenance","EXECUTED",712.43467099999998,""
uwb-imu-pl/gate-d-diagnostics/v16,109,5450000000,109,109,109,80,1,109,5450000000,"window_factor_linearization_whitening","EXECUTED",1.119273,""
uwb-imu-pl/gate-d-diagnostics/v16,109,5450000000,109,109,109,80,1,109,5450000000,"window_dense_assembly","EXECUTED",0.096990000000000007,""
uwb-imu-pl/gate-d-diagnostics/v16,109,5450000000,109,109,109,80,1,109,5450000000,"window_svd","EXECUTED",7.8193409999999997,""
uwb-imu-pl/gate-d-diagnostics/v16,109,5450000000,109,109,109,80,1,109,5450000000,"window_normal_equations","EXECUTED",0.342831,""
uwb-imu-pl/gate-d-diagnostics/v16,109,5450000000,109,109,109,80,1,109,5450000000,"window_llt_state_solves","EXECUTED",0.106817,""
uwb-imu-pl/gate-d-diagnostics/v16,109,5450000000,109,109,109,80,1,109,5450000000,"window_fingerprint","EXECUTED",3.9376540000000002,""
uwb-imu-pl/gate-d-diagnostics/v16,109,5450000000,109,109,109,80,1,109,5450000000,"all_in_detector","EXECUTED",0.36789100000000002,""
uwb-imu-pl/gate-d-diagnostics/v16,109,5450000000,109,109,109,80,1,109,5450000000,"current_sensitivity","EXECUTED",0.64807300000000001,""
uwb-imu-pl/gate-d-diagnostics/v16,109,5450000000,109,109,109,80,1,109,5450000000,"model_generation","EXECUTED",304.88097899999997,""
uwb-imu-pl/gate-d-diagnostics/v16,109,5450000000,109,109,109,80,1,109,5450000000,"historical_sensitivity","EXECUTED",0.133773,""
uwb-imu-pl/gate-d-diagnostics/v16,109,5450000000,109,109,109,80,1,109,5450000000,"hypothesis_evidence","EXECUTED",1828.40363,"effective_dimensions=1:464,2:41440,3:19200,other:0;context_bytes=10265792;worker_blocks=4"
uwb-imu-pl/gate-d-diagnostics/v16,109,5450000000,109,109,109,80,1,109,5450000000,"health_actions","EXECUTED",20.172070000000001,""
uwb-imu-pl/gate-d-diagnostics/v16,109,5450000000,109,109,109,80,1,109,5450000000,"hypothesis_audit","SKIPPED",,"disabled by output.write_hypothesis_evidence"
uwb-imu-pl/gate-d-diagnostics/v16,109,5450000000,109,109,109,80,1,109,5450000000,"base_factorization","EXECUTED",0.254741,""
uwb-imu-pl/gate-d-diagnostics/v16,109,5450000000,109,109,109,80,1,109,5450000000,"shared_cache","EXECUTED",0.0022650000000000001,""
uwb-imu-pl/gate-d-diagnostics/v16,109,5450000000,109,109,109,80,1,109,5450000000,"candidate_evaluation","EXECUTED",428.05630400000001,"rank=1;dense=0"
uwb-imu-pl/gate-d-diagnostics/v16,109,5450000000,109,109,109,80,1,109,5450000000,"fde_decision","EXECUTED",8.9269920000000003,""
uwb-imu-pl/gate-d-diagnostics/v16,109,5450000000,109,109,109,80,1,109,5450000000,"candidate_audit","EXECUTED",0.035089000000000002,""
uwb-imu-pl/gate-d-diagnostics/v16,109,5450000000,109,109,109,80,1,109,5450000000,"commit","EXECUTED",2.4707469999999998,""
uwb-imu-pl/gate-d-diagnostics/v16,109,5450000000,109,109,109,80,1,109,5450000000,"state_audit","EXECUTED",0.00042499999999999998,""
uwb-imu-pl/gate-d-diagnostics/v16,109,5450000000,109,109,109,80,1,109,5450000000,"finalize_commit_audit","EXECUTED",34.867533999999999,"excludes separately timed commit/discard/state audit"
uwb-imu-pl/gate-d-diagnostics/v16,109,5450000000,109,109,109,80,1,109,5450000000,"discard","SKIPPED",,"upstream gate did not reach stage"
uwb-imu-pl/gate-d-diagnostics/v16,109,5450000000,109,109,109,80,1,109,5450000000,"core_total","EXECUTED",3360.988934,""
uwb-imu-pl/gate-d-diagnostics/v16,110,5500000000,110,110,110,81,1,110,5500000000,"prepare","EXECUTED",2.7449849999999998,""
uwb-imu-pl/gate-d-diagnostics/v16,110,5500000000,110,110,110,81,1,110,5500000000,"integrity_window","EXECUTED",797.70233299999995,""
uwb-imu-pl/gate-d-diagnostics/v16,110,5500000000,110,110,110,81,1,110,5500000000,"window_boundary_provenance","EXECUTED",782.34576700000002,""
uwb-imu-pl/gate-d-diagnostics/v16,110,5500000000,110,110,110,81,1,110,5500000000,"window_factor_linearization_whitening","EXECUTED",1.029137,""
uwb-imu-pl/gate-d-diagnostics/v16,110,5500000000,110,110,110,81,1,110,5500000000,"window_dense_assembly","EXECUTED",0.096729999999999997,""
uwb-imu-pl/gate-d-diagnostics/v16,110,5500000000,110,110,110,81,1,110,5500000000,"window_svd","EXECUTED",7.6477139999999997,""
uwb-imu-pl/gate-d-diagnostics/v16,110,5500000000,110,110,110,81,1,110,5500000000,"window_normal_equations","EXECUTED",0.37232199999999999,""
uwb-imu-pl/gate-d-diagnostics/v16,110,5500000000,110,110,110,81,1,110,5500000000,"window_llt_state_solves","EXECUTED",0.143986,""
uwb-imu-pl/gate-d-diagnostics/v16,110,5500000000,110,110,110,81,1,110,5500000000,"window_fingerprint","EXECUTED",4.6731199999999999,""
uwb-imu-pl/gate-d-diagnostics/v16,110,5500000000,110,110,110,81,1,110,5500000000,"all_in_detector","EXECUTED",0.32650099999999999,""
uwb-imu-pl/gate-d-diagnostics/v16,110,5500000000,110,110,110,81,1,110,5500000000,"current_sensitivity","EXECUTED",0.59811599999999998,""
uwb-imu-pl/gate-d-diagnostics/v16,110,5500000000,110,110,110,81,1,110,5500000000,"model_generation","EXECUTED",309.567387,""
uwb-imu-pl/gate-d-diagnostics/v16,110,5500000000,110,110,110,81,1,110,5500000000,"historical_sensitivity","EXECUTED",0.130853,""
uwb-imu-pl/gate-d-diagnostics/v16,110,5500000000,110,110,110,81,1,110,5500000000,"hypothesis_evidence","EXECUTED",1857.457251,"effective_dimensions=1:464,2:41440,3:19200,other:0;context_bytes=10265792;worker_blocks=4"
uwb-imu-pl/gate-d-diagnostics/v16,110,5500000000,110,110,110,81,1,110,5500000000,"health_actions","EXECUTED",20.177325,""
uwb-imu-pl/gate-d-diagnostics/v16,110,5500000000,110,110,110,81,1,110,5500000000,"hypothesis_audit","SKIPPED",,"disabled by output.write_hypothesis_evidence"
uwb-imu-pl/gate-d-diagnostics/v16,110,5500000000,110,110,110,81,1,110,5500000000,"base_factorization","EXECUTED",0.27211000000000002,""
uwb-imu-pl/gate-d-diagnostics/v16,110,5500000000,110,110,110,81,1,110,5500000000,"shared_cache","EXECUTED",0.00266,""
uwb-imu-pl/gate-d-diagnostics/v16,110,5500000000,110,110,110,81,1,110,5500000000,"candidate_evaluation","EXECUTED",430.77913899999999,"rank=1;dense=0"
uwb-imu-pl/gate-d-diagnostics/v16,110,5500000000,110,110,110,81,1,110,5500000000,"fde_decision","EXECUTED",8.5211179999999995,""
uwb-imu-pl/gate-d-diagnostics/v16,110,5500000000,110,110,110,81,1,110,5500000000,"candidate_audit","EXECUTED",0.036964999999999998,""
uwb-imu-pl/gate-d-diagnostics/v16,110,5500000000,110,110,110,81,1,110,5500000000,"commit","EXECUTED",2.8912490000000002,""
uwb-imu-pl/gate-d-diagnostics/v16,110,5500000000,110,110,110,81,1,110,5500000000,"state_audit","EXECUTED",0.00057399999999999997,""
uwb-imu-pl/gate-d-diagnostics/v16,110,5500000000,110,110,110,81,1,110,5500000000,"finalize_commit_audit","EXECUTED",35.143944999999995,"excludes separately timed commit/discard/state audit"
uwb-imu-pl/gate-d-diagnostics/v16,110,5500000000,110,110,110,81,1,110,5500000000,"discard","SKIPPED",,"upstream gate did not reach stage"
uwb-imu-pl/gate-d-diagnostics/v16,110,5500000000,110,110,110,81,1,110,5500000000,"core_total","EXECUTED",3467.204765,""
uwb-imu-pl/gate-d-diagnostics/v16,111,5550000000,111,111,111,82,1,111,5550000000,"prepare","EXECUTED",2.4097770000000001,""
uwb-imu-pl/gate-d-diagnostics/v16,111,5550000000,111,111,111,82,1,111,5550000000,"integrity_window","EXECUTED",600.45142299999998,""
uwb-imu-pl/gate-d-diagnostics/v16,111,5550000000,111,111,111,82,1,111,5550000000,"window_boundary_provenance","EXECUTED",584.93092999999999,""
uwb-imu-pl/gate-d-diagnostics/v16,111,5550000000,111,111,111,82,1,111,5550000000,"window_factor_linearization_whitening","EXECUTED",1.0129280000000001,""
uwb-imu-pl/gate-d-diagnostics/v16,111,5550000000,111,111,111,82,1,111,5550000000,"window_dense_assembly","EXECUTED",0.11150599999999999,""
uwb-imu-pl/gate-d-diagnostics/v16,111,5550000000,111,111,111,82,1,111,5550000000,"window_svd","EXECUTED",8.6719489999999997,""
uwb-imu-pl/gate-d-diagnostics/v16,111,5550000000,111,111,111,82,1,111,5550000000,"window_normal_equations","EXECUTED",0.37039899999999998,""
uwb-imu-pl/gate-d-diagnostics/v16,111,5550000000,111,111,111,82,1,111,5550000000,"window_llt_state_solves","EXECUTED",0.10693999999999999,""
uwb-imu-pl/gate-d-diagnostics/v16,111,5550000000,111,111,111,82,1,111,5550000000,"window_fingerprint","EXECUTED",3.888855,""
uwb-imu-pl/gate-d-diagnostics/v16,111,5550000000,111,111,111,82,1,111,5550000000,"all_in_detector","EXECUTED",0.24188999999999999,""
uwb-imu-pl/gate-d-diagnostics/v16,111,5550000000,111,111,111,82,1,111,5550000000,"current_sensitivity","EXECUTED",0.55840599999999996,""
uwb-imu-pl/gate-d-diagnostics/v16,111,5550000000,111,111,111,82,1,111,5550000000,"model_generation","EXECUTED",304.81801000000002,""
uwb-imu-pl/gate-d-diagnostics/v16,111,5550000000,111,111,111,82,1,111,5550000000,"historical_sensitivity","EXECUTED",0.14951599999999998,""
uwb-imu-pl/gate-d-diagnostics/v16,111,5550000000,111,111,111,82,1,111,5550000000,"hypothesis_evidence","EXECUTED",1837.1877950000001,"effective_dimensions=1:464,2:41440,3:19200,other:0;context_bytes=10265792;worker_blocks=4"
uwb-imu-pl/gate-d-diagnostics/v16,111,5550000000,111,111,111,82,1,111,5550000000,"health_actions","EXECUTED",18.569544,""
uwb-imu-pl/gate-d-diagnostics/v16,111,5550000000,111,111,111,82,1,111,5550000000,"hypothesis_audit","SKIPPED",,"disabled by output.write_hypothesis_evidence"
uwb-imu-pl/gate-d-diagnostics/v16,111,5550000000,111,111,111,82,1,111,5550000000,"base_factorization","EXECUTED",0.24641099999999999,""
uwb-imu-pl/gate-d-diagnostics/v16,111,5550000000,111,111,111,82,1,111,5550000000,"shared_cache","EXECUTED",0.0028410000000000002,""
uwb-imu-pl/gate-d-diagnostics/v16,111,5550000000,111,111,111,82,1,111,5550000000,"candidate_evaluation","EXECUTED",421.38191999999998,"rank=1;dense=0"
uwb-imu-pl/gate-d-diagnostics/v16,111,5550000000,111,111,111,82,1,111,5550000000,"fde_decision","EXECUTED",9.5932440000000003,""
uwb-imu-pl/gate-d-diagnostics/v16,111,5550000000,111,111,111,82,1,111,5550000000,"candidate_audit","EXECUTED",0.039784,""
uwb-imu-pl/gate-d-diagnostics/v16,111,5550000000,111,111,111,82,1,111,5550000000,"commit","EXECUTED",1.9574370000000001,""
uwb-imu-pl/gate-d-diagnostics/v16,111,5550000000,111,111,111,82,1,111,5550000000,"state_audit","EXECUTED",0.00061499999999999999,""
uwb-imu-pl/gate-d-diagnostics/v16,111,5550000000,111,111,111,82,1,111,5550000000,"finalize_commit_audit","EXECUTED",34.986740999999995,"excludes separately timed commit/discard/state audit"
uwb-imu-pl/gate-d-diagnostics/v16,111,5550000000,111,111,111,82,1,111,5550000000,"discard","SKIPPED",,"upstream gate did not reach stage"
uwb-imu-pl/gate-d-diagnostics/v16,111,5550000000,111,111,111,82,1,111,5550000000,"core_total","EXECUTED",3233.4358499999998,""
uwb-imu-pl/gate-d-diagnostics/v16,112,5600000000,112,112,112,83,1,112,5600000000,"prepare","EXECUTED",2.3228460000000002,""
uwb-imu-pl/gate-d-diagnostics/v16,112,5600000000,112,112,112,83,1,112,5600000000,"integrity_window","EXECUTED",391.58566999999999,""
uwb-imu-pl/gate-d-diagnostics/v16,112,5600000000,112,112,112,83,1,112,5600000000,"window_boundary_provenance","EXECUTED",376.741287,""
uwb-imu-pl/gate-d-diagnostics/v16,112,5600000000,112,112,112,83,1,112,5600000000,"window_factor_linearization_whitening","EXECUTED",1.2086060000000001,""
uwb-imu-pl/gate-d-diagnostics/v16,112,5600000000,112,112,112,83,1,112,5600000000,"window_dense_assembly","EXECUTED",0.13291500000000001,""
uwb-imu-pl/gate-d-diagnostics/v16,112,5600000000,112,112,112,83,1,112,5600000000,"window_svd","EXECUTED",7.8406149999999997,""
uwb-imu-pl/gate-d-diagnostics/v16,112,5600000000,112,112,112,83,1,112,5600000000,"window_normal_equations","EXECUTED",0.32542199999999999,""
uwb-imu-pl/gate-d-diagnostics/v16,112,5600000000,112,112,112,83,1,112,5600000000,"window_llt_state_solves","EXECUTED",0.102038,""
uwb-imu-pl/gate-d-diagnostics/v16,112,5600000000,112,112,112,83,1,112,5600000000,"window_fingerprint","EXECUTED",3.8281239999999999,""
uwb-imu-pl/gate-d-diagnostics/v16,112,5600000000,112,112,112,83,1,112,5600000000,"all_in_detector","EXECUTED",0.29935699999999998,""
uwb-imu-pl/gate-d-diagnostics/v16,112,5600000000,112,112,112,83,1,112,5600000000,"current_sensitivity","EXECUTED",0.56168499999999999,""
uwb-imu-pl/gate-d-diagnostics/v16,112,5600000000,112,112,112,83,1,112,5600000000,"model_generation","EXECUTED",310.02145400000001,""
uwb-imu-pl/gate-d-diagnostics/v16,112,5600000000,112,112,112,83,1,112,5600000000,"historical_sensitivity","EXECUTED",0.13237199999999999,""
uwb-imu-pl/gate-d-diagnostics/v16,112,5600000000,112,112,112,83,1,112,5600000000,"hypothesis_evidence","EXECUTED",1825.949267,"effective_dimensions=1:464,2:41440,3:19200,other:0;context_bytes=10265792;worker_blocks=4"
uwb-imu-pl/gate-d-diagnostics/v16,112,5600000000,112,112,112,83,1,112,5600000000,"health_actions","EXECUTED",19.557352000000002,""
uwb-imu-pl/gate-d-diagnostics/v16,112,5600000000,112,112,112,83,1,112,5600000000,"hypothesis_audit","SKIPPED",,"disabled by output.write_hypothesis_evidence"
uwb-imu-pl/gate-d-diagnostics/v16,112,5600000000,112,112,112,83,1,112,5600000000,"base_factorization","EXECUTED",0.25512499999999999,""
uwb-imu-pl/gate-d-diagnostics/v16,112,5600000000,112,112,112,83,1,112,5600000000,"shared_cache","EXECUTED",0.0030219999999999999,""
uwb-imu-pl/gate-d-diagnostics/v16,112,5600000000,112,112,112,83,1,112,5600000000,"candidate_evaluation","EXECUTED",429.29576800000001,"rank=1;dense=0"
uwb-imu-pl/gate-d-diagnostics/v16,112,5600000000,112,112,112,83,1,112,5600000000,"fde_decision","EXECUTED",8.7038419999999999,""
uwb-imu-pl/gate-d-diagnostics/v16,112,5600000000,112,112,112,83,1,112,5600000000,"candidate_audit","EXECUTED",0.034639000000000003,""
uwb-imu-pl/gate-d-diagnostics/v16,112,5600000000,112,112,112,83,1,112,5600000000,"commit","EXECUTED",1.9607650000000001,""
uwb-imu-pl/gate-d-diagnostics/v16,112,5600000000,112,112,112,83,1,112,5600000000,"state_audit","EXECUTED",0.00057300000000000005,""
uwb-imu-pl/gate-d-diagnostics/v16,112,5600000000,112,112,112,83,1,112,5600000000,"finalize_commit_audit","EXECUTED",40.220198000000003,"excludes separately timed commit/discard/state audit"
uwb-imu-pl/gate-d-diagnostics/v16,112,5600000000,112,112,112,83,1,112,5600000000,"discard","SKIPPED",,"upstream gate did not reach stage"
uwb-imu-pl/gate-d-diagnostics/v16,112,5600000000,112,112,112,83,1,112,5600000000,"core_total","EXECUTED",3031.494796,""
uwb-imu-pl/gate-d-diagnostics/v16,113,5650000000,113,113,113,84,1,113,5650000000,"prepare","EXECUTED",2.5771130000000002,""
uwb-imu-pl/gate-d-diagnostics/v16,113,5650000000,113,113,113,84,1,113,5650000000,"integrity_window","EXECUTED",441.87576100000001,""
uwb-imu-pl/gate-d-diagnostics/v16,113,5650000000,113,113,113,84,1,113,5650000000,"window_boundary_provenance","EXECUTED",426.964225,""
uwb-imu-pl/gate-d-diagnostics/v16,113,5650000000,113,113,113,84,1,113,5650000000,"window_factor_linearization_whitening","EXECUTED",1.0488729999999999,""
uwb-imu-pl/gate-d-diagnostics/v16,113,5650000000,113,113,113,84,1,113,5650000000,"window_dense_assembly","EXECUTED",0.11060300000000001,""
uwb-imu-pl/gate-d-diagnostics/v16,113,5650000000,113,113,113,84,1,113,5650000000,"window_svd","EXECUTED",7.8559109999999999,""
uwb-imu-pl/gate-d-diagnostics/v16,113,5650000000,113,113,113,84,1,113,5650000000,"window_normal_equations","EXECUTED",0.32732,""
uwb-imu-pl/gate-d-diagnostics/v16,113,5650000000,113,113,113,84,1,113,5650000000,"window_llt_state_solves","EXECUTED",0.103064,""
uwb-imu-pl/gate-d-diagnostics/v16,113,5650000000,113,113,113,84,1,113,5650000000,"window_fingerprint","EXECUTED",4.0668959999999998,""
uwb-imu-pl/gate-d-diagnostics/v16,113,5650000000,113,113,113,84,1,113,5650000000,"all_in_detector","EXECUTED",0.30097000000000002,""
uwb-imu-pl/gate-d-diagnostics/v16,113,5650000000,113,113,113,84,1,113,5650000000,"current_sensitivity","EXECUTED",0.56503899999999996,""
uwb-imu-pl/gate-d-diagnostics/v16,113,5650000000,113,113,113,84,1,113,5650000000,"model_generation","EXECUTED",311.92049700000001,""
uwb-imu-pl/gate-d-diagnostics/v16,113,5650000000,113,113,113,84,1,113,5650000000,"historical_sensitivity","EXECUTED",0.134436,""
uwb-imu-pl/gate-d-diagnostics/v16,113,5650000000,113,113,113,84,1,113,5650000000,"hypothesis_evidence","EXECUTED",1832.2864709999999,"effective_dimensions=1:464,2:41440,3:19200,other:0;context_bytes=10265792;worker_blocks=4"
uwb-imu-pl/gate-d-diagnostics/v16,113,5650000000,113,113,113,84,1,113,5650000000,"health_actions","EXECUTED",22.361151,""
uwb-imu-pl/gate-d-diagnostics/v16,113,5650000000,113,113,113,84,1,113,5650000000,"hypothesis_audit","SKIPPED",,"disabled by output.write_hypothesis_evidence"
uwb-imu-pl/gate-d-diagnostics/v16,113,5650000000,113,113,113,84,1,113,5650000000,"base_factorization","EXECUTED",0.268432,""
uwb-imu-pl/gate-d-diagnostics/v16,113,5650000000,113,113,113,84,1,113,5650000000,"shared_cache","EXECUTED",0.0040070000000000001,""
uwb-imu-pl/gate-d-diagnostics/v16,113,5650000000,113,113,113,84,1,113,5650000000,"candidate_evaluation","EXECUTED",422.77570600000001,"rank=1;dense=0"
uwb-imu-pl/gate-d-diagnostics/v16,113,5650000000,113,113,113,84,1,113,5650000000,"fde_decision","EXECUTED",10.383051,""
uwb-imu-pl/gate-d-diagnostics/v16,113,5650000000,113,113,113,84,1,113,5650000000,"candidate_audit","EXECUTED",0.041787999999999999,""
uwb-imu-pl/gate-d-diagnostics/v16,113,5650000000,113,113,113,84,1,113,5650000000,"commit","EXECUTED",2.1062979999999998,""
uwb-imu-pl/gate-d-diagnostics/v16,113,5650000000,113,113,113,84,1,113,5650000000,"state_audit","EXECUTED",0.00065200000000000002,""
uwb-imu-pl/gate-d-diagnostics/v16,113,5650000000,113,113,113,84,1,113,5650000000,"finalize_commit_audit","EXECUTED",38.687043000000003,"excludes separately timed commit/discard/state audit"
uwb-imu-pl/gate-d-diagnostics/v16,113,5650000000,113,113,113,84,1,113,5650000000,"discard","SKIPPED",,"upstream gate did not reach stage"
uwb-imu-pl/gate-d-diagnostics/v16,113,5650000000,113,113,113,84,1,113,5650000000,"core_total","EXECUTED",3086.8216699999998,""
uwb-imu-pl/gate-d-diagnostics/v16,114,5700000000,114,114,114,85,1,114,5700000000,"prepare","EXECUTED",3.6914980000000002,""
uwb-imu-pl/gate-d-diagnostics/v16,114,5700000000,114,114,114,85,1,114,5700000000,"integrity_window","EXECUTED",469.82757299999997,""
uwb-imu-pl/gate-d-diagnostics/v16,114,5700000000,114,114,114,85,1,114,5700000000,"window_boundary_provenance","EXECUTED",454.62024200000002,""
uwb-imu-pl/gate-d-diagnostics/v16,114,5700000000,114,114,114,85,1,114,5700000000,"window_factor_linearization_whitening","EXECUTED",1.3459190000000001,""
uwb-imu-pl/gate-d-diagnostics/v16,114,5700000000,114,114,114,85,1,114,5700000000,"window_dense_assembly","EXECUTED",0.121978,""
uwb-imu-pl/gate-d-diagnostics/v16,114,5700000000,114,114,114,85,1,114,5700000000,"window_svd","EXECUTED",7.8431759999999997,""
uwb-imu-pl/gate-d-diagnostics/v16,114,5700000000,114,114,114,85,1,114,5700000000,"window_normal_equations","EXECUTED",0.44862400000000002,""
uwb-imu-pl/gate-d-diagnostics/v16,114,5700000000,114,114,114,85,1,114,5700000000,"window_llt_state_solves","EXECUTED",0.13076199999999999,""
uwb-imu-pl/gate-d-diagnostics/v16,114,5700000000,114,114,114,85,1,114,5700000000,"window_fingerprint","EXECUTED",3.980299,""
uwb-imu-pl/gate-d-diagnostics/v16,114,5700000000,114,114,114,85,1,114,5700000000,"all_in_detector","EXECUTED",0.28950300000000001,""
uwb-imu-pl/gate-d-diagnostics/v16,114,5700000000,114,114,114,85,1,114,5700000000,"current_sensitivity","EXECUTED",0.55344899999999997,""
uwb-imu-pl/gate-d-diagnostics/v16,114,5700000000,114,114,114,85,1,114,5700000000,"model_generation","EXECUTED",303.978115,""
uwb-imu-pl/gate-d-diagnostics/v16,114,5700000000,114,114,114,85,1,114,5700000000,"historical_sensitivity","EXECUTED",0.14021899999999998,""
uwb-imu-pl/gate-d-diagnostics/v16,114,5700000000,114,114,114,85,1,114,5700000000,"hypothesis_evidence","EXECUTED",1822.9687409999999,"effective_dimensions=1:464,2:41440,3:19200,other:0;context_bytes=10265792;worker_blocks=4"
uwb-imu-pl/gate-d-diagnostics/v16,114,5700000000,114,114,114,85,1,114,5700000000,"health_actions","EXECUTED",26.719017999999998,""
uwb-imu-pl/gate-d-diagnostics/v16,114,5700000000,114,114,114,85,1,114,5700000000,"hypothesis_audit","SKIPPED",,"disabled by output.write_hypothesis_evidence"
uwb-imu-pl/gate-d-diagnostics/v16,114,5700000000,114,114,114,85,1,114,5700000000,"base_factorization","EXECUTED",0.26544000000000001,""
uwb-imu-pl/gate-d-diagnostics/v16,114,5700000000,114,114,114,85,1,114,5700000000,"shared_cache","EXECUTED",0.0041269999999999996,""
uwb-imu-pl/gate-d-diagnostics/v16,114,5700000000,114,114,114,85,1,114,5700000000,"candidate_evaluation","EXECUTED",432.40137399999998,"rank=1;dense=0"
uwb-imu-pl/gate-d-diagnostics/v16,114,5700000000,114,114,114,85,1,114,5700000000,"fde_decision","EXECUTED",9.0221079999999994,""
uwb-imu-pl/gate-d-diagnostics/v16,114,5700000000,114,114,114,85,1,114,5700000000,"candidate_audit","EXECUTED",0.036158000000000003,""
uwb-imu-pl/gate-d-diagnostics/v16,114,5700000000,114,114,114,85,1,114,5700000000,"commit","EXECUTED",2.3501590000000001,""
uwb-imu-pl/gate-d-diagnostics/v16,114,5700000000,114,114,114,85,1,114,5700000000,"state_audit","EXECUTED",0.000415,""
uwb-imu-pl/gate-d-diagnostics/v16,114,5700000000,114,114,114,85,1,114,5700000000,"finalize_commit_audit","EXECUTED",35.351925000000001,"excludes separately timed commit/discard/state audit"
uwb-imu-pl/gate-d-diagnostics/v16,114,5700000000,114,114,114,85,1,114,5700000000,"discard","SKIPPED",,"upstream gate did not reach stage"
uwb-imu-pl/gate-d-diagnostics/v16,114,5700000000,114,114,114,85,1,114,5700000000,"core_total","EXECUTED",3108.4662530000001,""
uwb-imu-pl/gate-d-diagnostics/v16,115,5750000000,115,115,115,86,1,115,5750000000,"prepare","EXECUTED",2.5164230000000001,""
uwb-imu-pl/gate-d-diagnostics/v16,115,5750000000,115,115,115,86,1,115,5750000000,"integrity_window","EXECUTED",484.52764300000001,""
uwb-imu-pl/gate-d-diagnostics/v16,115,5750000000,115,115,115,86,1,115,5750000000,"window_boundary_provenance","EXECUTED",469.19945300000001,""
uwb-imu-pl/gate-d-diagnostics/v16,115,5750000000,115,115,115,86,1,115,5750000000,"window_factor_linearization_whitening","EXECUTED",1.1858109999999999,""
uwb-imu-pl/gate-d-diagnostics/v16,115,5750000000,115,115,115,86,1,115,5750000000,"window_dense_assembly","EXECUTED",0.12951199999999999,""
uwb-imu-pl/gate-d-diagnostics/v16,115,5750000000,115,115,115,86,1,115,5750000000,"window_svd","EXECUTED",8.1272269999999995,""
uwb-imu-pl/gate-d-diagnostics/v16,115,5750000000,115,115,115,86,1,115,5750000000,"window_normal_equations","EXECUTED",0.39353399999999999,""
uwb-imu-pl/gate-d-diagnostics/v16,115,5750000000,115,115,115,86,1,115,5750000000,"window_llt_state_solves","EXECUTED",0.11849700000000001,""
uwb-imu-pl/gate-d-diagnostics/v16,115,5750000000,115,115,115,86,1,115,5750000000,"window_fingerprint","EXECUTED",3.982361,""
uwb-imu-pl/gate-d-diagnostics/v16,115,5750000000,115,115,115,86,1,115,5750000000,"all_in_detector","EXECUTED",0.34922199999999998,""
uwb-imu-pl/gate-d-diagnostics/v16,115,5750000000,115,115,115,86,1,115,5750000000,"current_sensitivity","EXECUTED",0.52544000000000002,""
uwb-imu-pl/gate-d-diagnostics/v16,115,5750000000,115,115,115,86,1,115,5750000000,"model_generation","EXECUTED",306.43291699999997,""
uwb-imu-pl/gate-d-diagnostics/v16,115,5750000000,115,115,115,86,1,115,5750000000,"historical_sensitivity","EXECUTED",0.14138999999999999,""
uwb-imu-pl/gate-d-diagnostics/v16,115,5750000000,115,115,115,86,1,115,5750000000,"hypothesis_evidence","EXECUTED",1818.092292,"effective_dimensions=1:464,2:41440,3:19200,other:0;context_bytes=10265792;worker_blocks=4"
uwb-imu-pl/gate-d-diagnostics/v16,115,5750000000,115,115,115,86,1,115,5750000000,"health_actions","EXECUTED",23.977999000000001,""
uwb-imu-pl/gate-d-diagnostics/v16,115,5750000000,115,115,115,86,1,115,5750000000,"hypothesis_audit","SKIPPED",,"disabled by output.write_hypothesis_evidence"
uwb-imu-pl/gate-d-diagnostics/v16,115,5750000000,115,115,115,86,1,115,5750000000,"base_factorization","EXECUTED",0.26172699999999999,""
uwb-imu-pl/gate-d-diagnostics/v16,115,5750000000,115,115,115,86,1,115,5750000000,"shared_cache","EXECUTED",0.0039179999999999996,""
uwb-imu-pl/gate-d-diagnostics/v16,115,5750000000,115,115,115,86,1,115,5750000000,"candidate_evaluation","EXECUTED",424.32361600000002,"rank=1;dense=0"
uwb-imu-pl/gate-d-diagnostics/v16,115,5750000000,115,115,115,86,1,115,5750000000,"fde_decision","EXECUTED",9.1568199999999997,""
uwb-imu-pl/gate-d-diagnostics/v16,115,5750000000,115,115,115,86,1,115,5750000000,"candidate_audit","EXECUTED",0.042252999999999999,""
uwb-imu-pl/gate-d-diagnostics/v16,115,5750000000,115,115,115,86,1,115,5750000000,"commit","EXECUTED",2.2412559999999999,""
uwb-imu-pl/gate-d-diagnostics/v16,115,5750000000,115,115,115,86,1,115,5750000000,"state_audit","EXECUTED",0.00054799999999999998,""
uwb-imu-pl/gate-d-diagnostics/v16,115,5750000000,115,115,115,86,1,115,5750000000,"finalize_commit_audit","EXECUTED",38.973058999999999,"excludes separately timed commit/discard/state audit"
uwb-imu-pl/gate-d-diagnostics/v16,115,5750000000,115,115,115,86,1,115,5750000000,"discard","SKIPPED",,"upstream gate did not reach stage"
uwb-imu-pl/gate-d-diagnostics/v16,115,5750000000,115,115,115,86,1,115,5750000000,"core_total","EXECUTED",3112.3376229999999,""
uwb-imu-pl/gate-d-diagnostics/v16,116,5800000000,116,116,116,87,1,116,5800000000,"prepare","EXECUTED",2.6798190000000002,""
uwb-imu-pl/gate-d-diagnostics/v16,116,5800000000,116,116,116,87,1,116,5800000000,"integrity_window","EXECUTED",494.639881,""
uwb-imu-pl/gate-d-diagnostics/v16,116,5800000000,116,116,116,87,1,116,5800000000,"window_boundary_provenance","EXECUTED",478.25465200000002,""
uwb-imu-pl/gate-d-diagnostics/v16,116,5800000000,116,116,116,87,1,116,5800000000,"window_factor_linearization_whitening","EXECUTED",1.0492440000000001,""
uwb-imu-pl/gate-d-diagnostics/v16,116,5800000000,116,116,116,87,1,116,5800000000,"window_dense_assembly","EXECUTED",0.099094000000000002,""
uwb-imu-pl/gate-d-diagnostics/v16,116,5800000000,116,116,116,87,1,116,5800000000,"window_svd","EXECUTED",8.8397450000000006,""
uwb-imu-pl/gate-d-diagnostics/v16,116,5800000000,116,116,116,87,1,116,5800000000,"window_normal_equations","EXECUTED",0.76121799999999995,""
uwb-imu-pl/gate-d-diagnostics/v16,116,5800000000,116,116,116,87,1,116,5800000000,"window_llt_state_solves","EXECUTED",0.125752,""
uwb-imu-pl/gate-d-diagnostics/v16,116,5800000000,116,116,116,87,1,116,5800000000,"window_fingerprint","EXECUTED",4.0612060000000003,""
uwb-imu-pl/gate-d-diagnostics/v16,116,5800000000,116,116,116,87,1,116,5800000000,"all_in_detector","EXECUTED",0.268013,""
uwb-imu-pl/gate-d-diagnostics/v16,116,5800000000,116,116,116,87,1,116,5800000000,"current_sensitivity","EXECUTED",0.54061400000000004,""
uwb-imu-pl/gate-d-diagnostics/v16,116,5800000000,116,116,116,87,1,116,5800000000,"model_generation","EXECUTED",304.50529299999999,""
uwb-imu-pl/gate-d-diagnostics/v16,116,5800000000,116,116,116,87,1,116,5800000000,"historical_sensitivity","EXECUTED",0.12273800000000001,""
uwb-imu-pl/gate-d-diagnostics/v16,116,5800000000,116,116,116,87,1,116,5800000000,"hypothesis_evidence","EXECUTED",1866.2421609999999,"effective_dimensions=1:464,2:41440,3:19200,other:0;context_bytes=10265792;worker_blocks=4"
uwb-imu-pl/gate-d-diagnostics/v16,116,5800000000,116,116,116,87,1,116,5800000000,"health_actions","EXECUTED",20.817360000000001,""
uwb-imu-pl/gate-d-diagnostics/v16,116,5800000000,116,116,116,87,1,116,5800000000,"hypothesis_audit","SKIPPED",,"disabled by output.write_hypothesis_evidence"
uwb-imu-pl/gate-d-diagnostics/v16,116,5800000000,116,116,116,87,1,116,5800000000,"base_factorization","EXECUTED",0.39552900000000002,""
uwb-imu-pl/gate-d-diagnostics/v16,116,5800000000,116,116,116,87,1,116,5800000000,"shared_cache","EXECUTED",0.0046880000000000003,""
uwb-imu-pl/gate-d-diagnostics/v16,116,5800000000,116,116,116,87,1,116,5800000000,"candidate_evaluation","EXECUTED",431.927548,"rank=1;dense=0"
uwb-imu-pl/gate-d-diagnostics/v16,116,5800000000,116,116,116,87,1,116,5800000000,"fde_decision","EXECUTED",10.448496,""
uwb-imu-pl/gate-d-diagnostics/v16,116,5800000000,116,116,116,87,1,116,5800000000,"candidate_audit","EXECUTED",0.039190999999999997,""
uwb-imu-pl/gate-d-diagnostics/v16,116,5800000000,116,116,116,87,1,116,5800000000,"commit","EXECUTED",2.1920259999999998,""
uwb-imu-pl/gate-d-diagnostics/v16,116,5800000000,116,116,116,87,1,116,5800000000,"state_audit","EXECUTED",0.00054900000000000001,""
uwb-imu-pl/gate-d-diagnostics/v16,116,5800000000,116,116,116,87,1,116,5800000000,"finalize_commit_audit","EXECUTED",41.519897,"excludes separately timed commit/discard/state audit"
uwb-imu-pl/gate-d-diagnostics/v16,116,5800000000,116,116,116,87,1,116,5800000000,"discard","SKIPPED",,"upstream gate did not reach stage"
uwb-imu-pl/gate-d-diagnostics/v16,116,5800000000,116,116,116,87,1,116,5800000000,"core_total","EXECUTED",3177.006073,""
uwb-imu-pl/gate-d-diagnostics/v16,117,5850000000,117,117,117,88,1,117,5850000000,"prepare","EXECUTED",2.877437,""
uwb-imu-pl/gate-d-diagnostics/v16,117,5850000000,117,117,117,88,1,117,5850000000,"integrity_window","EXECUTED",445.224875,""
uwb-imu-pl/gate-d-diagnostics/v16,117,5850000000,117,117,117,88,1,117,5850000000,"window_boundary_provenance","EXECUTED",430.14733100000001,""
uwb-imu-pl/gate-d-diagnostics/v16,117,5850000000,117,117,117,88,1,117,5850000000,"window_factor_linearization_whitening","EXECUTED",1.27702,""
uwb-imu-pl/gate-d-diagnostics/v16,117,5850000000,117,117,117,88,1,117,5850000000,"window_dense_assembly","EXECUTED",0.11158999999999999,""
uwb-imu-pl/gate-d-diagnostics/v16,117,5850000000,117,117,117,88,1,117,5850000000,"window_svd","EXECUTED",7.7711949999999996,""
uwb-imu-pl/gate-d-diagnostics/v16,117,5850000000,117,117,117,88,1,117,5850000000,"window_normal_equations","EXECUTED",0.40124100000000001,""
uwb-imu-pl/gate-d-diagnostics/v16,117,5850000000,117,117,117,88,1,117,5850000000,"window_llt_state_solves","EXECUTED",0.101412,""
uwb-imu-pl/gate-d-diagnostics/v16,117,5850000000,117,117,117,88,1,117,5850000000,"window_fingerprint","EXECUTED",3.993125,""
uwb-imu-pl/gate-d-diagnostics/v16,117,5850000000,117,117,117,88,1,117,5850000000,"all_in_detector","EXECUTED",0.30191200000000001,""
uwb-imu-pl/gate-d-diagnostics/v16,117,5850000000,117,117,117,88,1,117,5850000000,"current_sensitivity","EXECUTED",0.57593700000000003,""
uwb-imu-pl/gate-d-diagnostics/v16,117,5850000000,117,117,117,88,1,117,5850000000,"model_generation","EXECUTED",306.07399599999997,""
uwb-imu-pl/gate-d-diagnostics/v16,117,5850000000,117,117,117,88,1,117,5850000000,"historical_sensitivity","EXECUTED",0.13017299999999998,""
uwb-imu-pl/gate-d-diagnostics/v16,117,5850000000,117,117,117,88,1,117,5850000000,"hypothesis_evidence","EXECUTED",1846.986263,"effective_dimensions=1:464,2:41440,3:19200,other:0;context_bytes=10265792;worker_blocks=4"
uwb-imu-pl/gate-d-diagnostics/v16,117,5850000000,117,117,117,88,1,117,5850000000,"health_actions","EXECUTED",21.580857999999999,""
uwb-imu-pl/gate-d-diagnostics/v16,117,5850000000,117,117,117,88,1,117,5850000000,"hypothesis_audit","SKIPPED",,"disabled by output.write_hypothesis_evidence"
uwb-imu-pl/gate-d-diagnostics/v16,117,5850000000,117,117,117,88,1,117,5850000000,"base_factorization","EXECUTED",0.30770999999999998,""
uwb-imu-pl/gate-d-diagnostics/v16,117,5850000000,117,117,117,88,1,117,5850000000,"shared_cache","EXECUTED",0.0038140000000000001,""
uwb-imu-pl/gate-d-diagnostics/v16,117,5850000000,117,117,117,88,1,117,5850000000,"candidate_evaluation","EXECUTED",425.035865,"rank=1;dense=0"
uwb-imu-pl/gate-d-diagnostics/v16,117,5850000000,117,117,117,88,1,117,5850000000,"fde_decision","EXECUTED",9.2366240000000008,""
uwb-imu-pl/gate-d-diagnostics/v16,117,5850000000,117,117,117,88,1,117,5850000000,"candidate_audit","EXECUTED",0.034192,""
uwb-imu-pl/gate-d-diagnostics/v16,117,5850000000,117,117,117,88,1,117,5850000000,"commit","EXECUTED",3.108968,""
uwb-imu-pl/gate-d-diagnostics/v16,117,5850000000,117,117,117,88,1,117,5850000000,"state_audit","EXECUTED",0.00083500000000000002,""
uwb-imu-pl/gate-d-diagnostics/v16,117,5850000000,117,117,117,88,1,117,5850000000,"finalize_commit_audit","EXECUTED",37.060684000000002,"excludes separately timed commit/discard/state audit"
uwb-imu-pl/gate-d-diagnostics/v16,117,5850000000,117,117,117,88,1,117,5850000000,"discard","SKIPPED",,"upstream gate did not reach stage"
uwb-imu-pl/gate-d-diagnostics/v16,117,5850000000,117,117,117,88,1,117,5850000000,"core_total","EXECUTED",3099.1462230000002,""
uwb-imu-pl/gate-d-diagnostics/v16,118,5900000000,118,118,118,89,1,118,5900000000,"prepare","EXECUTED",2.7604959999999998,""
uwb-imu-pl/gate-d-diagnostics/v16,118,5900000000,118,118,118,89,1,118,5900000000,"integrity_window","EXECUTED",481.57928399999997,""
uwb-imu-pl/gate-d-diagnostics/v16,118,5900000000,118,118,118,89,1,118,5900000000,"window_boundary_provenance","EXECUTED",464.68918300000001,""
uwb-imu-pl/gate-d-diagnostics/v16,118,5900000000,118,118,118,89,1,118,5900000000,"window_factor_linearization_whitening","EXECUTED",0.98245499999999997,""
uwb-imu-pl/gate-d-diagnostics/v16,118,5900000000,118,118,118,89,1,118,5900000000,"window_dense_assembly","EXECUTED",0.069848999999999994,""
uwb-imu-pl/gate-d-diagnostics/v16,118,5900000000,118,118,118,89,1,118,5900000000,"window_svd","EXECUTED",9.9733780000000003,""
uwb-imu-pl/gate-d-diagnostics/v16,118,5900000000,118,118,118,89,1,118,5900000000,"window_normal_equations","EXECUTED",0.35725299999999999,""
uwb-imu-pl/gate-d-diagnostics/v16,118,5900000000,118,118,118,89,1,118,5900000000,"window_llt_state_solves","EXECUTED",0.11186599999999999,""
uwb-imu-pl/gate-d-diagnostics/v16,118,5900000000,118,118,118,89,1,118,5900000000,"window_fingerprint","EXECUTED",3.9603169999999999,""
uwb-imu-pl/gate-d-diagnostics/v16,118,5900000000,118,118,118,89,1,118,5900000000,"all_in_detector","EXECUTED",0.34232099999999999,""
uwb-imu-pl/gate-d-diagnostics/v16,118,5900000000,118,118,118,89,1,118,5900000000,"current_sensitivity","EXECUTED",0.63703799999999999,""
uwb-imu-pl/gate-d-diagnostics/v16,118,5900000000,118,118,118,89,1,118,5900000000,"model_generation","EXECUTED",302.75477000000001,""
uwb-imu-pl/gate-d-diagnostics/v16,118,5900000000,118,118,118,89,1,118,5900000000,"historical_sensitivity","EXECUTED",0.13492699999999999,""
uwb-imu-pl/gate-d-diagnostics/v16,118,5900000000,118,118,118,89,1,118,5900000000,"hypothesis_evidence","EXECUTED",1848.584893,"effective_dimensions=1:464,2:41440,3:19200,other:0;context_bytes=10265792;worker_blocks=4"
uwb-imu-pl/gate-d-diagnostics/v16,118,5900000000,118,118,118,89,1,118,5900000000,"health_actions","EXECUTED",20.836333,""
uwb-imu-pl/gate-d-diagnostics/v16,118,5900000000,118,118,118,89,1,118,5900000000,"hypothesis_audit","SKIPPED",,"disabled by output.write_hypothesis_evidence"
uwb-imu-pl/gate-d-diagnostics/v16,118,5900000000,118,118,118,89,1,118,5900000000,"base_factorization","EXECUTED",0.36532900000000001,""
uwb-imu-pl/gate-d-diagnostics/v16,118,5900000000,118,118,118,89,1,118,5900000000,"shared_cache","EXECUTED",0.0049540000000000001,""
uwb-imu-pl/gate-d-diagnostics/v16,118,5900000000,118,118,118,89,1,118,5900000000,"candidate_evaluation","EXECUTED",430.43533300000001,"rank=1;dense=0"
uwb-imu-pl/gate-d-diagnostics/v16,118,5900000000,118,118,118,89,1,118,5900000000,"fde_decision","EXECUTED",9.2152899999999995,""
uwb-imu-pl/gate-d-diagnostics/v16,118,5900000000,118,118,118,89,1,118,5900000000,"candidate_audit","EXECUTED",0.04265,""
uwb-imu-pl/gate-d-diagnostics/v16,118,5900000000,118,118,118,89,1,118,5900000000,"commit","EXECUTED",2.4884559999999998,""
uwb-imu-pl/gate-d-diagnostics/v16,118,5900000000,118,118,118,89,1,118,5900000000,"state_audit","EXECUTED",0.000544,""
uwb-imu-pl/gate-d-diagnostics/v16,118,5900000000,118,118,118,89,1,118,5900000000,"finalize_commit_audit","EXECUTED",38.206517000000005,"excludes separately timed commit/discard/state audit"
uwb-imu-pl/gate-d-diagnostics/v16,118,5900000000,118,118,118,89,1,118,5900000000,"discard","SKIPPED",,"upstream gate did not reach stage"
uwb-imu-pl/gate-d-diagnostics/v16,118,5900000000,118,118,118,89,1,118,5900000000,"core_total","EXECUTED",3138.9685279999999,""
uwb-imu-pl/gate-d-diagnostics/v16,119,5950000000,119,119,119,90,1,119,5950000000,"prepare","EXECUTED",3.0649929999999999,""
uwb-imu-pl/gate-d-diagnostics/v16,119,5950000000,119,119,119,90,1,119,5950000000,"integrity_window","EXECUTED",466.41643299999998,""
uwb-imu-pl/gate-d-diagnostics/v16,119,5950000000,119,119,119,90,1,119,5950000000,"window_boundary_provenance","EXECUTED",450.432005,""
uwb-imu-pl/gate-d-diagnostics/v16,119,5950000000,119,119,119,90,1,119,5950000000,"window_factor_linearization_whitening","EXECUTED",1.168226,""
uwb-imu-pl/gate-d-diagnostics/v16,119,5950000000,119,119,119,90,1,119,5950000000,"window_dense_assembly","EXECUTED",0.096030000000000004,""
uwb-imu-pl/gate-d-diagnostics/v16,119,5950000000,119,119,119,90,1,119,5950000000,"window_svd","EXECUTED",7.6415639999999998,""
uwb-imu-pl/gate-d-diagnostics/v16,119,5950000000,119,119,119,90,1,119,5950000000,"window_normal_equations","EXECUTED",0.32778400000000002,""
uwb-imu-pl/gate-d-diagnostics/v16,119,5950000000,119,119,119,90,1,119,5950000000,"window_llt_state_solves","EXECUTED",0.10652300000000001,""
uwb-imu-pl/gate-d-diagnostics/v16,119,5950000000,119,119,119,90,1,119,5950000000,"window_fingerprint","EXECUTED",3.738397,""
uwb-imu-pl/gate-d-diagnostics/v16,119,5950000000,119,119,119,90,1,119,5950000000,"all_in_detector","EXECUTED",0.63777700000000004,""
uwb-imu-pl/gate-d-diagnostics/v16,119,5950000000,119,119,119,90,1,119,5950000000,"current_sensitivity","EXECUTED",0.84831699999999999,""
uwb-imu-pl/gate-d-diagnostics/v16,119,5950000000,119,119,119,90,1,119,5950000000,"model_generation","EXECUTED",306.38808799999998,""
uwb-imu-pl/gate-d-diagnostics/v16,119,5950000000,119,119,119,90,1,119,5950000000,"historical_sensitivity","EXECUTED",0.132829,""
uwb-imu-pl/gate-d-diagnostics/v16,119,5950000000,119,119,119,90,1,119,5950000000,"hypothesis_evidence","EXECUTED",1896.035052,"effective_dimensions=1:464,2:41440,3:19200,other:0;context_bytes=10265792;worker_blocks=4"
uwb-imu-pl/gate-d-diagnostics/v16,119,5950000000,119,119,119,90,1,119,5950000000,"health_actions","EXECUTED",20.72364,""
uwb-imu-pl/gate-d-diagnostics/v16,119,5950000000,119,119,119,90,1,119,5950000000,"hypothesis_audit","SKIPPED",,"disabled by output.write_hypothesis_evidence"
uwb-imu-pl/gate-d-diagnostics/v16,119,5950000000,119,119,119,90,1,119,5950000000,"base_factorization","EXECUTED",0.284306,""
uwb-imu-pl/gate-d-diagnostics/v16,119,5950000000,119,119,119,90,1,119,5950000000,"shared_cache","EXECUTED",0.0038270000000000001,""
uwb-imu-pl/gate-d-diagnostics/v16,119,5950000000,119,119,119,90,1,119,5950000000,"candidate_evaluation","EXECUTED",422.64170999999999,"rank=1;dense=0"
uwb-imu-pl/gate-d-diagnostics/v16,119,5950000000,119,119,119,90,1,119,5950000000,"fde_decision","EXECUTED",9.6279909999999997,""
uwb-imu-pl/gate-d-diagnostics/v16,119,5950000000,119,119,119,90,1,119,5950000000,"candidate_audit","EXECUTED",0.041295999999999999,""
uwb-imu-pl/gate-d-diagnostics/v16,119,5950000000,119,119,119,90,1,119,5950000000,"commit","EXECUTED",2.5382799999999999,""
uwb-imu-pl/gate-d-diagnostics/v16,119,5950000000,119,119,119,90,1,119,5950000000,"state_audit","EXECUTED",0.00059699999999999998,""
uwb-imu-pl/gate-d-diagnostics/v16,119,5950000000,119,119,119,90,1,119,5950000000,"finalize_commit_audit","EXECUTED",37.190888000000001,"excludes separately timed commit/discard/state audit"
uwb-imu-pl/gate-d-diagnostics/v16,119,5950000000,119,119,119,90,1,119,5950000000,"discard","SKIPPED",,"upstream gate did not reach stage"
uwb-imu-pl/gate-d-diagnostics/v16,119,5950000000,119,119,119,90,1,119,5950000000,"core_total","EXECUTED",3167.1316270000002,""
uwb-imu-pl/gate-d-diagnostics/v16,120,6000000000,120,120,120,91,1,120,6000000000,"prepare","EXECUTED",3.479946,""
uwb-imu-pl/gate-d-diagnostics/v16,120,6000000000,120,120,120,91,1,120,6000000000,"integrity_window","EXECUTED",431.95350000000002,""
uwb-imu-pl/gate-d-diagnostics/v16,120,6000000000,120,120,120,91,1,120,6000000000,"window_boundary_provenance","EXECUTED",413.865275,""
uwb-imu-pl/gate-d-diagnostics/v16,120,6000000000,120,120,120,91,1,120,6000000000,"window_factor_linearization_whitening","EXECUTED",1.931276,""
uwb-imu-pl/gate-d-diagnostics/v16,120,6000000000,120,120,120,91,1,120,6000000000,"window_dense_assembly","EXECUTED",0.16547600000000001,""
uwb-imu-pl/gate-d-diagnostics/v16,120,6000000000,120,120,120,91,1,120,6000000000,"window_svd","EXECUTED",9.5805340000000001,""
uwb-imu-pl/gate-d-diagnostics/v16,120,6000000000,120,120,120,91,1,120,6000000000,"window_normal_equations","EXECUTED",0.44604199999999999,""
uwb-imu-pl/gate-d-diagnostics/v16,120,6000000000,120,120,120,91,1,120,6000000000,"window_llt_state_solves","EXECUTED",0.179343,""
uwb-imu-pl/gate-d-diagnostics/v16,120,6000000000,120,120,120,91,1,120,6000000000,"window_fingerprint","EXECUTED",4.3648639999999999,""
uwb-imu-pl/gate-d-diagnostics/v16,120,6000000000,120,120,120,91,1,120,6000000000,"all_in_detector","EXECUTED",0.37,""
uwb-imu-pl/gate-d-diagnostics/v16,120,6000000000,120,120,120,91,1,120,6000000000,"current_sensitivity","EXECUTED",0.88209899999999997,""
uwb-imu-pl/gate-d-diagnostics/v16,120,6000000000,120,120,120,91,1,120,6000000000,"model_generation","EXECUTED",313.608296,""
uwb-imu-pl/gate-d-diagnostics/v16,120,6000000000,120,120,120,91,1,120,6000000000,"historical_sensitivity","EXECUTED",0.13128599999999999,""
uwb-imu-pl/gate-d-diagnostics/v16,120,6000000000,120,120,120,91,1,120,6000000000,"hypothesis_evidence","EXECUTED",1828.3088339999999,"effective_dimensions=1:464,2:41440,3:19200,other:0;context_bytes=10265792;worker_blocks=4"
uwb-imu-pl/gate-d-diagnostics/v16,120,6000000000,120,120,120,91,1,120,6000000000,"health_actions","EXECUTED",22.484293000000001,""
uwb-imu-pl/gate-d-diagnostics/v16,120,6000000000,120,120,120,91,1,120,6000000000,"hypothesis_audit","SKIPPED",,"disabled by output.write_hypothesis_evidence"
uwb-imu-pl/gate-d-diagnostics/v16,120,6000000000,120,120,120,91,1,120,6000000000,"base_factorization","EXECUTED",0.30122500000000002,""
uwb-imu-pl/gate-d-diagnostics/v16,120,6000000000,120,120,120,91,1,120,6000000000,"shared_cache","EXECUTED",0.0049849999999999998,""
uwb-imu-pl/gate-d-diagnostics/v16,120,6000000000,120,120,120,91,1,120,6000000000,"candidate_evaluation","EXECUTED",422.606449,"rank=1;dense=0"
uwb-imu-pl/gate-d-diagnostics/v16,120,6000000000,120,120,120,91,1,120,6000000000,"fde_decision","EXECUTED",10.144863000000001,""
uwb-imu-pl/gate-d-diagnostics/v16,120,6000000000,120,120,120,91,1,120,6000000000,"candidate_audit","EXECUTED",0.058193000000000002,""
uwb-imu-pl/gate-d-diagnostics/v16,120,6000000000,120,120,120,91,1,120,6000000000,"commit","EXECUTED",3.603046,""
uwb-imu-pl/gate-d-diagnostics/v16,120,6000000000,120,120,120,91,1,120,6000000000,"state_audit","EXECUTED",0.00066500000000000001,""
uwb-imu-pl/gate-d-diagnostics/v16,120,6000000000,120,120,120,91,1,120,6000000000,"finalize_commit_audit","EXECUTED",39.695696000000005,"excludes separately timed commit/discard/state audit"
uwb-imu-pl/gate-d-diagnostics/v16,120,6000000000,120,120,120,91,1,120,6000000000,"discard","SKIPPED",,"upstream gate did not reach stage"
uwb-imu-pl/gate-d-diagnostics/v16,120,6000000000,120,120,120,91,1,120,6000000000,"core_total","EXECUTED",3078.2175550000002,""
