timing_row,input_attempt_id,transaction_id,window_id,stage
1,1,1,1,"imu_preintegration"
2,1,1,1,"no_uwb_isam_update"
3,1,1,1,"state_query"
4,1,1,1,"current_joint_marginal"
5,1,1,1,"snapshot_extraction"
6,1,1,1,"prepare"
7,1,1,1,"integrity_window"
8,1,1,1,"window_boundary_provenance"
9,1,1,1,"window_factor_linearization_whitening"
10,1,1,1,"window_dense_assembly"
11,1,1,1,"window_svd"
12,1,1,1,"window_normal_equations"
13,1,1,1,"window_llt_state_solves"
14,1,1,1,"window_fingerprint"
15,1,1,1,"all_in_detector"
16,1,1,1,"current_sensitivity"
17,1,1,1,"model_generation"
18,1,1,1,"historical_sensitivity"
19,1,1,1,"hypothesis_evidence"
20,1,1,1,"health_actions"
21,1,1,1,"base_factorization"
22,1,1,1,"shared_cache"
23,1,1,1,"candidate_evaluation"
24,1,1,1,"fde_decision"
25,1,1,1,"candidate_audit"
26,1,1,1,"commit"
27,1,1,1,"state_audit"
28,1,1,1,"finalize_commit_audit"
29,1,1,1,"uwb_commit"
30,1,1,1,"core_total"
31,1,1,1,"outer_logging_flush"
32,1,1,1,"outer_epoch"
33,2,2,2,"imu_preintegration"
34,2,2,2,"no_uwb_isam_update"
35,2,2,2,"state_query"
36,2,2,2,"current_joint_marginal"
37,2,2,2,"snapshot_extraction"
38,2,2,2,"prepare"
39,2,2,2,"integrity_window"
40,2,2,2,"window_boundary_provenance"
41,2,2,2,"window_factor_linearization_whitening"
42,2,2,2,"window_dense_assembly"
43,2,2,2,"window_svd"
44,2,2,2,"window_normal_equations"
45,2,2,2,"window_llt_state_solves"
46,2,2,2,"window_fingerprint"
47,2,2,2,"all_in_detector"
48,2,2,2,"current_sensitivity"
49,2,2,2,"model_generation"
50,2,2,2,"historical_sensitivity"
51,2,2,2,"hypothesis_evidence"
52,2,2,2,"health_actions"
53,2,2,2,"base_factorization"
54,2,2,2,"shared_cache"
55,2,2,2,"candidate_evaluation"
56,2,2,2,"fde_decision"
57,2,2,2,"candidate_audit"
58,2,2,2,"commit"
59,2,2,2,"state_audit"
60,2,2,2,"finalize_commit_audit"
61,2,2,2,"uwb_commit"
62,2,2,2,"core_total"
63,2,2,2,"outer_logging_flush"
64,2,2,2,"outer_epoch"
65,3,3,3,"imu_preintegration"
66,3,3,3,"no_uwb_isam_update"
67,3,3,3,"state_query"
68,3,3,3,"current_joint_marginal"
69,3,3,3,"snapshot_extraction"
70,3,3,3,"prepare"
71,3,3,3,"integrity_window"
72,3,3,3,"window_boundary_provenance"
73,3,3,3,"window_factor_linearization_whitening"
74,3,3,3,"window_dense_assembly"
75,3,3,3,"window_svd"
76,3,3,3,"window_normal_equations"
77,3,3,3,"window_llt_state_solves"
78,3,3,3,"window_fingerprint"
79,3,3,3,"all_in_detector"
80,3,3,3,"current_sensitivity"
81,3,3,3,"model_generation"
82,3,3,3,"historical_sensitivity"
83,3,3,3,"hypothesis_evidence"
84,3,3,3,"health_actions"
85,3,3,3,"base_factorization"
86,3,3,3,"shared_cache"
87,3,3,3,"candidate_evaluation"
88,3,3,3,"fde_decision"
89,3,3,3,"candidate_audit"
90,3,3,3,"commit"
91,3,3,3,"state_audit"
92,3,3,3,"finalize_commit_audit"
93,3,3,3,"uwb_commit"
94,3,3,3,"core_total"
95,3,3,3,"outer_logging_flush"
96,3,3,3,"outer_epoch"
97,4,4,4,"imu_preintegration"
98,4,4,4,"no_uwb_isam_update"
99,4,4,4,"state_query"
100,4,4,4,"current_joint_marginal"
101,4,4,4,"snapshot_extraction"
102,4,4,4,"prepare"
103,4,4,4,"integrity_window"
104,4,4,4,"window_boundary_provenance"
105,4,4,4,"window_factor_linearization_whitening"
106,4,4,4,"window_dense_assembly"
107,4,4,4,"window_svd"
108,4,4,4,"window_normal_equations"
109,4,4,4,"window_llt_state_solves"
110,4,4,4,"window_fingerprint"
111,4,4,4,"all_in_detector"
112,4,4,4,"current_sensitivity"
113,4,4,4,"model_generation"
114,4,4,4,"historical_sensitivity"
115,4,4,4,"hypothesis_evidence"
116,4,4,4,"health_actions"
117,4,4,4,"base_factorization"
118,4,4,4,"shared_cache"
119,4,4,4,"candidate_evaluation"
120,4,4,4,"fde_decision"
121,4,4,4,"candidate_audit"
122,4,4,4,"commit"
123,4,4,4,"state_audit"
124,4,4,4,"finalize_commit_audit"
125,4,4,4,"uwb_commit"
126,4,4,4,"core_total"
127,4,4,4,"outer_logging_flush"
128,4,4,4,"outer_epoch"
129,5,5,5,"imu_preintegration"
130,5,5,5,"no_uwb_isam_update"
131,5,5,5,"state_query"
132,5,5,5,"current_joint_marginal"
133,5,5,5,"snapshot_extraction"
134,5,5,5,"prepare"
135,5,5,5,"integrity_window"
136,5,5,5,"window_boundary_provenance"
137,5,5,5,"window_factor_linearization_whitening"
138,5,5,5,"window_dense_assembly"
139,5,5,5,"window_svd"
140,5,5,5,"window_normal_equations"
141,5,5,5,"window_llt_state_solves"
142,5,5,5,"window_fingerprint"
143,5,5,5,"all_in_detector"
144,5,5,5,"current_sensitivity"
145,5,5,5,"model_generation"
146,5,5,5,"historical_sensitivity"
147,5,5,5,"hypothesis_evidence"
148,5,5,5,"health_actions"
149,5,5,5,"base_factorization"
150,5,5,5,"shared_cache"
151,5,5,5,"candidate_evaluation"
152,5,5,5,"fde_decision"
153,5,5,5,"candidate_audit"
154,5,5,5,"commit"
155,5,5,5,"state_audit"
156,5,5,5,"finalize_commit_audit"
157,5,5,5,"uwb_commit"
158,5,5,5,"core_total"
159,5,5,5,"outer_logging_flush"
160,5,5,5,"outer_epoch"
161,6,6,6,"imu_preintegration"
162,6,6,6,"no_uwb_isam_update"
163,6,6,6,"state_query"
164,6,6,6,"current_joint_marginal"
165,6,6,6,"snapshot_extraction"
166,6,6,6,"prepare"
167,6,6,6,"integrity_window"
168,6,6,6,"window_boundary_provenance"
169,6,6,6,"window_factor_linearization_whitening"
170,6,6,6,"window_dense_assembly"
171,6,6,6,"window_svd"
172,6,6,6,"window_normal_equations"
173,6,6,6,"window_llt_state_solves"
174,6,6,6,"window_fingerprint"
175,6,6,6,"all_in_detector"
176,6,6,6,"current_sensitivity"
177,6,6,6,"model_generation"
178,6,6,6,"historical_sensitivity"
179,6,6,6,"hypothesis_evidence"
180,6,6,6,"health_actions"
181,6,6,6,"base_factorization"
182,6,6,6,"shared_cache"
183,6,6,6,"candidate_evaluation"
184,6,6,6,"fde_decision"
185,6,6,6,"candidate_audit"
186,6,6,6,"commit"
187,6,6,6,"state_audit"
188,6,6,6,"finalize_commit_audit"
189,6,6,6,"uwb_commit"
190,6,6,6,"core_total"
191,6,6,6,"outer_logging_flush"
192,6,6,6,"outer_epoch"
193,7,7,7,"imu_preintegration"
194,7,7,7,"no_uwb_isam_update"
195,7,7,7,"state_query"
196,7,7,7,"current_joint_marginal"
197,7,7,7,"snapshot_extraction"
198,7,7,7,"prepare"
199,7,7,7,"integrity_window"
200,7,7,7,"window_boundary_provenance"
201,7,7,7,"window_factor_linearization_whitening"
202,7,7,7,"window_dense_assembly"
203,7,7,7,"window_svd"
204,7,7,7,"window_normal_equations"
205,7,7,7,"window_llt_state_solves"
206,7,7,7,"window_fingerprint"
207,7,7,7,"all_in_detector"
208,7,7,7,"current_sensitivity"
209,7,7,7,"model_generation"
210,7,7,7,"historical_sensitivity"
211,7,7,7,"hypothesis_evidence"
212,7,7,7,"health_actions"
213,7,7,7,"base_factorization"
214,7,7,7,"shared_cache"
215,7,7,7,"candidate_evaluation"
216,7,7,7,"fde_decision"
217,7,7,7,"candidate_audit"
218,7,7,7,"commit"
219,7,7,7,"state_audit"
220,7,7,7,"finalize_commit_audit"
221,7,7,7,"uwb_commit"
222,7,7,7,"core_total"
223,7,7,7,"outer_logging_flush"
224,7,7,7,"outer_epoch"
225,8,8,8,"imu_preintegration"
226,8,8,8,"no_uwb_isam_update"
227,8,8,8,"state_query"
228,8,8,8,"current_joint_marginal"
229,8,8,8,"snapshot_extraction"
230,8,8,8,"prepare"
231,8,8,8,"integrity_window"
232,8,8,8,"window_boundary_provenance"
233,8,8,8,"window_factor_linearization_whitening"
234,8,8,8,"window_dense_assembly"
235,8,8,8,"window_svd"
236,8,8,8,"window_normal_equations"
237,8,8,8,"window_llt_state_solves"
238,8,8,8,"window_fingerprint"
239,8,8,8,"all_in_detector"
240,8,8,8,"current_sensitivity"
241,8,8,8,"model_generation"
242,8,8,8,"historical_sensitivity"
243,8,8,8,"hypothesis_evidence"
244,8,8,8,"health_actions"
245,8,8,8,"base_factorization"
246,8,8,8,"shared_cache"
247,8,8,8,"candidate_evaluation"
248,8,8,8,"fde_decision"
249,8,8,8,"candidate_audit"
250,8,8,8,"commit"
251,8,8,8,"state_audit"
252,8,8,8,"finalize_commit_audit"
253,8,8,8,"uwb_commit"
254,8,8,8,"core_total"
255,8,8,8,"outer_logging_flush"
256,8,8,8,"outer_epoch"
257,9,9,9,"imu_preintegration"
258,9,9,9,"no_uwb_isam_update"
259,9,9,9,"state_query"
260,9,9,9,"current_joint_marginal"
261,9,9,9,"snapshot_extraction"
262,9,9,9,"prepare"
263,9,9,9,"integrity_window"
264,9,9,9,"window_boundary_provenance"
265,9,9,9,"window_factor_linearization_whitening"
266,9,9,9,"window_dense_assembly"
267,9,9,9,"window_svd"
268,9,9,9,"window_normal_equations"
269,9,9,9,"window_llt_state_solves"
270,9,9,9,"window_fingerprint"
271,9,9,9,"all_in_detector"
272,9,9,9,"current_sensitivity"
273,9,9,9,"model_generation"
274,9,9,9,"historical_sensitivity"
275,9,9,9,"hypothesis_evidence"
276,9,9,9,"health_actions"
277,9,9,9,"base_factorization"
278,9,9,9,"shared_cache"
279,9,9,9,"candidate_evaluation"
280,9,9,9,"fde_decision"
281,9,9,9,"candidate_audit"
282,9,9,9,"commit"
283,9,9,9,"state_audit"
284,9,9,9,"finalize_commit_audit"
285,9,9,9,"uwb_commit"
286,9,9,9,"core_total"
287,9,9,9,"outer_logging_flush"
288,9,9,9,"outer_epoch"
289,10,10,10,"imu_preintegration"
290,10,10,10,"no_uwb_isam_update"
291,10,10,10,"state_query"
292,10,10,10,"current_joint_marginal"
293,10,10,10,"snapshot_extraction"
294,10,10,10,"prepare"
295,10,10,10,"integrity_window"
296,10,10,10,"window_boundary_provenance"
297,10,10,10,"window_factor_linearization_whitening"
298,10,10,10,"window_dense_assembly"
299,10,10,10,"window_svd"
300,10,10,10,"window_normal_equations"
301,10,10,10,"window_llt_state_solves"
302,10,10,10,"window_fingerprint"
303,10,10,10,"all_in_detector"
304,10,10,10,"current_sensitivity"
305,10,10,10,"model_generation"
306,10,10,10,"historical_sensitivity"
307,10,10,10,"hypothesis_evidence"
308,10,10,10,"health_actions"
309,10,10,10,"base_factorization"
310,10,10,10,"shared_cache"
311,10,10,10,"candidate_evaluation"
312,10,10,10,"fde_decision"
313,10,10,10,"candidate_audit"
314,10,10,10,"commit"
315,10,10,10,"state_audit"
316,10,10,10,"finalize_commit_audit"
317,10,10,10,"uwb_commit"
318,10,10,10,"core_total"
319,10,10,10,"outer_logging_flush"
320,10,10,10,"outer_epoch"
321,11,11,11,"imu_preintegration"
322,11,11,11,"no_uwb_isam_update"
323,11,11,11,"state_query"
324,11,11,11,"current_joint_marginal"
325,11,11,11,"snapshot_extraction"
326,11,11,11,"prepare"
327,11,11,11,"integrity_window"
328,11,11,11,"window_boundary_provenance"
329,11,11,11,"window_factor_linearization_whitening"
330,11,11,11,"window_dense_assembly"
331,11,11,11,"window_svd"
332,11,11,11,"window_normal_equations"
333,11,11,11,"window_llt_state_solves"
334,11,11,11,"window_fingerprint"
335,11,11,11,"all_in_detector"
336,11,11,11,"current_sensitivity"
337,11,11,11,"model_generation"
338,11,11,11,"historical_sensitivity"
339,11,11,11,"hypothesis_evidence"
340,11,11,11,"health_actions"
341,11,11,11,"base_factorization"
342,11,11,11,"shared_cache"
343,11,11,11,"candidate_evaluation"
344,11,11,11,"fde_decision"
345,11,11,11,"candidate_audit"
346,11,11,11,"commit"
347,11,11,11,"state_audit"
348,11,11,11,"finalize_commit_audit"
349,11,11,11,"uwb_commit"
350,11,11,11,"core_total"
351,11,11,11,"outer_logging_flush"
352,11,11,11,"outer_epoch"
353,12,12,12,"imu_preintegration"
354,12,12,12,"no_uwb_isam_update"
355,12,12,12,"state_query"
356,12,12,12,"current_joint_marginal"
357,12,12,12,"snapshot_extraction"
358,12,12,12,"prepare"
359,12,12,12,"integrity_window"
360,12,12,12,"window_boundary_provenance"
361,12,12,12,"window_factor_linearization_whitening"
362,12,12,12,"window_dense_assembly"
363,12,12,12,"window_svd"
364,12,12,12,"window_normal_equations"
365,12,12,12,"window_llt_state_solves"
366,12,12,12,"window_fingerprint"
367,12,12,12,"all_in_detector"
368,12,12,12,"current_sensitivity"
369,12,12,12,"model_generation"
370,12,12,12,"historical_sensitivity"
371,12,12,12,"hypothesis_evidence"
372,12,12,12,"health_actions"
373,12,12,12,"base_factorization"
374,12,12,12,"shared_cache"
375,12,12,12,"candidate_evaluation"
376,12,12,12,"fde_decision"
377,12,12,12,"candidate_audit"
378,12,12,12,"commit"
379,12,12,12,"state_audit"
380,12,12,12,"finalize_commit_audit"
381,12,12,12,"uwb_commit"
382,12,12,12,"core_total"
383,12,12,12,"outer_logging_flush"
384,12,12,12,"outer_epoch"
385,13,13,13,"imu_preintegration"
386,13,13,13,"no_uwb_isam_update"
387,13,13,13,"state_query"
388,13,13,13,"current_joint_marginal"
389,13,13,13,"snapshot_extraction"
390,13,13,13,"prepare"
391,13,13,13,"integrity_window"
392,13,13,13,"window_boundary_provenance"
393,13,13,13,"window_factor_linearization_whitening"
394,13,13,13,"window_dense_assembly"
395,13,13,13,"window_svd"
396,13,13,13,"window_normal_equations"
397,13,13,13,"window_llt_state_solves"
398,13,13,13,"window_fingerprint"
399,13,13,13,"all_in_detector"
400,13,13,13,"current_sensitivity"
401,13,13,13,"model_generation"
402,13,13,13,"historical_sensitivity"
403,13,13,13,"hypothesis_evidence"
404,13,13,13,"health_actions"
405,13,13,13,"base_factorization"
406,13,13,13,"shared_cache"
407,13,13,13,"candidate_evaluation"
408,13,13,13,"fde_decision"
409,13,13,13,"candidate_audit"
410,13,13,13,"commit"
411,13,13,13,"state_audit"
412,13,13,13,"finalize_commit_audit"
413,13,13,13,"uwb_commit"
414,13,13,13,"core_total"
415,13,13,13,"outer_logging_flush"
416,13,13,13,"outer_epoch"
417,14,14,14,"imu_preintegration"
418,14,14,14,"no_uwb_isam_update"
419,14,14,14,"state_query"
420,14,14,14,"current_joint_marginal"
421,14,14,14,"snapshot_extraction"
422,14,14,14,"prepare"
423,14,14,14,"integrity_window"
424,14,14,14,"window_boundary_provenance"
425,14,14,14,"window_factor_linearization_whitening"
426,14,14,14,"window_dense_assembly"
427,14,14,14,"window_svd"
428,14,14,14,"window_normal_equations"
429,14,14,14,"window_llt_state_solves"
430,14,14,14,"window_fingerprint"
431,14,14,14,"all_in_detector"
432,14,14,14,"current_sensitivity"
433,14,14,14,"model_generation"
434,14,14,14,"historical_sensitivity"
435,14,14,14,"hypothesis_evidence"
436,14,14,14,"health_actions"
437,14,14,14,"base_factorization"
438,14,14,14,"shared_cache"
439,14,14,14,"candidate_evaluation"
440,14,14,14,"fde_decision"
441,14,14,14,"candidate_audit"
442,14,14,14,"commit"
443,14,14,14,"state_audit"
444,14,14,14,"finalize_commit_audit"
445,14,14,14,"uwb_commit"
446,14,14,14,"core_total"
447,14,14,14,"outer_logging_flush"
448,14,14,14,"outer_epoch"
449,15,15,15,"imu_preintegration"
450,15,15,15,"no_uwb_isam_update"
451,15,15,15,"state_query"
452,15,15,15,"current_joint_marginal"
453,15,15,15,"snapshot_extraction"
454,15,15,15,"prepare"
455,15,15,15,"integrity_window"
456,15,15,15,"window_boundary_provenance"
457,15,15,15,"window_factor_linearization_whitening"
458,15,15,15,"window_dense_assembly"
459,15,15,15,"window_svd"
460,15,15,15,"window_normal_equations"
461,15,15,15,"window_llt_state_solves"
462,15,15,15,"window_fingerprint"
463,15,15,15,"all_in_detector"
464,15,15,15,"current_sensitivity"
465,15,15,15,"model_generation"
466,15,15,15,"historical_sensitivity"
467,15,15,15,"hypothesis_evidence"
468,15,15,15,"health_actions"
469,15,15,15,"base_factorization"
470,15,15,15,"shared_cache"
471,15,15,15,"candidate_evaluation"
472,15,15,15,"fde_decision"
473,15,15,15,"candidate_audit"
474,15,15,15,"commit"
475,15,15,15,"state_audit"
476,15,15,15,"finalize_commit_audit"
477,15,15,15,"uwb_commit"
478,15,15,15,"core_total"
479,15,15,15,"outer_logging_flush"
480,15,15,15,"outer_epoch"
481,16,16,16,"imu_preintegration"
482,16,16,16,"no_uwb_isam_update"
483,16,16,16,"state_query"
484,16,16,16,"current_joint_marginal"
485,16,16,16,"snapshot_extraction"
486,16,16,16,"prepare"
487,16,16,16,"integrity_window"
488,16,16,16,"window_boundary_provenance"
489,16,16,16,"window_factor_linearization_whitening"
490,16,16,16,"window_dense_assembly"
491,16,16,16,"window_svd"
492,16,16,16,"window_normal_equations"
493,16,16,16,"window_llt_state_solves"
494,16,16,16,"window_fingerprint"
495,16,16,16,"all_in_detector"
496,16,16,16,"current_sensitivity"
497,16,16,16,"model_generation"
498,16,16,16,"historical_sensitivity"
499,16,16,16,"hypothesis_evidence"
500,16,16,16,"health_actions"
501,16,16,16,"base_factorization"
502,16,16,16,"shared_cache"
503,16,16,16,"candidate_evaluation"
504,16,16,16,"fde_decision"
505,16,16,16,"candidate_audit"
506,16,16,16,"commit"
507,16,16,16,"state_audit"
508,16,16,16,"finalize_commit_audit"
509,16,16,16,"uwb_commit"
510,16,16,16,"core_total"
511,16,16,16,"outer_logging_flush"
512,16,16,16,"outer_epoch"
513,17,17,17,"imu_preintegration"
514,17,17,17,"no_uwb_isam_update"
515,17,17,17,"state_query"
516,17,17,17,"current_joint_marginal"
517,17,17,17,"snapshot_extraction"
518,17,17,17,"prepare"
519,17,17,17,"integrity_window"
520,17,17,17,"window_boundary_provenance"
521,17,17,17,"window_factor_linearization_whitening"
522,17,17,17,"window_dense_assembly"
523,17,17,17,"window_svd"
524,17,17,17,"window_normal_equations"
525,17,17,17,"window_llt_state_solves"
526,17,17,17,"window_fingerprint"
527,17,17,17,"all_in_detector"
528,17,17,17,"current_sensitivity"
529,17,17,17,"model_generation"
530,17,17,17,"historical_sensitivity"
531,17,17,17,"hypothesis_evidence"
532,17,17,17,"health_actions"
533,17,17,17,"base_factorization"
534,17,17,17,"shared_cache"
535,17,17,17,"candidate_evaluation"
536,17,17,17,"fde_decision"
537,17,17,17,"candidate_audit"
538,17,17,17,"commit"
539,17,17,17,"state_audit"
540,17,17,17,"finalize_commit_audit"
541,17,17,17,"uwb_commit"
542,17,17,17,"core_total"
543,17,17,17,"outer_logging_flush"
544,17,17,17,"outer_epoch"
545,18,18,18,"imu_preintegration"
546,18,18,18,"no_uwb_isam_update"
547,18,18,18,"state_query"
548,18,18,18,"current_joint_marginal"
549,18,18,18,"snapshot_extraction"
550,18,18,18,"prepare"
551,18,18,18,"integrity_window"
552,18,18,18,"window_boundary_provenance"
553,18,18,18,"window_factor_linearization_whitening"
554,18,18,18,"window_dense_assembly"
555,18,18,18,"window_svd"
556,18,18,18,"window_normal_equations"
557,18,18,18,"window_llt_state_solves"
558,18,18,18,"window_fingerprint"
559,18,18,18,"all_in_detector"
560,18,18,18,"current_sensitivity"
561,18,18,18,"model_generation"
562,18,18,18,"historical_sensitivity"
563,18,18,18,"hypothesis_evidence"
564,18,18,18,"health_actions"
565,18,18,18,"base_factorization"
566,18,18,18,"shared_cache"
567,18,18,18,"candidate_evaluation"
568,18,18,18,"fde_decision"
569,18,18,18,"candidate_audit"
570,18,18,18,"commit"
571,18,18,18,"state_audit"
572,18,18,18,"finalize_commit_audit"
573,18,18,18,"uwb_commit"
574,18,18,18,"core_total"
575,18,18,18,"outer_logging_flush"
576,18,18,18,"outer_epoch"
577,19,19,19,"imu_preintegration"
578,19,19,19,"no_uwb_isam_update"
579,19,19,19,"state_query"
580,19,19,19,"current_joint_marginal"
581,19,19,19,"snapshot_extraction"
582,19,19,19,"prepare"
583,19,19,19,"integrity_window"
584,19,19,19,"window_boundary_provenance"
585,19,19,19,"window_factor_linearization_whitening"
586,19,19,19,"window_dense_assembly"
587,19,19,19,"window_svd"
588,19,19,19,"window_normal_equations"
589,19,19,19,"window_llt_state_solves"
590,19,19,19,"window_fingerprint"
591,19,19,19,"all_in_detector"
592,19,19,19,"current_sensitivity"
593,19,19,19,"model_generation"
594,19,19,19,"historical_sensitivity"
595,19,19,19,"hypothesis_evidence"
596,19,19,19,"health_actions"
597,19,19,19,"base_factorization"
598,19,19,19,"shared_cache"
599,19,19,19,"candidate_evaluation"
600,19,19,19,"fde_decision"
601,19,19,19,"candidate_audit"
602,19,19,19,"commit"
603,19,19,19,"state_audit"
604,19,19,19,"finalize_commit_audit"
605,19,19,19,"uwb_commit"
606,19,19,19,"core_total"
607,19,19,19,"outer_logging_flush"
608,19,19,19,"outer_epoch"
609,20,20,20,"imu_preintegration"
610,20,20,20,"no_uwb_isam_update"
611,20,20,20,"state_query"
612,20,20,20,"current_joint_marginal"
613,20,20,20,"snapshot_extraction"
614,20,20,20,"prepare"
615,20,20,20,"integrity_window"
616,20,20,20,"window_boundary_provenance"
617,20,20,20,"window_factor_linearization_whitening"
618,20,20,20,"window_dense_assembly"
619,20,20,20,"window_svd"
620,20,20,20,"window_normal_equations"
621,20,20,20,"window_llt_state_solves"
622,20,20,20,"window_fingerprint"
623,20,20,20,"all_in_detector"
624,20,20,20,"current_sensitivity"
625,20,20,20,"model_generation"
626,20,20,20,"historical_sensitivity"
627,20,20,20,"hypothesis_evidence"
628,20,20,20,"health_actions"
629,20,20,20,"base_factorization"
630,20,20,20,"shared_cache"
631,20,20,20,"candidate_evaluation"
632,20,20,20,"fde_decision"
633,20,20,20,"candidate_audit"
634,20,20,20,"commit"
635,20,20,20,"state_audit"
636,20,20,20,"finalize_commit_audit"
637,20,20,20,"uwb_commit"
638,20,20,20,"core_total"
639,20,20,20,"outer_logging_flush"
640,20,20,20,"outer_epoch"
641,21,21,21,"imu_preintegration"
642,21,21,21,"no_uwb_isam_update"
643,21,21,21,"state_query"
644,21,21,21,"current_joint_marginal"
645,21,21,21,"snapshot_extraction"
646,21,21,21,"prepare"
647,21,21,21,"integrity_window"
648,21,21,21,"window_boundary_provenance"
649,21,21,21,"window_factor_linearization_whitening"
650,21,21,21,"window_dense_assembly"
651,21,21,21,"window_svd"
652,21,21,21,"window_normal_equations"
653,21,21,21,"window_llt_state_solves"
654,21,21,21,"window_fingerprint"
655,21,21,21,"all_in_detector"
656,21,21,21,"current_sensitivity"
657,21,21,21,"model_generation"
658,21,21,21,"historical_sensitivity"
659,21,21,21,"hypothesis_evidence"
660,21,21,21,"health_actions"
661,21,21,21,"base_factorization"
662,21,21,21,"shared_cache"
663,21,21,21,"candidate_evaluation"
664,21,21,21,"fde_decision"
665,21,21,21,"candidate_audit"
666,21,21,21,"commit"
667,21,21,21,"state_audit"
668,21,21,21,"finalize_commit_audit"
669,21,21,21,"uwb_commit"
670,21,21,21,"core_total"
671,21,21,21,"outer_logging_flush"
672,21,21,21,"outer_epoch"
673,22,22,22,"imu_preintegration"
674,22,22,22,"no_uwb_isam_update"
675,22,22,22,"state_query"
676,22,22,22,"current_joint_marginal"
677,22,22,22,"snapshot_extraction"
678,22,22,22,"prepare"
679,22,22,22,"integrity_window"
680,22,22,22,"window_boundary_provenance"
681,22,22,22,"window_factor_linearization_whitening"
682,22,22,22,"window_dense_assembly"
683,22,22,22,"window_svd"
684,22,22,22,"window_normal_equations"
685,22,22,22,"window_llt_state_solves"
686,22,22,22,"window_fingerprint"
687,22,22,22,"all_in_detector"
688,22,22,22,"current_sensitivity"
689,22,22,22,"model_generation"
690,22,22,22,"historical_sensitivity"
691,22,22,22,"hypothesis_evidence"
692,22,22,22,"health_actions"
693,22,22,22,"base_factorization"
694,22,22,22,"shared_cache"
695,22,22,22,"candidate_evaluation"
696,22,22,22,"fde_decision"
697,22,22,22,"candidate_audit"
698,22,22,22,"commit"
699,22,22,22,"state_audit"
700,22,22,22,"finalize_commit_audit"
701,22,22,22,"uwb_commit"
702,22,22,22,"core_total"
703,22,22,22,"outer_logging_flush"
704,22,22,22,"outer_epoch"
705,23,23,23,"imu_preintegration"
706,23,23,23,"no_uwb_isam_update"
707,23,23,23,"state_query"
708,23,23,23,"current_joint_marginal"
709,23,23,23,"snapshot_extraction"
710,23,23,23,"prepare"
711,23,23,23,"integrity_window"
712,23,23,23,"window_boundary_provenance"
713,23,23,23,"window_factor_linearization_whitening"
714,23,23,23,"window_dense_assembly"
715,23,23,23,"window_svd"
716,23,23,23,"window_normal_equations"
717,23,23,23,"window_llt_state_solves"
718,23,23,23,"window_fingerprint"
719,23,23,23,"all_in_detector"
720,23,23,23,"current_sensitivity"
721,23,23,23,"model_generation"
722,23,23,23,"historical_sensitivity"
723,23,23,23,"hypothesis_evidence"
724,23,23,23,"health_actions"
725,23,23,23,"base_factorization"
726,23,23,23,"shared_cache"
727,23,23,23,"candidate_evaluation"
728,23,23,23,"fde_decision"
729,23,23,23,"candidate_audit"
730,23,23,23,"commit"
731,23,23,23,"state_audit"
732,23,23,23,"finalize_commit_audit"
733,23,23,23,"uwb_commit"
734,23,23,23,"core_total"
735,23,23,23,"outer_logging_flush"
736,23,23,23,"outer_epoch"
737,24,24,24,"imu_preintegration"
738,24,24,24,"no_uwb_isam_update"
739,24,24,24,"state_query"
740,24,24,24,"current_joint_marginal"
741,24,24,24,"snapshot_extraction"
742,24,24,24,"prepare"
743,24,24,24,"integrity_window"
744,24,24,24,"window_boundary_provenance"
745,24,24,24,"window_factor_linearization_whitening"
746,24,24,24,"window_dense_assembly"
747,24,24,24,"window_svd"
748,24,24,24,"window_normal_equations"
749,24,24,24,"window_llt_state_solves"
750,24,24,24,"window_fingerprint"
751,24,24,24,"all_in_detector"
752,24,24,24,"current_sensitivity"
753,24,24,24,"model_generation"
754,24,24,24,"historical_sensitivity"
755,24,24,24,"hypothesis_evidence"
756,24,24,24,"health_actions"
757,24,24,24,"base_factorization"
758,24,24,24,"shared_cache"
759,24,24,24,"candidate_evaluation"
760,24,24,24,"fde_decision"
761,24,24,24,"candidate_audit"
762,24,24,24,"commit"
763,24,24,24,"state_audit"
764,24,24,24,"finalize_commit_audit"
765,24,24,24,"uwb_commit"
766,24,24,24,"core_total"
767,24,24,24,"outer_logging_flush"
768,24,24,24,"outer_epoch"
769,25,25,25,"imu_preintegration"
770,25,25,25,"no_uwb_isam_update"
771,25,25,25,"state_query"
772,25,25,25,"current_joint_marginal"
773,25,25,25,"snapshot_extraction"
774,25,25,25,"prepare"
775,25,25,25,"integrity_window"
776,25,25,25,"window_boundary_provenance"
777,25,25,25,"window_factor_linearization_whitening"
778,25,25,25,"window_dense_assembly"
779,25,25,25,"window_svd"
780,25,25,25,"window_normal_equations"
781,25,25,25,"window_llt_state_solves"
782,25,25,25,"window_fingerprint"
783,25,25,25,"all_in_detector"
784,25,25,25,"current_sensitivity"
785,25,25,25,"model_generation"
786,25,25,25,"historical_sensitivity"
787,25,25,25,"hypothesis_evidence"
788,25,25,25,"health_actions"
789,25,25,25,"base_factorization"
790,25,25,25,"shared_cache"
791,25,25,25,"candidate_evaluation"
792,25,25,25,"fde_decision"
793,25,25,25,"candidate_audit"
794,25,25,25,"commit"
795,25,25,25,"state_audit"
796,25,25,25,"finalize_commit_audit"
797,25,25,25,"uwb_commit"
798,25,25,25,"core_total"
799,25,25,25,"outer_logging_flush"
800,25,25,25,"outer_epoch"
801,26,26,26,"imu_preintegration"
802,26,26,26,"no_uwb_isam_update"
803,26,26,26,"state_query"
804,26,26,26,"current_joint_marginal"
805,26,26,26,"snapshot_extraction"
806,26,26,26,"prepare"
807,26,26,26,"integrity_window"
808,26,26,26,"window_boundary_provenance"
809,26,26,26,"window_factor_linearization_whitening"
810,26,26,26,"window_dense_assembly"
811,26,26,26,"window_svd"
812,26,26,26,"window_normal_equations"
813,26,26,26,"window_llt_state_solves"
814,26,26,26,"window_fingerprint"
815,26,26,26,"all_in_detector"
816,26,26,26,"current_sensitivity"
817,26,26,26,"model_generation"
818,26,26,26,"historical_sensitivity"
819,26,26,26,"hypothesis_evidence"
820,26,26,26,"health_actions"
821,26,26,26,"base_factorization"
822,26,26,26,"shared_cache"
823,26,26,26,"candidate_evaluation"
824,26,26,26,"fde_decision"
825,26,26,26,"candidate_audit"
826,26,26,26,"commit"
827,26,26,26,"state_audit"
828,26,26,26,"finalize_commit_audit"
829,26,26,26,"uwb_commit"
830,26,26,26,"core_total"
831,26,26,26,"outer_logging_flush"
832,26,26,26,"outer_epoch"
833,27,27,27,"imu_preintegration"
834,27,27,27,"no_uwb_isam_update"
835,27,27,27,"state_query"
836,27,27,27,"current_joint_marginal"
837,27,27,27,"snapshot_extraction"
838,27,27,27,"prepare"
839,27,27,27,"integrity_window"
840,27,27,27,"window_boundary_provenance"
841,27,27,27,"window_factor_linearization_whitening"
842,27,27,27,"window_dense_assembly"
843,27,27,27,"window_svd"
844,27,27,27,"window_normal_equations"
845,27,27,27,"window_llt_state_solves"
846,27,27,27,"window_fingerprint"
847,27,27,27,"all_in_detector"
848,27,27,27,"current_sensitivity"
849,27,27,27,"model_generation"
850,27,27,27,"historical_sensitivity"
851,27,27,27,"hypothesis_evidence"
852,27,27,27,"health_actions"
853,27,27,27,"base_factorization"
854,27,27,27,"shared_cache"
855,27,27,27,"candidate_evaluation"
856,27,27,27,"fde_decision"
857,27,27,27,"candidate_audit"
858,27,27,27,"commit"
859,27,27,27,"state_audit"
860,27,27,27,"finalize_commit_audit"
861,27,27,27,"uwb_commit"
862,27,27,27,"core_total"
863,27,27,27,"outer_logging_flush"
864,27,27,27,"outer_epoch"
865,28,28,28,"imu_preintegration"
866,28,28,28,"no_uwb_isam_update"
867,28,28,28,"state_query"
868,28,28,28,"current_joint_marginal"
869,28,28,28,"snapshot_extraction"
870,28,28,28,"prepare"
871,28,28,28,"integrity_window"
872,28,28,28,"window_boundary_provenance"
873,28,28,28,"window_factor_linearization_whitening"
874,28,28,28,"window_dense_assembly"
875,28,28,28,"window_svd"
876,28,28,28,"window_normal_equations"
877,28,28,28,"window_llt_state_solves"
878,28,28,28,"window_fingerprint"
879,28,28,28,"all_in_detector"
880,28,28,28,"current_sensitivity"
881,28,28,28,"model_generation"
882,28,28,28,"historical_sensitivity"
883,28,28,28,"hypothesis_evidence"
884,28,28,28,"health_actions"
885,28,28,28,"base_factorization"
886,28,28,28,"shared_cache"
887,28,28,28,"candidate_evaluation"
888,28,28,28,"fde_decision"
889,28,28,28,"candidate_audit"
890,28,28,28,"commit"
891,28,28,28,"state_audit"
892,28,28,28,"finalize_commit_audit"
893,28,28,28,"uwb_commit"
894,28,28,28,"core_total"
895,28,28,28,"outer_logging_flush"
896,28,28,28,"outer_epoch"
897,29,29,29,"imu_preintegration"
898,29,29,29,"no_uwb_isam_update"
899,29,29,29,"state_query"
900,29,29,29,"current_joint_marginal"
901,29,29,29,"snapshot_extraction"
902,29,29,29,"prepare"
903,29,29,29,"integrity_window"
904,29,29,29,"window_boundary_provenance"
905,29,29,29,"window_factor_linearization_whitening"
906,29,29,29,"window_dense_assembly"
907,29,29,29,"window_svd"
908,29,29,29,"window_normal_equations"
909,29,29,29,"window_llt_state_solves"
910,29,29,29,"window_fingerprint"
911,29,29,29,"all_in_detector"
912,29,29,29,"current_sensitivity"
913,29,29,29,"model_generation"
914,29,29,29,"historical_sensitivity"
915,29,29,29,"hypothesis_evidence"
916,29,29,29,"health_actions"
917,29,29,29,"base_factorization"
918,29,29,29,"shared_cache"
919,29,29,29,"candidate_evaluation"
920,29,29,29,"fde_decision"
921,29,29,29,"candidate_audit"
922,29,29,29,"commit"
923,29,29,29,"state_audit"
924,29,29,29,"finalize_commit_audit"
925,29,29,29,"uwb_commit"
926,29,29,29,"core_total"
927,29,29,29,"outer_logging_flush"
928,29,29,29,"outer_epoch"
929,30,30,30,"imu_preintegration"
930,30,30,30,"no_uwb_isam_update"
931,30,30,30,"state_query"
932,30,30,30,"current_joint_marginal"
933,30,30,30,"snapshot_extraction"
934,30,30,30,"prepare"
935,30,30,30,"integrity_window"
936,30,30,30,"window_boundary_provenance"
937,30,30,30,"window_factor_linearization_whitening"
938,30,30,30,"window_dense_assembly"
939,30,30,30,"window_svd"
940,30,30,30,"window_normal_equations"
941,30,30,30,"window_llt_state_solves"
942,30,30,30,"window_fingerprint"
943,30,30,30,"all_in_detector"
944,30,30,30,"current_sensitivity"
945,30,30,30,"model_generation"
946,30,30,30,"historical_sensitivity"
947,30,30,30,"hypothesis_evidence"
948,30,30,30,"health_actions"
949,30,30,30,"base_factorization"
950,30,30,30,"shared_cache"
951,30,30,30,"candidate_evaluation"
952,30,30,30,"fde_decision"
953,30,30,30,"candidate_audit"
954,30,30,30,"commit"
955,30,30,30,"state_audit"
956,30,30,30,"finalize_commit_audit"
957,30,30,30,"uwb_commit"
958,30,30,30,"core_total"
959,30,30,30,"outer_logging_flush"
960,30,30,30,"outer_epoch"
961,31,31,31,"imu_preintegration"
962,31,31,31,"no_uwb_isam_update"
963,31,31,31,"state_query"
964,31,31,31,"current_joint_marginal"
965,31,31,31,"snapshot_extraction"
966,31,31,31,"prepare"
967,31,31,31,"integrity_window"
968,31,31,31,"window_boundary_provenance"
969,31,31,31,"window_factor_linearization_whitening"
970,31,31,31,"window_dense_assembly"
971,31,31,31,"window_svd"
972,31,31,31,"window_normal_equations"
973,31,31,31,"window_llt_state_solves"
974,31,31,31,"window_fingerprint"
975,31,31,31,"all_in_detector"
976,31,31,31,"current_sensitivity"
977,31,31,31,"model_generation"
978,31,31,31,"historical_sensitivity"
979,31,31,31,"hypothesis_evidence"
980,31,31,31,"health_actions"
981,31,31,31,"base_factorization"
982,31,31,31,"shared_cache"
983,31,31,31,"candidate_evaluation"
984,31,31,31,"fde_decision"
985,31,31,31,"candidate_audit"
986,31,31,31,"commit"
987,31,31,31,"state_audit"
988,31,31,31,"finalize_commit_audit"
989,31,31,31,"uwb_commit"
990,31,31,31,"core_total"
991,31,31,31,"outer_logging_flush"
992,31,31,31,"outer_epoch"
993,32,32,32,"imu_preintegration"
994,32,32,32,"no_uwb_isam_update"
995,32,32,32,"state_query"
996,32,32,32,"current_joint_marginal"
997,32,32,32,"snapshot_extraction"
998,32,32,32,"prepare"
999,32,32,32,"integrity_window"
1000,32,32,32,"window_boundary_provenance"
1001,32,32,32,"window_factor_linearization_whitening"
1002,32,32,32,"window_dense_assembly"
1003,32,32,32,"window_svd"
1004,32,32,32,"window_normal_equations"
1005,32,32,32,"window_llt_state_solves"
1006,32,32,32,"window_fingerprint"
1007,32,32,32,"all_in_detector"
1008,32,32,32,"current_sensitivity"
1009,32,32,32,"model_generation"
1010,32,32,32,"historical_sensitivity"
1011,32,32,32,"hypothesis_evidence"
1012,32,32,32,"health_actions"
1013,32,32,32,"base_factorization"
1014,32,32,32,"shared_cache"
1015,32,32,32,"candidate_evaluation"
1016,32,32,32,"fde_decision"
1017,32,32,32,"candidate_audit"
1018,32,32,32,"commit"
1019,32,32,32,"state_audit"
1020,32,32,32,"finalize_commit_audit"
1021,32,32,32,"uwb_commit"
1022,32,32,32,"core_total"
1023,32,32,32,"outer_logging_flush"
1024,32,32,32,"outer_epoch"
1025,33,33,33,"imu_preintegration"
1026,33,33,33,"no_uwb_isam_update"
1027,33,33,33,"state_query"
1028,33,33,33,"current_joint_marginal"
1029,33,33,33,"snapshot_extraction"
1030,33,33,33,"prepare"
1031,33,33,33,"integrity_window"
1032,33,33,33,"window_boundary_provenance"
1033,33,33,33,"window_factor_linearization_whitening"
1034,33,33,33,"window_dense_assembly"
1035,33,33,33,"window_svd"
1036,33,33,33,"window_normal_equations"
1037,33,33,33,"window_llt_state_solves"
1038,33,33,33,"window_fingerprint"
1039,33,33,33,"all_in_detector"
1040,33,33,33,"current_sensitivity"
1041,33,33,33,"model_generation"
1042,33,33,33,"historical_sensitivity"
1043,33,33,33,"hypothesis_evidence"
1044,33,33,33,"health_actions"
1045,33,33,33,"base_factorization"
1046,33,33,33,"shared_cache"
1047,33,33,33,"candidate_evaluation"
1048,33,33,33,"fde_decision"
1049,33,33,33,"candidate_audit"
1050,33,33,33,"commit"
1051,33,33,33,"state_audit"
1052,33,33,33,"finalize_commit_audit"
1053,33,33,33,"uwb_commit"
1054,33,33,33,"core_total"
1055,33,33,33,"outer_logging_flush"
1056,33,33,33,"outer_epoch"
1057,34,34,34,"imu_preintegration"
1058,34,34,34,"no_uwb_isam_update"
1059,34,34,34,"state_query"
1060,34,34,34,"current_joint_marginal"
1061,34,34,34,"snapshot_extraction"
1062,34,34,34,"prepare"
1063,34,34,34,"integrity_window"
1064,34,34,34,"window_boundary_provenance"
1065,34,34,34,"window_factor_linearization_whitening"
1066,34,34,34,"window_dense_assembly"
1067,34,34,34,"window_svd"
1068,34,34,34,"window_normal_equations"
1069,34,34,34,"window_llt_state_solves"
1070,34,34,34,"window_fingerprint"
1071,34,34,34,"all_in_detector"
1072,34,34,34,"current_sensitivity"
1073,34,34,34,"model_generation"
1074,34,34,34,"historical_sensitivity"
1075,34,34,34,"hypothesis_evidence"
1076,34,34,34,"health_actions"
1077,34,34,34,"base_factorization"
1078,34,34,34,"shared_cache"
1079,34,34,34,"candidate_evaluation"
1080,34,34,34,"fde_decision"
1081,34,34,34,"candidate_audit"
1082,34,34,34,"commit"
1083,34,34,34,"state_audit"
1084,34,34,34,"finalize_commit_audit"
1085,34,34,34,"uwb_commit"
1086,34,34,34,"core_total"
1087,34,34,34,"outer_logging_flush"
1088,34,34,34,"outer_epoch"
1089,35,35,35,"imu_preintegration"
1090,35,35,35,"no_uwb_isam_update"
1091,35,35,35,"state_query"
1092,35,35,35,"current_joint_marginal"
1093,35,35,35,"snapshot_extraction"
1094,35,35,35,"prepare"
1095,35,35,35,"integrity_window"
1096,35,35,35,"window_boundary_provenance"
1097,35,35,35,"window_factor_linearization_whitening"
1098,35,35,35,"window_dense_assembly"
1099,35,35,35,"window_svd"
1100,35,35,35,"window_normal_equations"
1101,35,35,35,"window_llt_state_solves"
1102,35,35,35,"window_fingerprint"
1103,35,35,35,"all_in_detector"
1104,35,35,35,"current_sensitivity"
1105,35,35,35,"model_generation"
1106,35,35,35,"historical_sensitivity"
1107,35,35,35,"hypothesis_evidence"
1108,35,35,35,"health_actions"
1109,35,35,35,"base_factorization"
1110,35,35,35,"shared_cache"
1111,35,35,35,"candidate_evaluation"
1112,35,35,35,"fde_decision"
1113,35,35,35,"candidate_audit"
1114,35,35,35,"commit"
1115,35,35,35,"state_audit"
1116,35,35,35,"finalize_commit_audit"
1117,35,35,35,"uwb_commit"
1118,35,35,35,"core_total"
1119,35,35,35,"outer_logging_flush"
1120,35,35,35,"outer_epoch"
1121,36,36,36,"imu_preintegration"
1122,36,36,36,"no_uwb_isam_update"
1123,36,36,36,"state_query"
1124,36,36,36,"current_joint_marginal"
1125,36,36,36,"snapshot_extraction"
1126,36,36,36,"prepare"
1127,36,36,36,"integrity_window"
1128,36,36,36,"window_boundary_provenance"
1129,36,36,36,"window_factor_linearization_whitening"
1130,36,36,36,"window_dense_assembly"
1131,36,36,36,"window_svd"
1132,36,36,36,"window_normal_equations"
1133,36,36,36,"window_llt_state_solves"
1134,36,36,36,"window_fingerprint"
1135,36,36,36,"all_in_detector"
1136,36,36,36,"current_sensitivity"
1137,36,36,36,"model_generation"
1138,36,36,36,"historical_sensitivity"
1139,36,36,36,"hypothesis_evidence"
1140,36,36,36,"health_actions"
1141,36,36,36,"base_factorization"
1142,36,36,36,"shared_cache"
1143,36,36,36,"candidate_evaluation"
1144,36,36,36,"fde_decision"
1145,36,36,36,"candidate_audit"
1146,36,36,36,"commit"
1147,36,36,36,"state_audit"
1148,36,36,36,"finalize_commit_audit"
1149,36,36,36,"uwb_commit"
1150,36,36,36,"core_total"
1151,36,36,36,"outer_logging_flush"
1152,36,36,36,"outer_epoch"
1153,37,37,37,"imu_preintegration"
1154,37,37,37,"no_uwb_isam_update"
1155,37,37,37,"state_query"
1156,37,37,37,"current_joint_marginal"
1157,37,37,37,"snapshot_extraction"
1158,37,37,37,"prepare"
1159,37,37,37,"integrity_window"
1160,37,37,37,"window_boundary_provenance"
1161,37,37,37,"window_factor_linearization_whitening"
1162,37,37,37,"window_dense_assembly"
1163,37,37,37,"window_svd"
1164,37,37,37,"window_normal_equations"
1165,37,37,37,"window_llt_state_solves"
1166,37,37,37,"window_fingerprint"
1167,37,37,37,"all_in_detector"
1168,37,37,37,"current_sensitivity"
1169,37,37,37,"model_generation"
1170,37,37,37,"historical_sensitivity"
1171,37,37,37,"hypothesis_evidence"
1172,37,37,37,"health_actions"
1173,37,37,37,"base_factorization"
1174,37,37,37,"shared_cache"
1175,37,37,37,"candidate_evaluation"
1176,37,37,37,"fde_decision"
1177,37,37,37,"candidate_audit"
1178,37,37,37,"commit"
1179,37,37,37,"state_audit"
1180,37,37,37,"finalize_commit_audit"
1181,37,37,37,"uwb_commit"
1182,37,37,37,"core_total"
1183,37,37,37,"outer_logging_flush"
1184,37,37,37,"outer_epoch"
1185,38,38,38,"imu_preintegration"
1186,38,38,38,"no_uwb_isam_update"
1187,38,38,38,"state_query"
1188,38,38,38,"current_joint_marginal"
1189,38,38,38,"snapshot_extraction"
1190,38,38,38,"prepare"
1191,38,38,38,"integrity_window"
1192,38,38,38,"window_boundary_provenance"
1193,38,38,38,"window_factor_linearization_whitening"
1194,38,38,38,"window_dense_assembly"
1195,38,38,38,"window_svd"
1196,38,38,38,"window_normal_equations"
1197,38,38,38,"window_llt_state_solves"
1198,38,38,38,"window_fingerprint"
1199,38,38,38,"all_in_detector"
1200,38,38,38,"current_sensitivity"
1201,38,38,38,"model_generation"
1202,38,38,38,"historical_sensitivity"
1203,38,38,38,"hypothesis_evidence"
1204,38,38,38,"health_actions"
1205,38,38,38,"base_factorization"
1206,38,38,38,"shared_cache"
1207,38,38,38,"candidate_evaluation"
1208,38,38,38,"fde_decision"
1209,38,38,38,"candidate_audit"
1210,38,38,38,"commit"
1211,38,38,38,"state_audit"
1212,38,38,38,"finalize_commit_audit"
1213,38,38,38,"uwb_commit"
1214,38,38,38,"core_total"
1215,38,38,38,"outer_logging_flush"
1216,38,38,38,"outer_epoch"
1217,39,39,39,"imu_preintegration"
1218,39,39,39,"no_uwb_isam_update"
1219,39,39,39,"state_query"
1220,39,39,39,"current_joint_marginal"
1221,39,39,39,"snapshot_extraction"
1222,39,39,39,"prepare"
1223,39,39,39,"integrity_window"
1224,39,39,39,"window_boundary_provenance"
1225,39,39,39,"window_factor_linearization_whitening"
1226,39,39,39,"window_dense_assembly"
1227,39,39,39,"window_svd"
1228,39,39,39,"window_normal_equations"
1229,39,39,39,"window_llt_state_solves"
1230,39,39,39,"window_fingerprint"
1231,39,39,39,"all_in_detector"
1232,39,39,39,"current_sensitivity"
1233,39,39,39,"model_generation"
1234,39,39,39,"historical_sensitivity"
1235,39,39,39,"hypothesis_evidence"
1236,39,39,39,"health_actions"
1237,39,39,39,"base_factorization"
1238,39,39,39,"shared_cache"
1239,39,39,39,"candidate_evaluation"
1240,39,39,39,"fde_decision"
1241,39,39,39,"candidate_audit"
1242,39,39,39,"commit"
1243,39,39,39,"state_audit"
1244,39,39,39,"finalize_commit_audit"
1245,39,39,39,"uwb_commit"
1246,39,39,39,"core_total"
1247,39,39,39,"outer_logging_flush"
1248,39,39,39,"outer_epoch"
1249,40,40,40,"imu_preintegration"
1250,40,40,40,"no_uwb_isam_update"
1251,40,40,40,"state_query"
1252,40,40,40,"current_joint_marginal"
1253,40,40,40,"snapshot_extraction"
1254,40,40,40,"prepare"
1255,40,40,40,"integrity_window"
1256,40,40,40,"window_boundary_provenance"
1257,40,40,40,"window_factor_linearization_whitening"
1258,40,40,40,"window_dense_assembly"
1259,40,40,40,"window_svd"
1260,40,40,40,"window_normal_equations"
1261,40,40,40,"window_llt_state_solves"
1262,40,40,40,"window_fingerprint"
1263,40,40,40,"all_in_detector"
1264,40,40,40,"current_sensitivity"
1265,40,40,40,"model_generation"
1266,40,40,40,"historical_sensitivity"
1267,40,40,40,"hypothesis_evidence"
1268,40,40,40,"health_actions"
1269,40,40,40,"base_factorization"
1270,40,40,40,"shared_cache"
1271,40,40,40,"candidate_evaluation"
1272,40,40,40,"fde_decision"
1273,40,40,40,"candidate_audit"
1274,40,40,40,"commit"
1275,40,40,40,"state_audit"
1276,40,40,40,"finalize_commit_audit"
1277,40,40,40,"uwb_commit"
1278,40,40,40,"core_total"
1279,40,40,40,"outer_logging_flush"
1280,40,40,40,"outer_epoch"
1281,41,41,41,"imu_preintegration"
1282,41,41,41,"no_uwb_isam_update"
1283,41,41,41,"state_query"
1284,41,41,41,"current_joint_marginal"
1285,41,41,41,"snapshot_extraction"
1286,41,41,41,"prepare"
1287,41,41,41,"integrity_window"
1288,41,41,41,"window_boundary_provenance"
1289,41,41,41,"window_factor_linearization_whitening"
1290,41,41,41,"window_dense_assembly"
1291,41,41,41,"window_svd"
1292,41,41,41,"window_normal_equations"
1293,41,41,41,"window_llt_state_solves"
1294,41,41,41,"window_fingerprint"
1295,41,41,41,"all_in_detector"
1296,41,41,41,"current_sensitivity"
1297,41,41,41,"model_generation"
1298,41,41,41,"historical_sensitivity"
1299,41,41,41,"hypothesis_evidence"
1300,41,41,41,"health_actions"
1301,41,41,41,"base_factorization"
1302,41,41,41,"shared_cache"
1303,41,41,41,"candidate_evaluation"
1304,41,41,41,"fde_decision"
1305,41,41,41,"candidate_audit"
1306,41,41,41,"commit"
1307,41,41,41,"state_audit"
1308,41,41,41,"finalize_commit_audit"
1309,41,41,41,"uwb_commit"
1310,41,41,41,"core_total"
1311,41,41,41,"outer_logging_flush"
1312,41,41,41,"outer_epoch"
1313,42,42,42,"imu_preintegration"
1314,42,42,42,"no_uwb_isam_update"
1315,42,42,42,"state_query"
1316,42,42,42,"current_joint_marginal"
1317,42,42,42,"snapshot_extraction"
1318,42,42,42,"prepare"
1319,42,42,42,"integrity_window"
1320,42,42,42,"window_boundary_provenance"
1321,42,42,42,"window_factor_linearization_whitening"
1322,42,42,42,"window_dense_assembly"
1323,42,42,42,"window_svd"
1324,42,42,42,"window_normal_equations"
1325,42,42,42,"window_llt_state_solves"
1326,42,42,42,"window_fingerprint"
1327,42,42,42,"all_in_detector"
1328,42,42,42,"current_sensitivity"
1329,42,42,42,"model_generation"
1330,42,42,42,"historical_sensitivity"
1331,42,42,42,"hypothesis_evidence"
1332,42,42,42,"health_actions"
1333,42,42,42,"base_factorization"
1334,42,42,42,"shared_cache"
1335,42,42,42,"candidate_evaluation"
1336,42,42,42,"fde_decision"
1337,42,42,42,"candidate_audit"
1338,42,42,42,"commit"
1339,42,42,42,"state_audit"
1340,42,42,42,"finalize_commit_audit"
1341,42,42,42,"uwb_commit"
1342,42,42,42,"core_total"
1343,42,42,42,"outer_logging_flush"
1344,42,42,42,"outer_epoch"
1345,43,43,43,"imu_preintegration"
1346,43,43,43,"no_uwb_isam_update"
1347,43,43,43,"state_query"
1348,43,43,43,"current_joint_marginal"
1349,43,43,43,"snapshot_extraction"
1350,43,43,43,"prepare"
1351,43,43,43,"integrity_window"
1352,43,43,43,"window_boundary_provenance"
1353,43,43,43,"window_factor_linearization_whitening"
1354,43,43,43,"window_dense_assembly"
1355,43,43,43,"window_svd"
1356,43,43,43,"window_normal_equations"
1357,43,43,43,"window_llt_state_solves"
1358,43,43,43,"window_fingerprint"
1359,43,43,43,"all_in_detector"
1360,43,43,43,"current_sensitivity"
1361,43,43,43,"model_generation"
1362,43,43,43,"historical_sensitivity"
1363,43,43,43,"hypothesis_evidence"
1364,43,43,43,"health_actions"
1365,43,43,43,"base_factorization"
1366,43,43,43,"shared_cache"
1367,43,43,43,"candidate_evaluation"
1368,43,43,43,"fde_decision"
1369,43,43,43,"candidate_audit"
1370,43,43,43,"commit"
1371,43,43,43,"state_audit"
1372,43,43,43,"finalize_commit_audit"
1373,43,43,43,"uwb_commit"
1374,43,43,43,"core_total"
1375,43,43,43,"outer_logging_flush"
1376,43,43,43,"outer_epoch"
1377,44,44,44,"imu_preintegration"
1378,44,44,44,"no_uwb_isam_update"
1379,44,44,44,"state_query"
1380,44,44,44,"current_joint_marginal"
1381,44,44,44,"snapshot_extraction"
1382,44,44,44,"prepare"
1383,44,44,44,"integrity_window"
1384,44,44,44,"window_boundary_provenance"
1385,44,44,44,"window_factor_linearization_whitening"
1386,44,44,44,"window_dense_assembly"
1387,44,44,44,"window_svd"
1388,44,44,44,"window_normal_equations"
1389,44,44,44,"window_llt_state_solves"
1390,44,44,44,"window_fingerprint"
1391,44,44,44,"all_in_detector"
1392,44,44,44,"current_sensitivity"
1393,44,44,44,"model_generation"
1394,44,44,44,"historical_sensitivity"
1395,44,44,44,"hypothesis_evidence"
1396,44,44,44,"health_actions"
1397,44,44,44,"base_factorization"
1398,44,44,44,"shared_cache"
1399,44,44,44,"candidate_evaluation"
1400,44,44,44,"fde_decision"
1401,44,44,44,"candidate_audit"
1402,44,44,44,"commit"
1403,44,44,44,"state_audit"
1404,44,44,44,"finalize_commit_audit"
1405,44,44,44,"uwb_commit"
1406,44,44,44,"core_total"
1407,44,44,44,"outer_logging_flush"
1408,44,44,44,"outer_epoch"
1409,45,45,45,"imu_preintegration"
1410,45,45,45,"no_uwb_isam_update"
1411,45,45,45,"state_query"
1412,45,45,45,"current_joint_marginal"
1413,45,45,45,"snapshot_extraction"
1414,45,45,45,"prepare"
1415,45,45,45,"integrity_window"
1416,45,45,45,"window_boundary_provenance"
1417,45,45,45,"window_factor_linearization_whitening"
1418,45,45,45,"window_dense_assembly"
1419,45,45,45,"window_svd"
1420,45,45,45,"window_normal_equations"
1421,45,45,45,"window_llt_state_solves"
1422,45,45,45,"window_fingerprint"
1423,45,45,45,"all_in_detector"
1424,45,45,45,"current_sensitivity"
1425,45,45,45,"model_generation"
1426,45,45,45,"historical_sensitivity"
1427,45,45,45,"hypothesis_evidence"
1428,45,45,45,"health_actions"
1429,45,45,45,"base_factorization"
1430,45,45,45,"shared_cache"
1431,45,45,45,"candidate_evaluation"
1432,45,45,45,"fde_decision"
1433,45,45,45,"candidate_audit"
1434,45,45,45,"commit"
1435,45,45,45,"state_audit"
1436,45,45,45,"finalize_commit_audit"
1437,45,45,45,"uwb_commit"
1438,45,45,45,"core_total"
1439,45,45,45,"outer_logging_flush"
1440,45,45,45,"outer_epoch"
1441,46,46,46,"imu_preintegration"
1442,46,46,46,"no_uwb_isam_update"
1443,46,46,46,"state_query"
1444,46,46,46,"current_joint_marginal"
1445,46,46,46,"snapshot_extraction"
1446,46,46,46,"prepare"
1447,46,46,46,"integrity_window"
1448,46,46,46,"window_boundary_provenance"
1449,46,46,46,"window_factor_linearization_whitening"
1450,46,46,46,"window_dense_assembly"
1451,46,46,46,"window_svd"
1452,46,46,46,"window_normal_equations"
1453,46,46,46,"window_llt_state_solves"
1454,46,46,46,"window_fingerprint"
1455,46,46,46,"all_in_detector"
1456,46,46,46,"current_sensitivity"
1457,46,46,46,"model_generation"
1458,46,46,46,"historical_sensitivity"
1459,46,46,46,"hypothesis_evidence"
1460,46,46,46,"health_actions"
1461,46,46,46,"base_factorization"
1462,46,46,46,"shared_cache"
1463,46,46,46,"candidate_evaluation"
1464,46,46,46,"fde_decision"
1465,46,46,46,"candidate_audit"
1466,46,46,46,"commit"
1467,46,46,46,"state_audit"
1468,46,46,46,"finalize_commit_audit"
1469,46,46,46,"uwb_commit"
1470,46,46,46,"core_total"
1471,46,46,46,"outer_logging_flush"
1472,46,46,46,"outer_epoch"
1473,47,47,47,"imu_preintegration"
1474,47,47,47,"no_uwb_isam_update"
1475,47,47,47,"state_query"
1476,47,47,47,"current_joint_marginal"
1477,47,47,47,"snapshot_extraction"
1478,47,47,47,"prepare"
1479,47,47,47,"integrity_window"
1480,47,47,47,"window_boundary_provenance"
1481,47,47,47,"window_factor_linearization_whitening"
1482,47,47,47,"window_dense_assembly"
1483,47,47,47,"window_svd"
1484,47,47,47,"window_normal_equations"
1485,47,47,47,"window_llt_state_solves"
1486,47,47,47,"window_fingerprint"
1487,47,47,47,"all_in_detector"
1488,47,47,47,"current_sensitivity"
1489,47,47,47,"model_generation"
1490,47,47,47,"historical_sensitivity"
1491,47,47,47,"hypothesis_evidence"
1492,47,47,47,"health_actions"
1493,47,47,47,"base_factorization"
1494,47,47,47,"shared_cache"
1495,47,47,47,"candidate_evaluation"
1496,47,47,47,"fde_decision"
1497,47,47,47,"candidate_audit"
1498,47,47,47,"commit"
1499,47,47,47,"state_audit"
1500,47,47,47,"finalize_commit_audit"
1501,47,47,47,"uwb_commit"
1502,47,47,47,"core_total"
1503,47,47,47,"outer_logging_flush"
1504,47,47,47,"outer_epoch"
1505,48,48,48,"imu_preintegration"
1506,48,48,48,"no_uwb_isam_update"
1507,48,48,48,"state_query"
1508,48,48,48,"current_joint_marginal"
1509,48,48,48,"snapshot_extraction"
1510,48,48,48,"prepare"
1511,48,48,48,"integrity_window"
1512,48,48,48,"window_boundary_provenance"
1513,48,48,48,"window_factor_linearization_whitening"
1514,48,48,48,"window_dense_assembly"
1515,48,48,48,"window_svd"
1516,48,48,48,"window_normal_equations"
1517,48,48,48,"window_llt_state_solves"
1518,48,48,48,"window_fingerprint"
1519,48,48,48,"all_in_detector"
1520,48,48,48,"current_sensitivity"
1521,48,48,48,"model_generation"
1522,48,48,48,"historical_sensitivity"
1523,48,48,48,"hypothesis_evidence"
1524,48,48,48,"health_actions"
1525,48,48,48,"base_factorization"
1526,48,48,48,"shared_cache"
1527,48,48,48,"candidate_evaluation"
1528,48,48,48,"fde_decision"
1529,48,48,48,"candidate_audit"
1530,48,48,48,"commit"
1531,48,48,48,"state_audit"
1532,48,48,48,"finalize_commit_audit"
1533,48,48,48,"uwb_commit"
1534,48,48,48,"core_total"
1535,48,48,48,"outer_logging_flush"
1536,48,48,48,"outer_epoch"
1537,49,49,49,"imu_preintegration"
1538,49,49,49,"no_uwb_isam_update"
1539,49,49,49,"state_query"
1540,49,49,49,"current_joint_marginal"
1541,49,49,49,"snapshot_extraction"
1542,49,49,49,"prepare"
1543,49,49,49,"integrity_window"
1544,49,49,49,"window_boundary_provenance"
1545,49,49,49,"window_factor_linearization_whitening"
1546,49,49,49,"window_dense_assembly"
1547,49,49,49,"window_svd"
1548,49,49,49,"window_normal_equations"
1549,49,49,49,"window_llt_state_solves"
1550,49,49,49,"window_fingerprint"
1551,49,49,49,"all_in_detector"
1552,49,49,49,"current_sensitivity"
1553,49,49,49,"model_generation"
1554,49,49,49,"historical_sensitivity"
1555,49,49,49,"hypothesis_evidence"
1556,49,49,49,"health_actions"
1557,49,49,49,"base_factorization"
1558,49,49,49,"shared_cache"
1559,49,49,49,"candidate_evaluation"
1560,49,49,49,"fde_decision"
1561,49,49,49,"candidate_audit"
1562,49,49,49,"commit"
1563,49,49,49,"state_audit"
1564,49,49,49,"finalize_commit_audit"
1565,49,49,49,"uwb_commit"
1566,49,49,49,"core_total"
1567,49,49,49,"outer_logging_flush"
1568,49,49,49,"outer_epoch"
1569,50,50,50,"imu_preintegration"
1570,50,50,50,"no_uwb_isam_update"
1571,50,50,50,"state_query"
1572,50,50,50,"current_joint_marginal"
1573,50,50,50,"snapshot_extraction"
1574,50,50,50,"prepare"
1575,50,50,50,"integrity_window"
1576,50,50,50,"window_boundary_provenance"
1577,50,50,50,"window_factor_linearization_whitening"
1578,50,50,50,"window_dense_assembly"
1579,50,50,50,"window_svd"
1580,50,50,50,"window_normal_equations"
1581,50,50,50,"window_llt_state_solves"
1582,50,50,50,"window_fingerprint"
1583,50,50,50,"all_in_detector"
1584,50,50,50,"current_sensitivity"
1585,50,50,50,"model_generation"
1586,50,50,50,"historical_sensitivity"
1587,50,50,50,"hypothesis_evidence"
1588,50,50,50,"health_actions"
1589,50,50,50,"base_factorization"
1590,50,50,50,"shared_cache"
1591,50,50,50,"candidate_evaluation"
1592,50,50,50,"fde_decision"
1593,50,50,50,"candidate_audit"
1594,50,50,50,"commit"
1595,50,50,50,"state_audit"
1596,50,50,50,"finalize_commit_audit"
1597,50,50,50,"uwb_commit"
1598,50,50,50,"core_total"
1599,50,50,50,"outer_logging_flush"
1600,50,50,50,"outer_epoch"
1601,51,51,51,"imu_preintegration"
1602,51,51,51,"no_uwb_isam_update"
1603,51,51,51,"state_query"
1604,51,51,51,"current_joint_marginal"
1605,51,51,51,"snapshot_extraction"
1606,51,51,51,"prepare"
1607,51,51,51,"integrity_window"
1608,51,51,51,"window_boundary_provenance"
1609,51,51,51,"window_factor_linearization_whitening"
1610,51,51,51,"window_dense_assembly"
1611,51,51,51,"window_svd"
1612,51,51,51,"window_normal_equations"
1613,51,51,51,"window_llt_state_solves"
1614,51,51,51,"window_fingerprint"
1615,51,51,51,"all_in_detector"
1616,51,51,51,"current_sensitivity"
1617,51,51,51,"model_generation"
1618,51,51,51,"historical_sensitivity"
1619,51,51,51,"hypothesis_evidence"
1620,51,51,51,"health_actions"
1621,51,51,51,"base_factorization"
1622,51,51,51,"shared_cache"
1623,51,51,51,"candidate_evaluation"
1624,51,51,51,"fde_decision"
1625,51,51,51,"candidate_audit"
1626,51,51,51,"commit"
1627,51,51,51,"state_audit"
1628,51,51,51,"finalize_commit_audit"
1629,51,51,51,"uwb_commit"
1630,51,51,51,"core_total"
1631,51,51,51,"outer_logging_flush"
1632,51,51,51,"outer_epoch"
1633,52,52,52,"imu_preintegration"
1634,52,52,52,"no_uwb_isam_update"
1635,52,52,52,"state_query"
1636,52,52,52,"current_joint_marginal"
1637,52,52,52,"snapshot_extraction"
1638,52,52,52,"prepare"
1639,52,52,52,"integrity_window"
1640,52,52,52,"window_boundary_provenance"
1641,52,52,52,"window_factor_linearization_whitening"
1642,52,52,52,"window_dense_assembly"
1643,52,52,52,"window_svd"
1644,52,52,52,"window_normal_equations"
1645,52,52,52,"window_llt_state_solves"
1646,52,52,52,"window_fingerprint"
1647,52,52,52,"all_in_detector"
1648,52,52,52,"current_sensitivity"
1649,52,52,52,"model_generation"
1650,52,52,52,"historical_sensitivity"
1651,52,52,52,"hypothesis_evidence"
1652,52,52,52,"health_actions"
1653,52,52,52,"base_factorization"
1654,52,52,52,"shared_cache"
1655,52,52,52,"candidate_evaluation"
1656,52,52,52,"fde_decision"
1657,52,52,52,"candidate_audit"
1658,52,52,52,"commit"
1659,52,52,52,"state_audit"
1660,52,52,52,"finalize_commit_audit"
1661,52,52,52,"uwb_commit"
1662,52,52,52,"core_total"
1663,52,52,52,"outer_logging_flush"
1664,52,52,52,"outer_epoch"
1665,53,53,53,"imu_preintegration"
1666,53,53,53,"no_uwb_isam_update"
1667,53,53,53,"state_query"
1668,53,53,53,"current_joint_marginal"
1669,53,53,53,"snapshot_extraction"
1670,53,53,53,"prepare"
1671,53,53,53,"integrity_window"
1672,53,53,53,"window_boundary_provenance"
1673,53,53,53,"window_factor_linearization_whitening"
1674,53,53,53,"window_dense_assembly"
1675,53,53,53,"window_svd"
1676,53,53,53,"window_normal_equations"
1677,53,53,53,"window_llt_state_solves"
1678,53,53,53,"window_fingerprint"
1679,53,53,53,"all_in_detector"
1680,53,53,53,"current_sensitivity"
1681,53,53,53,"model_generation"
1682,53,53,53,"historical_sensitivity"
1683,53,53,53,"hypothesis_evidence"
1684,53,53,53,"health_actions"
1685,53,53,53,"base_factorization"
1686,53,53,53,"shared_cache"
1687,53,53,53,"candidate_evaluation"
1688,53,53,53,"fde_decision"
1689,53,53,53,"candidate_audit"
1690,53,53,53,"commit"
1691,53,53,53,"state_audit"
1692,53,53,53,"finalize_commit_audit"
1693,53,53,53,"uwb_commit"
1694,53,53,53,"core_total"
1695,53,53,53,"outer_logging_flush"
1696,53,53,53,"outer_epoch"
1697,54,54,54,"imu_preintegration"
1698,54,54,54,"no_uwb_isam_update"
1699,54,54,54,"state_query"
1700,54,54,54,"current_joint_marginal"
1701,54,54,54,"snapshot_extraction"
1702,54,54,54,"prepare"
1703,54,54,54,"integrity_window"
1704,54,54,54,"window_boundary_provenance"
1705,54,54,54,"window_factor_linearization_whitening"
1706,54,54,54,"window_dense_assembly"
1707,54,54,54,"window_svd"
1708,54,54,54,"window_normal_equations"
1709,54,54,54,"window_llt_state_solves"
1710,54,54,54,"window_fingerprint"
1711,54,54,54,"all_in_detector"
1712,54,54,54,"current_sensitivity"
1713,54,54,54,"model_generation"
1714,54,54,54,"historical_sensitivity"
1715,54,54,54,"hypothesis_evidence"
1716,54,54,54,"health_actions"
1717,54,54,54,"base_factorization"
1718,54,54,54,"shared_cache"
1719,54,54,54,"candidate_evaluation"
1720,54,54,54,"fde_decision"
1721,54,54,54,"candidate_audit"
1722,54,54,54,"commit"
1723,54,54,54,"state_audit"
1724,54,54,54,"finalize_commit_audit"
1725,54,54,54,"uwb_commit"
1726,54,54,54,"core_total"
1727,54,54,54,"outer_logging_flush"
1728,54,54,54,"outer_epoch"
1729,55,55,55,"imu_preintegration"
1730,55,55,55,"no_uwb_isam_update"
1731,55,55,55,"state_query"
1732,55,55,55,"current_joint_marginal"
1733,55,55,55,"snapshot_extraction"
1734,55,55,55,"prepare"
1735,55,55,55,"integrity_window"
1736,55,55,55,"window_boundary_provenance"
1737,55,55,55,"window_factor_linearization_whitening"
1738,55,55,55,"window_dense_assembly"
1739,55,55,55,"window_svd"
1740,55,55,55,"window_normal_equations"
1741,55,55,55,"window_llt_state_solves"
1742,55,55,55,"window_fingerprint"
1743,55,55,55,"all_in_detector"
1744,55,55,55,"current_sensitivity"
1745,55,55,55,"model_generation"
1746,55,55,55,"historical_sensitivity"
1747,55,55,55,"hypothesis_evidence"
1748,55,55,55,"health_actions"
1749,55,55,55,"base_factorization"
1750,55,55,55,"shared_cache"
1751,55,55,55,"candidate_evaluation"
1752,55,55,55,"fde_decision"
1753,55,55,55,"candidate_audit"
1754,55,55,55,"commit"
1755,55,55,55,"state_audit"
1756,55,55,55,"finalize_commit_audit"
1757,55,55,55,"uwb_commit"
1758,55,55,55,"core_total"
1759,55,55,55,"outer_logging_flush"
1760,55,55,55,"outer_epoch"
1761,56,56,56,"imu_preintegration"
1762,56,56,56,"no_uwb_isam_update"
1763,56,56,56,"state_query"
1764,56,56,56,"current_joint_marginal"
1765,56,56,56,"snapshot_extraction"
1766,56,56,56,"prepare"
1767,56,56,56,"integrity_window"
1768,56,56,56,"window_boundary_provenance"
1769,56,56,56,"window_factor_linearization_whitening"
1770,56,56,56,"window_dense_assembly"
1771,56,56,56,"window_svd"
1772,56,56,56,"window_normal_equations"
1773,56,56,56,"window_llt_state_solves"
1774,56,56,56,"window_fingerprint"
1775,56,56,56,"all_in_detector"
1776,56,56,56,"current_sensitivity"
1777,56,56,56,"model_generation"
1778,56,56,56,"historical_sensitivity"
1779,56,56,56,"hypothesis_evidence"
1780,56,56,56,"health_actions"
1781,56,56,56,"base_factorization"
1782,56,56,56,"shared_cache"
1783,56,56,56,"candidate_evaluation"
1784,56,56,56,"fde_decision"
1785,56,56,56,"candidate_audit"
1786,56,56,56,"commit"
1787,56,56,56,"state_audit"
1788,56,56,56,"finalize_commit_audit"
1789,56,56,56,"uwb_commit"
1790,56,56,56,"core_total"
1791,56,56,56,"outer_logging_flush"
1792,56,56,56,"outer_epoch"
1793,57,57,57,"imu_preintegration"
1794,57,57,57,"no_uwb_isam_update"
1795,57,57,57,"state_query"
1796,57,57,57,"current_joint_marginal"
1797,57,57,57,"snapshot_extraction"
1798,57,57,57,"prepare"
1799,57,57,57,"integrity_window"
1800,57,57,57,"window_boundary_provenance"
1801,57,57,57,"window_factor_linearization_whitening"
1802,57,57,57,"window_dense_assembly"
1803,57,57,57,"window_svd"
1804,57,57,57,"window_normal_equations"
1805,57,57,57,"window_llt_state_solves"
1806,57,57,57,"window_fingerprint"
1807,57,57,57,"all_in_detector"
1808,57,57,57,"current_sensitivity"
1809,57,57,57,"model_generation"
1810,57,57,57,"historical_sensitivity"
1811,57,57,57,"hypothesis_evidence"
1812,57,57,57,"health_actions"
1813,57,57,57,"base_factorization"
1814,57,57,57,"shared_cache"
1815,57,57,57,"candidate_evaluation"
1816,57,57,57,"fde_decision"
1817,57,57,57,"candidate_audit"
1818,57,57,57,"commit"
1819,57,57,57,"state_audit"
1820,57,57,57,"finalize_commit_audit"
1821,57,57,57,"uwb_commit"
1822,57,57,57,"core_total"
1823,57,57,57,"outer_logging_flush"
1824,57,57,57,"outer_epoch"
1825,58,58,58,"imu_preintegration"
1826,58,58,58,"no_uwb_isam_update"
1827,58,58,58,"state_query"
1828,58,58,58,"current_joint_marginal"
1829,58,58,58,"snapshot_extraction"
1830,58,58,58,"prepare"
1831,58,58,58,"integrity_window"
1832,58,58,58,"window_boundary_provenance"
1833,58,58,58,"window_factor_linearization_whitening"
1834,58,58,58,"window_dense_assembly"
1835,58,58,58,"window_svd"
1836,58,58,58,"window_normal_equations"
1837,58,58,58,"window_llt_state_solves"
1838,58,58,58,"window_fingerprint"
1839,58,58,58,"all_in_detector"
1840,58,58,58,"current_sensitivity"
1841,58,58,58,"model_generation"
1842,58,58,58,"historical_sensitivity"
1843,58,58,58,"hypothesis_evidence"
1844,58,58,58,"health_actions"
1845,58,58,58,"base_factorization"
1846,58,58,58,"shared_cache"
1847,58,58,58,"candidate_evaluation"
1848,58,58,58,"fde_decision"
1849,58,58,58,"candidate_audit"
1850,58,58,58,"commit"
1851,58,58,58,"state_audit"
1852,58,58,58,"finalize_commit_audit"
1853,58,58,58,"uwb_commit"
1854,58,58,58,"core_total"
1855,58,58,58,"outer_logging_flush"
1856,58,58,58,"outer_epoch"
1857,59,59,59,"imu_preintegration"
1858,59,59,59,"no_uwb_isam_update"
1859,59,59,59,"state_query"
1860,59,59,59,"current_joint_marginal"
1861,59,59,59,"snapshot_extraction"
1862,59,59,59,"prepare"
1863,59,59,59,"integrity_window"
1864,59,59,59,"window_boundary_provenance"
1865,59,59,59,"window_factor_linearization_whitening"
1866,59,59,59,"window_dense_assembly"
1867,59,59,59,"window_svd"
1868,59,59,59,"window_normal_equations"
1869,59,59,59,"window_llt_state_solves"
1870,59,59,59,"window_fingerprint"
1871,59,59,59,"all_in_detector"
1872,59,59,59,"current_sensitivity"
1873,59,59,59,"model_generation"
1874,59,59,59,"historical_sensitivity"
1875,59,59,59,"hypothesis_evidence"
1876,59,59,59,"health_actions"
1877,59,59,59,"base_factorization"
1878,59,59,59,"shared_cache"
1879,59,59,59,"candidate_evaluation"
1880,59,59,59,"fde_decision"
1881,59,59,59,"candidate_audit"
1882,59,59,59,"commit"
1883,59,59,59,"state_audit"
1884,59,59,59,"finalize_commit_audit"
1885,59,59,59,"uwb_commit"
1886,59,59,59,"core_total"
1887,59,59,59,"outer_logging_flush"
1888,59,59,59,"outer_epoch"
1889,60,60,60,"imu_preintegration"
1890,60,60,60,"no_uwb_isam_update"
1891,60,60,60,"state_query"
1892,60,60,60,"current_joint_marginal"
1893,60,60,60,"snapshot_extraction"
1894,60,60,60,"prepare"
1895,60,60,60,"integrity_window"
1896,60,60,60,"window_boundary_provenance"
1897,60,60,60,"window_factor_linearization_whitening"
1898,60,60,60,"window_dense_assembly"
1899,60,60,60,"window_svd"
1900,60,60,60,"window_normal_equations"
1901,60,60,60,"window_llt_state_solves"
1902,60,60,60,"window_fingerprint"
1903,60,60,60,"all_in_detector"
1904,60,60,60,"current_sensitivity"
1905,60,60,60,"model_generation"
1906,60,60,60,"historical_sensitivity"
1907,60,60,60,"hypothesis_evidence"
1908,60,60,60,"health_actions"
1909,60,60,60,"base_factorization"
1910,60,60,60,"shared_cache"
1911,60,60,60,"candidate_evaluation"
1912,60,60,60,"fde_decision"
1913,60,60,60,"candidate_audit"
1914,60,60,60,"commit"
1915,60,60,60,"state_audit"
1916,60,60,60,"finalize_commit_audit"
1917,60,60,60,"uwb_commit"
1918,60,60,60,"core_total"
1919,60,60,60,"outer_logging_flush"
1920,60,60,60,"outer_epoch"
1921,61,61,61,"imu_preintegration"
1922,61,61,61,"no_uwb_isam_update"
1923,61,61,61,"state_query"
1924,61,61,61,"current_joint_marginal"
1925,61,61,61,"snapshot_extraction"
1926,61,61,61,"prepare"
1927,61,61,61,"integrity_window"
1928,61,61,61,"window_boundary_provenance"
1929,61,61,61,"window_factor_linearization_whitening"
1930,61,61,61,"window_dense_assembly"
1931,61,61,61,"window_svd"
1932,61,61,61,"window_normal_equations"
1933,61,61,61,"window_llt_state_solves"
1934,61,61,61,"window_fingerprint"
1935,61,61,61,"all_in_detector"
1936,61,61,61,"current_sensitivity"
1937,61,61,61,"model_generation"
1938,61,61,61,"historical_sensitivity"
1939,61,61,61,"hypothesis_evidence"
1940,61,61,61,"health_actions"
1941,61,61,61,"base_factorization"
1942,61,61,61,"shared_cache"
1943,61,61,61,"candidate_evaluation"
1944,61,61,61,"fde_decision"
1945,61,61,61,"candidate_audit"
1946,61,61,61,"commit"
1947,61,61,61,"state_audit"
1948,61,61,61,"finalize_commit_audit"
1949,61,61,61,"uwb_commit"
1950,61,61,61,"core_total"
1951,61,61,61,"outer_logging_flush"
1952,61,61,61,"outer_epoch"
1953,62,62,62,"imu_preintegration"
1954,62,62,62,"no_uwb_isam_update"
1955,62,62,62,"state_query"
1956,62,62,62,"current_joint_marginal"
1957,62,62,62,"snapshot_extraction"
1958,62,62,62,"prepare"
1959,62,62,62,"integrity_window"
1960,62,62,62,"window_boundary_provenance"
1961,62,62,62,"window_factor_linearization_whitening"
1962,62,62,62,"window_dense_assembly"
1963,62,62,62,"window_svd"
1964,62,62,62,"window_normal_equations"
1965,62,62,62,"window_llt_state_solves"
1966,62,62,62,"window_fingerprint"
1967,62,62,62,"all_in_detector"
1968,62,62,62,"current_sensitivity"
1969,62,62,62,"model_generation"
1970,62,62,62,"historical_sensitivity"
1971,62,62,62,"hypothesis_evidence"
1972,62,62,62,"health_actions"
1973,62,62,62,"base_factorization"
1974,62,62,62,"shared_cache"
1975,62,62,62,"candidate_evaluation"
1976,62,62,62,"fde_decision"
1977,62,62,62,"candidate_audit"
1978,62,62,62,"commit"
1979,62,62,62,"state_audit"
1980,62,62,62,"finalize_commit_audit"
1981,62,62,62,"uwb_commit"
1982,62,62,62,"core_total"
1983,62,62,62,"outer_logging_flush"
1984,62,62,62,"outer_epoch"
1985,63,63,63,"imu_preintegration"
1986,63,63,63,"no_uwb_isam_update"
1987,63,63,63,"state_query"
1988,63,63,63,"current_joint_marginal"
1989,63,63,63,"snapshot_extraction"
1990,63,63,63,"prepare"
1991,63,63,63,"integrity_window"
1992,63,63,63,"window_boundary_provenance"
1993,63,63,63,"window_factor_linearization_whitening"
1994,63,63,63,"window_dense_assembly"
1995,63,63,63,"window_svd"
1996,63,63,63,"window_normal_equations"
1997,63,63,63,"window_llt_state_solves"
1998,63,63,63,"window_fingerprint"
1999,63,63,63,"all_in_detector"
2000,63,63,63,"current_sensitivity"
2001,63,63,63,"model_generation"
2002,63,63,63,"historical_sensitivity"
2003,63,63,63,"hypothesis_evidence"
2004,63,63,63,"health_actions"
2005,63,63,63,"base_factorization"
2006,63,63,63,"shared_cache"
2007,63,63,63,"candidate_evaluation"
2008,63,63,63,"fde_decision"
2009,63,63,63,"candidate_audit"
2010,63,63,63,"commit"
2011,63,63,63,"state_audit"
2012,63,63,63,"finalize_commit_audit"
2013,63,63,63,"uwb_commit"
2014,63,63,63,"core_total"
2015,63,63,63,"outer_logging_flush"
2016,63,63,63,"outer_epoch"
2017,64,64,64,"imu_preintegration"
2018,64,64,64,"no_uwb_isam_update"
2019,64,64,64,"state_query"
2020,64,64,64,"current_joint_marginal"
2021,64,64,64,"snapshot_extraction"
2022,64,64,64,"prepare"
2023,64,64,64,"integrity_window"
2024,64,64,64,"window_boundary_provenance"
2025,64,64,64,"window_factor_linearization_whitening"
2026,64,64,64,"window_dense_assembly"
2027,64,64,64,"window_svd"
2028,64,64,64,"window_normal_equations"
2029,64,64,64,"window_llt_state_solves"
2030,64,64,64,"window_fingerprint"
2031,64,64,64,"all_in_detector"
2032,64,64,64,"current_sensitivity"
2033,64,64,64,"model_generation"
2034,64,64,64,"historical_sensitivity"
2035,64,64,64,"hypothesis_evidence"
2036,64,64,64,"health_actions"
2037,64,64,64,"base_factorization"
2038,64,64,64,"shared_cache"
2039,64,64,64,"candidate_evaluation"
2040,64,64,64,"fde_decision"
2041,64,64,64,"candidate_audit"
2042,64,64,64,"commit"
2043,64,64,64,"state_audit"
2044,64,64,64,"finalize_commit_audit"
2045,64,64,64,"uwb_commit"
2046,64,64,64,"core_total"
2047,64,64,64,"outer_logging_flush"
2048,64,64,64,"outer_epoch"
2049,65,65,65,"imu_preintegration"
2050,65,65,65,"no_uwb_isam_update"
2051,65,65,65,"state_query"
2052,65,65,65,"current_joint_marginal"
2053,65,65,65,"snapshot_extraction"
2054,65,65,65,"prepare"
2055,65,65,65,"integrity_window"
2056,65,65,65,"window_boundary_provenance"
2057,65,65,65,"window_factor_linearization_whitening"
2058,65,65,65,"window_dense_assembly"
2059,65,65,65,"window_svd"
2060,65,65,65,"window_normal_equations"
2061,65,65,65,"window_llt_state_solves"
2062,65,65,65,"window_fingerprint"
2063,65,65,65,"all_in_detector"
2064,65,65,65,"current_sensitivity"
2065,65,65,65,"model_generation"
2066,65,65,65,"historical_sensitivity"
2067,65,65,65,"hypothesis_evidence"
2068,65,65,65,"health_actions"
2069,65,65,65,"base_factorization"
2070,65,65,65,"shared_cache"
2071,65,65,65,"candidate_evaluation"
2072,65,65,65,"fde_decision"
2073,65,65,65,"candidate_audit"
2074,65,65,65,"commit"
2075,65,65,65,"state_audit"
2076,65,65,65,"finalize_commit_audit"
2077,65,65,65,"uwb_commit"
2078,65,65,65,"core_total"
2079,65,65,65,"outer_logging_flush"
2080,65,65,65,"outer_epoch"
2081,66,66,66,"imu_preintegration"
2082,66,66,66,"no_uwb_isam_update"
2083,66,66,66,"state_query"
2084,66,66,66,"current_joint_marginal"
2085,66,66,66,"snapshot_extraction"
2086,66,66,66,"prepare"
2087,66,66,66,"integrity_window"
2088,66,66,66,"window_boundary_provenance"
2089,66,66,66,"window_factor_linearization_whitening"
2090,66,66,66,"window_dense_assembly"
2091,66,66,66,"window_svd"
2092,66,66,66,"window_normal_equations"
2093,66,66,66,"window_llt_state_solves"
2094,66,66,66,"window_fingerprint"
2095,66,66,66,"all_in_detector"
2096,66,66,66,"current_sensitivity"
2097,66,66,66,"model_generation"
2098,66,66,66,"historical_sensitivity"
2099,66,66,66,"hypothesis_evidence"
2100,66,66,66,"health_actions"
2101,66,66,66,"base_factorization"
2102,66,66,66,"shared_cache"
2103,66,66,66,"candidate_evaluation"
2104,66,66,66,"fde_decision"
2105,66,66,66,"candidate_audit"
2106,66,66,66,"commit"
2107,66,66,66,"state_audit"
2108,66,66,66,"finalize_commit_audit"
2109,66,66,66,"uwb_commit"
2110,66,66,66,"core_total"
2111,66,66,66,"outer_logging_flush"
2112,66,66,66,"outer_epoch"
2113,67,67,67,"imu_preintegration"
2114,67,67,67,"no_uwb_isam_update"
2115,67,67,67,"state_query"
2116,67,67,67,"current_joint_marginal"
2117,67,67,67,"snapshot_extraction"
2118,67,67,67,"prepare"
2119,67,67,67,"integrity_window"
2120,67,67,67,"window_boundary_provenance"
2121,67,67,67,"window_factor_linearization_whitening"
2122,67,67,67,"window_dense_assembly"
2123,67,67,67,"window_svd"
2124,67,67,67,"window_normal_equations"
2125,67,67,67,"window_llt_state_solves"
2126,67,67,67,"window_fingerprint"
2127,67,67,67,"all_in_detector"
2128,67,67,67,"current_sensitivity"
2129,67,67,67,"model_generation"
2130,67,67,67,"historical_sensitivity"
2131,67,67,67,"hypothesis_evidence"
2132,67,67,67,"health_actions"
2133,67,67,67,"base_factorization"
2134,67,67,67,"shared_cache"
2135,67,67,67,"candidate_evaluation"
2136,67,67,67,"fde_decision"
2137,67,67,67,"candidate_audit"
2138,67,67,67,"commit"
2139,67,67,67,"state_audit"
2140,67,67,67,"finalize_commit_audit"
2141,67,67,67,"uwb_commit"
2142,67,67,67,"core_total"
2143,67,67,67,"outer_logging_flush"
2144,67,67,67,"outer_epoch"
2145,68,68,68,"imu_preintegration"
2146,68,68,68,"no_uwb_isam_update"
2147,68,68,68,"state_query"
2148,68,68,68,"current_joint_marginal"
2149,68,68,68,"snapshot_extraction"
2150,68,68,68,"prepare"
2151,68,68,68,"integrity_window"
2152,68,68,68,"window_boundary_provenance"
2153,68,68,68,"window_factor_linearization_whitening"
2154,68,68,68,"window_dense_assembly"
2155,68,68,68,"window_svd"
2156,68,68,68,"window_normal_equations"
2157,68,68,68,"window_llt_state_solves"
2158,68,68,68,"window_fingerprint"
2159,68,68,68,"all_in_detector"
2160,68,68,68,"current_sensitivity"
2161,68,68,68,"model_generation"
2162,68,68,68,"historical_sensitivity"
2163,68,68,68,"hypothesis_evidence"
2164,68,68,68,"health_actions"
2165,68,68,68,"base_factorization"
2166,68,68,68,"shared_cache"
2167,68,68,68,"candidate_evaluation"
2168,68,68,68,"fde_decision"
2169,68,68,68,"candidate_audit"
2170,68,68,68,"commit"
2171,68,68,68,"state_audit"
2172,68,68,68,"finalize_commit_audit"
2173,68,68,68,"uwb_commit"
2174,68,68,68,"core_total"
2175,68,68,68,"outer_logging_flush"
2176,68,68,68,"outer_epoch"
2177,69,69,69,"imu_preintegration"
2178,69,69,69,"no_uwb_isam_update"
2179,69,69,69,"state_query"
2180,69,69,69,"current_joint_marginal"
2181,69,69,69,"snapshot_extraction"
2182,69,69,69,"prepare"
2183,69,69,69,"integrity_window"
2184,69,69,69,"window_boundary_provenance"
2185,69,69,69,"window_factor_linearization_whitening"
2186,69,69,69,"window_dense_assembly"
2187,69,69,69,"window_svd"
2188,69,69,69,"window_normal_equations"
2189,69,69,69,"window_llt_state_solves"
2190,69,69,69,"window_fingerprint"
2191,69,69,69,"all_in_detector"
2192,69,69,69,"current_sensitivity"
2193,69,69,69,"model_generation"
2194,69,69,69,"historical_sensitivity"
2195,69,69,69,"hypothesis_evidence"
2196,69,69,69,"health_actions"
2197,69,69,69,"base_factorization"
2198,69,69,69,"shared_cache"
2199,69,69,69,"candidate_evaluation"
2200,69,69,69,"fde_decision"
2201,69,69,69,"candidate_audit"
2202,69,69,69,"commit"
2203,69,69,69,"state_audit"
2204,69,69,69,"finalize_commit_audit"
2205,69,69,69,"uwb_commit"
2206,69,69,69,"core_total"
2207,69,69,69,"outer_logging_flush"
2208,69,69,69,"outer_epoch"
2209,70,70,70,"imu_preintegration"
2210,70,70,70,"no_uwb_isam_update"
2211,70,70,70,"state_query"
2212,70,70,70,"current_joint_marginal"
2213,70,70,70,"snapshot_extraction"
2214,70,70,70,"prepare"
2215,70,70,70,"integrity_window"
2216,70,70,70,"window_boundary_provenance"
2217,70,70,70,"window_factor_linearization_whitening"
2218,70,70,70,"window_dense_assembly"
2219,70,70,70,"window_svd"
2220,70,70,70,"window_normal_equations"
2221,70,70,70,"window_llt_state_solves"
2222,70,70,70,"window_fingerprint"
2223,70,70,70,"all_in_detector"
2224,70,70,70,"current_sensitivity"
2225,70,70,70,"model_generation"
2226,70,70,70,"historical_sensitivity"
2227,70,70,70,"hypothesis_evidence"
2228,70,70,70,"health_actions"
2229,70,70,70,"base_factorization"
2230,70,70,70,"shared_cache"
2231,70,70,70,"candidate_evaluation"
2232,70,70,70,"fde_decision"
2233,70,70,70,"candidate_audit"
2234,70,70,70,"commit"
2235,70,70,70,"state_audit"
2236,70,70,70,"finalize_commit_audit"
2237,70,70,70,"uwb_commit"
2238,70,70,70,"core_total"
2239,70,70,70,"outer_logging_flush"
2240,70,70,70,"outer_epoch"
2241,71,71,71,"imu_preintegration"
2242,71,71,71,"no_uwb_isam_update"
2243,71,71,71,"state_query"
2244,71,71,71,"current_joint_marginal"
2245,71,71,71,"snapshot_extraction"
2246,71,71,71,"prepare"
2247,71,71,71,"integrity_window"
2248,71,71,71,"window_boundary_provenance"
2249,71,71,71,"window_factor_linearization_whitening"
2250,71,71,71,"window_dense_assembly"
2251,71,71,71,"window_svd"
2252,71,71,71,"window_normal_equations"
2253,71,71,71,"window_llt_state_solves"
2254,71,71,71,"window_fingerprint"
2255,71,71,71,"all_in_detector"
2256,71,71,71,"current_sensitivity"
2257,71,71,71,"model_generation"
2258,71,71,71,"historical_sensitivity"
2259,71,71,71,"hypothesis_evidence"
2260,71,71,71,"health_actions"
2261,71,71,71,"base_factorization"
2262,71,71,71,"shared_cache"
2263,71,71,71,"candidate_evaluation"
2264,71,71,71,"fde_decision"
2265,71,71,71,"candidate_audit"
2266,71,71,71,"commit"
2267,71,71,71,"state_audit"
2268,71,71,71,"finalize_commit_audit"
2269,71,71,71,"uwb_commit"
2270,71,71,71,"core_total"
2271,71,71,71,"outer_logging_flush"
2272,71,71,71,"outer_epoch"
2273,72,72,72,"imu_preintegration"
2274,72,72,72,"no_uwb_isam_update"
2275,72,72,72,"state_query"
2276,72,72,72,"current_joint_marginal"
2277,72,72,72,"snapshot_extraction"
2278,72,72,72,"prepare"
2279,72,72,72,"integrity_window"
2280,72,72,72,"window_boundary_provenance"
2281,72,72,72,"window_factor_linearization_whitening"
2282,72,72,72,"window_dense_assembly"
2283,72,72,72,"window_svd"
2284,72,72,72,"window_normal_equations"
2285,72,72,72,"window_llt_state_solves"
2286,72,72,72,"window_fingerprint"
2287,72,72,72,"all_in_detector"
2288,72,72,72,"current_sensitivity"
2289,72,72,72,"model_generation"
2290,72,72,72,"historical_sensitivity"
2291,72,72,72,"hypothesis_evidence"
2292,72,72,72,"health_actions"
2293,72,72,72,"base_factorization"
2294,72,72,72,"shared_cache"
2295,72,72,72,"candidate_evaluation"
2296,72,72,72,"fde_decision"
2297,72,72,72,"candidate_audit"
2298,72,72,72,"commit"
2299,72,72,72,"state_audit"
2300,72,72,72,"finalize_commit_audit"
2301,72,72,72,"uwb_commit"
2302,72,72,72,"core_total"
2303,72,72,72,"outer_logging_flush"
2304,72,72,72,"outer_epoch"
2305,73,73,73,"imu_preintegration"
2306,73,73,73,"no_uwb_isam_update"
2307,73,73,73,"state_query"
2308,73,73,73,"current_joint_marginal"
2309,73,73,73,"snapshot_extraction"
2310,73,73,73,"prepare"
2311,73,73,73,"integrity_window"
2312,73,73,73,"window_boundary_provenance"
2313,73,73,73,"window_factor_linearization_whitening"
2314,73,73,73,"window_dense_assembly"
2315,73,73,73,"window_svd"
2316,73,73,73,"window_normal_equations"
2317,73,73,73,"window_llt_state_solves"
2318,73,73,73,"window_fingerprint"
2319,73,73,73,"all_in_detector"
2320,73,73,73,"current_sensitivity"
2321,73,73,73,"model_generation"
2322,73,73,73,"historical_sensitivity"
2323,73,73,73,"hypothesis_evidence"
2324,73,73,73,"health_actions"
2325,73,73,73,"base_factorization"
2326,73,73,73,"shared_cache"
2327,73,73,73,"candidate_evaluation"
2328,73,73,73,"fde_decision"
2329,73,73,73,"candidate_audit"
2330,73,73,73,"commit"
2331,73,73,73,"state_audit"
2332,73,73,73,"finalize_commit_audit"
2333,73,73,73,"uwb_commit"
2334,73,73,73,"core_total"
2335,73,73,73,"outer_logging_flush"
2336,73,73,73,"outer_epoch"
2337,74,74,74,"imu_preintegration"
2338,74,74,74,"no_uwb_isam_update"
2339,74,74,74,"state_query"
2340,74,74,74,"current_joint_marginal"
2341,74,74,74,"snapshot_extraction"
2342,74,74,74,"prepare"
2343,74,74,74,"integrity_window"
2344,74,74,74,"window_boundary_provenance"
2345,74,74,74,"window_factor_linearization_whitening"
2346,74,74,74,"window_dense_assembly"
2347,74,74,74,"window_svd"
2348,74,74,74,"window_normal_equations"
2349,74,74,74,"window_llt_state_solves"
2350,74,74,74,"window_fingerprint"
2351,74,74,74,"all_in_detector"
2352,74,74,74,"current_sensitivity"
2353,74,74,74,"model_generation"
2354,74,74,74,"historical_sensitivity"
2355,74,74,74,"hypothesis_evidence"
2356,74,74,74,"health_actions"
2357,74,74,74,"base_factorization"
2358,74,74,74,"shared_cache"
2359,74,74,74,"candidate_evaluation"
2360,74,74,74,"fde_decision"
2361,74,74,74,"candidate_audit"
2362,74,74,74,"commit"
2363,74,74,74,"state_audit"
2364,74,74,74,"finalize_commit_audit"
2365,74,74,74,"uwb_commit"
2366,74,74,74,"core_total"
2367,74,74,74,"outer_logging_flush"
2368,74,74,74,"outer_epoch"
2369,75,75,75,"imu_preintegration"
2370,75,75,75,"no_uwb_isam_update"
2371,75,75,75,"state_query"
2372,75,75,75,"current_joint_marginal"
2373,75,75,75,"snapshot_extraction"
2374,75,75,75,"prepare"
2375,75,75,75,"integrity_window"
2376,75,75,75,"window_boundary_provenance"
2377,75,75,75,"window_factor_linearization_whitening"
2378,75,75,75,"window_dense_assembly"
2379,75,75,75,"window_svd"
2380,75,75,75,"window_normal_equations"
2381,75,75,75,"window_llt_state_solves"
2382,75,75,75,"window_fingerprint"
2383,75,75,75,"all_in_detector"
2384,75,75,75,"current_sensitivity"
2385,75,75,75,"model_generation"
2386,75,75,75,"historical_sensitivity"
2387,75,75,75,"hypothesis_evidence"
2388,75,75,75,"health_actions"
2389,75,75,75,"base_factorization"
2390,75,75,75,"shared_cache"
2391,75,75,75,"candidate_evaluation"
2392,75,75,75,"fde_decision"
2393,75,75,75,"candidate_audit"
2394,75,75,75,"commit"
2395,75,75,75,"state_audit"
2396,75,75,75,"finalize_commit_audit"
2397,75,75,75,"uwb_commit"
2398,75,75,75,"core_total"
2399,75,75,75,"outer_logging_flush"
2400,75,75,75,"outer_epoch"
2401,76,76,76,"imu_preintegration"
2402,76,76,76,"no_uwb_isam_update"
2403,76,76,76,"state_query"
2404,76,76,76,"current_joint_marginal"
2405,76,76,76,"snapshot_extraction"
2406,76,76,76,"prepare"
2407,76,76,76,"integrity_window"
2408,76,76,76,"window_boundary_provenance"
2409,76,76,76,"window_factor_linearization_whitening"
2410,76,76,76,"window_dense_assembly"
2411,76,76,76,"window_svd"
2412,76,76,76,"window_normal_equations"
2413,76,76,76,"window_llt_state_solves"
2414,76,76,76,"window_fingerprint"
2415,76,76,76,"all_in_detector"
2416,76,76,76,"current_sensitivity"
2417,76,76,76,"model_generation"
2418,76,76,76,"historical_sensitivity"
2419,76,76,76,"hypothesis_evidence"
2420,76,76,76,"health_actions"
2421,76,76,76,"base_factorization"
2422,76,76,76,"shared_cache"
2423,76,76,76,"candidate_evaluation"
2424,76,76,76,"fde_decision"
2425,76,76,76,"candidate_audit"
2426,76,76,76,"commit"
2427,76,76,76,"state_audit"
2428,76,76,76,"finalize_commit_audit"
2429,76,76,76,"uwb_commit"
2430,76,76,76,"core_total"
2431,76,76,76,"outer_logging_flush"
2432,76,76,76,"outer_epoch"
2433,77,77,77,"imu_preintegration"
2434,77,77,77,"no_uwb_isam_update"
2435,77,77,77,"state_query"
2436,77,77,77,"current_joint_marginal"
2437,77,77,77,"snapshot_extraction"
2438,77,77,77,"prepare"
2439,77,77,77,"integrity_window"
2440,77,77,77,"window_boundary_provenance"
2441,77,77,77,"window_factor_linearization_whitening"
2442,77,77,77,"window_dense_assembly"
2443,77,77,77,"window_svd"
2444,77,77,77,"window_normal_equations"
2445,77,77,77,"window_llt_state_solves"
2446,77,77,77,"window_fingerprint"
2447,77,77,77,"all_in_detector"
2448,77,77,77,"current_sensitivity"
2449,77,77,77,"model_generation"
2450,77,77,77,"historical_sensitivity"
2451,77,77,77,"hypothesis_evidence"
2452,77,77,77,"health_actions"
2453,77,77,77,"base_factorization"
2454,77,77,77,"shared_cache"
2455,77,77,77,"candidate_evaluation"
2456,77,77,77,"fde_decision"
2457,77,77,77,"candidate_audit"
2458,77,77,77,"commit"
2459,77,77,77,"state_audit"
2460,77,77,77,"finalize_commit_audit"
2461,77,77,77,"uwb_commit"
2462,77,77,77,"core_total"
2463,77,77,77,"outer_logging_flush"
2464,77,77,77,"outer_epoch"
2465,78,78,78,"imu_preintegration"
2466,78,78,78,"no_uwb_isam_update"
2467,78,78,78,"state_query"
2468,78,78,78,"current_joint_marginal"
2469,78,78,78,"snapshot_extraction"
2470,78,78,78,"prepare"
2471,78,78,78,"integrity_window"
2472,78,78,78,"window_boundary_provenance"
2473,78,78,78,"window_factor_linearization_whitening"
2474,78,78,78,"window_dense_assembly"
2475,78,78,78,"window_svd"
2476,78,78,78,"window_normal_equations"
2477,78,78,78,"window_llt_state_solves"
2478,78,78,78,"window_fingerprint"
2479,78,78,78,"all_in_detector"
2480,78,78,78,"current_sensitivity"
2481,78,78,78,"model_generation"
2482,78,78,78,"historical_sensitivity"
2483,78,78,78,"hypothesis_evidence"
2484,78,78,78,"health_actions"
2485,78,78,78,"base_factorization"
2486,78,78,78,"shared_cache"
2487,78,78,78,"candidate_evaluation"
2488,78,78,78,"fde_decision"
2489,78,78,78,"candidate_audit"
2490,78,78,78,"commit"
2491,78,78,78,"state_audit"
2492,78,78,78,"finalize_commit_audit"
2493,78,78,78,"uwb_commit"
2494,78,78,78,"core_total"
2495,78,78,78,"outer_logging_flush"
2496,78,78,78,"outer_epoch"
2497,79,79,79,"imu_preintegration"
2498,79,79,79,"no_uwb_isam_update"
2499,79,79,79,"state_query"
2500,79,79,79,"current_joint_marginal"
2501,79,79,79,"snapshot_extraction"
2502,79,79,79,"prepare"
2503,79,79,79,"integrity_window"
2504,79,79,79,"window_boundary_provenance"
2505,79,79,79,"window_factor_linearization_whitening"
2506,79,79,79,"window_dense_assembly"
2507,79,79,79,"window_svd"
2508,79,79,79,"window_normal_equations"
2509,79,79,79,"window_llt_state_solves"
2510,79,79,79,"window_fingerprint"
2511,79,79,79,"all_in_detector"
2512,79,79,79,"current_sensitivity"
2513,79,79,79,"model_generation"
2514,79,79,79,"historical_sensitivity"
2515,79,79,79,"hypothesis_evidence"
2516,79,79,79,"health_actions"
2517,79,79,79,"base_factorization"
2518,79,79,79,"shared_cache"
2519,79,79,79,"candidate_evaluation"
2520,79,79,79,"fde_decision"
2521,79,79,79,"candidate_audit"
2522,79,79,79,"commit"
2523,79,79,79,"state_audit"
2524,79,79,79,"finalize_commit_audit"
2525,79,79,79,"uwb_commit"
2526,79,79,79,"core_total"
2527,79,79,79,"outer_logging_flush"
2528,79,79,79,"outer_epoch"
2529,80,80,80,"imu_preintegration"
2530,80,80,80,"no_uwb_isam_update"
2531,80,80,80,"state_query"
2532,80,80,80,"current_joint_marginal"
2533,80,80,80,"snapshot_extraction"
2534,80,80,80,"prepare"
2535,80,80,80,"integrity_window"
2536,80,80,80,"window_boundary_provenance"
2537,80,80,80,"window_factor_linearization_whitening"
2538,80,80,80,"window_dense_assembly"
2539,80,80,80,"window_svd"
2540,80,80,80,"window_normal_equations"
2541,80,80,80,"window_llt_state_solves"
2542,80,80,80,"window_fingerprint"
2543,80,80,80,"all_in_detector"
2544,80,80,80,"current_sensitivity"
2545,80,80,80,"model_generation"
2546,80,80,80,"historical_sensitivity"
2547,80,80,80,"hypothesis_evidence"
2548,80,80,80,"health_actions"
2549,80,80,80,"base_factorization"
2550,80,80,80,"shared_cache"
2551,80,80,80,"candidate_evaluation"
2552,80,80,80,"fde_decision"
2553,80,80,80,"candidate_audit"
2554,80,80,80,"commit"
2555,80,80,80,"state_audit"
2556,80,80,80,"finalize_commit_audit"
2557,80,80,80,"uwb_commit"
2558,80,80,80,"core_total"
2559,80,80,80,"outer_logging_flush"
2560,80,80,80,"outer_epoch"
2561,81,81,81,"imu_preintegration"
2562,81,81,81,"no_uwb_isam_update"
2563,81,81,81,"state_query"
2564,81,81,81,"current_joint_marginal"
2565,81,81,81,"snapshot_extraction"
2566,81,81,81,"prepare"
2567,81,81,81,"integrity_window"
2568,81,81,81,"window_boundary_provenance"
2569,81,81,81,"window_factor_linearization_whitening"
2570,81,81,81,"window_dense_assembly"
2571,81,81,81,"window_svd"
2572,81,81,81,"window_normal_equations"
2573,81,81,81,"window_llt_state_solves"
2574,81,81,81,"window_fingerprint"
2575,81,81,81,"all_in_detector"
2576,81,81,81,"current_sensitivity"
2577,81,81,81,"model_generation"
2578,81,81,81,"historical_sensitivity"
2579,81,81,81,"hypothesis_evidence"
2580,81,81,81,"health_actions"
2581,81,81,81,"base_factorization"
2582,81,81,81,"shared_cache"
2583,81,81,81,"candidate_evaluation"
2584,81,81,81,"fde_decision"
2585,81,81,81,"candidate_audit"
2586,81,81,81,"commit"
2587,81,81,81,"state_audit"
2588,81,81,81,"finalize_commit_audit"
2589,81,81,81,"uwb_commit"
2590,81,81,81,"core_total"
2591,81,81,81,"outer_logging_flush"
2592,81,81,81,"outer_epoch"
2593,82,82,82,"imu_preintegration"
2594,82,82,82,"no_uwb_isam_update"
2595,82,82,82,"state_query"
2596,82,82,82,"current_joint_marginal"
2597,82,82,82,"snapshot_extraction"
2598,82,82,82,"prepare"
2599,82,82,82,"integrity_window"
2600,82,82,82,"window_boundary_provenance"
2601,82,82,82,"window_factor_linearization_whitening"
2602,82,82,82,"window_dense_assembly"
2603,82,82,82,"window_svd"
2604,82,82,82,"window_normal_equations"
2605,82,82,82,"window_llt_state_solves"
2606,82,82,82,"window_fingerprint"
2607,82,82,82,"all_in_detector"
2608,82,82,82,"current_sensitivity"
2609,82,82,82,"model_generation"
2610,82,82,82,"historical_sensitivity"
2611,82,82,82,"hypothesis_evidence"
2612,82,82,82,"health_actions"
2613,82,82,82,"base_factorization"
2614,82,82,82,"shared_cache"
2615,82,82,82,"candidate_evaluation"
2616,82,82,82,"fde_decision"
2617,82,82,82,"candidate_audit"
2618,82,82,82,"commit"
2619,82,82,82,"state_audit"
2620,82,82,82,"finalize_commit_audit"
2621,82,82,82,"uwb_commit"
2622,82,82,82,"core_total"
2623,82,82,82,"outer_logging_flush"
2624,82,82,82,"outer_epoch"
2625,83,83,83,"imu_preintegration"
2626,83,83,83,"no_uwb_isam_update"
2627,83,83,83,"state_query"
2628,83,83,83,"current_joint_marginal"
2629,83,83,83,"snapshot_extraction"
2630,83,83,83,"prepare"
2631,83,83,83,"integrity_window"
2632,83,83,83,"window_boundary_provenance"
2633,83,83,83,"window_factor_linearization_whitening"
2634,83,83,83,"window_dense_assembly"
2635,83,83,83,"window_svd"
2636,83,83,83,"window_normal_equations"
2637,83,83,83,"window_llt_state_solves"
2638,83,83,83,"window_fingerprint"
2639,83,83,83,"all_in_detector"
2640,83,83,83,"current_sensitivity"
2641,83,83,83,"model_generation"
2642,83,83,83,"historical_sensitivity"
2643,83,83,83,"hypothesis_evidence"
2644,83,83,83,"health_actions"
2645,83,83,83,"base_factorization"
2646,83,83,83,"shared_cache"
2647,83,83,83,"candidate_evaluation"
2648,83,83,83,"fde_decision"
2649,83,83,83,"candidate_audit"
2650,83,83,83,"commit"
2651,83,83,83,"state_audit"
2652,83,83,83,"finalize_commit_audit"
2653,83,83,83,"uwb_commit"
2654,83,83,83,"core_total"
2655,83,83,83,"outer_logging_flush"
2656,83,83,83,"outer_epoch"
2657,84,84,84,"imu_preintegration"
2658,84,84,84,"no_uwb_isam_update"
2659,84,84,84,"state_query"
2660,84,84,84,"current_joint_marginal"
2661,84,84,84,"snapshot_extraction"
2662,84,84,84,"prepare"
2663,84,84,84,"integrity_window"
2664,84,84,84,"window_boundary_provenance"
2665,84,84,84,"window_factor_linearization_whitening"
2666,84,84,84,"window_dense_assembly"
2667,84,84,84,"window_svd"
2668,84,84,84,"window_normal_equations"
2669,84,84,84,"window_llt_state_solves"
2670,84,84,84,"window_fingerprint"
2671,84,84,84,"all_in_detector"
2672,84,84,84,"current_sensitivity"
2673,84,84,84,"model_generation"
2674,84,84,84,"historical_sensitivity"
2675,84,84,84,"hypothesis_evidence"
2676,84,84,84,"health_actions"
2677,84,84,84,"base_factorization"
2678,84,84,84,"shared_cache"
2679,84,84,84,"candidate_evaluation"
2680,84,84,84,"fde_decision"
2681,84,84,84,"candidate_audit"
2682,84,84,84,"commit"
2683,84,84,84,"state_audit"
2684,84,84,84,"finalize_commit_audit"
2685,84,84,84,"uwb_commit"
2686,84,84,84,"core_total"
2687,84,84,84,"outer_logging_flush"
2688,84,84,84,"outer_epoch"
2689,85,85,85,"imu_preintegration"
2690,85,85,85,"no_uwb_isam_update"
2691,85,85,85,"state_query"
2692,85,85,85,"current_joint_marginal"
2693,85,85,85,"snapshot_extraction"
2694,85,85,85,"prepare"
2695,85,85,85,"integrity_window"
2696,85,85,85,"window_boundary_provenance"
2697,85,85,85,"window_factor_linearization_whitening"
2698,85,85,85,"window_dense_assembly"
2699,85,85,85,"window_svd"
2700,85,85,85,"window_normal_equations"
2701,85,85,85,"window_llt_state_solves"
2702,85,85,85,"window_fingerprint"
2703,85,85,85,"all_in_detector"
2704,85,85,85,"current_sensitivity"
2705,85,85,85,"model_generation"
2706,85,85,85,"historical_sensitivity"
2707,85,85,85,"hypothesis_evidence"
2708,85,85,85,"health_actions"
2709,85,85,85,"base_factorization"
2710,85,85,85,"shared_cache"
2711,85,85,85,"candidate_evaluation"
2712,85,85,85,"fde_decision"
2713,85,85,85,"candidate_audit"
2714,85,85,85,"commit"
2715,85,85,85,"state_audit"
2716,85,85,85,"finalize_commit_audit"
2717,85,85,85,"uwb_commit"
2718,85,85,85,"core_total"
2719,85,85,85,"outer_logging_flush"
2720,85,85,85,"outer_epoch"
2721,86,86,86,"imu_preintegration"
2722,86,86,86,"no_uwb_isam_update"
2723,86,86,86,"state_query"
2724,86,86,86,"current_joint_marginal"
2725,86,86,86,"snapshot_extraction"
2726,86,86,86,"prepare"
2727,86,86,86,"integrity_window"
2728,86,86,86,"window_boundary_provenance"
2729,86,86,86,"window_factor_linearization_whitening"
2730,86,86,86,"window_dense_assembly"
2731,86,86,86,"window_svd"
2732,86,86,86,"window_normal_equations"
2733,86,86,86,"window_llt_state_solves"
2734,86,86,86,"window_fingerprint"
2735,86,86,86,"all_in_detector"
2736,86,86,86,"current_sensitivity"
2737,86,86,86,"model_generation"
2738,86,86,86,"historical_sensitivity"
2739,86,86,86,"hypothesis_evidence"
2740,86,86,86,"health_actions"
2741,86,86,86,"base_factorization"
2742,86,86,86,"shared_cache"
2743,86,86,86,"candidate_evaluation"
2744,86,86,86,"fde_decision"
2745,86,86,86,"candidate_audit"
2746,86,86,86,"commit"
2747,86,86,86,"state_audit"
2748,86,86,86,"finalize_commit_audit"
2749,86,86,86,"uwb_commit"
2750,86,86,86,"core_total"
2751,86,86,86,"outer_logging_flush"
2752,86,86,86,"outer_epoch"
2753,87,87,87,"imu_preintegration"
2754,87,87,87,"no_uwb_isam_update"
2755,87,87,87,"state_query"
2756,87,87,87,"current_joint_marginal"
2757,87,87,87,"snapshot_extraction"
2758,87,87,87,"prepare"
2759,87,87,87,"integrity_window"
2760,87,87,87,"window_boundary_provenance"
2761,87,87,87,"window_factor_linearization_whitening"
2762,87,87,87,"window_dense_assembly"
2763,87,87,87,"window_svd"
2764,87,87,87,"window_normal_equations"
2765,87,87,87,"window_llt_state_solves"
2766,87,87,87,"window_fingerprint"
2767,87,87,87,"all_in_detector"
2768,87,87,87,"current_sensitivity"
2769,87,87,87,"model_generation"
2770,87,87,87,"historical_sensitivity"
2771,87,87,87,"hypothesis_evidence"
2772,87,87,87,"health_actions"
2773,87,87,87,"base_factorization"
2774,87,87,87,"shared_cache"
2775,87,87,87,"candidate_evaluation"
2776,87,87,87,"fde_decision"
2777,87,87,87,"candidate_audit"
2778,87,87,87,"commit"
2779,87,87,87,"state_audit"
2780,87,87,87,"finalize_commit_audit"
2781,87,87,87,"uwb_commit"
2782,87,87,87,"core_total"
2783,87,87,87,"outer_logging_flush"
2784,87,87,87,"outer_epoch"
2785,88,88,88,"imu_preintegration"
2786,88,88,88,"no_uwb_isam_update"
2787,88,88,88,"state_query"
2788,88,88,88,"current_joint_marginal"
2789,88,88,88,"snapshot_extraction"
2790,88,88,88,"prepare"
2791,88,88,88,"integrity_window"
2792,88,88,88,"window_boundary_provenance"
2793,88,88,88,"window_factor_linearization_whitening"
2794,88,88,88,"window_dense_assembly"
2795,88,88,88,"window_svd"
2796,88,88,88,"window_normal_equations"
2797,88,88,88,"window_llt_state_solves"
2798,88,88,88,"window_fingerprint"
2799,88,88,88,"all_in_detector"
2800,88,88,88,"current_sensitivity"
2801,88,88,88,"model_generation"
2802,88,88,88,"historical_sensitivity"
2803,88,88,88,"hypothesis_evidence"
2804,88,88,88,"health_actions"
2805,88,88,88,"base_factorization"
2806,88,88,88,"shared_cache"
2807,88,88,88,"candidate_evaluation"
2808,88,88,88,"fde_decision"
2809,88,88,88,"candidate_audit"
2810,88,88,88,"commit"
2811,88,88,88,"state_audit"
2812,88,88,88,"finalize_commit_audit"
2813,88,88,88,"uwb_commit"
2814,88,88,88,"core_total"
2815,88,88,88,"outer_logging_flush"
2816,88,88,88,"outer_epoch"
2817,89,89,89,"imu_preintegration"
2818,89,89,89,"no_uwb_isam_update"
2819,89,89,89,"state_query"
2820,89,89,89,"current_joint_marginal"
2821,89,89,89,"snapshot_extraction"
2822,89,89,89,"prepare"
2823,89,89,89,"integrity_window"
2824,89,89,89,"window_boundary_provenance"
2825,89,89,89,"window_factor_linearization_whitening"
2826,89,89,89,"window_dense_assembly"
2827,89,89,89,"window_svd"
2828,89,89,89,"window_normal_equations"
2829,89,89,89,"window_llt_state_solves"
2830,89,89,89,"window_fingerprint"
2831,89,89,89,"all_in_detector"
2832,89,89,89,"current_sensitivity"
2833,89,89,89,"model_generation"
2834,89,89,89,"historical_sensitivity"
2835,89,89,89,"hypothesis_evidence"
2836,89,89,89,"health_actions"
2837,89,89,89,"base_factorization"
2838,89,89,89,"shared_cache"
2839,89,89,89,"candidate_evaluation"
2840,89,89,89,"fde_decision"
2841,89,89,89,"candidate_audit"
2842,89,89,89,"commit"
2843,89,89,89,"state_audit"
2844,89,89,89,"finalize_commit_audit"
2845,89,89,89,"uwb_commit"
2846,89,89,89,"core_total"
2847,89,89,89,"outer_logging_flush"
2848,89,89,89,"outer_epoch"
2849,90,90,90,"imu_preintegration"
2850,90,90,90,"no_uwb_isam_update"
2851,90,90,90,"state_query"
2852,90,90,90,"current_joint_marginal"
2853,90,90,90,"snapshot_extraction"
2854,90,90,90,"prepare"
2855,90,90,90,"integrity_window"
2856,90,90,90,"window_boundary_provenance"
2857,90,90,90,"window_factor_linearization_whitening"
2858,90,90,90,"window_dense_assembly"
2859,90,90,90,"window_svd"
2860,90,90,90,"window_normal_equations"
2861,90,90,90,"window_llt_state_solves"
2862,90,90,90,"window_fingerprint"
2863,90,90,90,"all_in_detector"
2864,90,90,90,"current_sensitivity"
2865,90,90,90,"model_generation"
2866,90,90,90,"historical_sensitivity"
2867,90,90,90,"hypothesis_evidence"
2868,90,90,90,"health_actions"
2869,90,90,90,"base_factorization"
2870,90,90,90,"shared_cache"
2871,90,90,90,"candidate_evaluation"
2872,90,90,90,"fde_decision"
2873,90,90,90,"candidate_audit"
2874,90,90,90,"commit"
2875,90,90,90,"state_audit"
2876,90,90,90,"finalize_commit_audit"
2877,90,90,90,"uwb_commit"
2878,90,90,90,"core_total"
2879,90,90,90,"outer_logging_flush"
2880,90,90,90,"outer_epoch"
2881,91,91,91,"imu_preintegration"
2882,91,91,91,"no_uwb_isam_update"
2883,91,91,91,"state_query"
2884,91,91,91,"current_joint_marginal"
2885,91,91,91,"snapshot_extraction"
2886,91,91,91,"prepare"
2887,91,91,91,"integrity_window"
2888,91,91,91,"window_boundary_provenance"
2889,91,91,91,"window_factor_linearization_whitening"
2890,91,91,91,"window_dense_assembly"
2891,91,91,91,"window_svd"
2892,91,91,91,"window_normal_equations"
2893,91,91,91,"window_llt_state_solves"
2894,91,91,91,"window_fingerprint"
2895,91,91,91,"all_in_detector"
2896,91,91,91,"current_sensitivity"
2897,91,91,91,"model_generation"
2898,91,91,91,"historical_sensitivity"
2899,91,91,91,"hypothesis_evidence"
2900,91,91,91,"health_actions"
2901,91,91,91,"base_factorization"
2902,91,91,91,"shared_cache"
2903,91,91,91,"candidate_evaluation"
2904,91,91,91,"fde_decision"
2905,91,91,91,"candidate_audit"
2906,91,91,91,"commit"
2907,91,91,91,"state_audit"
2908,91,91,91,"finalize_commit_audit"
2909,91,91,91,"uwb_commit"
2910,91,91,91,"core_total"
2911,91,91,91,"outer_logging_flush"
2912,91,91,91,"outer_epoch"
2913,92,92,92,"imu_preintegration"
2914,92,92,92,"no_uwb_isam_update"
2915,92,92,92,"state_query"
2916,92,92,92,"current_joint_marginal"
2917,92,92,92,"snapshot_extraction"
2918,92,92,92,"prepare"
2919,92,92,92,"integrity_window"
2920,92,92,92,"window_boundary_provenance"
2921,92,92,92,"window_factor_linearization_whitening"
2922,92,92,92,"window_dense_assembly"
2923,92,92,92,"window_svd"
2924,92,92,92,"window_normal_equations"
2925,92,92,92,"window_llt_state_solves"
2926,92,92,92,"window_fingerprint"
2927,92,92,92,"all_in_detector"
2928,92,92,92,"current_sensitivity"
2929,92,92,92,"model_generation"
2930,92,92,92,"historical_sensitivity"
2931,92,92,92,"hypothesis_evidence"
2932,92,92,92,"health_actions"
2933,92,92,92,"base_factorization"
2934,92,92,92,"shared_cache"
2935,92,92,92,"candidate_evaluation"
2936,92,92,92,"fde_decision"
2937,92,92,92,"candidate_audit"
2938,92,92,92,"commit"
2939,92,92,92,"state_audit"
2940,92,92,92,"finalize_commit_audit"
2941,92,92,92,"uwb_commit"
2942,92,92,92,"core_total"
2943,92,92,92,"outer_logging_flush"
2944,92,92,92,"outer_epoch"
2945,93,93,93,"imu_preintegration"
2946,93,93,93,"no_uwb_isam_update"
2947,93,93,93,"state_query"
2948,93,93,93,"current_joint_marginal"
2949,93,93,93,"snapshot_extraction"
2950,93,93,93,"prepare"
2951,93,93,93,"integrity_window"
2952,93,93,93,"window_boundary_provenance"
2953,93,93,93,"window_factor_linearization_whitening"
2954,93,93,93,"window_dense_assembly"
2955,93,93,93,"window_svd"
2956,93,93,93,"window_normal_equations"
2957,93,93,93,"window_llt_state_solves"
2958,93,93,93,"window_fingerprint"
2959,93,93,93,"all_in_detector"
2960,93,93,93,"current_sensitivity"
2961,93,93,93,"model_generation"
2962,93,93,93,"historical_sensitivity"
2963,93,93,93,"hypothesis_evidence"
2964,93,93,93,"health_actions"
2965,93,93,93,"base_factorization"
2966,93,93,93,"shared_cache"
2967,93,93,93,"candidate_evaluation"
2968,93,93,93,"fde_decision"
2969,93,93,93,"candidate_audit"
2970,93,93,93,"commit"
2971,93,93,93,"state_audit"
2972,93,93,93,"finalize_commit_audit"
2973,93,93,93,"uwb_commit"
2974,93,93,93,"core_total"
2975,93,93,93,"outer_logging_flush"
2976,93,93,93,"outer_epoch"
2977,94,94,94,"imu_preintegration"
2978,94,94,94,"no_uwb_isam_update"
2979,94,94,94,"state_query"
2980,94,94,94,"current_joint_marginal"
2981,94,94,94,"snapshot_extraction"
2982,94,94,94,"prepare"
2983,94,94,94,"integrity_window"
2984,94,94,94,"window_boundary_provenance"
2985,94,94,94,"window_factor_linearization_whitening"
2986,94,94,94,"window_dense_assembly"
2987,94,94,94,"window_svd"
2988,94,94,94,"window_normal_equations"
2989,94,94,94,"window_llt_state_solves"
2990,94,94,94,"window_fingerprint"
2991,94,94,94,"all_in_detector"
2992,94,94,94,"current_sensitivity"
2993,94,94,94,"model_generation"
2994,94,94,94,"historical_sensitivity"
2995,94,94,94,"hypothesis_evidence"
2996,94,94,94,"health_actions"
2997,94,94,94,"base_factorization"
2998,94,94,94,"shared_cache"
2999,94,94,94,"candidate_evaluation"
3000,94,94,94,"fde_decision"
3001,94,94,94,"candidate_audit"
3002,94,94,94,"commit"
3003,94,94,94,"state_audit"
3004,94,94,94,"finalize_commit_audit"
3005,94,94,94,"uwb_commit"
3006,94,94,94,"core_total"
3007,94,94,94,"outer_logging_flush"
3008,94,94,94,"outer_epoch"
3009,95,95,95,"imu_preintegration"
3010,95,95,95,"no_uwb_isam_update"
3011,95,95,95,"state_query"
3012,95,95,95,"current_joint_marginal"
3013,95,95,95,"snapshot_extraction"
3014,95,95,95,"prepare"
3015,95,95,95,"integrity_window"
3016,95,95,95,"window_boundary_provenance"
3017,95,95,95,"window_factor_linearization_whitening"
3018,95,95,95,"window_dense_assembly"
3019,95,95,95,"window_svd"
3020,95,95,95,"window_normal_equations"
3021,95,95,95,"window_llt_state_solves"
3022,95,95,95,"window_fingerprint"
3023,95,95,95,"all_in_detector"
3024,95,95,95,"current_sensitivity"
3025,95,95,95,"model_generation"
3026,95,95,95,"historical_sensitivity"
3027,95,95,95,"hypothesis_evidence"
3028,95,95,95,"health_actions"
3029,95,95,95,"base_factorization"
3030,95,95,95,"shared_cache"
3031,95,95,95,"candidate_evaluation"
3032,95,95,95,"fde_decision"
3033,95,95,95,"candidate_audit"
3034,95,95,95,"commit"
3035,95,95,95,"state_audit"
3036,95,95,95,"finalize_commit_audit"
3037,95,95,95,"uwb_commit"
3038,95,95,95,"core_total"
3039,95,95,95,"outer_logging_flush"
3040,95,95,95,"outer_epoch"
3041,96,96,96,"imu_preintegration"
3042,96,96,96,"no_uwb_isam_update"
3043,96,96,96,"state_query"
3044,96,96,96,"current_joint_marginal"
3045,96,96,96,"snapshot_extraction"
3046,96,96,96,"prepare"
3047,96,96,96,"integrity_window"
3048,96,96,96,"window_boundary_provenance"
3049,96,96,96,"window_factor_linearization_whitening"
3050,96,96,96,"window_dense_assembly"
3051,96,96,96,"window_svd"
3052,96,96,96,"window_normal_equations"
3053,96,96,96,"window_llt_state_solves"
3054,96,96,96,"window_fingerprint"
3055,96,96,96,"all_in_detector"
3056,96,96,96,"current_sensitivity"
3057,96,96,96,"model_generation"
3058,96,96,96,"historical_sensitivity"
3059,96,96,96,"hypothesis_evidence"
3060,96,96,96,"health_actions"
3061,96,96,96,"base_factorization"
3062,96,96,96,"shared_cache"
3063,96,96,96,"candidate_evaluation"
3064,96,96,96,"fde_decision"
3065,96,96,96,"candidate_audit"
3066,96,96,96,"commit"
3067,96,96,96,"state_audit"
3068,96,96,96,"finalize_commit_audit"
3069,96,96,96,"uwb_commit"
3070,96,96,96,"core_total"
3071,96,96,96,"outer_logging_flush"
3072,96,96,96,"outer_epoch"
3073,97,97,97,"imu_preintegration"
3074,97,97,97,"no_uwb_isam_update"
3075,97,97,97,"state_query"
3076,97,97,97,"current_joint_marginal"
3077,97,97,97,"snapshot_extraction"
3078,97,97,97,"prepare"
3079,97,97,97,"integrity_window"
3080,97,97,97,"window_boundary_provenance"
3081,97,97,97,"window_factor_linearization_whitening"
3082,97,97,97,"window_dense_assembly"
3083,97,97,97,"window_svd"
3084,97,97,97,"window_normal_equations"
3085,97,97,97,"window_llt_state_solves"
3086,97,97,97,"window_fingerprint"
3087,97,97,97,"all_in_detector"
3088,97,97,97,"current_sensitivity"
3089,97,97,97,"model_generation"
3090,97,97,97,"historical_sensitivity"
3091,97,97,97,"hypothesis_evidence"
3092,97,97,97,"health_actions"
3093,97,97,97,"base_factorization"
3094,97,97,97,"shared_cache"
3095,97,97,97,"candidate_evaluation"
3096,97,97,97,"fde_decision"
3097,97,97,97,"candidate_audit"
3098,97,97,97,"commit"
3099,97,97,97,"state_audit"
3100,97,97,97,"finalize_commit_audit"
3101,97,97,97,"uwb_commit"
3102,97,97,97,"core_total"
3103,97,97,97,"outer_logging_flush"
3104,97,97,97,"outer_epoch"
3105,98,98,98,"imu_preintegration"
3106,98,98,98,"no_uwb_isam_update"
3107,98,98,98,"state_query"
3108,98,98,98,"current_joint_marginal"
3109,98,98,98,"snapshot_extraction"
3110,98,98,98,"prepare"
3111,98,98,98,"integrity_window"
3112,98,98,98,"window_boundary_provenance"
3113,98,98,98,"window_factor_linearization_whitening"
3114,98,98,98,"window_dense_assembly"
3115,98,98,98,"window_svd"
3116,98,98,98,"window_normal_equations"
3117,98,98,98,"window_llt_state_solves"
3118,98,98,98,"window_fingerprint"
3119,98,98,98,"all_in_detector"
3120,98,98,98,"current_sensitivity"
3121,98,98,98,"model_generation"
3122,98,98,98,"historical_sensitivity"
3123,98,98,98,"hypothesis_evidence"
3124,98,98,98,"health_actions"
3125,98,98,98,"base_factorization"
3126,98,98,98,"shared_cache"
3127,98,98,98,"candidate_evaluation"
3128,98,98,98,"fde_decision"
3129,98,98,98,"candidate_audit"
3130,98,98,98,"commit"
3131,98,98,98,"state_audit"
3132,98,98,98,"finalize_commit_audit"
3133,98,98,98,"uwb_commit"
3134,98,98,98,"core_total"
3135,98,98,98,"outer_logging_flush"
3136,98,98,98,"outer_epoch"
3137,99,99,99,"imu_preintegration"
3138,99,99,99,"no_uwb_isam_update"
3139,99,99,99,"state_query"
3140,99,99,99,"current_joint_marginal"
3141,99,99,99,"snapshot_extraction"
3142,99,99,99,"prepare"
3143,99,99,99,"integrity_window"
3144,99,99,99,"window_boundary_provenance"
3145,99,99,99,"window_factor_linearization_whitening"
3146,99,99,99,"window_dense_assembly"
3147,99,99,99,"window_svd"
3148,99,99,99,"window_normal_equations"
3149,99,99,99,"window_llt_state_solves"
3150,99,99,99,"window_fingerprint"
3151,99,99,99,"all_in_detector"
3152,99,99,99,"current_sensitivity"
3153,99,99,99,"model_generation"
3154,99,99,99,"historical_sensitivity"
3155,99,99,99,"hypothesis_evidence"
3156,99,99,99,"health_actions"
3157,99,99,99,"base_factorization"
3158,99,99,99,"shared_cache"
3159,99,99,99,"candidate_evaluation"
3160,99,99,99,"fde_decision"
3161,99,99,99,"candidate_audit"
3162,99,99,99,"commit"
3163,99,99,99,"state_audit"
3164,99,99,99,"finalize_commit_audit"
3165,99,99,99,"uwb_commit"
3166,99,99,99,"core_total"
3167,99,99,99,"outer_logging_flush"
3168,99,99,99,"outer_epoch"
3169,100,100,100,"imu_preintegration"
3170,100,100,100,"no_uwb_isam_update"
3171,100,100,100,"state_query"
3172,100,100,100,"current_joint_marginal"
3173,100,100,100,"snapshot_extraction"
3174,100,100,100,"prepare"
3175,100,100,100,"integrity_window"
3176,100,100,100,"window_boundary_provenance"
3177,100,100,100,"window_factor_linearization_whitening"
3178,100,100,100,"window_dense_assembly"
3179,100,100,100,"window_svd"
3180,100,100,100,"window_normal_equations"
3181,100,100,100,"window_llt_state_solves"
3182,100,100,100,"window_fingerprint"
3183,100,100,100,"all_in_detector"
3184,100,100,100,"current_sensitivity"
3185,100,100,100,"model_generation"
3186,100,100,100,"historical_sensitivity"
3187,100,100,100,"hypothesis_evidence"
3188,100,100,100,"health_actions"
3189,100,100,100,"base_factorization"
3190,100,100,100,"shared_cache"
3191,100,100,100,"candidate_evaluation"
3192,100,100,100,"fde_decision"
3193,100,100,100,"candidate_audit"
3194,100,100,100,"commit"
3195,100,100,100,"state_audit"
3196,100,100,100,"finalize_commit_audit"
3197,100,100,100,"uwb_commit"
3198,100,100,100,"core_total"
3199,100,100,100,"outer_logging_flush"
3200,100,100,100,"outer_epoch"
3201,101,101,101,"imu_preintegration"
3202,101,101,101,"no_uwb_isam_update"
3203,101,101,101,"state_query"
3204,101,101,101,"current_joint_marginal"
3205,101,101,101,"snapshot_extraction"
3206,101,101,101,"prepare"
3207,101,101,101,"integrity_window"
3208,101,101,101,"window_boundary_provenance"
3209,101,101,101,"window_factor_linearization_whitening"
3210,101,101,101,"window_dense_assembly"
3211,101,101,101,"window_svd"
3212,101,101,101,"window_normal_equations"
3213,101,101,101,"window_llt_state_solves"
3214,101,101,101,"window_fingerprint"
3215,101,101,101,"all_in_detector"
3216,101,101,101,"current_sensitivity"
3217,101,101,101,"model_generation"
3218,101,101,101,"historical_sensitivity"
3219,101,101,101,"hypothesis_evidence"
3220,101,101,101,"health_actions"
3221,101,101,101,"base_factorization"
3222,101,101,101,"shared_cache"
3223,101,101,101,"candidate_evaluation"
3224,101,101,101,"fde_decision"
3225,101,101,101,"candidate_audit"
3226,101,101,101,"commit"
3227,101,101,101,"state_audit"
3228,101,101,101,"finalize_commit_audit"
3229,101,101,101,"uwb_commit"
3230,101,101,101,"core_total"
3231,101,101,101,"outer_logging_flush"
3232,101,101,101,"outer_epoch"
3233,102,102,102,"imu_preintegration"
3234,102,102,102,"no_uwb_isam_update"
3235,102,102,102,"state_query"
3236,102,102,102,"current_joint_marginal"
3237,102,102,102,"snapshot_extraction"
3238,102,102,102,"prepare"
3239,102,102,102,"integrity_window"
3240,102,102,102,"window_boundary_provenance"
3241,102,102,102,"window_factor_linearization_whitening"
3242,102,102,102,"window_dense_assembly"
3243,102,102,102,"window_svd"
3244,102,102,102,"window_normal_equations"
3245,102,102,102,"window_llt_state_solves"
3246,102,102,102,"window_fingerprint"
3247,102,102,102,"all_in_detector"
3248,102,102,102,"current_sensitivity"
3249,102,102,102,"model_generation"
3250,102,102,102,"historical_sensitivity"
3251,102,102,102,"hypothesis_evidence"
3252,102,102,102,"health_actions"
3253,102,102,102,"base_factorization"
3254,102,102,102,"shared_cache"
3255,102,102,102,"candidate_evaluation"
3256,102,102,102,"fde_decision"
3257,102,102,102,"candidate_audit"
3258,102,102,102,"commit"
3259,102,102,102,"state_audit"
3260,102,102,102,"finalize_commit_audit"
3261,102,102,102,"uwb_commit"
3262,102,102,102,"core_total"
3263,102,102,102,"outer_logging_flush"
3264,102,102,102,"outer_epoch"
3265,103,103,103,"imu_preintegration"
3266,103,103,103,"no_uwb_isam_update"
3267,103,103,103,"state_query"
3268,103,103,103,"current_joint_marginal"
3269,103,103,103,"snapshot_extraction"
3270,103,103,103,"prepare"
3271,103,103,103,"integrity_window"
3272,103,103,103,"window_boundary_provenance"
3273,103,103,103,"window_factor_linearization_whitening"
3274,103,103,103,"window_dense_assembly"
3275,103,103,103,"window_svd"
3276,103,103,103,"window_normal_equations"
3277,103,103,103,"window_llt_state_solves"
3278,103,103,103,"window_fingerprint"
3279,103,103,103,"all_in_detector"
3280,103,103,103,"current_sensitivity"
3281,103,103,103,"model_generation"
3282,103,103,103,"historical_sensitivity"
3283,103,103,103,"hypothesis_evidence"
3284,103,103,103,"health_actions"
3285,103,103,103,"base_factorization"
3286,103,103,103,"shared_cache"
3287,103,103,103,"candidate_evaluation"
3288,103,103,103,"fde_decision"
3289,103,103,103,"candidate_audit"
3290,103,103,103,"commit"
3291,103,103,103,"state_audit"
3292,103,103,103,"finalize_commit_audit"
3293,103,103,103,"uwb_commit"
3294,103,103,103,"core_total"
3295,103,103,103,"outer_logging_flush"
3296,103,103,103,"outer_epoch"
3297,104,104,104,"imu_preintegration"
3298,104,104,104,"no_uwb_isam_update"
3299,104,104,104,"state_query"
3300,104,104,104,"current_joint_marginal"
3301,104,104,104,"snapshot_extraction"
3302,104,104,104,"prepare"
3303,104,104,104,"integrity_window"
3304,104,104,104,"window_boundary_provenance"
3305,104,104,104,"window_factor_linearization_whitening"
3306,104,104,104,"window_dense_assembly"
3307,104,104,104,"window_svd"
3308,104,104,104,"window_normal_equations"
3309,104,104,104,"window_llt_state_solves"
3310,104,104,104,"window_fingerprint"
3311,104,104,104,"all_in_detector"
3312,104,104,104,"current_sensitivity"
3313,104,104,104,"model_generation"
3314,104,104,104,"historical_sensitivity"
3315,104,104,104,"hypothesis_evidence"
3316,104,104,104,"health_actions"
3317,104,104,104,"base_factorization"
3318,104,104,104,"shared_cache"
3319,104,104,104,"candidate_evaluation"
3320,104,104,104,"fde_decision"
3321,104,104,104,"candidate_audit"
3322,104,104,104,"commit"
3323,104,104,104,"state_audit"
3324,104,104,104,"finalize_commit_audit"
3325,104,104,104,"uwb_commit"
3326,104,104,104,"core_total"
3327,104,104,104,"outer_logging_flush"
3328,104,104,104,"outer_epoch"
3329,105,105,105,"imu_preintegration"
3330,105,105,105,"no_uwb_isam_update"
3331,105,105,105,"state_query"
3332,105,105,105,"current_joint_marginal"
3333,105,105,105,"snapshot_extraction"
3334,105,105,105,"prepare"
3335,105,105,105,"integrity_window"
3336,105,105,105,"window_boundary_provenance"
3337,105,105,105,"window_factor_linearization_whitening"
3338,105,105,105,"window_dense_assembly"
3339,105,105,105,"window_svd"
3340,105,105,105,"window_normal_equations"
3341,105,105,105,"window_llt_state_solves"
3342,105,105,105,"window_fingerprint"
3343,105,105,105,"all_in_detector"
3344,105,105,105,"current_sensitivity"
3345,105,105,105,"model_generation"
3346,105,105,105,"historical_sensitivity"
3347,105,105,105,"hypothesis_evidence"
3348,105,105,105,"health_actions"
3349,105,105,105,"base_factorization"
3350,105,105,105,"shared_cache"
3351,105,105,105,"candidate_evaluation"
3352,105,105,105,"fde_decision"
3353,105,105,105,"candidate_audit"
3354,105,105,105,"commit"
3355,105,105,105,"state_audit"
3356,105,105,105,"finalize_commit_audit"
3357,105,105,105,"uwb_commit"
3358,105,105,105,"core_total"
3359,105,105,105,"outer_logging_flush"
3360,105,105,105,"outer_epoch"
3361,106,106,106,"imu_preintegration"
3362,106,106,106,"no_uwb_isam_update"
3363,106,106,106,"state_query"
3364,106,106,106,"current_joint_marginal"
3365,106,106,106,"snapshot_extraction"
3366,106,106,106,"prepare"
3367,106,106,106,"integrity_window"
3368,106,106,106,"window_boundary_provenance"
3369,106,106,106,"window_factor_linearization_whitening"
3370,106,106,106,"window_dense_assembly"
3371,106,106,106,"window_svd"
3372,106,106,106,"window_normal_equations"
3373,106,106,106,"window_llt_state_solves"
3374,106,106,106,"window_fingerprint"
3375,106,106,106,"all_in_detector"
3376,106,106,106,"current_sensitivity"
3377,106,106,106,"model_generation"
3378,106,106,106,"historical_sensitivity"
3379,106,106,106,"hypothesis_evidence"
3380,106,106,106,"health_actions"
3381,106,106,106,"base_factorization"
3382,106,106,106,"shared_cache"
3383,106,106,106,"candidate_evaluation"
3384,106,106,106,"fde_decision"
3385,106,106,106,"candidate_audit"
3386,106,106,106,"commit"
3387,106,106,106,"state_audit"
3388,106,106,106,"finalize_commit_audit"
3389,106,106,106,"uwb_commit"
3390,106,106,106,"core_total"
3391,106,106,106,"outer_logging_flush"
3392,106,106,106,"outer_epoch"
3393,107,107,107,"imu_preintegration"
3394,107,107,107,"no_uwb_isam_update"
3395,107,107,107,"state_query"
3396,107,107,107,"current_joint_marginal"
3397,107,107,107,"snapshot_extraction"
3398,107,107,107,"prepare"
3399,107,107,107,"integrity_window"
3400,107,107,107,"window_boundary_provenance"
3401,107,107,107,"window_factor_linearization_whitening"
3402,107,107,107,"window_dense_assembly"
3403,107,107,107,"window_svd"
3404,107,107,107,"window_normal_equations"
3405,107,107,107,"window_llt_state_solves"
3406,107,107,107,"window_fingerprint"
3407,107,107,107,"all_in_detector"
3408,107,107,107,"current_sensitivity"
3409,107,107,107,"model_generation"
3410,107,107,107,"historical_sensitivity"
3411,107,107,107,"hypothesis_evidence"
3412,107,107,107,"health_actions"
3413,107,107,107,"base_factorization"
3414,107,107,107,"shared_cache"
3415,107,107,107,"candidate_evaluation"
3416,107,107,107,"fde_decision"
3417,107,107,107,"candidate_audit"
3418,107,107,107,"commit"
3419,107,107,107,"state_audit"
3420,107,107,107,"finalize_commit_audit"
3421,107,107,107,"uwb_commit"
3422,107,107,107,"core_total"
3423,107,107,107,"outer_logging_flush"
3424,107,107,107,"outer_epoch"
3425,108,108,108,"imu_preintegration"
3426,108,108,108,"no_uwb_isam_update"
3427,108,108,108,"state_query"
3428,108,108,108,"current_joint_marginal"
3429,108,108,108,"snapshot_extraction"
3430,108,108,108,"prepare"
3431,108,108,108,"integrity_window"
3432,108,108,108,"window_boundary_provenance"
3433,108,108,108,"window_factor_linearization_whitening"
3434,108,108,108,"window_dense_assembly"
3435,108,108,108,"window_svd"
3436,108,108,108,"window_normal_equations"
3437,108,108,108,"window_llt_state_solves"
3438,108,108,108,"window_fingerprint"
3439,108,108,108,"all_in_detector"
3440,108,108,108,"current_sensitivity"
3441,108,108,108,"model_generation"
3442,108,108,108,"historical_sensitivity"
3443,108,108,108,"hypothesis_evidence"
3444,108,108,108,"health_actions"
3445,108,108,108,"base_factorization"
3446,108,108,108,"shared_cache"
3447,108,108,108,"candidate_evaluation"
3448,108,108,108,"fde_decision"
3449,108,108,108,"candidate_audit"
3450,108,108,108,"commit"
3451,108,108,108,"state_audit"
3452,108,108,108,"finalize_commit_audit"
3453,108,108,108,"uwb_commit"
3454,108,108,108,"core_total"
3455,108,108,108,"outer_logging_flush"
3456,108,108,108,"outer_epoch"
3457,109,109,109,"imu_preintegration"
3458,109,109,109,"no_uwb_isam_update"
3459,109,109,109,"state_query"
3460,109,109,109,"current_joint_marginal"
3461,109,109,109,"snapshot_extraction"
3462,109,109,109,"prepare"
3463,109,109,109,"integrity_window"
3464,109,109,109,"window_boundary_provenance"
3465,109,109,109,"window_factor_linearization_whitening"
3466,109,109,109,"window_dense_assembly"
3467,109,109,109,"window_svd"
3468,109,109,109,"window_normal_equations"
3469,109,109,109,"window_llt_state_solves"
3470,109,109,109,"window_fingerprint"
3471,109,109,109,"all_in_detector"
3472,109,109,109,"current_sensitivity"
3473,109,109,109,"model_generation"
3474,109,109,109,"historical_sensitivity"
3475,109,109,109,"hypothesis_evidence"
3476,109,109,109,"health_actions"
3477,109,109,109,"base_factorization"
3478,109,109,109,"shared_cache"
3479,109,109,109,"candidate_evaluation"
3480,109,109,109,"fde_decision"
3481,109,109,109,"candidate_audit"
3482,109,109,109,"commit"
3483,109,109,109,"state_audit"
3484,109,109,109,"finalize_commit_audit"
3485,109,109,109,"uwb_commit"
3486,109,109,109,"core_total"
3487,109,109,109,"outer_logging_flush"
3488,109,109,109,"outer_epoch"
3489,110,110,110,"imu_preintegration"
3490,110,110,110,"no_uwb_isam_update"
3491,110,110,110,"state_query"
3492,110,110,110,"current_joint_marginal"
3493,110,110,110,"snapshot_extraction"
3494,110,110,110,"prepare"
3495,110,110,110,"integrity_window"
3496,110,110,110,"window_boundary_provenance"
3497,110,110,110,"window_factor_linearization_whitening"
3498,110,110,110,"window_dense_assembly"
3499,110,110,110,"window_svd"
3500,110,110,110,"window_normal_equations"
3501,110,110,110,"window_llt_state_solves"
3502,110,110,110,"window_fingerprint"
3503,110,110,110,"all_in_detector"
3504,110,110,110,"current_sensitivity"
3505,110,110,110,"model_generation"
3506,110,110,110,"historical_sensitivity"
3507,110,110,110,"hypothesis_evidence"
3508,110,110,110,"health_actions"
3509,110,110,110,"base_factorization"
3510,110,110,110,"shared_cache"
3511,110,110,110,"candidate_evaluation"
3512,110,110,110,"fde_decision"
3513,110,110,110,"candidate_audit"
3514,110,110,110,"commit"
3515,110,110,110,"state_audit"
3516,110,110,110,"finalize_commit_audit"
3517,110,110,110,"uwb_commit"
3518,110,110,110,"core_total"
3519,110,110,110,"outer_logging_flush"
3520,110,110,110,"outer_epoch"
3521,111,111,111,"imu_preintegration"
3522,111,111,111,"no_uwb_isam_update"
3523,111,111,111,"state_query"
3524,111,111,111,"current_joint_marginal"
3525,111,111,111,"snapshot_extraction"
3526,111,111,111,"prepare"
3527,111,111,111,"integrity_window"
3528,111,111,111,"window_boundary_provenance"
3529,111,111,111,"window_factor_linearization_whitening"
3530,111,111,111,"window_dense_assembly"
3531,111,111,111,"window_svd"
3532,111,111,111,"window_normal_equations"
3533,111,111,111,"window_llt_state_solves"
3534,111,111,111,"window_fingerprint"
3535,111,111,111,"all_in_detector"
3536,111,111,111,"current_sensitivity"
3537,111,111,111,"model_generation"
3538,111,111,111,"historical_sensitivity"
3539,111,111,111,"hypothesis_evidence"
3540,111,111,111,"health_actions"
3541,111,111,111,"base_factorization"
3542,111,111,111,"shared_cache"
3543,111,111,111,"candidate_evaluation"
3544,111,111,111,"fde_decision"
3545,111,111,111,"candidate_audit"
3546,111,111,111,"commit"
3547,111,111,111,"state_audit"
3548,111,111,111,"finalize_commit_audit"
3549,111,111,111,"uwb_commit"
3550,111,111,111,"core_total"
3551,111,111,111,"outer_logging_flush"
3552,111,111,111,"outer_epoch"
3553,112,112,112,"imu_preintegration"
3554,112,112,112,"no_uwb_isam_update"
3555,112,112,112,"state_query"
3556,112,112,112,"current_joint_marginal"
3557,112,112,112,"snapshot_extraction"
3558,112,112,112,"prepare"
3559,112,112,112,"integrity_window"
3560,112,112,112,"window_boundary_provenance"
3561,112,112,112,"window_factor_linearization_whitening"
3562,112,112,112,"window_dense_assembly"
3563,112,112,112,"window_svd"
3564,112,112,112,"window_normal_equations"
3565,112,112,112,"window_llt_state_solves"
3566,112,112,112,"window_fingerprint"
3567,112,112,112,"all_in_detector"
3568,112,112,112,"current_sensitivity"
3569,112,112,112,"model_generation"
3570,112,112,112,"historical_sensitivity"
3571,112,112,112,"hypothesis_evidence"
3572,112,112,112,"health_actions"
3573,112,112,112,"base_factorization"
3574,112,112,112,"shared_cache"
3575,112,112,112,"candidate_evaluation"
3576,112,112,112,"fde_decision"
3577,112,112,112,"candidate_audit"
3578,112,112,112,"commit"
3579,112,112,112,"state_audit"
3580,112,112,112,"finalize_commit_audit"
3581,112,112,112,"uwb_commit"
3582,112,112,112,"core_total"
3583,112,112,112,"outer_logging_flush"
3584,112,112,112,"outer_epoch"
3585,113,113,113,"imu_preintegration"
3586,113,113,113,"no_uwb_isam_update"
3587,113,113,113,"state_query"
3588,113,113,113,"current_joint_marginal"
3589,113,113,113,"snapshot_extraction"
3590,113,113,113,"prepare"
3591,113,113,113,"integrity_window"
3592,113,113,113,"window_boundary_provenance"
3593,113,113,113,"window_factor_linearization_whitening"
3594,113,113,113,"window_dense_assembly"
3595,113,113,113,"window_svd"
3596,113,113,113,"window_normal_equations"
3597,113,113,113,"window_llt_state_solves"
3598,113,113,113,"window_fingerprint"
3599,113,113,113,"all_in_detector"
3600,113,113,113,"current_sensitivity"
3601,113,113,113,"model_generation"
3602,113,113,113,"historical_sensitivity"
3603,113,113,113,"hypothesis_evidence"
3604,113,113,113,"health_actions"
3605,113,113,113,"base_factorization"
3606,113,113,113,"shared_cache"
3607,113,113,113,"candidate_evaluation"
3608,113,113,113,"fde_decision"
3609,113,113,113,"candidate_audit"
3610,113,113,113,"commit"
3611,113,113,113,"state_audit"
3612,113,113,113,"finalize_commit_audit"
3613,113,113,113,"uwb_commit"
3614,113,113,113,"core_total"
3615,113,113,113,"outer_logging_flush"
3616,113,113,113,"outer_epoch"
3617,114,114,114,"imu_preintegration"
3618,114,114,114,"no_uwb_isam_update"
3619,114,114,114,"state_query"
3620,114,114,114,"current_joint_marginal"
3621,114,114,114,"snapshot_extraction"
3622,114,114,114,"prepare"
3623,114,114,114,"integrity_window"
3624,114,114,114,"window_boundary_provenance"
3625,114,114,114,"window_factor_linearization_whitening"
3626,114,114,114,"window_dense_assembly"
3627,114,114,114,"window_svd"
3628,114,114,114,"window_normal_equations"
3629,114,114,114,"window_llt_state_solves"
3630,114,114,114,"window_fingerprint"
3631,114,114,114,"all_in_detector"
3632,114,114,114,"current_sensitivity"
3633,114,114,114,"model_generation"
3634,114,114,114,"historical_sensitivity"
3635,114,114,114,"hypothesis_evidence"
3636,114,114,114,"health_actions"
3637,114,114,114,"base_factorization"
3638,114,114,114,"shared_cache"
3639,114,114,114,"candidate_evaluation"
3640,114,114,114,"fde_decision"
3641,114,114,114,"candidate_audit"
3642,114,114,114,"commit"
3643,114,114,114,"state_audit"
3644,114,114,114,"finalize_commit_audit"
3645,114,114,114,"uwb_commit"
3646,114,114,114,"core_total"
3647,114,114,114,"outer_logging_flush"
3648,114,114,114,"outer_epoch"
3649,115,115,115,"imu_preintegration"
3650,115,115,115,"no_uwb_isam_update"
3651,115,115,115,"state_query"
3652,115,115,115,"current_joint_marginal"
3653,115,115,115,"snapshot_extraction"
3654,115,115,115,"prepare"
3655,115,115,115,"integrity_window"
3656,115,115,115,"window_boundary_provenance"
3657,115,115,115,"window_factor_linearization_whitening"
3658,115,115,115,"window_dense_assembly"
3659,115,115,115,"window_svd"
3660,115,115,115,"window_normal_equations"
3661,115,115,115,"window_llt_state_solves"
3662,115,115,115,"window_fingerprint"
3663,115,115,115,"all_in_detector"
3664,115,115,115,"current_sensitivity"
3665,115,115,115,"model_generation"
3666,115,115,115,"historical_sensitivity"
3667,115,115,115,"hypothesis_evidence"
3668,115,115,115,"health_actions"
3669,115,115,115,"base_factorization"
3670,115,115,115,"shared_cache"
3671,115,115,115,"candidate_evaluation"
3672,115,115,115,"fde_decision"
3673,115,115,115,"candidate_audit"
3674,115,115,115,"commit"
3675,115,115,115,"state_audit"
3676,115,115,115,"finalize_commit_audit"
3677,115,115,115,"uwb_commit"
3678,115,115,115,"core_total"
3679,115,115,115,"outer_logging_flush"
3680,115,115,115,"outer_epoch"
3681,116,116,116,"imu_preintegration"
3682,116,116,116,"no_uwb_isam_update"
3683,116,116,116,"state_query"
3684,116,116,116,"current_joint_marginal"
3685,116,116,116,"snapshot_extraction"
3686,116,116,116,"prepare"
3687,116,116,116,"integrity_window"
3688,116,116,116,"window_boundary_provenance"
3689,116,116,116,"window_factor_linearization_whitening"
3690,116,116,116,"window_dense_assembly"
3691,116,116,116,"window_svd"
3692,116,116,116,"window_normal_equations"
3693,116,116,116,"window_llt_state_solves"
3694,116,116,116,"window_fingerprint"
3695,116,116,116,"all_in_detector"
3696,116,116,116,"current_sensitivity"
3697,116,116,116,"model_generation"
3698,116,116,116,"historical_sensitivity"
3699,116,116,116,"hypothesis_evidence"
3700,116,116,116,"health_actions"
3701,116,116,116,"base_factorization"
3702,116,116,116,"shared_cache"
3703,116,116,116,"candidate_evaluation"
3704,116,116,116,"fde_decision"
3705,116,116,116,"candidate_audit"
3706,116,116,116,"commit"
3707,116,116,116,"state_audit"
3708,116,116,116,"finalize_commit_audit"
3709,116,116,116,"uwb_commit"
3710,116,116,116,"core_total"
3711,116,116,116,"outer_logging_flush"
3712,116,116,116,"outer_epoch"
3713,117,117,117,"imu_preintegration"
3714,117,117,117,"no_uwb_isam_update"
3715,117,117,117,"state_query"
3716,117,117,117,"current_joint_marginal"
3717,117,117,117,"snapshot_extraction"
3718,117,117,117,"prepare"
3719,117,117,117,"integrity_window"
3720,117,117,117,"window_boundary_provenance"
3721,117,117,117,"window_factor_linearization_whitening"
3722,117,117,117,"window_dense_assembly"
3723,117,117,117,"window_svd"
3724,117,117,117,"window_normal_equations"
3725,117,117,117,"window_llt_state_solves"
3726,117,117,117,"window_fingerprint"
3727,117,117,117,"all_in_detector"
3728,117,117,117,"current_sensitivity"
3729,117,117,117,"model_generation"
3730,117,117,117,"historical_sensitivity"
3731,117,117,117,"hypothesis_evidence"
3732,117,117,117,"health_actions"
3733,117,117,117,"base_factorization"
3734,117,117,117,"shared_cache"
3735,117,117,117,"candidate_evaluation"
3736,117,117,117,"fde_decision"
3737,117,117,117,"candidate_audit"
3738,117,117,117,"commit"
3739,117,117,117,"state_audit"
3740,117,117,117,"finalize_commit_audit"
3741,117,117,117,"uwb_commit"
3742,117,117,117,"core_total"
3743,117,117,117,"outer_logging_flush"
3744,117,117,117,"outer_epoch"
3745,118,118,118,"imu_preintegration"
3746,118,118,118,"no_uwb_isam_update"
3747,118,118,118,"state_query"
3748,118,118,118,"current_joint_marginal"
3749,118,118,118,"snapshot_extraction"
3750,118,118,118,"prepare"
3751,118,118,118,"integrity_window"
3752,118,118,118,"window_boundary_provenance"
3753,118,118,118,"window_factor_linearization_whitening"
3754,118,118,118,"window_dense_assembly"
3755,118,118,118,"window_svd"
3756,118,118,118,"window_normal_equations"
3757,118,118,118,"window_llt_state_solves"
3758,118,118,118,"window_fingerprint"
3759,118,118,118,"all_in_detector"
3760,118,118,118,"current_sensitivity"
3761,118,118,118,"model_generation"
3762,118,118,118,"historical_sensitivity"
3763,118,118,118,"hypothesis_evidence"
3764,118,118,118,"health_actions"
3765,118,118,118,"base_factorization"
3766,118,118,118,"shared_cache"
3767,118,118,118,"candidate_evaluation"
3768,118,118,118,"fde_decision"
3769,118,118,118,"candidate_audit"
3770,118,118,118,"commit"
3771,118,118,118,"state_audit"
3772,118,118,118,"finalize_commit_audit"
3773,118,118,118,"uwb_commit"
3774,118,118,118,"core_total"
3775,118,118,118,"outer_logging_flush"
3776,118,118,118,"outer_epoch"
3777,119,119,119,"imu_preintegration"
3778,119,119,119,"no_uwb_isam_update"
3779,119,119,119,"state_query"
3780,119,119,119,"current_joint_marginal"
3781,119,119,119,"snapshot_extraction"
3782,119,119,119,"prepare"
3783,119,119,119,"integrity_window"
3784,119,119,119,"window_boundary_provenance"
3785,119,119,119,"window_factor_linearization_whitening"
3786,119,119,119,"window_dense_assembly"
3787,119,119,119,"window_svd"
3788,119,119,119,"window_normal_equations"
3789,119,119,119,"window_llt_state_solves"
3790,119,119,119,"window_fingerprint"
3791,119,119,119,"all_in_detector"
3792,119,119,119,"current_sensitivity"
3793,119,119,119,"model_generation"
3794,119,119,119,"historical_sensitivity"
3795,119,119,119,"hypothesis_evidence"
3796,119,119,119,"health_actions"
3797,119,119,119,"base_factorization"
3798,119,119,119,"shared_cache"
3799,119,119,119,"candidate_evaluation"
3800,119,119,119,"fde_decision"
3801,119,119,119,"candidate_audit"
3802,119,119,119,"commit"
3803,119,119,119,"state_audit"
3804,119,119,119,"finalize_commit_audit"
3805,119,119,119,"uwb_commit"
3806,119,119,119,"core_total"
3807,119,119,119,"outer_logging_flush"
3808,119,119,119,"outer_epoch"
3809,120,120,120,"imu_preintegration"
3810,120,120,120,"no_uwb_isam_update"
3811,120,120,120,"state_query"
3812,120,120,120,"current_joint_marginal"
3813,120,120,120,"snapshot_extraction"
3814,120,120,120,"prepare"
3815,120,120,120,"integrity_window"
3816,120,120,120,"window_boundary_provenance"
3817,120,120,120,"window_factor_linearization_whitening"
3818,120,120,120,"window_dense_assembly"
3819,120,120,120,"window_svd"
3820,120,120,120,"window_normal_equations"
3821,120,120,120,"window_llt_state_solves"
3822,120,120,120,"window_fingerprint"
3823,120,120,120,"all_in_detector"
3824,120,120,120,"current_sensitivity"
3825,120,120,120,"model_generation"
3826,120,120,120,"historical_sensitivity"
3827,120,120,120,"hypothesis_evidence"
3828,120,120,120,"health_actions"
3829,120,120,120,"base_factorization"
3830,120,120,120,"shared_cache"
3831,120,120,120,"candidate_evaluation"
3832,120,120,120,"fde_decision"
3833,120,120,120,"candidate_audit"
3834,120,120,120,"commit"
3835,120,120,120,"state_audit"
3836,120,120,120,"finalize_commit_audit"
3837,120,120,120,"uwb_commit"
3838,120,120,120,"core_total"
3839,120,120,120,"outer_logging_flush"
3840,120,120,120,"outer_epoch"
