schema_version,input_attempt_id,input_timestamp_ns,transaction_id,window_id,graph_version,ordering_version,noise_model_version,linpoint_version,output_timestamp_ns,action_id,kernel_evaluated,numerical_valid,post_passed,pl_evaluated,coverage_rejected,selected,slow_path,near_gate,recovered_replacement,numerical_path,fallback_reason,skip_reason,cache_hits,certificate_passed,condition_value_kind,condition_lower_bound,condition_upper_bound,certificate_margin,matrix_free_step_rejected,covariance_solve_count,scratch_reuse_count,kernel_ms,post_ms,bridge_ms,fault_map_ms,pl_ms,removal_data_source,model_error_record,model_error_validated
uwb-imu-pl/gate-d-diagnostics/v16,1,50000000,1,1,1,1,1,1,50000000,1,1,1,1,1,0,0,0,0,0,"KEEP_BASE_CANONICAL","RANK_SAFETY_CERTIFIED_V1","PL_COMPLETE",0,1,"EXACT_BASE",nan,nan,nan,0,0,0,0.70927099999999998,0.035800999999999999,0.000185,0.33193499999999998,4.560924,"GENERATED_ACTION_SNAPSHOT_V1|1;137:414354494f4e5f53454d414e544943535f56317c34323a3431343335343439346634653566346635303435353234313534343934663465356635363331376333303362333033623330336233303362333033623330336233303362333033613362333033613362333033623b313b383a346234353435353035663431346334633b303b303b303b303b;42:414354494f4e5f4f5045524154494f4e5f56317c303b303b303b303b303b303b303b303a3b303a3b303b;","PLANNED_EVALUATION;operation_identity=ACTION_OPERATION_V1|0;0;0;0;0;0;0;0:;0:;0;;semantic_identity=ACTION_SEMANTICS_V1|42:414354494f4e5f4f5045524154494f4e5f56317c303b303b303b303b303b303b303b303a3b303a3b303b;1;8:4b4545505f414c4c;0;0;0;0;",1
uwb-imu-pl/gate-d-diagnostics/v16,2,100000000,2,2,2,1,1,2,100000000,1,1,1,1,1,0,0,0,0,0,"KEEP_BASE_CANONICAL","RANK_SAFETY_CERTIFIED_V1","PL_COMPLETE",0,1,"EXACT_BASE",nan,nan,nan,0,1,0,2.3546960000000001,0.090329000000000007,6.2000000000000003e-05,0.217696,197.36773500000001,"GENERATED_ACTION_SNAPSHOT_V1|1;137:414354494f4e5f53454d414e544943535f56317c34323a3431343335343439346634653566346635303435353234313534343934663465356635363331376333303362333033623330336233303362333033623330336233303362333033613362333033613362333033623b313b383a346234353435353035663431346334633b303b303b303b303b;42:414354494f4e5f4f5045524154494f4e5f56317c303b303b303b303b303b303b303b303a3b303a3b303b;","PLANNED_EVALUATION;operation_identity=ACTION_OPERATION_V1|0;0;0;0;0;0;0;0:;0:;0;;semantic_identity=ACTION_SEMANTICS_V1|42:414354494f4e5f4f5045524154494f4e5f56317c303b303b303b303b303b303b303b303a3b303a3b303b;1;8:4b4545505f414c4c;0;0;0;0;",1
uwb-imu-pl/gate-d-diagnostics/v16,3,150000000,3,3,3,1,1,3,150000000,1,1,1,1,1,0,0,0,0,0,"KEEP_BASE_CANONICAL","RANK_SAFETY_CERTIFIED_V1","PL_COMPLETE",0,1,"EXACT_BASE",nan,nan,nan,0,0,0,4.4873469999999998,0.132323,2.9e-05,1.821814,40.235391999999997,"GENERATED_ACTION_SNAPSHOT_V1|1;137:414354494f4e5f53454d414e544943535f56317c34323a3431343335343439346634653566346635303435353234313534343934663465356635363331376333303362333033623330336233303362333033623330336233303362333033613362333033613362333033623b313b383a346234353435353035663431346334633b303b303b303b303b;42:414354494f4e5f4f5045524154494f4e5f56317c303b303b303b303b303b303b303b303a3b303a3b303b;","PLANNED_EVALUATION;operation_identity=ACTION_OPERATION_V1|0;0;0;0;0;0;0;0:;0:;0;;semantic_identity=ACTION_SEMANTICS_V1|42:414354494f4e5f4f5045524154494f4e5f56317c303b303b303b303b303b303b303b303a3b303a3b303b;1;8:4b4545505f414c4c;0;0;0;0;",1
uwb-imu-pl/gate-d-diagnostics/v16,4,200000000,4,4,4,1,1,4,200000000,1,1,1,1,1,0,0,0,0,0,"KEEP_BASE_CANONICAL","RANK_SAFETY_CERTIFIED_V1","PL_COMPLETE",0,1,"EXACT_BASE",nan,nan,nan,0,0,0,9.5536619999999992,0.23141300000000001,6.2000000000000003e-05,3.3713540000000002,83.356454999999997,"GENERATED_ACTION_SNAPSHOT_V1|1;137:414354494f4e5f53454d414e544943535f56317c34323a3431343335343439346634653566346635303435353234313534343934663465356635363331376333303362333033623330336233303362333033623330336233303362333033613362333033613362333033623b313b383a346234353435353035663431346334633b303b303b303b303b;42:414354494f4e5f4f5045524154494f4e5f56317c303b303b303b303b303b303b303b303a3b303a3b303b;","PLANNED_EVALUATION;operation_identity=ACTION_OPERATION_V1|0;0;0;0;0;0;0;0:;0:;0;;semantic_identity=ACTION_SEMANTICS_V1|42:414354494f4e5f4f5045524154494f4e5f56317c303b303b303b303b303b303b303b303a3b303a3b303b;1;8:4b4545505f414c4c;0;0;0;0;",1
uwb-imu-pl/gate-d-diagnostics/v16,5,250000000,5,5,5,1,1,5,250000000,1,1,1,1,1,0,0,0,0,0,"KEEP_BASE_CANONICAL","RANK_SAFETY_CERTIFIED_V1","PL_COMPLETE",0,1,"EXACT_BASE",nan,nan,nan,0,0,0,10.848050000000001,0.29607299999999998,8.3999999999999995e-05,5.661524,130.99728500000001,"GENERATED_ACTION_SNAPSHOT_V1|1;137:414354494f4e5f53454d414e544943535f56317c34323a3431343335343439346634653566346635303435353234313534343934663465356635363331376333303362333033623330336233303362333033623330336233303362333033613362333033613362333033623b313b383a346234353435353035663431346334633b303b303b303b303b;42:414354494f4e5f4f5045524154494f4e5f56317c303b303b303b303b303b303b303b303a3b303a3b303b;","PLANNED_EVALUATION;operation_identity=ACTION_OPERATION_V1|0;0;0;0;0;0;0;0:;0:;0;;semantic_identity=ACTION_SEMANTICS_V1|42:414354494f4e5f4f5045524154494f4e5f56317c303b303b303b303b303b303b303b303a3b303a3b303b;1;8:4b4545505f414c4c;0;0;0;0;",1
uwb-imu-pl/gate-d-diagnostics/v16,6,300000000,6,6,6,1,1,6,300000000,1,1,1,1,1,0,0,0,0,0,"KEEP_BASE_CANONICAL","RANK_SAFETY_CERTIFIED_V1","PL_COMPLETE",0,1,"EXACT_BASE",nan,nan,nan,0,0,0,23.173318999999999,0.47875800000000002,0.00019000000000000001,8.1000449999999997,207.072653,"GENERATED_ACTION_SNAPSHOT_V1|1;137:414354494f4e5f53454d414e544943535f56317c34323a3431343335343439346634653566346635303435353234313534343934663465356635363331376333303362333033623330336233303362333033623330336233303362333033613362333033613362333033623b313b383a346234353435353035663431346334633b303b303b303b303b;42:414354494f4e5f4f5045524154494f4e5f56317c303b303b303b303b303b303b303b303a3b303a3b303b;","PLANNED_EVALUATION;operation_identity=ACTION_OPERATION_V1|0;0;0;0;0;0;0;0:;0:;0;;semantic_identity=ACTION_SEMANTICS_V1|42:414354494f4e5f4f5045524154494f4e5f56317c303b303b303b303b303b303b303b303a3b303a3b303b;1;8:4b4545505f414c4c;0;0;0;0;",1
uwb-imu-pl/gate-d-diagnostics/v16,7,350000000,7,7,7,1,1,7,350000000,1,1,1,1,1,0,0,0,0,0,"KEEP_BASE_CANONICAL","RANK_SAFETY_CERTIFIED_V1","PL_COMPLETE",0,1,"EXACT_BASE",nan,nan,nan,0,0,0,39.93571,0.64735900000000002,9.2999999999999997e-05,10.561681999999999,304.08321799999999,"GENERATED_ACTION_SNAPSHOT_V1|1;137:414354494f4e5f53454d414e544943535f56317c34323a3431343335343439346634653566346635303435353234313534343934663465356635363331376333303362333033623330336233303362333033623330336233303362333033613362333033613362333033623b313b383a346234353435353035663431346334633b303b303b303b303b;42:414354494f4e5f4f5045524154494f4e5f56317c303b303b303b303b303b303b303b303a3b303a3b303b;","PLANNED_EVALUATION;operation_identity=ACTION_OPERATION_V1|0;0;0;0;0;0;0;0:;0:;0;;semantic_identity=ACTION_SEMANTICS_V1|42:414354494f4e5f4f5045524154494f4e5f56317c303b303b303b303b303b303b303b303a3b303a3b303b;1;8:4b4545505f414c4c;0;0;0;0;",1
uwb-imu-pl/gate-d-diagnostics/v16,8,400000000,8,8,8,1,1,8,400000000,1,1,1,1,1,0,0,0,0,0,"KEEP_BASE_CANONICAL","RANK_SAFETY_CERTIFIED_V1","PL_COMPLETE",0,1,"EXACT_BASE",nan,nan,nan,0,0,0,55.787004000000003,0.91718,9.0000000000000006e-05,14.121912999999999,439.99076600000001,"GENERATED_ACTION_SNAPSHOT_V1|1;137:414354494f4e5f53454d414e544943535f56317c34323a3431343335343439346634653566346635303435353234313534343934663465356635363331376333303362333033623330336233303362333033623330336233303362333033613362333033613362333033623b313b383a346234353435353035663431346334633b303b303b303b303b;42:414354494f4e5f4f5045524154494f4e5f56317c303b303b303b303b303b303b303b303a3b303a3b303b;","PLANNED_EVALUATION;operation_identity=ACTION_OPERATION_V1|0;0;0;0;0;0;0;0:;0:;0;;semantic_identity=ACTION_SEMANTICS_V1|42:414354494f4e5f4f5045524154494f4e5f56317c303b303b303b303b303b303b303b303a3b303a3b303b;1;8:4b4545505f414c4c;0;0;0;0;",1
uwb-imu-pl/gate-d-diagnostics/v16,9,450000000,9,9,9,1,1,9,450000000,1,1,1,1,1,0,0,0,0,0,"KEEP_BASE_CANONICAL","RANK_SAFETY_CERTIFIED_V1","PL_COMPLETE",0,1,"EXACT_BASE",nan,nan,nan,0,0,0,61.058224000000003,1.0919829999999999,0.00015200000000000001,19.062619999999999,594.17527700000005,"GENERATED_ACTION_SNAPSHOT_V1|1;137:414354494f4e5f53454d414e544943535f56317c34323a3431343335343439346634653566346635303435353234313534343934663465356635363331376333303362333033623330336233303362333033623330336233303362333033613362333033613362333033623b313b383a346234353435353035663431346334633b303b303b303b303b;42:414354494f4e5f4f5045524154494f4e5f56317c303b303b303b303b303b303b303b303a3b303a3b303b;","PLANNED_EVALUATION;operation_identity=ACTION_OPERATION_V1|0;0;0;0;0;0;0;0:;0:;0;;semantic_identity=ACTION_SEMANTICS_V1|42:414354494f4e5f4f5045524154494f4e5f56317c303b303b303b303b303b303b303b303a3b303a3b303b;1;8:4b4545505f414c4c;0;0;0;0;",1
uwb-imu-pl/gate-d-diagnostics/v16,10,500000000,10,10,10,1,1,10,500000000,1,1,1,1,1,0,0,0,0,0,"KEEP_BASE_CANONICAL","RANK_SAFETY_CERTIFIED_V1","PL_COMPLETE",0,1,"EXACT_BASE",nan,nan,nan,0,0,0,85.904881000000003,2.6084369999999999,9.2999999999999997e-05,23.621618999999999,770.86403700000005,"GENERATED_ACTION_SNAPSHOT_V1|1;137:414354494f4e5f53454d414e544943535f56317c34323a3431343335343439346634653566346635303435353234313534343934663465356635363331376333303362333033623330336233303362333033623330336233303362333033613362333033613362333033623b313b383a346234353435353035663431346334633b303b303b303b303b;42:414354494f4e5f4f5045524154494f4e5f56317c303b303b303b303b303b303b303b303a3b303a3b303b;","PLANNED_EVALUATION;operation_identity=ACTION_OPERATION_V1|0;0;0;0;0;0;0;0:;0:;0;;semantic_identity=ACTION_SEMANTICS_V1|42:414354494f4e5f4f5045524154494f4e5f56317c303b303b303b303b303b303b303b303a3b303a3b303b;1;8:4b4545505f414c4c;0;0;0;0;",1
uwb-imu-pl/gate-d-diagnostics/v16,11,550000000,11,11,11,1,1,11,550000000,1,1,1,1,1,0,0,0,0,0,"KEEP_BASE_CANONICAL","RANK_SAFETY_CERTIFIED_V1","PL_COMPLETE",0,1,"EXACT_BASE",nan,nan,nan,0,0,0,97.623413999999997,1.520502,0.00021499999999999999,25.316320000000001,879.61529700000006,"GENERATED_ACTION_SNAPSHOT_V1|1;137:414354494f4e5f53454d414e544943535f56317c34323a3431343335343439346634653566346635303435353234313534343934663465356635363331376333303362333033623330336233303362333033623330336233303362333033613362333033613362333033623b313b383a346234353435353035663431346334633b303b303b303b303b;42:414354494f4e5f4f5045524154494f4e5f56317c303b303b303b303b303b303b303b303a3b303a3b303b;","PLANNED_EVALUATION;operation_identity=ACTION_OPERATION_V1|0;0;0;0;0;0;0;0:;0:;0;;semantic_identity=ACTION_SEMANTICS_V1|42:414354494f4e5f4f5045524154494f4e5f56317c303b303b303b303b303b303b303b303a3b303a3b303b;1;8:4b4545505f414c4c;0;0;0;0;",1
uwb-imu-pl/gate-d-diagnostics/v16,12,600000000,12,12,12,1,1,12,600000000,1,1,1,1,1,0,0,0,0,0,"KEEP_BASE_CANONICAL","RANK_SAFETY_CERTIFIED_V1","PL_COMPLETE",0,1,"EXACT_BASE",nan,nan,nan,0,0,0,88.741843000000003,1.5495049999999999,0.00031700000000000001,30.806750999999998,38.187897999999997,"GENERATED_ACTION_SNAPSHOT_V1|1;137:414354494f4e5f53454d414e544943535f56317c34323a3431343335343439346634653566346635303435353234313534343934663465356635363331376333303362333033623330336233303362333033623330336233303362333033613362333033613362333033623b313b383a346234353435353035663431346334633b303b303b303b303b;42:414354494f4e5f4f5045524154494f4e5f56317c303b303b303b303b303b303b303b303a3b303a3b303b;","PLANNED_EVALUATION;operation_identity=ACTION_OPERATION_V1|0;0;0;0;0;0;0;0:;0:;0;;semantic_identity=ACTION_SEMANTICS_V1|42:414354494f4e5f4f5045524154494f4e5f56317c303b303b303b303b303b303b303b303a3b303a3b303b;1;8:4b4545505f414c4c;0;0;0;0;",1
uwb-imu-pl/gate-d-diagnostics/v16,13,650000000,13,13,13,1,1,13,650000000,1,1,1,1,1,0,0,0,0,0,"KEEP_BASE_CANONICAL","RANK_SAFETY_CERTIFIED_V1","PL_COMPLETE",0,1,"EXACT_BASE",nan,nan,nan,0,0,0,88.626900000000006,1.4939180000000001,0.00025900000000000001,37.865012999999998,85.928708999999998,"GENERATED_ACTION_SNAPSHOT_V1|1;137:414354494f4e5f53454d414e544943535f56317c34323a3431343335343439346634653566346635303435353234313534343934663465356635363331376333303362333033623330336233303362333033623330336233303362333033613362333033613362333033623b313b383a346234353435353035663431346334633b303b303b303b303b;42:414354494f4e5f4f5045524154494f4e5f56317c303b303b303b303b303b303b303b303a3b303a3b303b;","PLANNED_EVALUATION;operation_identity=ACTION_OPERATION_V1|0;0;0;0;0;0;0;0:;0:;0;;semantic_identity=ACTION_SEMANTICS_V1|42:414354494f4e5f4f5045524154494f4e5f56317c303b303b303b303b303b303b303b303a3b303a3b303b;1;8:4b4545505f414c4c;0;0;0;0;",1
uwb-imu-pl/gate-d-diagnostics/v16,14,700000000,14,14,14,1,1,14,700000000,1,1,1,1,1,0,0,0,0,0,"KEEP_BASE_CANONICAL","RANK_SAFETY_CERTIFIED_V1","PL_COMPLETE",0,1,"EXACT_BASE",nan,nan,nan,0,0,0,92.835909999999998,1.498734,0.00017799999999999999,44.103430000000003,70.291292999999996,"GENERATED_ACTION_SNAPSHOT_V1|1;137:414354494f4e5f53454d414e544943535f56317c34323a3431343335343439346634653566346635303435353234313534343934663465356635363331376333303362333033623330336233303362333033623330336233303362333033613362333033613362333033623b313b383a346234353435353035663431346334633b303b303b303b303b;42:414354494f4e5f4f5045524154494f4e5f56317c303b303b303b303b303b303b303b303a3b303a3b303b;","PLANNED_EVALUATION;operation_identity=ACTION_OPERATION_V1|0;0;0;0;0;0;0;0:;0:;0;;semantic_identity=ACTION_SEMANTICS_V1|42:414354494f4e5f4f5045524154494f4e5f56317c303b303b303b303b303b303b303b303a3b303a3b303b;1;8:4b4545505f414c4c;0;0;0;0;",1
uwb-imu-pl/gate-d-diagnostics/v16,15,750000000,15,15,15,1,1,15,750000000,1,1,1,1,1,0,0,0,0,0,"KEEP_BASE_CANONICAL","RANK_SAFETY_CERTIFIED_V1","PL_COMPLETE",0,1,"EXACT_BASE",nan,nan,nan,0,0,0,91.960322000000005,1.487306,0.00029100000000000003,51.828938999999998,86.862938,"GENERATED_ACTION_SNAPSHOT_V1|1;137:414354494f4e5f53454d414e544943535f56317c34323a3431343335343439346634653566346635303435353234313534343934663465356635363331376333303362333033623330336233303362333033623330336233303362333033613362333033613362333033623b313b383a346234353435353035663431346334633b303b303b303b303b;42:414354494f4e5f4f5045524154494f4e5f56317c303b303b303b303b303b303b303b303a3b303a3b303b;","PLANNED_EVALUATION;operation_identity=ACTION_OPERATION_V1|0;0;0;0;0;0;0;0:;0:;0;;semantic_identity=ACTION_SEMANTICS_V1|42:414354494f4e5f4f5045524154494f4e5f56317c303b303b303b303b303b303b303b303a3b303a3b303b;1;8:4b4545505f414c4c;0;0;0;0;",1
uwb-imu-pl/gate-d-diagnostics/v16,16,800000000,16,16,16,1,1,16,800000000,1,1,1,1,1,0,0,0,0,0,"KEEP_BASE_CANONICAL","RANK_SAFETY_CERTIFIED_V1","PL_COMPLETE",0,1,"EXACT_BASE",nan,nan,nan,0,0,0,91.886252999999996,1.4618720000000001,0.000321,62.417315000000002,104.52761099999999,"GENERATED_ACTION_SNAPSHOT_V1|1;137:414354494f4e5f53454d414e544943535f56317c34323a3431343335343439346634653566346635303435353234313534343934663465356635363331376333303362333033623330336233303362333033623330336233303362333033613362333033613362333033623b313b383a346234353435353035663431346334633b303b303b303b303b;42:414354494f4e5f4f5045524154494f4e5f56317c303b303b303b303b303b303b303b303a3b303a3b303b;","PLANNED_EVALUATION;operation_identity=ACTION_OPERATION_V1|0;0;0;0;0;0;0;0:;0:;0;;semantic_identity=ACTION_SEMANTICS_V1|42:414354494f4e5f4f5045524154494f4e5f56317c303b303b303b303b303b303b303b303a3b303a3b303b;1;8:4b4545505f414c4c;0;0;0;0;",1
uwb-imu-pl/gate-d-diagnostics/v16,17,850000000,17,17,17,1,1,17,850000000,1,1,1,1,1,0,0,0,0,0,"KEEP_BASE_CANONICAL","RANK_SAFETY_CERTIFIED_V1","PL_COMPLETE",0,1,"EXACT_BASE",nan,nan,nan,0,0,0,96.028615000000002,1.4577439999999999,0.00021699999999999999,68.453174000000004,122.661805,"GENERATED_ACTION_SNAPSHOT_V1|1;137:414354494f4e5f53454d414e544943535f56317c34323a3431343335343439346634653566346635303435353234313534343934663465356635363331376333303362333033623330336233303362333033623330336233303362333033613362333033613362333033623b313b383a346234353435353035663431346334633b303b303b303b303b;42:414354494f4e5f4f5045524154494f4e5f56317c303b303b303b303b303b303b303b303a3b303a3b303b;","PLANNED_EVALUATION;operation_identity=ACTION_OPERATION_V1|0;0;0;0;0;0;0;0:;0:;0;;semantic_identity=ACTION_SEMANTICS_V1|42:414354494f4e5f4f5045524154494f4e5f56317c303b303b303b303b303b303b303b303a3b303a3b303b;1;8:4b4545505f414c4c;0;0;0;0;",1
uwb-imu-pl/gate-d-diagnostics/v16,18,900000000,18,18,18,1,1,18,900000000,1,1,1,1,1,0,0,0,0,0,"KEEP_BASE_CANONICAL","RANK_SAFETY_CERTIFIED_V1","PL_COMPLETE",0,1,"EXACT_BASE",nan,nan,nan,0,0,0,94.245507000000003,1.569831,0.0012290000000000001,79.496887999999998,141.248456,"GENERATED_ACTION_SNAPSHOT_V1|1;137:414354494f4e5f53454d414e544943535f56317c34323a3431343335343439346634653566346635303435353234313534343934663465356635363331376333303362333033623330336233303362333033623330336233303362333033613362333033613362333033623b313b383a346234353435353035663431346334633b303b303b303b303b;42:414354494f4e5f4f5045524154494f4e5f56317c303b303b303b303b303b303b303b303a3b303a3b303b;","PLANNED_EVALUATION;operation_identity=ACTION_OPERATION_V1|0;0;0;0;0;0;0;0:;0:;0;;semantic_identity=ACTION_SEMANTICS_V1|42:414354494f4e5f4f5045524154494f4e5f56317c303b303b303b303b303b303b303b303a3b303a3b303b;1;8:4b4545505f414c4c;0;0;0;0;",1
uwb-imu-pl/gate-d-diagnostics/v16,19,950000000,19,19,19,1,1,19,950000000,1,1,1,1,1,0,0,0,0,0,"KEEP_BASE_CANONICAL","RANK_SAFETY_CERTIFIED_V1","PL_COMPLETE",0,1,"EXACT_BASE",nan,nan,nan,0,0,0,98.335469000000003,1.713789,0.00031399999999999999,87.221197000000004,166.39380199999999,"GENERATED_ACTION_SNAPSHOT_V1|1;137:414354494f4e5f53454d414e544943535f56317c34323a3431343335343439346634653566346635303435353234313534343934663465356635363331376333303362333033623330336233303362333033623330336233303362333033613362333033613362333033623b313b383a346234353435353035663431346334633b303b303b303b303b;42:414354494f4e5f4f5045524154494f4e5f56317c303b303b303b303b303b303b303b303a3b303a3b303b;","PLANNED_EVALUATION;operation_identity=ACTION_OPERATION_V1|0;0;0;0;0;0;0;0:;0:;0;;semantic_identity=ACTION_SEMANTICS_V1|42:414354494f4e5f4f5045524154494f4e5f56317c303b303b303b303b303b303b303b303a3b303a3b303b;1;8:4b4545505f414c4c;0;0;0;0;",1
uwb-imu-pl/gate-d-diagnostics/v16,20,1000000000,20,20,20,1,1,20,1000000000,1,1,1,1,1,0,0,0,0,0,"KEEP_BASE_CANONICAL","RANK_SAFETY_CERTIFIED_V1","PL_COMPLETE",0,1,"EXACT_BASE",nan,nan,nan,0,0,0,99.536383999999998,1.5047410000000001,0.00020900000000000001,101.28796199999999,183.84555700000001,"GENERATED_ACTION_SNAPSHOT_V1|1;137:414354494f4e5f53454d414e544943535f56317c34323a3431343335343439346634653566346635303435353234313534343934663465356635363331376333303362333033623330336233303362333033623330336233303362333033613362333033613362333033623b313b383a346234353435353035663431346334633b303b303b303b303b;42:414354494f4e5f4f5045524154494f4e5f56317c303b303b303b303b303b303b303b303a3b303a3b303b;","PLANNED_EVALUATION;operation_identity=ACTION_OPERATION_V1|0;0;0;0;0;0;0;0:;0:;0;;semantic_identity=ACTION_SEMANTICS_V1|42:414354494f4e5f4f5045524154494f4e5f56317c303b303b303b303b303b303b303b303a3b303a3b303b;1;8:4b4545505f414c4c;0;0;0;0;",1
uwb-imu-pl/gate-d-diagnostics/v16,21,1050000000,21,21,21,1,1,21,1050000000,1,1,1,1,1,0,0,0,0,0,"KEEP_BASE_CANONICAL","RANK_SAFETY_CERTIFIED_V1","PL_COMPLETE",0,1,"EXACT_BASE",nan,nan,nan,0,0,0,91.843687000000003,1.5420609999999999,0.00033700000000000001,128.715236,206.73748900000001,"GENERATED_ACTION_SNAPSHOT_V1|1;137:414354494f4e5f53454d414e544943535f56317c34323a3431343335343439346634653566346635303435353234313534343934663465356635363331376333303362333033623330336233303362333033623330336233303362333033613362333033613362333033623b313b383a346234353435353035663431346334633b303b303b303b303b;42:414354494f4e5f4f5045524154494f4e5f56317c303b303b303b303b303b303b303b303a3b303a3b303b;","PLANNED_EVALUATION;operation_identity=ACTION_OPERATION_V1|0;0;0;0;0;0;0;0:;0:;0;;semantic_identity=ACTION_SEMANTICS_V1|42:414354494f4e5f4f5045524154494f4e5f56317c303b303b303b303b303b303b303b303a3b303a3b303b;1;8:4b4545505f414c4c;0;0;0;0;",1
uwb-imu-pl/gate-d-diagnostics/v16,22,1100000000,22,22,22,1,1,22,1100000000,1,1,1,1,1,0,0,0,0,0,"KEEP_BASE_CANONICAL","RANK_SAFETY_CERTIFIED_V1","PL_COMPLETE",0,1,"EXACT_BASE",nan,nan,nan,0,0,0,94.862696999999997,1.5722389999999999,0.00029999999999999997,113.25231599999999,206.750732,"GENERATED_ACTION_SNAPSHOT_V1|1;137:414354494f4e5f53454d414e544943535f56317c34323a3431343335343439346634653566346635303435353234313534343934663465356635363331376333303362333033623330336233303362333033623330336233303362333033613362333033613362333033623b313b383a346234353435353035663431346334633b303b303b303b303b;42:414354494f4e5f4f5045524154494f4e5f56317c303b303b303b303b303b303b303b303a3b303a3b303b;","PLANNED_EVALUATION;operation_identity=ACTION_OPERATION_V1|0;0;0;0;0;0;0;0:;0:;0;;semantic_identity=ACTION_SEMANTICS_V1|42:414354494f4e5f4f5045524154494f4e5f56317c303b303b303b303b303b303b303b303a3b303a3b303b;1;8:4b4545505f414c4c;0;0;0;0;",1
uwb-imu-pl/gate-d-diagnostics/v16,23,1150000000,23,23,23,1,1,23,1150000000,1,1,1,1,1,0,0,0,0,0,"KEEP_BASE_CANONICAL","RANK_SAFETY_CERTIFIED_V1","PL_COMPLETE",0,1,"EXACT_BASE",nan,nan,nan,0,0,0,89.379568000000006,2.0252150000000002,0.000134,110.593169,205.92683199999999,"GENERATED_ACTION_SNAPSHOT_V1|1;137:414354494f4e5f53454d414e544943535f56317c34323a3431343335343439346634653566346635303435353234313534343934663465356635363331376333303362333033623330336233303362333033623330336233303362333033613362333033613362333033623b313b383a346234353435353035663431346334633b303b303b303b303b;42:414354494f4e5f4f5045524154494f4e5f56317c303b303b303b303b303b303b303b303a3b303a3b303b;","PLANNED_EVALUATION;operation_identity=ACTION_OPERATION_V1|0;0;0;0;0;0;0;0:;0:;0;;semantic_identity=ACTION_SEMANTICS_V1|42:414354494f4e5f4f5045524154494f4e5f56317c303b303b303b303b303b303b303b303a3b303a3b303b;1;8:4b4545505f414c4c;0;0;0;0;",1
uwb-imu-pl/gate-d-diagnostics/v16,24,1200000000,24,24,24,1,1,24,1200000000,1,1,1,1,1,0,0,0,0,0,"KEEP_BASE_CANONICAL","RANK_SAFETY_CERTIFIED_V1","PL_COMPLETE",0,1,"EXACT_BASE",nan,nan,nan,0,0,0,95.907900999999995,1.5973710000000001,0.00017000000000000001,111.665279,202.886796,"GENERATED_ACTION_SNAPSHOT_V1|1;137:414354494f4e5f53454d414e544943535f56317c34323a3431343335343439346634653566346635303435353234313534343934663465356635363331376333303362333033623330336233303362333033623330336233303362333033613362333033613362333033623b313b383a346234353435353035663431346334633b303b303b303b303b;42:414354494f4e5f4f5045524154494f4e5f56317c303b303b303b303b303b303b303b303a3b303a3b303b;","PLANNED_EVALUATION;operation_identity=ACTION_OPERATION_V1|0;0;0;0;0;0;0;0:;0:;0;;semantic_identity=ACTION_SEMANTICS_V1|42:414354494f4e5f4f5045524154494f4e5f56317c303b303b303b303b303b303b303b303a3b303a3b303b;1;8:4b4545505f414c4c;0;0;0;0;",1
uwb-imu-pl/gate-d-diagnostics/v16,25,1250000000,25,25,25,1,1,25,1250000000,1,1,1,1,1,0,0,0,0,0,"KEEP_BASE_CANONICAL","RANK_SAFETY_CERTIFIED_V1","PL_COMPLETE",0,1,"EXACT_BASE",nan,nan,nan,0,0,0,92.864232999999999,1.767371,6.9999999999999994e-05,107.595766,208.41171499999999,"GENERATED_ACTION_SNAPSHOT_V1|1;137:414354494f4e5f53454d414e544943535f56317c34323a3431343335343439346634653566346635303435353234313534343934663465356635363331376333303362333033623330336233303362333033623330336233303362333033613362333033613362333033623b313b383a346234353435353035663431346334633b303b303b303b303b;42:414354494f4e5f4f5045524154494f4e5f56317c303b303b303b303b303b303b303b303a3b303a3b303b;","PLANNED_EVALUATION;operation_identity=ACTION_OPERATION_V1|0;0;0;0;0;0;0;0:;0:;0;;semantic_identity=ACTION_SEMANTICS_V1|42:414354494f4e5f4f5045524154494f4e5f56317c303b303b303b303b303b303b303b303a3b303a3b303b;1;8:4b4545505f414c4c;0;0;0;0;",1
uwb-imu-pl/gate-d-diagnostics/v16,26,1300000000,26,26,26,1,1,26,1300000000,1,1,1,1,1,0,0,0,0,0,"KEEP_BASE_CANONICAL","RANK_SAFETY_CERTIFIED_V1","PL_COMPLETE",0,1,"EXACT_BASE",nan,nan,nan,0,0,0,94.019756000000001,1.586587,0.000272,110.536674,206.97815800000001,"GENERATED_ACTION_SNAPSHOT_V1|1;137:414354494f4e5f53454d414e544943535f56317c34323a3431343335343439346634653566346635303435353234313534343934663465356635363331376333303362333033623330336233303362333033623330336233303362333033613362333033613362333033623b313b383a346234353435353035663431346334633b303b303b303b303b;42:414354494f4e5f4f5045524154494f4e5f56317c303b303b303b303b303b303b303b303a3b303a3b303b;","PLANNED_EVALUATION;operation_identity=ACTION_OPERATION_V1|0;0;0;0;0;0;0;0:;0:;0;;semantic_identity=ACTION_SEMANTICS_V1|42:414354494f4e5f4f5045524154494f4e5f56317c303b303b303b303b303b303b303b303a3b303a3b303b;1;8:4b4545505f414c4c;0;0;0;0;",1
uwb-imu-pl/gate-d-diagnostics/v16,27,1350000000,27,27,27,1,1,27,1350000000,1,1,1,1,1,0,0,0,0,0,"KEEP_BASE_CANONICAL","RANK_SAFETY_CERTIFIED_V1","PL_COMPLETE",0,1,"EXACT_BASE",nan,nan,nan,0,0,0,98.097918000000007,1.759949,0.000203,113.747238,203.16913,"GENERATED_ACTION_SNAPSHOT_V1|1;137:414354494f4e5f53454d414e544943535f56317c34323a3431343335343439346634653566346635303435353234313534343934663465356635363331376333303362333033623330336233303362333033623330336233303362333033613362333033613362333033623b313b383a346234353435353035663431346334633b303b303b303b303b;42:414354494f4e5f4f5045524154494f4e5f56317c303b303b303b303b303b303b303b303a3b303a3b303b;","PLANNED_EVALUATION;operation_identity=ACTION_OPERATION_V1|0;0;0;0;0;0;0;0:;0:;0;;semantic_identity=ACTION_SEMANTICS_V1|42:414354494f4e5f4f5045524154494f4e5f56317c303b303b303b303b303b303b303b303a3b303a3b303b;1;8:4b4545505f414c4c;0;0;0;0;",1
uwb-imu-pl/gate-d-diagnostics/v16,28,1400000000,28,28,28,1,1,28,1400000000,1,1,1,1,1,0,0,0,0,0,"KEEP_BASE_CANONICAL","RANK_SAFETY_CERTIFIED_V1","PL_COMPLETE",0,1,"EXACT_BASE",nan,nan,nan,0,0,0,91.982057999999995,2.6517620000000002,0.000263,108.660096,204.78044399999999,"GENERATED_ACTION_SNAPSHOT_V1|1;137:414354494f4e5f53454d414e544943535f56317c34323a3431343335343439346634653566346635303435353234313534343934663465356635363331376333303362333033623330336233303362333033623330336233303362333033613362333033613362333033623b313b383a346234353435353035663431346334633b303b303b303b303b;42:414354494f4e5f4f5045524154494f4e5f56317c303b303b303b303b303b303b303b303a3b303a3b303b;","PLANNED_EVALUATION;operation_identity=ACTION_OPERATION_V1|0;0;0;0;0;0;0;0:;0:;0;;semantic_identity=ACTION_SEMANTICS_V1|42:414354494f4e5f4f5045524154494f4e5f56317c303b303b303b303b303b303b303b303a3b303a3b303b;1;8:4b4545505f414c4c;0;0;0;0;",1
uwb-imu-pl/gate-d-diagnostics/v16,29,1450000000,29,29,29,1,1,29,1450000000,1,1,1,1,1,0,0,0,0,0,"KEEP_BASE_CANONICAL","RANK_SAFETY_CERTIFIED_V1","PL_COMPLETE",0,1,"EXACT_BASE",nan,nan,nan,0,0,0,92.070749000000006,2.005347,0.00035100000000000002,109.571871,209.95638,"GENERATED_ACTION_SNAPSHOT_V1|1;137:414354494f4e5f53454d414e544943535f56317c34323a3431343335343439346634653566346635303435353234313534343934663465356635363331376333303362333033623330336233303362333033623330336233303362333033613362333033613362333033623b313b383a346234353435353035663431346334633b303b303b303b303b;42:414354494f4e5f4f5045524154494f4e5f56317c303b303b303b303b303b303b303b303a3b303a3b303b;","PLANNED_EVALUATION;operation_identity=ACTION_OPERATION_V1|0;0;0;0;0;0;0;0:;0:;0;;semantic_identity=ACTION_SEMANTICS_V1|42:414354494f4e5f4f5045524154494f4e5f56317c303b303b303b303b303b303b303b303a3b303a3b303b;1;8:4b4545505f414c4c;0;0;0;0;",1
uwb-imu-pl/gate-d-diagnostics/v16,30,1500000000,30,30,30,1,1,30,1500000000,1,1,1,1,1,0,0,0,0,0,"KEEP_BASE_CANONICAL","RANK_SAFETY_CERTIFIED_V1","PL_COMPLETE",0,1,"EXACT_BASE",nan,nan,nan,0,0,0,93.194434000000001,1.5137689999999999,5.5000000000000002e-05,107.275019,204.53379899999999,"GENERATED_ACTION_SNAPSHOT_V1|1;137:414354494f4e5f53454d414e544943535f56317c34323a3431343335343439346634653566346635303435353234313534343934663465356635363331376333303362333033623330336233303362333033623330336233303362333033613362333033613362333033623b313b383a346234353435353035663431346334633b303b303b303b303b;42:414354494f4e5f4f5045524154494f4e5f56317c303b303b303b303b303b303b303b303a3b303a3b303b;","PLANNED_EVALUATION;operation_identity=ACTION_OPERATION_V1|0;0;0;0;0;0;0;0:;0:;0;;semantic_identity=ACTION_SEMANTICS_V1|42:414354494f4e5f4f5045524154494f4e5f56317c303b303b303b303b303b303b303b303a3b303a3b303b;1;8:4b4545505f414c4c;0;0;0;0;",1
uwb-imu-pl/gate-d-diagnostics/v16,31,1550000000,31,31,31,2,1,31,1550000000,1,1,1,1,1,0,0,0,0,0,"KEEP_BASE_CANONICAL","RANK_SAFETY_CERTIFIED_V1","PL_COMPLETE",0,1,"EXACT_BASE",nan,nan,nan,0,0,0,88.239350999999999,1.6060160000000001,0.000231,112.45947200000001,203.34988000000001,"GENERATED_ACTION_SNAPSHOT_V1|1;137:414354494f4e5f53454d414e544943535f56317c34323a3431343335343439346634653566346635303435353234313534343934663465356635363331376333303362333033623330336233303362333033623330336233303362333033613362333033613362333033623b313b383a346234353435353035663431346334633b303b303b303b303b;42:414354494f4e5f4f5045524154494f4e5f56317c303b303b303b303b303b303b303b303a3b303a3b303b;","PLANNED_EVALUATION;operation_identity=ACTION_OPERATION_V1|0;0;0;0;0;0;0;0:;0:;0;;semantic_identity=ACTION_SEMANTICS_V1|42:414354494f4e5f4f5045524154494f4e5f56317c303b303b303b303b303b303b303b303a3b303a3b303b;1;8:4b4545505f414c4c;0;0;0;0;",1
uwb-imu-pl/gate-d-diagnostics/v16,32,1600000000,32,32,32,3,1,32,1600000000,1,1,1,1,1,0,0,0,0,0,"KEEP_BASE_CANONICAL","RANK_SAFETY_CERTIFIED_V1","PL_COMPLETE",0,1,"EXACT_BASE",nan,nan,nan,0,0,0,96.311482999999996,1.5681620000000001,0.00030600000000000001,111.413484,204.657749,"GENERATED_ACTION_SNAPSHOT_V1|1;137:414354494f4e5f53454d414e544943535f56317c34323a3431343335343439346634653566346635303435353234313534343934663465356635363331376333303362333033623330336233303362333033623330336233303362333033613362333033613362333033623b313b383a346234353435353035663431346334633b303b303b303b303b;42:414354494f4e5f4f5045524154494f4e5f56317c303b303b303b303b303b303b303b303a3b303a3b303b;","PLANNED_EVALUATION;operation_identity=ACTION_OPERATION_V1|0;0;0;0;0;0;0;0:;0:;0;;semantic_identity=ACTION_SEMANTICS_V1|42:414354494f4e5f4f5045524154494f4e5f56317c303b303b303b303b303b303b303b303a3b303a3b303b;1;8:4b4545505f414c4c;0;0;0;0;",1
uwb-imu-pl/gate-d-diagnostics/v16,33,1650000000,33,33,33,4,1,33,1650000000,1,1,1,1,1,0,0,0,0,0,"KEEP_BASE_CANONICAL","RANK_SAFETY_CERTIFIED_V1","PL_COMPLETE",0,1,"EXACT_BASE",nan,nan,nan,0,0,0,91.648994000000002,1.55511,0.00026499999999999999,114.016081,202.609297,"GENERATED_ACTION_SNAPSHOT_V1|1;137:414354494f4e5f53454d414e544943535f56317c34323a3431343335343439346634653566346635303435353234313534343934663465356635363331376333303362333033623330336233303362333033623330336233303362333033613362333033613362333033623b313b383a346234353435353035663431346334633b303b303b303b303b;42:414354494f4e5f4f5045524154494f4e5f56317c303b303b303b303b303b303b303b303a3b303a3b303b;","PLANNED_EVALUATION;operation_identity=ACTION_OPERATION_V1|0;0;0;0;0;0;0;0:;0:;0;;semantic_identity=ACTION_SEMANTICS_V1|42:414354494f4e5f4f5045524154494f4e5f56317c303b303b303b303b303b303b303b303a3b303a3b303b;1;8:4b4545505f414c4c;0;0;0;0;",1
uwb-imu-pl/gate-d-diagnostics/v16,34,1700000000,34,34,34,5,1,34,1700000000,1,1,1,1,1,0,0,0,0,0,"KEEP_BASE_CANONICAL","RANK_SAFETY_CERTIFIED_V1","PL_COMPLETE",0,1,"EXACT_BASE",nan,nan,nan,0,0,0,96.469763999999998,1.550279,0.00028600000000000001,112.582925,205.88872900000001,"GENERATED_ACTION_SNAPSHOT_V1|1;137:414354494f4e5f53454d414e544943535f56317c34323a3431343335343439346634653566346635303435353234313534343934663465356635363331376333303362333033623330336233303362333033623330336233303362333033613362333033613362333033623b313b383a346234353435353035663431346334633b303b303b303b303b;42:414354494f4e5f4f5045524154494f4e5f56317c303b303b303b303b303b303b303b303a3b303a3b303b;","PLANNED_EVALUATION;operation_identity=ACTION_OPERATION_V1|0;0;0;0;0;0;0;0:;0:;0;;semantic_identity=ACTION_SEMANTICS_V1|42:414354494f4e5f4f5045524154494f4e5f56317c303b303b303b303b303b303b303b303a3b303a3b303b;1;8:4b4545505f414c4c;0;0;0;0;",1
uwb-imu-pl/gate-d-diagnostics/v16,35,1750000000,35,35,35,6,1,35,1750000000,1,1,1,1,1,0,0,0,0,0,"KEEP_BASE_CANONICAL","RANK_SAFETY_CERTIFIED_V1","PL_COMPLETE",0,1,"EXACT_BASE",nan,nan,nan,0,0,0,91.234793999999994,1.572473,4.6e-05,110.04861099999999,208.125305,"GENERATED_ACTION_SNAPSHOT_V1|1;137:414354494f4e5f53454d414e544943535f56317c34323a3431343335343439346634653566346635303435353234313534343934663465356635363331376333303362333033623330336233303362333033623330336233303362333033613362333033613362333033623b313b383a346234353435353035663431346334633b303b303b303b303b;42:414354494f4e5f4f5045524154494f4e5f56317c303b303b303b303b303b303b303b303a3b303a3b303b;","PLANNED_EVALUATION;operation_identity=ACTION_OPERATION_V1|0;0;0;0;0;0;0;0:;0:;0;;semantic_identity=ACTION_SEMANTICS_V1|42:414354494f4e5f4f5045524154494f4e5f56317c303b303b303b303b303b303b303b303a3b303a3b303b;1;8:4b4545505f414c4c;0;0;0;0;",1
uwb-imu-pl/gate-d-diagnostics/v16,36,1800000000,36,36,36,7,1,36,1800000000,1,1,1,1,1,0,0,0,0,0,"KEEP_BASE_CANONICAL","RANK_SAFETY_CERTIFIED_V1","PL_COMPLETE",0,1,"EXACT_BASE",nan,nan,nan,0,0,0,93.939250999999999,1.5443739999999999,0.00022000000000000001,115.37325,205.31730300000001,"GENERATED_ACTION_SNAPSHOT_V1|1;137:414354494f4e5f53454d414e544943535f56317c34323a3431343335343439346634653566346635303435353234313534343934663465356635363331376333303362333033623330336233303362333033623330336233303362333033613362333033613362333033623b313b383a346234353435353035663431346334633b303b303b303b303b;42:414354494f4e5f4f5045524154494f4e5f56317c303b303b303b303b303b303b303b303a3b303a3b303b;","PLANNED_EVALUATION;operation_identity=ACTION_OPERATION_V1|0;0;0;0;0;0;0;0:;0:;0;;semantic_identity=ACTION_SEMANTICS_V1|42:414354494f4e5f4f5045524154494f4e5f56317c303b303b303b303b303b303b303b303a3b303a3b303b;1;8:4b4545505f414c4c;0;0;0;0;",1
uwb-imu-pl/gate-d-diagnostics/v16,37,1850000000,37,37,37,8,1,37,1850000000,1,1,1,1,1,0,0,0,0,0,"KEEP_BASE_CANONICAL","RANK_SAFETY_CERTIFIED_V1","PL_COMPLETE",0,1,"EXACT_BASE",nan,nan,nan,0,0,0,95.203975999999997,1.6994659999999999,9.6000000000000002e-05,113.830043,203.870486,"GENERATED_ACTION_SNAPSHOT_V1|1;137:414354494f4e5f53454d414e544943535f56317c34323a3431343335343439346634653566346635303435353234313534343934663465356635363331376333303362333033623330336233303362333033623330336233303362333033613362333033613362333033623b313b383a346234353435353035663431346334633b303b303b303b303b;42:414354494f4e5f4f5045524154494f4e5f56317c303b303b303b303b303b303b303b303a3b303a3b303b;","PLANNED_EVALUATION;operation_identity=ACTION_OPERATION_V1|0;0;0;0;0;0;0;0:;0:;0;;semantic_identity=ACTION_SEMANTICS_V1|42:414354494f4e5f4f5045524154494f4e5f56317c303b303b303b303b303b303b303b303a3b303a3b303b;1;8:4b4545505f414c4c;0;0;0;0;",1
uwb-imu-pl/gate-d-diagnostics/v16,38,1900000000,38,38,38,9,1,38,1900000000,1,1,1,1,1,0,0,0,0,0,"KEEP_BASE_CANONICAL","RANK_SAFETY_CERTIFIED_V1","PL_COMPLETE",0,1,"EXACT_BASE",nan,nan,nan,0,0,0,100.511548,1.6543049999999999,0.00018699999999999999,110.310491,204.60296700000001,"GENERATED_ACTION_SNAPSHOT_V1|1;137:414354494f4e5f53454d414e544943535f56317c34323a3431343335343439346634653566346635303435353234313534343934663465356635363331376333303362333033623330336233303362333033623330336233303362333033613362333033613362333033623b313b383a346234353435353035663431346334633b303b303b303b303b;42:414354494f4e5f4f5045524154494f4e5f56317c303b303b303b303b303b303b303b303a3b303a3b303b;","PLANNED_EVALUATION;operation_identity=ACTION_OPERATION_V1|0;0;0;0;0;0;0;0:;0:;0;;semantic_identity=ACTION_SEMANTICS_V1|42:414354494f4e5f4f5045524154494f4e5f56317c303b303b303b303b303b303b303b303a3b303a3b303b;1;8:4b4545505f414c4c;0;0;0;0;",1
uwb-imu-pl/gate-d-diagnostics/v16,39,1950000000,39,39,39,10,1,39,1950000000,1,1,1,1,1,0,0,0,0,0,"KEEP_BASE_CANONICAL","RANK_SAFETY_CERTIFIED_V1","PL_COMPLETE",0,1,"EXACT_BASE",nan,nan,nan,0,0,0,93.745966999999993,1.8095239999999999,0.00028899999999999998,110.500766,207.15022099999999,"GENERATED_ACTION_SNAPSHOT_V1|1;137:414354494f4e5f53454d414e544943535f56317c34323a3431343335343439346634653566346635303435353234313534343934663465356635363331376333303362333033623330336233303362333033623330336233303362333033613362333033613362333033623b313b383a346234353435353035663431346334633b303b303b303b303b;42:414354494f4e5f4f5045524154494f4e5f56317c303b303b303b303b303b303b303b303a3b303a3b303b;","PLANNED_EVALUATION;operation_identity=ACTION_OPERATION_V1|0;0;0;0;0;0;0;0:;0:;0;;semantic_identity=ACTION_SEMANTICS_V1|42:414354494f4e5f4f5045524154494f4e5f56317c303b303b303b303b303b303b303b303a3b303a3b303b;1;8:4b4545505f414c4c;0;0;0;0;",1
uwb-imu-pl/gate-d-diagnostics/v16,40,2000000000,40,40,40,11,1,40,2000000000,1,1,1,1,1,0,0,0,0,0,"KEEP_BASE_CANONICAL","RANK_SAFETY_CERTIFIED_V1","PL_COMPLETE",0,1,"EXACT_BASE",nan,nan,nan,0,0,0,92.793880000000001,2.3637329999999999,0.000192,110.33874900000001,205.161485,"GENERATED_ACTION_SNAPSHOT_V1|1;137:414354494f4e5f53454d414e544943535f56317c34323a3431343335343439346634653566346635303435353234313534343934663465356635363331376333303362333033623330336233303362333033623330336233303362333033613362333033613362333033623b313b383a346234353435353035663431346334633b303b303b303b303b;42:414354494f4e5f4f5045524154494f4e5f56317c303b303b303b303b303b303b303b303a3b303a3b303b;","PLANNED_EVALUATION;operation_identity=ACTION_OPERATION_V1|0;0;0;0;0;0;0;0:;0:;0;;semantic_identity=ACTION_SEMANTICS_V1|42:414354494f4e5f4f5045524154494f4e5f56317c303b303b303b303b303b303b303b303a3b303a3b303b;1;8:4b4545505f414c4c;0;0;0;0;",1
uwb-imu-pl/gate-d-diagnostics/v16,41,2050000000,41,41,41,12,1,41,2050000000,1,1,1,1,1,0,0,0,0,0,"KEEP_BASE_CANONICAL","RANK_SAFETY_CERTIFIED_V1","PL_COMPLETE",0,1,"EXACT_BASE",nan,nan,nan,0,0,0,95.199579,2.2434259999999999,0.00031799999999999998,109.496477,207.076943,"GENERATED_ACTION_SNAPSHOT_V1|1;137:414354494f4e5f53454d414e544943535f56317c34323a3431343335343439346634653566346635303435353234313534343934663465356635363331376333303362333033623330336233303362333033623330336233303362333033613362333033613362333033623b313b383a346234353435353035663431346334633b303b303b303b303b;42:414354494f4e5f4f5045524154494f4e5f56317c303b303b303b303b303b303b303b303a3b303a3b303b;","PLANNED_EVALUATION;operation_identity=ACTION_OPERATION_V1|0;0;0;0;0;0;0;0:;0:;0;;semantic_identity=ACTION_SEMANTICS_V1|42:414354494f4e5f4f5045524154494f4e5f56317c303b303b303b303b303b303b303b303a3b303a3b303b;1;8:4b4545505f414c4c;0;0;0;0;",1
uwb-imu-pl/gate-d-diagnostics/v16,42,2100000000,42,42,42,13,1,42,2100000000,1,1,1,1,1,0,0,0,0,0,"KEEP_BASE_CANONICAL","RANK_SAFETY_CERTIFIED_V1","PL_COMPLETE",0,1,"EXACT_BASE",nan,nan,nan,0,0,0,94.631232999999995,1.5462819999999999,0.00031799999999999998,110.184646,204.282625,"GENERATED_ACTION_SNAPSHOT_V1|1;137:414354494f4e5f53454d414e544943535f56317c34323a3431343335343439346634653566346635303435353234313534343934663465356635363331376333303362333033623330336233303362333033623330336233303362333033613362333033613362333033623b313b383a346234353435353035663431346334633b303b303b303b303b;42:414354494f4e5f4f5045524154494f4e5f56317c303b303b303b303b303b303b303b303a3b303a3b303b;","PLANNED_EVALUATION;operation_identity=ACTION_OPERATION_V1|0;0;0;0;0;0;0;0:;0:;0;;semantic_identity=ACTION_SEMANTICS_V1|42:414354494f4e5f4f5045524154494f4e5f56317c303b303b303b303b303b303b303b303a3b303a3b303b;1;8:4b4545505f414c4c;0;0;0;0;",1
uwb-imu-pl/gate-d-diagnostics/v16,43,2150000000,43,43,43,14,1,43,2150000000,1,1,1,1,1,0,0,0,0,0,"KEEP_BASE_CANONICAL","RANK_SAFETY_CERTIFIED_V1","PL_COMPLETE",0,1,"EXACT_BASE",nan,nan,nan,0,0,0,91.441394000000003,1.7200439999999999,0.00015200000000000001,111.88426800000001,205.218568,"GENERATED_ACTION_SNAPSHOT_V1|1;137:414354494f4e5f53454d414e544943535f56317c34323a3431343335343439346634653566346635303435353234313534343934663465356635363331376333303362333033623330336233303362333033623330336233303362333033613362333033613362333033623b313b383a346234353435353035663431346334633b303b303b303b303b;42:414354494f4e5f4f5045524154494f4e5f56317c303b303b303b303b303b303b303b303a3b303a3b303b;","PLANNED_EVALUATION;operation_identity=ACTION_OPERATION_V1|0;0;0;0;0;0;0;0:;0:;0;;semantic_identity=ACTION_SEMANTICS_V1|42:414354494f4e5f4f5045524154494f4e5f56317c303b303b303b303b303b303b303b303a3b303a3b303b;1;8:4b4545505f414c4c;0;0;0;0;",1
uwb-imu-pl/gate-d-diagnostics/v16,44,2200000000,44,44,44,15,1,44,2200000000,1,1,1,1,1,0,0,0,0,0,"KEEP_BASE_CANONICAL","RANK_SAFETY_CERTIFIED_V1","PL_COMPLETE",0,1,"EXACT_BASE",nan,nan,nan,0,0,0,94.413703999999996,1.564932,0.00013300000000000001,110.240675,214.908377,"GENERATED_ACTION_SNAPSHOT_V1|1;137:414354494f4e5f53454d414e544943535f56317c34323a3431343335343439346634653566346635303435353234313534343934663465356635363331376333303362333033623330336233303362333033623330336233303362333033613362333033613362333033623b313b383a346234353435353035663431346334633b303b303b303b303b;42:414354494f4e5f4f5045524154494f4e5f56317c303b303b303b303b303b303b303b303a3b303a3b303b;","PLANNED_EVALUATION;operation_identity=ACTION_OPERATION_V1|0;0;0;0;0;0;0;0:;0:;0;;semantic_identity=ACTION_SEMANTICS_V1|42:414354494f4e5f4f5045524154494f4e5f56317c303b303b303b303b303b303b303b303a3b303a3b303b;1;8:4b4545505f414c4c;0;0;0;0;",1
uwb-imu-pl/gate-d-diagnostics/v16,45,2250000000,45,45,45,16,1,45,2250000000,1,1,1,1,1,0,0,0,0,0,"KEEP_BASE_CANONICAL","RANK_SAFETY_CERTIFIED_V1","PL_COMPLETE",0,1,"EXACT_BASE",nan,nan,nan,0,0,0,97.001486,1.6872929999999999,0.00048700000000000002,106.077107,207.343884,"GENERATED_ACTION_SNAPSHOT_V1|1;137:414354494f4e5f53454d414e544943535f56317c34323a3431343335343439346634653566346635303435353234313534343934663465356635363331376333303362333033623330336233303362333033623330336233303362333033613362333033613362333033623b313b383a346234353435353035663431346334633b303b303b303b303b;42:414354494f4e5f4f5045524154494f4e5f56317c303b303b303b303b303b303b303b303a3b303a3b303b;","PLANNED_EVALUATION;operation_identity=ACTION_OPERATION_V1|0;0;0;0;0;0;0;0:;0:;0;;semantic_identity=ACTION_SEMANTICS_V1|42:414354494f4e5f4f5045524154494f4e5f56317c303b303b303b303b303b303b303b303a3b303a3b303b;1;8:4b4545505f414c4c;0;0;0;0;",1
uwb-imu-pl/gate-d-diagnostics/v16,46,2300000000,46,46,46,17,1,46,2300000000,1,1,1,1,1,0,0,0,0,0,"KEEP_BASE_CANONICAL","RANK_SAFETY_CERTIFIED_V1","PL_COMPLETE",0,1,"EXACT_BASE",nan,nan,nan,0,0,0,94.382558000000003,3.3021539999999998,0.00021800000000000001,110.89468100000001,206.05509799999999,"GENERATED_ACTION_SNAPSHOT_V1|1;137:414354494f4e5f53454d414e544943535f56317c34323a3431343335343439346634653566346635303435353234313534343934663465356635363331376333303362333033623330336233303362333033623330336233303362333033613362333033613362333033623b313b383a346234353435353035663431346334633b303b303b303b303b;42:414354494f4e5f4f5045524154494f4e5f56317c303b303b303b303b303b303b303b303a3b303a3b303b;","PLANNED_EVALUATION;operation_identity=ACTION_OPERATION_V1|0;0;0;0;0;0;0;0:;0:;0;;semantic_identity=ACTION_SEMANTICS_V1|42:414354494f4e5f4f5045524154494f4e5f56317c303b303b303b303b303b303b303b303a3b303a3b303b;1;8:4b4545505f414c4c;0;0;0;0;",1
uwb-imu-pl/gate-d-diagnostics/v16,47,2350000000,47,47,47,18,1,47,2350000000,1,1,1,1,1,0,0,0,0,0,"KEEP_BASE_CANONICAL","RANK_SAFETY_CERTIFIED_V1","PL_COMPLETE",0,1,"EXACT_BASE",nan,nan,nan,0,0,0,97.773387,1.5640019999999999,0.000115,110.66939000000001,205.85189,"GENERATED_ACTION_SNAPSHOT_V1|1;137:414354494f4e5f53454d414e544943535f56317c34323a3431343335343439346634653566346635303435353234313534343934663465356635363331376333303362333033623330336233303362333033623330336233303362333033613362333033613362333033623b313b383a346234353435353035663431346334633b303b303b303b303b;42:414354494f4e5f4f5045524154494f4e5f56317c303b303b303b303b303b303b303b303a3b303a3b303b;","PLANNED_EVALUATION;operation_identity=ACTION_OPERATION_V1|0;0;0;0;0;0;0;0:;0:;0;;semantic_identity=ACTION_SEMANTICS_V1|42:414354494f4e5f4f5045524154494f4e5f56317c303b303b303b303b303b303b303b303a3b303a3b303b;1;8:4b4545505f414c4c;0;0;0;0;",1
uwb-imu-pl/gate-d-diagnostics/v16,48,2400000000,48,48,48,19,1,48,2400000000,1,1,1,1,1,0,0,0,0,0,"KEEP_BASE_CANONICAL","RANK_SAFETY_CERTIFIED_V1","PL_COMPLETE",0,1,"EXACT_BASE",nan,nan,nan,0,0,0,92.547166000000004,2.1482519999999998,3.8999999999999999e-05,109.30959,207.29996499999999,"GENERATED_ACTION_SNAPSHOT_V1|1;137:414354494f4e5f53454d414e544943535f56317c34323a3431343335343439346634653566346635303435353234313534343934663465356635363331376333303362333033623330336233303362333033623330336233303362333033613362333033613362333033623b313b383a346234353435353035663431346334633b303b303b303b303b;42:414354494f4e5f4f5045524154494f4e5f56317c303b303b303b303b303b303b303b303a3b303a3b303b;","PLANNED_EVALUATION;operation_identity=ACTION_OPERATION_V1|0;0;0;0;0;0;0;0:;0:;0;;semantic_identity=ACTION_SEMANTICS_V1|42:414354494f4e5f4f5045524154494f4e5f56317c303b303b303b303b303b303b303b303a3b303a3b303b;1;8:4b4545505f414c4c;0;0;0;0;",1
uwb-imu-pl/gate-d-diagnostics/v16,49,2450000000,49,49,49,20,1,49,2450000000,1,1,1,1,1,0,0,0,0,0,"KEEP_BASE_CANONICAL","RANK_SAFETY_CERTIFIED_V1","PL_COMPLETE",0,1,"EXACT_BASE",nan,nan,nan,0,0,0,93.136709999999994,1.5535479999999999,0.00019599999999999999,112.111925,203.468009,"GENERATED_ACTION_SNAPSHOT_V1|1;137:414354494f4e5f53454d414e544943535f56317c34323a3431343335343439346634653566346635303435353234313534343934663465356635363331376333303362333033623330336233303362333033623330336233303362333033613362333033613362333033623b313b383a346234353435353035663431346334633b303b303b303b303b;42:414354494f4e5f4f5045524154494f4e5f56317c303b303b303b303b303b303b303b303a3b303a3b303b;","PLANNED_EVALUATION;operation_identity=ACTION_OPERATION_V1|0;0;0;0;0;0;0;0:;0:;0;;semantic_identity=ACTION_SEMANTICS_V1|42:414354494f4e5f4f5045524154494f4e5f56317c303b303b303b303b303b303b303b303a3b303a3b303b;1;8:4b4545505f414c4c;0;0;0;0;",1
uwb-imu-pl/gate-d-diagnostics/v16,50,2500000000,50,50,50,21,1,50,2500000000,1,1,1,1,1,0,0,0,0,0,"KEEP_BASE_CANONICAL","RANK_SAFETY_CERTIFIED_V1","PL_COMPLETE",0,1,"EXACT_BASE",nan,nan,nan,0,0,0,96.643659999999997,1.5252540000000001,0.00010399999999999999,112.581738,203.05276799999999,"GENERATED_ACTION_SNAPSHOT_V1|1;137:414354494f4e5f53454d414e544943535f56317c34323a3431343335343439346634653566346635303435353234313534343934663465356635363331376333303362333033623330336233303362333033623330336233303362333033613362333033613362333033623b313b383a346234353435353035663431346334633b303b303b303b303b;42:414354494f4e5f4f5045524154494f4e5f56317c303b303b303b303b303b303b303b303a3b303a3b303b;","PLANNED_EVALUATION;operation_identity=ACTION_OPERATION_V1|0;0;0;0;0;0;0;0:;0:;0;;semantic_identity=ACTION_SEMANTICS_V1|42:414354494f4e5f4f5045524154494f4e5f56317c303b303b303b303b303b303b303b303a3b303a3b303b;1;8:4b4545505f414c4c;0;0;0;0;",1
uwb-imu-pl/gate-d-diagnostics/v16,51,2550000000,51,51,51,22,1,51,2550000000,1,1,1,1,1,0,0,0,0,0,"KEEP_BASE_CANONICAL","RANK_SAFETY_CERTIFIED_V1","PL_COMPLETE",0,1,"EXACT_BASE",nan,nan,nan,0,0,0,93.501721000000003,1.5925800000000001,0.00024800000000000001,113.69364299999999,206.30951899999999,"GENERATED_ACTION_SNAPSHOT_V1|1;137:414354494f4e5f53454d414e544943535f56317c34323a3431343335343439346634653566346635303435353234313534343934663465356635363331376333303362333033623330336233303362333033623330336233303362333033613362333033613362333033623b313b383a346234353435353035663431346334633b303b303b303b303b;42:414354494f4e5f4f5045524154494f4e5f56317c303b303b303b303b303b303b303b303a3b303a3b303b;","PLANNED_EVALUATION;operation_identity=ACTION_OPERATION_V1|0;0;0;0;0;0;0;0:;0:;0;;semantic_identity=ACTION_SEMANTICS_V1|42:414354494f4e5f4f5045524154494f4e5f56317c303b303b303b303b303b303b303b303a3b303a3b303b;1;8:4b4545505f414c4c;0;0;0;0;",1
uwb-imu-pl/gate-d-diagnostics/v16,52,2600000000,52,52,52,23,1,52,2600000000,1,1,1,1,1,0,0,0,0,0,"KEEP_BASE_CANONICAL","RANK_SAFETY_CERTIFIED_V1","PL_COMPLETE",0,1,"EXACT_BASE",nan,nan,nan,0,0,0,93.978229999999996,1.558343,0.00035799999999999997,111.575986,205.31828100000001,"GENERATED_ACTION_SNAPSHOT_V1|1;137:414354494f4e5f53454d414e544943535f56317c34323a3431343335343439346634653566346635303435353234313534343934663465356635363331376333303362333033623330336233303362333033623330336233303362333033613362333033613362333033623b313b383a346234353435353035663431346334633b303b303b303b303b;42:414354494f4e5f4f5045524154494f4e5f56317c303b303b303b303b303b303b303b303a3b303a3b303b;","PLANNED_EVALUATION;operation_identity=ACTION_OPERATION_V1|0;0;0;0;0;0;0;0:;0:;0;;semantic_identity=ACTION_SEMANTICS_V1|42:414354494f4e5f4f5045524154494f4e5f56317c303b303b303b303b303b303b303b303a3b303a3b303b;1;8:4b4545505f414c4c;0;0;0;0;",1
uwb-imu-pl/gate-d-diagnostics/v16,53,2650000000,53,53,53,24,1,53,2650000000,1,1,1,1,1,0,0,0,0,0,"KEEP_BASE_CANONICAL","RANK_SAFETY_CERTIFIED_V1","PL_COMPLETE",0,1,"EXACT_BASE",nan,nan,nan,0,0,0,95.087946000000002,2.5610580000000001,0.000154,111.82634400000001,206.925129,"GENERATED_ACTION_SNAPSHOT_V1|1;137:414354494f4e5f53454d414e544943535f56317c34323a3431343335343439346634653566346635303435353234313534343934663465356635363331376333303362333033623330336233303362333033623330336233303362333033613362333033613362333033623b313b383a346234353435353035663431346334633b303b303b303b303b;42:414354494f4e5f4f5045524154494f4e5f56317c303b303b303b303b303b303b303b303a3b303a3b303b;","PLANNED_EVALUATION;operation_identity=ACTION_OPERATION_V1|0;0;0;0;0;0;0;0:;0:;0;;semantic_identity=ACTION_SEMANTICS_V1|42:414354494f4e5f4f5045524154494f4e5f56317c303b303b303b303b303b303b303b303a3b303a3b303b;1;8:4b4545505f414c4c;0;0;0;0;",1
uwb-imu-pl/gate-d-diagnostics/v16,54,2700000000,54,54,54,25,1,54,2700000000,1,1,1,1,1,0,0,0,0,0,"KEEP_BASE_CANONICAL","RANK_SAFETY_CERTIFIED_V1","PL_COMPLETE",0,1,"EXACT_BASE",nan,nan,nan,0,0,0,68.214239000000006,1.5228459999999999,0.000111,115.735326,202.97050200000001,"GENERATED_ACTION_SNAPSHOT_V1|1;137:414354494f4e5f53454d414e544943535f56317c34323a3431343335343439346634653566346635303435353234313534343934663465356635363331376333303362333033623330336233303362333033623330336233303362333033613362333033613362333033623b313b383a346234353435353035663431346334633b303b303b303b303b;42:414354494f4e5f4f5045524154494f4e5f56317c303b303b303b303b303b303b303b303a3b303a3b303b;","PLANNED_EVALUATION;operation_identity=ACTION_OPERATION_V1|0;0;0;0;0;0;0;0:;0:;0;;semantic_identity=ACTION_SEMANTICS_V1|42:414354494f4e5f4f5045524154494f4e5f56317c303b303b303b303b303b303b303b303a3b303a3b303b;1;8:4b4545505f414c4c;0;0;0;0;",1
uwb-imu-pl/gate-d-diagnostics/v16,55,2750000000,55,55,55,26,1,55,2750000000,1,1,1,1,1,0,0,0,0,0,"KEEP_BASE_CANONICAL","RANK_SAFETY_CERTIFIED_V1","PL_COMPLETE",0,1,"EXACT_BASE",nan,nan,nan,0,0,0,92.289983000000007,1.562157,0.00033199999999999999,111.368481,207.778774,"GENERATED_ACTION_SNAPSHOT_V1|1;137:414354494f4e5f53454d414e544943535f56317c34323a3431343335343439346634653566346635303435353234313534343934663465356635363331376333303362333033623330336233303362333033623330336233303362333033613362333033613362333033623b313b383a346234353435353035663431346334633b303b303b303b303b;42:414354494f4e5f4f5045524154494f4e5f56317c303b303b303b303b303b303b303b303a3b303a3b303b;","PLANNED_EVALUATION;operation_identity=ACTION_OPERATION_V1|0;0;0;0;0;0;0;0:;0:;0;;semantic_identity=ACTION_SEMANTICS_V1|42:414354494f4e5f4f5045524154494f4e5f56317c303b303b303b303b303b303b303b303a3b303a3b303b;1;8:4b4545505f414c4c;0;0;0;0;",1
uwb-imu-pl/gate-d-diagnostics/v16,56,2800000000,56,56,56,27,1,56,2800000000,1,1,1,1,1,0,0,0,0,0,"KEEP_BASE_CANONICAL","RANK_SAFETY_CERTIFIED_V1","PL_COMPLETE",0,1,"EXACT_BASE",nan,nan,nan,0,0,0,88.670952999999997,1.5581929999999999,0.0001,113.378906,204.06721400000001,"GENERATED_ACTION_SNAPSHOT_V1|1;137:414354494f4e5f53454d414e544943535f56317c34323a3431343335343439346634653566346635303435353234313534343934663465356635363331376333303362333033623330336233303362333033623330336233303362333033613362333033613362333033623b313b383a346234353435353035663431346334633b303b303b303b303b;42:414354494f4e5f4f5045524154494f4e5f56317c303b303b303b303b303b303b303b303a3b303a3b303b;","PLANNED_EVALUATION;operation_identity=ACTION_OPERATION_V1|0;0;0;0;0;0;0;0:;0:;0;;semantic_identity=ACTION_SEMANTICS_V1|42:414354494f4e5f4f5045524154494f4e5f56317c303b303b303b303b303b303b303b303a3b303a3b303b;1;8:4b4545505f414c4c;0;0;0;0;",1
uwb-imu-pl/gate-d-diagnostics/v16,57,2850000000,57,57,57,28,1,57,2850000000,1,1,1,1,1,0,0,0,0,0,"KEEP_BASE_CANONICAL","RANK_SAFETY_CERTIFIED_V1","PL_COMPLETE",0,1,"EXACT_BASE",nan,nan,nan,0,0,0,90.960982000000001,1.566079,0.00036299999999999999,111.78855900000001,202.30579700000001,"GENERATED_ACTION_SNAPSHOT_V1|1;137:414354494f4e5f53454d414e544943535f56317c34323a3431343335343439346634653566346635303435353234313534343934663465356635363331376333303362333033623330336233303362333033623330336233303362333033613362333033613362333033623b313b383a346234353435353035663431346334633b303b303b303b303b;42:414354494f4e5f4f5045524154494f4e5f56317c303b303b303b303b303b303b303b303a3b303a3b303b;","PLANNED_EVALUATION;operation_identity=ACTION_OPERATION_V1|0;0;0;0;0;0;0;0:;0:;0;;semantic_identity=ACTION_SEMANTICS_V1|42:414354494f4e5f4f5045524154494f4e5f56317c303b303b303b303b303b303b303b303a3b303a3b303b;1;8:4b4545505f414c4c;0;0;0;0;",1
uwb-imu-pl/gate-d-diagnostics/v16,58,2900000000,58,58,58,29,1,58,2900000000,1,1,1,1,1,0,0,0,0,0,"KEEP_BASE_CANONICAL","RANK_SAFETY_CERTIFIED_V1","PL_COMPLETE",0,1,"EXACT_BASE",nan,nan,nan,0,0,0,91.168679999999995,1.547998,0.000292,110.152213,207.91759999999999,"GENERATED_ACTION_SNAPSHOT_V1|1;137:414354494f4e5f53454d414e544943535f56317c34323a3431343335343439346634653566346635303435353234313534343934663465356635363331376333303362333033623330336233303362333033623330336233303362333033613362333033613362333033623b313b383a346234353435353035663431346334633b303b303b303b303b;42:414354494f4e5f4f5045524154494f4e5f56317c303b303b303b303b303b303b303b303a3b303a3b303b;","PLANNED_EVALUATION;operation_identity=ACTION_OPERATION_V1|0;0;0;0;0;0;0;0:;0:;0;;semantic_identity=ACTION_SEMANTICS_V1|42:414354494f4e5f4f5045524154494f4e5f56317c303b303b303b303b303b303b303b303a3b303a3b303b;1;8:4b4545505f414c4c;0;0;0;0;",1
uwb-imu-pl/gate-d-diagnostics/v16,59,2950000000,59,59,59,30,1,59,2950000000,1,1,1,1,1,0,0,0,0,0,"KEEP_BASE_CANONICAL","RANK_SAFETY_CERTIFIED_V1","PL_COMPLETE",0,1,"EXACT_BASE",nan,nan,nan,0,0,0,93.468295999999995,1.6098889999999999,0.00036999999999999999,110.940258,206.22015099999999,"GENERATED_ACTION_SNAPSHOT_V1|1;137:414354494f4e5f53454d414e544943535f56317c34323a3431343335343439346634653566346635303435353234313534343934663465356635363331376333303362333033623330336233303362333033623330336233303362333033613362333033613362333033623b313b383a346234353435353035663431346334633b303b303b303b303b;42:414354494f4e5f4f5045524154494f4e5f56317c303b303b303b303b303b303b303b303a3b303a3b303b;","PLANNED_EVALUATION;operation_identity=ACTION_OPERATION_V1|0;0;0;0;0;0;0;0:;0:;0;;semantic_identity=ACTION_SEMANTICS_V1|42:414354494f4e5f4f5045524154494f4e5f56317c303b303b303b303b303b303b303b303a3b303a3b303b;1;8:4b4545505f414c4c;0;0;0;0;",1
uwb-imu-pl/gate-d-diagnostics/v16,60,3000000000,60,60,60,31,1,60,3000000000,1,1,1,1,1,0,0,0,0,0,"KEEP_BASE_CANONICAL","RANK_SAFETY_CERTIFIED_V1","PL_COMPLETE",0,1,"EXACT_BASE",nan,nan,nan,0,0,0,93.421465999999995,1.609696,0.00029300000000000002,112.030716,204.186611,"GENERATED_ACTION_SNAPSHOT_V1|1;137:414354494f4e5f53454d414e544943535f56317c34323a3431343335343439346634653566346635303435353234313534343934663465356635363331376333303362333033623330336233303362333033623330336233303362333033613362333033613362333033623b313b383a346234353435353035663431346334633b303b303b303b303b;42:414354494f4e5f4f5045524154494f4e5f56317c303b303b303b303b303b303b303b303a3b303a3b303b;","PLANNED_EVALUATION;operation_identity=ACTION_OPERATION_V1|0;0;0;0;0;0;0;0:;0:;0;;semantic_identity=ACTION_SEMANTICS_V1|42:414354494f4e5f4f5045524154494f4e5f56317c303b303b303b303b303b303b303b303a3b303a3b303b;1;8:4b4545505f414c4c;0;0;0;0;",1
uwb-imu-pl/gate-d-diagnostics/v16,61,3050000000,61,61,61,32,1,61,3050000000,1,1,1,1,1,0,0,0,0,0,"KEEP_BASE_CANONICAL","RANK_SAFETY_CERTIFIED_V1","PL_COMPLETE",0,1,"EXACT_BASE",nan,nan,nan,0,0,0,97.218419999999995,1.7308669999999999,0.00013300000000000001,110.825413,204.589653,"GENERATED_ACTION_SNAPSHOT_V1|1;137:414354494f4e5f53454d414e544943535f56317c34323a3431343335343439346634653566346635303435353234313534343934663465356635363331376333303362333033623330336233303362333033623330336233303362333033613362333033613362333033623b313b383a346234353435353035663431346334633b303b303b303b303b;42:414354494f4e5f4f5045524154494f4e5f56317c303b303b303b303b303b303b303b303a3b303a3b303b;","PLANNED_EVALUATION;operation_identity=ACTION_OPERATION_V1|0;0;0;0;0;0;0;0:;0:;0;;semantic_identity=ACTION_SEMANTICS_V1|42:414354494f4e5f4f5045524154494f4e5f56317c303b303b303b303b303b303b303b303a3b303a3b303b;1;8:4b4545505f414c4c;0;0;0;0;",1
uwb-imu-pl/gate-d-diagnostics/v16,62,3100000000,62,62,62,33,1,62,3100000000,1,1,1,1,1,0,0,0,0,0,"KEEP_BASE_CANONICAL","RANK_SAFETY_CERTIFIED_V1","PL_COMPLETE",0,1,"EXACT_BASE",nan,nan,nan,0,0,0,101.321467,1.598597,0.00022100000000000001,112.94671099999999,208.203485,"GENERATED_ACTION_SNAPSHOT_V1|1;137:414354494f4e5f53454d414e544943535f56317c34323a3431343335343439346634653566346635303435353234313534343934663465356635363331376333303362333033623330336233303362333033623330336233303362333033613362333033613362333033623b313b383a346234353435353035663431346334633b303b303b303b303b;42:414354494f4e5f4f5045524154494f4e5f56317c303b303b303b303b303b303b303b303a3b303a3b303b;","PLANNED_EVALUATION;operation_identity=ACTION_OPERATION_V1|0;0;0;0;0;0;0;0:;0:;0;;semantic_identity=ACTION_SEMANTICS_V1|42:414354494f4e5f4f5045524154494f4e5f56317c303b303b303b303b303b303b303b303a3b303a3b303b;1;8:4b4545505f414c4c;0;0;0;0;",1
uwb-imu-pl/gate-d-diagnostics/v16,63,3150000000,63,63,63,34,1,63,3150000000,1,1,1,1,1,0,0,0,0,0,"KEEP_BASE_CANONICAL","RANK_SAFETY_CERTIFIED_V1","PL_COMPLETE",0,1,"EXACT_BASE",nan,nan,nan,0,0,0,89.996477999999996,2.0674459999999999,0.00036600000000000001,110.411412,202.13819599999999,"GENERATED_ACTION_SNAPSHOT_V1|1;137:414354494f4e5f53454d414e544943535f56317c34323a3431343335343439346634653566346635303435353234313534343934663465356635363331376333303362333033623330336233303362333033623330336233303362333033613362333033613362333033623b313b383a346234353435353035663431346334633b303b303b303b303b;42:414354494f4e5f4f5045524154494f4e5f56317c303b303b303b303b303b303b303b303a3b303a3b303b;","PLANNED_EVALUATION;operation_identity=ACTION_OPERATION_V1|0;0;0;0;0;0;0;0:;0:;0;;semantic_identity=ACTION_SEMANTICS_V1|42:414354494f4e5f4f5045524154494f4e5f56317c303b303b303b303b303b303b303b303a3b303a3b303b;1;8:4b4545505f414c4c;0;0;0;0;",1
uwb-imu-pl/gate-d-diagnostics/v16,64,3200000000,64,64,64,35,1,64,3200000000,1,1,1,1,1,0,0,0,0,0,"KEEP_BASE_CANONICAL","RANK_SAFETY_CERTIFIED_V1","PL_COMPLETE",0,1,"EXACT_BASE",nan,nan,nan,0,0,0,91.561751999999998,1.6057490000000001,0.00024000000000000001,110.046323,207.22678300000001,"GENERATED_ACTION_SNAPSHOT_V1|1;137:414354494f4e5f53454d414e544943535f56317c34323a3431343335343439346634653566346635303435353234313534343934663465356635363331376333303362333033623330336233303362333033623330336233303362333033613362333033613362333033623b313b383a346234353435353035663431346334633b303b303b303b303b;42:414354494f4e5f4f5045524154494f4e5f56317c303b303b303b303b303b303b303b303a3b303a3b303b;","PLANNED_EVALUATION;operation_identity=ACTION_OPERATION_V1|0;0;0;0;0;0;0;0:;0:;0;;semantic_identity=ACTION_SEMANTICS_V1|42:414354494f4e5f4f5045524154494f4e5f56317c303b303b303b303b303b303b303b303a3b303a3b303b;1;8:4b4545505f414c4c;0;0;0;0;",1
uwb-imu-pl/gate-d-diagnostics/v16,65,3250000000,65,65,65,36,1,65,3250000000,1,1,1,1,1,0,0,0,0,0,"KEEP_BASE_CANONICAL","RANK_SAFETY_CERTIFIED_V1","PL_COMPLETE",0,1,"EXACT_BASE",nan,nan,nan,0,0,0,97.802622999999997,1.6311560000000001,0.00024800000000000001,111.599282,202.934347,"GENERATED_ACTION_SNAPSHOT_V1|1;137:414354494f4e5f53454d414e544943535f56317c34323a3431343335343439346634653566346635303435353234313534343934663465356635363331376333303362333033623330336233303362333033623330336233303362333033613362333033613362333033623b313b383a346234353435353035663431346334633b303b303b303b303b;42:414354494f4e5f4f5045524154494f4e5f56317c303b303b303b303b303b303b303b303a3b303a3b303b;","PLANNED_EVALUATION;operation_identity=ACTION_OPERATION_V1|0;0;0;0;0;0;0;0:;0:;0;;semantic_identity=ACTION_SEMANTICS_V1|42:414354494f4e5f4f5045524154494f4e5f56317c303b303b303b303b303b303b303b303a3b303a3b303b;1;8:4b4545505f414c4c;0;0;0;0;",1
uwb-imu-pl/gate-d-diagnostics/v16,66,3300000000,66,66,66,37,1,66,3300000000,1,1,1,1,1,0,0,0,0,0,"KEEP_BASE_CANONICAL","RANK_SAFETY_CERTIFIED_V1","PL_COMPLETE",0,1,"EXACT_BASE",nan,nan,nan,0,0,0,93.032573999999997,3.0335800000000002,0.00013300000000000001,107.797723,208.072304,"GENERATED_ACTION_SNAPSHOT_V1|1;137:414354494f4e5f53454d414e544943535f56317c34323a3431343335343439346634653566346635303435353234313534343934663465356635363331376333303362333033623330336233303362333033623330336233303362333033613362333033613362333033623b313b383a346234353435353035663431346334633b303b303b303b303b;42:414354494f4e5f4f5045524154494f4e5f56317c303b303b303b303b303b303b303b303a3b303a3b303b;","PLANNED_EVALUATION;operation_identity=ACTION_OPERATION_V1|0;0;0;0;0;0;0;0:;0:;0;;semantic_identity=ACTION_SEMANTICS_V1|42:414354494f4e5f4f5045524154494f4e5f56317c303b303b303b303b303b303b303b303a3b303a3b303b;1;8:4b4545505f414c4c;0;0;0;0;",1
uwb-imu-pl/gate-d-diagnostics/v16,67,3350000000,67,67,67,38,1,67,3350000000,1,1,1,1,1,0,0,0,0,0,"KEEP_BASE_CANONICAL","RANK_SAFETY_CERTIFIED_V1","PL_COMPLETE",0,1,"EXACT_BASE",nan,nan,nan,0,0,0,94.564327000000006,1.5472490000000001,0.00033300000000000002,111.306104,206.16630699999999,"GENERATED_ACTION_SNAPSHOT_V1|1;137:414354494f4e5f53454d414e544943535f56317c34323a3431343335343439346634653566346635303435353234313534343934663465356635363331376333303362333033623330336233303362333033623330336233303362333033613362333033613362333033623b313b383a346234353435353035663431346334633b303b303b303b303b;42:414354494f4e5f4f5045524154494f4e5f56317c303b303b303b303b303b303b303b303a3b303a3b303b;","PLANNED_EVALUATION;operation_identity=ACTION_OPERATION_V1|0;0;0;0;0;0;0;0:;0:;0;;semantic_identity=ACTION_SEMANTICS_V1|42:414354494f4e5f4f5045524154494f4e5f56317c303b303b303b303b303b303b303b303a3b303a3b303b;1;8:4b4545505f414c4c;0;0;0;0;",1
uwb-imu-pl/gate-d-diagnostics/v16,68,3400000000,68,68,68,39,1,68,3400000000,1,1,1,1,1,0,0,0,0,0,"KEEP_BASE_CANONICAL","RANK_SAFETY_CERTIFIED_V1","PL_COMPLETE",0,1,"EXACT_BASE",nan,nan,nan,0,0,0,92.330763000000005,1.5177959999999999,0.00031199999999999999,112.331827,204.499055,"GENERATED_ACTION_SNAPSHOT_V1|1;137:414354494f4e5f53454d414e544943535f56317c34323a3431343335343439346634653566346635303435353234313534343934663465356635363331376333303362333033623330336233303362333033623330336233303362333033613362333033613362333033623b313b383a346234353435353035663431346334633b303b303b303b303b;42:414354494f4e5f4f5045524154494f4e5f56317c303b303b303b303b303b303b303b303a3b303a3b303b;","PLANNED_EVALUATION;operation_identity=ACTION_OPERATION_V1|0;0;0;0;0;0;0;0:;0:;0;;semantic_identity=ACTION_SEMANTICS_V1|42:414354494f4e5f4f5045524154494f4e5f56317c303b303b303b303b303b303b303b303a3b303a3b303b;1;8:4b4545505f414c4c;0;0;0;0;",1
uwb-imu-pl/gate-d-diagnostics/v16,69,3450000000,69,69,69,40,1,69,3450000000,1,1,1,1,1,0,0,0,0,0,"KEEP_BASE_CANONICAL","RANK_SAFETY_CERTIFIED_V1","PL_COMPLETE",0,1,"EXACT_BASE",nan,nan,nan,0,0,0,96.846023000000002,1.533949,0.00021900000000000001,111.568515,206.825132,"GENERATED_ACTION_SNAPSHOT_V1|1;137:414354494f4e5f53454d414e544943535f56317c34323a3431343335343439346634653566346635303435353234313534343934663465356635363331376333303362333033623330336233303362333033623330336233303362333033613362333033613362333033623b313b383a346234353435353035663431346334633b303b303b303b303b;42:414354494f4e5f4f5045524154494f4e5f56317c303b303b303b303b303b303b303b303a3b303a3b303b;","PLANNED_EVALUATION;operation_identity=ACTION_OPERATION_V1|0;0;0;0;0;0;0;0:;0:;0;;semantic_identity=ACTION_SEMANTICS_V1|42:414354494f4e5f4f5045524154494f4e5f56317c303b303b303b303b303b303b303b303a3b303a3b303b;1;8:4b4545505f414c4c;0;0;0;0;",1
uwb-imu-pl/gate-d-diagnostics/v16,70,3500000000,70,70,70,41,1,70,3500000000,1,1,1,1,1,0,0,0,0,0,"KEEP_BASE_CANONICAL","RANK_SAFETY_CERTIFIED_V1","PL_COMPLETE",0,1,"EXACT_BASE",nan,nan,nan,0,0,0,98.623704000000004,1.5653140000000001,0.00028299999999999999,112.49539900000001,203.95703800000001,"GENERATED_ACTION_SNAPSHOT_V1|1;137:414354494f4e5f53454d414e544943535f56317c34323a3431343335343439346634653566346635303435353234313534343934663465356635363331376333303362333033623330336233303362333033623330336233303362333033613362333033613362333033623b313b383a346234353435353035663431346334633b303b303b303b303b;42:414354494f4e5f4f5045524154494f4e5f56317c303b303b303b303b303b303b303b303a3b303a3b303b;","PLANNED_EVALUATION;operation_identity=ACTION_OPERATION_V1|0;0;0;0;0;0;0;0:;0:;0;;semantic_identity=ACTION_SEMANTICS_V1|42:414354494f4e5f4f5045524154494f4e5f56317c303b303b303b303b303b303b303b303a3b303a3b303b;1;8:4b4545505f414c4c;0;0;0;0;",1
uwb-imu-pl/gate-d-diagnostics/v16,71,3550000000,71,71,71,42,1,71,3550000000,1,1,1,1,1,0,0,0,0,0,"KEEP_BASE_CANONICAL","RANK_SAFETY_CERTIFIED_V1","PL_COMPLETE",0,1,"EXACT_BASE",nan,nan,nan,0,0,0,90.129908,1.649211,0.00025599999999999999,115.189441,203.888193,"GENERATED_ACTION_SNAPSHOT_V1|1;137:414354494f4e5f53454d414e544943535f56317c34323a3431343335343439346634653566346635303435353234313534343934663465356635363331376333303362333033623330336233303362333033623330336233303362333033613362333033613362333033623b313b383a346234353435353035663431346334633b303b303b303b303b;42:414354494f4e5f4f5045524154494f4e5f56317c303b303b303b303b303b303b303b303a3b303a3b303b;","PLANNED_EVALUATION;operation_identity=ACTION_OPERATION_V1|0;0;0;0;0;0;0;0:;0:;0;;semantic_identity=ACTION_SEMANTICS_V1|42:414354494f4e5f4f5045524154494f4e5f56317c303b303b303b303b303b303b303b303a3b303a3b303b;1;8:4b4545505f414c4c;0;0;0;0;",1
uwb-imu-pl/gate-d-diagnostics/v16,72,3600000000,72,72,72,43,1,72,3600000000,1,1,1,1,1,0,0,0,0,0,"KEEP_BASE_CANONICAL","RANK_SAFETY_CERTIFIED_V1","PL_COMPLETE",0,1,"EXACT_BASE",nan,nan,nan,0,0,0,92.940817999999993,1.833421,8.2000000000000001e-05,116.887861,204.18612100000001,"GENERATED_ACTION_SNAPSHOT_V1|1;137:414354494f4e5f53454d414e544943535f56317c34323a3431343335343439346634653566346635303435353234313534343934663465356635363331376333303362333033623330336233303362333033623330336233303362333033613362333033613362333033623b313b383a346234353435353035663431346334633b303b303b303b303b;42:414354494f4e5f4f5045524154494f4e5f56317c303b303b303b303b303b303b303b303a3b303a3b303b;","PLANNED_EVALUATION;operation_identity=ACTION_OPERATION_V1|0;0;0;0;0;0;0;0:;0:;0;;semantic_identity=ACTION_SEMANTICS_V1|42:414354494f4e5f4f5045524154494f4e5f56317c303b303b303b303b303b303b303b303a3b303a3b303b;1;8:4b4545505f414c4c;0;0;0;0;",1
uwb-imu-pl/gate-d-diagnostics/v16,73,3650000000,73,73,73,44,1,73,3650000000,1,1,1,1,1,0,0,0,0,0,"KEEP_BASE_CANONICAL","RANK_SAFETY_CERTIFIED_V1","PL_COMPLETE",0,1,"EXACT_BASE",nan,nan,nan,0,0,0,95.284820999999994,1.6253599999999999,0.00011400000000000001,111.991657,200.47701900000001,"GENERATED_ACTION_SNAPSHOT_V1|1;137:414354494f4e5f53454d414e544943535f56317c34323a3431343335343439346634653566346635303435353234313534343934663465356635363331376333303362333033623330336233303362333033623330336233303362333033613362333033613362333033623b313b383a346234353435353035663431346334633b303b303b303b303b;42:414354494f4e5f4f5045524154494f4e5f56317c303b303b303b303b303b303b303b303a3b303a3b303b;","PLANNED_EVALUATION;operation_identity=ACTION_OPERATION_V1|0;0;0;0;0;0;0;0:;0:;0;;semantic_identity=ACTION_SEMANTICS_V1|42:414354494f4e5f4f5045524154494f4e5f56317c303b303b303b303b303b303b303b303a3b303a3b303b;1;8:4b4545505f414c4c;0;0;0;0;",1
uwb-imu-pl/gate-d-diagnostics/v16,74,3700000000,74,74,74,45,1,74,3700000000,1,1,1,1,1,0,0,0,0,0,"KEEP_BASE_CANONICAL","RANK_SAFETY_CERTIFIED_V1","PL_COMPLETE",0,1,"EXACT_BASE",nan,nan,nan,0,0,0,95.842589000000004,1.6194850000000001,0.00019000000000000001,107.975821,204.970124,"GENERATED_ACTION_SNAPSHOT_V1|1;137:414354494f4e5f53454d414e544943535f56317c34323a3431343335343439346634653566346635303435353234313534343934663465356635363331376333303362333033623330336233303362333033623330336233303362333033613362333033613362333033623b313b383a346234353435353035663431346334633b303b303b303b303b;42:414354494f4e5f4f5045524154494f4e5f56317c303b303b303b303b303b303b303b303a3b303a3b303b;","PLANNED_EVALUATION;operation_identity=ACTION_OPERATION_V1|0;0;0;0;0;0;0;0:;0:;0;;semantic_identity=ACTION_SEMANTICS_V1|42:414354494f4e5f4f5045524154494f4e5f56317c303b303b303b303b303b303b303b303a3b303a3b303b;1;8:4b4545505f414c4c;0;0;0;0;",1
uwb-imu-pl/gate-d-diagnostics/v16,75,3750000000,75,75,75,46,1,75,3750000000,1,1,1,1,1,0,0,1,0,0,"DENSE_ROUTER_EXACT","RANK_PRECONDITION_EXACT_MARGIN","PL_COMPLETE",0,0,"EXACT_SVD",nan,nan,nan,0,0,0,69.164557000000002,4.1155049999999997,9.5000000000000005e-05,107.22225400000001,230.46442400000001,"GENERATED_ACTION_SNAPSHOT_V1|1;137:414354494f4e5f53454d414e544943535f56317c34323a3431343335343439346634653566346635303435353234313534343934663465356635363331376333303362333033623330336233303362333033623330336233303362333033613362333033613362333033623b313b383a346234353435353035663431346334633b303b303b303b303b;42:414354494f4e5f4f5045524154494f4e5f56317c303b303b303b303b303b303b303b303a3b303a3b303b;","PLANNED_EVALUATION;operation_identity=ACTION_OPERATION_V1|0;0;0;0;0;0;0;0:;0:;0;;semantic_identity=ACTION_SEMANTICS_V1|42:414354494f4e5f4f5045524154494f4e5f56317c303b303b303b303b303b303b303b303a3b303a3b303b;1;8:4b4545505f414c4c;0;0;0;0;",1
uwb-imu-pl/gate-d-diagnostics/v16,76,3800000000,76,76,76,47,1,76,3800000000,1,1,1,1,1,0,0,0,0,0,"KEEP_BASE_CANONICAL","RANK_SAFETY_CERTIFIED_V1","PL_COMPLETE",0,1,"EXACT_BASE",nan,nan,nan,0,0,0,93.709742000000006,1.6059909999999999,0.00029599999999999998,111.23763599999999,208.559922,"GENERATED_ACTION_SNAPSHOT_V1|1;137:414354494f4e5f53454d414e544943535f56317c34323a3431343335343439346634653566346635303435353234313534343934663465356635363331376333303362333033623330336233303362333033623330336233303362333033613362333033613362333033623b313b383a346234353435353035663431346334633b303b303b303b303b;42:414354494f4e5f4f5045524154494f4e5f56317c303b303b303b303b303b303b303b303a3b303a3b303b;","PLANNED_EVALUATION;operation_identity=ACTION_OPERATION_V1|0;0;0;0;0;0;0;0:;0:;0;;semantic_identity=ACTION_SEMANTICS_V1|42:414354494f4e5f4f5045524154494f4e5f56317c303b303b303b303b303b303b303b303a3b303a3b303b;1;8:4b4545505f414c4c;0;0;0;0;",1
uwb-imu-pl/gate-d-diagnostics/v16,77,3850000000,77,77,77,48,1,77,3850000000,1,1,1,1,1,0,0,1,0,0,"DENSE_ROUTER_EXACT","RANK_PRECONDITION_EXACT_MARGIN","PL_COMPLETE",0,0,"EXACT_SVD",nan,nan,nan,0,0,0,68.550691999999998,3.8595899999999999,0.00026899999999999998,114.158879,226.314178,"GENERATED_ACTION_SNAPSHOT_V1|1;137:414354494f4e5f53454d414e544943535f56317c34323a3431343335343439346634653566346635303435353234313534343934663465356635363331376333303362333033623330336233303362333033623330336233303362333033613362333033613362333033623b313b383a346234353435353035663431346334633b303b303b303b303b;42:414354494f4e5f4f5045524154494f4e5f56317c303b303b303b303b303b303b303b303a3b303a3b303b;","PLANNED_EVALUATION;operation_identity=ACTION_OPERATION_V1|0;0;0;0;0;0;0;0:;0:;0;;semantic_identity=ACTION_SEMANTICS_V1|42:414354494f4e5f4f5045524154494f4e5f56317c303b303b303b303b303b303b303b303a3b303a3b303b;1;8:4b4545505f414c4c;0;0;0;0;",1
uwb-imu-pl/gate-d-diagnostics/v16,78,3900000000,78,78,78,49,1,78,3900000000,1,1,1,1,1,0,0,1,0,0,"DENSE_ROUTER_EXACT","RANK_PRECONDITION_EXACT_MARGIN","PL_COMPLETE",0,0,"EXACT_SVD",nan,nan,nan,0,0,0,65.682760999999999,3.8487650000000002,0.00033,112.59114599999999,231.51084800000001,"GENERATED_ACTION_SNAPSHOT_V1|1;137:414354494f4e5f53454d414e544943535f56317c34323a3431343335343439346634653566346635303435353234313534343934663465356635363331376333303362333033623330336233303362333033623330336233303362333033613362333033613362333033623b313b383a346234353435353035663431346334633b303b303b303b303b;42:414354494f4e5f4f5045524154494f4e5f56317c303b303b303b303b303b303b303b303a3b303a3b303b;","PLANNED_EVALUATION;operation_identity=ACTION_OPERATION_V1|0;0;0;0;0;0;0;0:;0:;0;;semantic_identity=ACTION_SEMANTICS_V1|42:414354494f4e5f4f5045524154494f4e5f56317c303b303b303b303b303b303b303b303a3b303a3b303b;1;8:4b4545505f414c4c;0;0;0;0;",1
uwb-imu-pl/gate-d-diagnostics/v16,79,3950000000,79,79,79,50,1,79,3950000000,1,1,1,1,1,0,0,1,0,0,"DENSE_ROUTER_EXACT","RANK_PRECONDITION_EXACT_MARGIN","PL_COMPLETE",0,0,"EXACT_SVD",nan,nan,nan,0,0,0,66.667573000000004,3.7931170000000001,0.00013300000000000001,109.45123599999999,230.88942599999999,"GENERATED_ACTION_SNAPSHOT_V1|1;137:414354494f4e5f53454d414e544943535f56317c34323a3431343335343439346634653566346635303435353234313534343934663465356635363331376333303362333033623330336233303362333033623330336233303362333033613362333033613362333033623b313b383a346234353435353035663431346334633b303b303b303b303b;42:414354494f4e5f4f5045524154494f4e5f56317c303b303b303b303b303b303b303b303a3b303a3b303b;","PLANNED_EVALUATION;operation_identity=ACTION_OPERATION_V1|0;0;0;0;0;0;0;0:;0:;0;;semantic_identity=ACTION_SEMANTICS_V1|42:414354494f4e5f4f5045524154494f4e5f56317c303b303b303b303b303b303b303b303a3b303a3b303b;1;8:4b4545505f414c4c;0;0;0;0;",1
uwb-imu-pl/gate-d-diagnostics/v16,80,4000000000,80,80,80,51,1,80,4000000000,1,1,1,1,1,0,0,0,0,0,"KEEP_BASE_CANONICAL","RANK_SAFETY_CERTIFIED_V1","PL_COMPLETE",0,1,"EXACT_BASE",nan,nan,nan,0,0,0,93.685743000000002,1.5678209999999999,0.00045800000000000002,112.423371,205.01367500000001,"GENERATED_ACTION_SNAPSHOT_V1|1;137:414354494f4e5f53454d414e544943535f56317c34323a3431343335343439346634653566346635303435353234313534343934663465356635363331376333303362333033623330336233303362333033623330336233303362333033613362333033613362333033623b313b383a346234353435353035663431346334633b303b303b303b303b;42:414354494f4e5f4f5045524154494f4e5f56317c303b303b303b303b303b303b303b303a3b303a3b303b;","PLANNED_EVALUATION;operation_identity=ACTION_OPERATION_V1|0;0;0;0;0;0;0;0:;0:;0;;semantic_identity=ACTION_SEMANTICS_V1|42:414354494f4e5f4f5045524154494f4e5f56317c303b303b303b303b303b303b303b303a3b303a3b303b;1;8:4b4545505f414c4c;0;0;0;0;",1
uwb-imu-pl/gate-d-diagnostics/v16,81,4050000000,81,81,81,52,1,81,4050000000,1,1,1,1,1,0,0,0,0,0,"KEEP_BASE_CANONICAL","RANK_SAFETY_CERTIFIED_V1","PL_COMPLETE",0,1,"EXACT_BASE",nan,nan,nan,0,0,0,88.830978999999999,1.5345120000000001,0.00033199999999999999,112.888018,204.64229399999999,"GENERATED_ACTION_SNAPSHOT_V1|1;137:414354494f4e5f53454d414e544943535f56317c34323a3431343335343439346634653566346635303435353234313534343934663465356635363331376333303362333033623330336233303362333033623330336233303362333033613362333033613362333033623b313b383a346234353435353035663431346334633b303b303b303b303b;42:414354494f4e5f4f5045524154494f4e5f56317c303b303b303b303b303b303b303b303a3b303a3b303b;","PLANNED_EVALUATION;operation_identity=ACTION_OPERATION_V1|0;0;0;0;0;0;0;0:;0:;0;;semantic_identity=ACTION_SEMANTICS_V1|42:414354494f4e5f4f5045524154494f4e5f56317c303b303b303b303b303b303b303b303a3b303a3b303b;1;8:4b4545505f414c4c;0;0;0;0;",1
uwb-imu-pl/gate-d-diagnostics/v16,82,4100000000,82,82,82,53,1,82,4100000000,1,1,1,1,1,0,0,1,0,0,"DENSE_ROUTER_EXACT","RANK_PRECONDITION_EXACT_MARGIN","PL_COMPLETE",0,0,"EXACT_SVD",nan,nan,nan,0,0,0,65.014566000000002,4.5435689999999997,0.00012999999999999999,107.34577,226.45075900000001,"GENERATED_ACTION_SNAPSHOT_V1|1;137:414354494f4e5f53454d414e544943535f56317c34323a3431343335343439346634653566346635303435353234313534343934663465356635363331376333303362333033623330336233303362333033623330336233303362333033613362333033613362333033623b313b383a346234353435353035663431346334633b303b303b303b303b;42:414354494f4e5f4f5045524154494f4e5f56317c303b303b303b303b303b303b303b303a3b303a3b303b;","PLANNED_EVALUATION;operation_identity=ACTION_OPERATION_V1|0;0;0;0;0;0;0;0:;0:;0;;semantic_identity=ACTION_SEMANTICS_V1|42:414354494f4e5f4f5045524154494f4e5f56317c303b303b303b303b303b303b303b303a3b303a3b303b;1;8:4b4545505f414c4c;0;0;0;0;",1
uwb-imu-pl/gate-d-diagnostics/v16,83,4150000000,83,83,83,54,1,83,4150000000,1,1,1,1,1,0,0,1,0,0,"DENSE_ROUTER_EXACT","RANK_PRECONDITION_EXACT_MARGIN","PL_COMPLETE",0,0,"EXACT_SVD",nan,nan,nan,0,0,0,66.252865999999997,3.768462,0.000328,122.63430099999999,231.25535199999999,"GENERATED_ACTION_SNAPSHOT_V1|1;137:414354494f4e5f53454d414e544943535f56317c34323a3431343335343439346634653566346635303435353234313534343934663465356635363331376333303362333033623330336233303362333033623330336233303362333033613362333033613362333033623b313b383a346234353435353035663431346334633b303b303b303b303b;42:414354494f4e5f4f5045524154494f4e5f56317c303b303b303b303b303b303b303b303a3b303a3b303b;","PLANNED_EVALUATION;operation_identity=ACTION_OPERATION_V1|0;0;0;0;0;0;0;0:;0:;0;;semantic_identity=ACTION_SEMANTICS_V1|42:414354494f4e5f4f5045524154494f4e5f56317c303b303b303b303b303b303b303b303a3b303a3b303b;1;8:4b4545505f414c4c;0;0;0;0;",1
uwb-imu-pl/gate-d-diagnostics/v16,84,4200000000,84,84,84,55,1,84,4200000000,1,1,1,1,1,0,0,0,0,0,"KEEP_BASE_CANONICAL","RANK_SAFETY_CERTIFIED_V1","PL_COMPLETE",0,1,"EXACT_BASE",nan,nan,nan,0,0,0,90.412099999999995,1.538869,0.000146,110.048053,200.83084500000001,"GENERATED_ACTION_SNAPSHOT_V1|1;137:414354494f4e5f53454d414e544943535f56317c34323a3431343335343439346634653566346635303435353234313534343934663465356635363331376333303362333033623330336233303362333033623330336233303362333033613362333033613362333033623b313b383a346234353435353035663431346334633b303b303b303b303b;42:414354494f4e5f4f5045524154494f4e5f56317c303b303b303b303b303b303b303b303a3b303a3b303b;","PLANNED_EVALUATION;operation_identity=ACTION_OPERATION_V1|0;0;0;0;0;0;0;0:;0:;0;;semantic_identity=ACTION_SEMANTICS_V1|42:414354494f4e5f4f5045524154494f4e5f56317c303b303b303b303b303b303b303b303a3b303a3b303b;1;8:4b4545505f414c4c;0;0;0;0;",1
uwb-imu-pl/gate-d-diagnostics/v16,85,4250000000,85,85,85,56,1,85,4250000000,1,1,1,1,1,0,0,0,0,0,"KEEP_BASE_CANONICAL","RANK_SAFETY_CERTIFIED_V1","PL_COMPLETE",0,1,"EXACT_BASE",nan,nan,nan,0,0,0,91.276948000000004,1.5851569999999999,0.00028499999999999999,110.63482,205.66514799999999,"GENERATED_ACTION_SNAPSHOT_V1|1;137:414354494f4e5f53454d414e544943535f56317c34323a3431343335343439346634653566346635303435353234313534343934663465356635363331376333303362333033623330336233303362333033623330336233303362333033613362333033613362333033623b313b383a346234353435353035663431346334633b303b303b303b303b;42:414354494f4e5f4f5045524154494f4e5f56317c303b303b303b303b303b303b303b303a3b303a3b303b;","PLANNED_EVALUATION;operation_identity=ACTION_OPERATION_V1|0;0;0;0;0;0;0;0:;0:;0;;semantic_identity=ACTION_SEMANTICS_V1|42:414354494f4e5f4f5045524154494f4e5f56317c303b303b303b303b303b303b303b303a3b303a3b303b;1;8:4b4545505f414c4c;0;0;0;0;",1
uwb-imu-pl/gate-d-diagnostics/v16,86,4300000000,86,86,86,57,1,86,4300000000,1,1,1,1,1,0,0,0,0,0,"KEEP_BASE_CANONICAL","RANK_SAFETY_CERTIFIED_V1","PL_COMPLETE",0,1,"EXACT_BASE",nan,nan,nan,0,0,0,96.339336000000003,1.554235,0.00023499999999999999,112.79458099999999,207.627655,"GENERATED_ACTION_SNAPSHOT_V1|1;137:414354494f4e5f53454d414e544943535f56317c34323a3431343335343439346634653566346635303435353234313534343934663465356635363331376333303362333033623330336233303362333033623330336233303362333033613362333033613362333033623b313b383a346234353435353035663431346334633b303b303b303b303b;42:414354494f4e5f4f5045524154494f4e5f56317c303b303b303b303b303b303b303b303a3b303a3b303b;","PLANNED_EVALUATION;operation_identity=ACTION_OPERATION_V1|0;0;0;0;0;0;0;0:;0:;0;;semantic_identity=ACTION_SEMANTICS_V1|42:414354494f4e5f4f5045524154494f4e5f56317c303b303b303b303b303b303b303b303a3b303a3b303b;1;8:4b4545505f414c4c;0;0;0;0;",1
uwb-imu-pl/gate-d-diagnostics/v16,87,4350000000,87,87,87,58,1,87,4350000000,1,1,1,1,1,0,0,0,0,0,"KEEP_BASE_CANONICAL","RANK_SAFETY_CERTIFIED_V1","PL_COMPLETE",0,1,"EXACT_BASE",nan,nan,nan,0,0,0,95.469098000000002,1.9643630000000001,0.00018799999999999999,108.456171,206.159063,"GENERATED_ACTION_SNAPSHOT_V1|1;137:414354494f4e5f53454d414e544943535f56317c34323a3431343335343439346634653566346635303435353234313534343934663465356635363331376333303362333033623330336233303362333033623330336233303362333033613362333033613362333033623b313b383a346234353435353035663431346334633b303b303b303b303b;42:414354494f4e5f4f5045524154494f4e5f56317c303b303b303b303b303b303b303b303a3b303a3b303b;","PLANNED_EVALUATION;operation_identity=ACTION_OPERATION_V1|0;0;0;0;0;0;0;0:;0:;0;;semantic_identity=ACTION_SEMANTICS_V1|42:414354494f4e5f4f5045524154494f4e5f56317c303b303b303b303b303b303b303b303a3b303a3b303b;1;8:4b4545505f414c4c;0;0;0;0;",1
uwb-imu-pl/gate-d-diagnostics/v16,88,4400000000,88,88,88,59,1,88,4400000000,1,1,1,1,1,0,0,0,0,0,"KEEP_BASE_CANONICAL","RANK_SAFETY_CERTIFIED_V1","PL_COMPLETE",0,1,"EXACT_BASE",nan,nan,nan,0,0,0,94.404764999999998,1.817234,0.00031100000000000002,110.03588999999999,207.904583,"GENERATED_ACTION_SNAPSHOT_V1|1;137:414354494f4e5f53454d414e544943535f56317c34323a3431343335343439346634653566346635303435353234313534343934663465356635363331376333303362333033623330336233303362333033623330336233303362333033613362333033613362333033623b313b383a346234353435353035663431346334633b303b303b303b303b;42:414354494f4e5f4f5045524154494f4e5f56317c303b303b303b303b303b303b303b303a3b303a3b303b;","PLANNED_EVALUATION;operation_identity=ACTION_OPERATION_V1|0;0;0;0;0;0;0;0:;0:;0;;semantic_identity=ACTION_SEMANTICS_V1|42:414354494f4e5f4f5045524154494f4e5f56317c303b303b303b303b303b303b303b303a3b303a3b303b;1;8:4b4545505f414c4c;0;0;0;0;",1
uwb-imu-pl/gate-d-diagnostics/v16,89,4450000000,89,89,89,60,1,89,4450000000,1,1,1,1,1,0,0,0,0,0,"KEEP_BASE_CANONICAL","RANK_SAFETY_CERTIFIED_V1","PL_COMPLETE",0,1,"EXACT_BASE",nan,nan,nan,0,0,0,95.084630000000004,1.644099,0.000233,112.646749,205.16905299999999,"GENERATED_ACTION_SNAPSHOT_V1|1;137:414354494f4e5f53454d414e544943535f56317c34323a3431343335343439346634653566346635303435353234313534343934663465356635363331376333303362333033623330336233303362333033623330336233303362333033613362333033613362333033623b313b383a346234353435353035663431346334633b303b303b303b303b;42:414354494f4e5f4f5045524154494f4e5f56317c303b303b303b303b303b303b303b303a3b303a3b303b;","PLANNED_EVALUATION;operation_identity=ACTION_OPERATION_V1|0;0;0;0;0;0;0;0:;0:;0;;semantic_identity=ACTION_SEMANTICS_V1|42:414354494f4e5f4f5045524154494f4e5f56317c303b303b303b303b303b303b303b303a3b303a3b303b;1;8:4b4545505f414c4c;0;0;0;0;",1
uwb-imu-pl/gate-d-diagnostics/v16,90,4500000000,90,90,90,61,1,90,4500000000,1,1,1,1,1,0,0,0,0,0,"KEEP_BASE_CANONICAL","RANK_SAFETY_CERTIFIED_V1","PL_COMPLETE",0,1,"EXACT_BASE",nan,nan,nan,0,0,0,91.850638000000004,1.518167,0.000328,114.679975,206.78202899999999,"GENERATED_ACTION_SNAPSHOT_V1|1;137:414354494f4e5f53454d414e544943535f56317c34323a3431343335343439346634653566346635303435353234313534343934663465356635363331376333303362333033623330336233303362333033623330336233303362333033613362333033613362333033623b313b383a346234353435353035663431346334633b303b303b303b303b;42:414354494f4e5f4f5045524154494f4e5f56317c303b303b303b303b303b303b303b303a3b303a3b303b;","PLANNED_EVALUATION;operation_identity=ACTION_OPERATION_V1|0;0;0;0;0;0;0;0:;0:;0;;semantic_identity=ACTION_SEMANTICS_V1|42:414354494f4e5f4f5045524154494f4e5f56317c303b303b303b303b303b303b303b303a3b303a3b303b;1;8:4b4545505f414c4c;0;0;0;0;",1
uwb-imu-pl/gate-d-diagnostics/v16,91,4550000000,91,91,91,62,1,91,4550000000,1,1,1,1,1,0,0,0,0,0,"KEEP_BASE_CANONICAL","RANK_SAFETY_CERTIFIED_V1","PL_COMPLETE",0,1,"EXACT_BASE",nan,nan,nan,0,0,0,94.154343999999995,1.8125640000000001,0.00025900000000000001,110.07983299999999,205.16339199999999,"GENERATED_ACTION_SNAPSHOT_V1|1;137:414354494f4e5f53454d414e544943535f56317c34323a3431343335343439346634653566346635303435353234313534343934663465356635363331376333303362333033623330336233303362333033623330336233303362333033613362333033613362333033623b313b383a346234353435353035663431346334633b303b303b303b303b;42:414354494f4e5f4f5045524154494f4e5f56317c303b303b303b303b303b303b303b303a3b303a3b303b;","PLANNED_EVALUATION;operation_identity=ACTION_OPERATION_V1|0;0;0;0;0;0;0;0:;0:;0;;semantic_identity=ACTION_SEMANTICS_V1|42:414354494f4e5f4f5045524154494f4e5f56317c303b303b303b303b303b303b303b303a3b303a3b303b;1;8:4b4545505f414c4c;0;0;0;0;",1
uwb-imu-pl/gate-d-diagnostics/v16,92,4600000000,92,92,92,63,1,92,4600000000,1,1,1,1,1,0,0,0,0,0,"KEEP_BASE_CANONICAL","RANK_SAFETY_CERTIFIED_V1","PL_COMPLETE",0,1,"EXACT_BASE",nan,nan,nan,0,0,0,94.465602000000004,1.6755690000000001,0.00019900000000000001,107.91159,207.91707299999999,"GENERATED_ACTION_SNAPSHOT_V1|1;137:414354494f4e5f53454d414e544943535f56317c34323a3431343335343439346634653566346635303435353234313534343934663465356635363331376333303362333033623330336233303362333033623330336233303362333033613362333033613362333033623b313b383a346234353435353035663431346334633b303b303b303b303b;42:414354494f4e5f4f5045524154494f4e5f56317c303b303b303b303b303b303b303b303a3b303a3b303b;","PLANNED_EVALUATION;operation_identity=ACTION_OPERATION_V1|0;0;0;0;0;0;0;0:;0:;0;;semantic_identity=ACTION_SEMANTICS_V1|42:414354494f4e5f4f5045524154494f4e5f56317c303b303b303b303b303b303b303b303a3b303a3b303b;1;8:4b4545505f414c4c;0;0;0;0;",1
uwb-imu-pl/gate-d-diagnostics/v16,93,4650000000,93,93,93,64,1,93,4650000000,1,1,1,1,1,0,0,0,0,0,"KEEP_BASE_CANONICAL","RANK_SAFETY_CERTIFIED_V1","PL_COMPLETE",0,1,"EXACT_BASE",nan,nan,nan,0,0,0,95.387995000000004,1.69042,0.00022800000000000001,111.867431,206.084361,"GENERATED_ACTION_SNAPSHOT_V1|1;137:414354494f4e5f53454d414e544943535f56317c34323a3431343335343439346634653566346635303435353234313534343934663465356635363331376333303362333033623330336233303362333033623330336233303362333033613362333033613362333033623b313b383a346234353435353035663431346334633b303b303b303b303b;42:414354494f4e5f4f5045524154494f4e5f56317c303b303b303b303b303b303b303b303a3b303a3b303b;","PLANNED_EVALUATION;operation_identity=ACTION_OPERATION_V1|0;0;0;0;0;0;0;0:;0:;0;;semantic_identity=ACTION_SEMANTICS_V1|42:414354494f4e5f4f5045524154494f4e5f56317c303b303b303b303b303b303b303b303a3b303a3b303b;1;8:4b4545505f414c4c;0;0;0;0;",1
uwb-imu-pl/gate-d-diagnostics/v16,94,4700000000,94,94,94,65,1,94,4700000000,1,1,1,1,1,0,0,0,0,0,"KEEP_BASE_CANONICAL","RANK_SAFETY_CERTIFIED_V1","PL_COMPLETE",0,1,"EXACT_BASE",nan,nan,nan,0,0,0,95.492129000000006,1.6934100000000001,0.00022599999999999999,112.297219,204.668733,"GENERATED_ACTION_SNAPSHOT_V1|1;137:414354494f4e5f53454d414e544943535f56317c34323a3431343335343439346634653566346635303435353234313534343934663465356635363331376333303362333033623330336233303362333033623330336233303362333033613362333033613362333033623b313b383a346234353435353035663431346334633b303b303b303b303b;42:414354494f4e5f4f5045524154494f4e5f56317c303b303b303b303b303b303b303b303a3b303a3b303b;","PLANNED_EVALUATION;operation_identity=ACTION_OPERATION_V1|0;0;0;0;0;0;0;0:;0:;0;;semantic_identity=ACTION_SEMANTICS_V1|42:414354494f4e5f4f5045524154494f4e5f56317c303b303b303b303b303b303b303b303a3b303a3b303b;1;8:4b4545505f414c4c;0;0;0;0;",1
uwb-imu-pl/gate-d-diagnostics/v16,95,4750000000,95,95,95,66,1,95,4750000000,1,1,1,1,1,0,0,0,0,0,"KEEP_BASE_CANONICAL","RANK_SAFETY_CERTIFIED_V1","PL_COMPLETE",0,1,"EXACT_BASE",nan,nan,nan,0,0,0,94.164277999999996,2.3796560000000002,0.00025599999999999999,110.09809300000001,208.11218700000001,"GENERATED_ACTION_SNAPSHOT_V1|1;137:414354494f4e5f53454d414e544943535f56317c34323a3431343335343439346634653566346635303435353234313534343934663465356635363331376333303362333033623330336233303362333033623330336233303362333033613362333033613362333033623b313b383a346234353435353035663431346334633b303b303b303b303b;42:414354494f4e5f4f5045524154494f4e5f56317c303b303b303b303b303b303b303b303a3b303a3b303b;","PLANNED_EVALUATION;operation_identity=ACTION_OPERATION_V1|0;0;0;0;0;0;0;0:;0:;0;;semantic_identity=ACTION_SEMANTICS_V1|42:414354494f4e5f4f5045524154494f4e5f56317c303b303b303b303b303b303b303b303a3b303a3b303b;1;8:4b4545505f414c4c;0;0;0;0;",1
uwb-imu-pl/gate-d-diagnostics/v16,96,4800000000,96,96,96,67,1,96,4800000000,1,1,1,1,1,0,0,0,0,0,"KEEP_BASE_CANONICAL","RANK_SAFETY_CERTIFIED_V1","PL_COMPLETE",0,1,"EXACT_BASE",nan,nan,nan,0,0,0,93.822112000000004,1.540959,0.00039100000000000002,112.797759,206.223265,"GENERATED_ACTION_SNAPSHOT_V1|1;137:414354494f4e5f53454d414e544943535f56317c34323a3431343335343439346634653566346635303435353234313534343934663465356635363331376333303362333033623330336233303362333033623330336233303362333033613362333033613362333033623b313b383a346234353435353035663431346334633b303b303b303b303b;42:414354494f4e5f4f5045524154494f4e5f56317c303b303b303b303b303b303b303b303a3b303a3b303b;","PLANNED_EVALUATION;operation_identity=ACTION_OPERATION_V1|0;0;0;0;0;0;0;0:;0:;0;;semantic_identity=ACTION_SEMANTICS_V1|42:414354494f4e5f4f5045524154494f4e5f56317c303b303b303b303b303b303b303b303a3b303a3b303b;1;8:4b4545505f414c4c;0;0;0;0;",1
uwb-imu-pl/gate-d-diagnostics/v16,97,4850000000,97,97,97,68,1,97,4850000000,1,1,1,1,1,0,0,0,0,0,"KEEP_BASE_CANONICAL","RANK_SAFETY_CERTIFIED_V1","PL_COMPLETE",0,1,"EXACT_BASE",nan,nan,nan,0,0,0,97.706498999999994,1.5305219999999999,0.00084699999999999999,111.871866,205.883048,"GENERATED_ACTION_SNAPSHOT_V1|1;137:414354494f4e5f53454d414e544943535f56317c34323a3431343335343439346634653566346635303435353234313534343934663465356635363331376333303362333033623330336233303362333033623330336233303362333033613362333033613362333033623b313b383a346234353435353035663431346334633b303b303b303b303b;42:414354494f4e5f4f5045524154494f4e5f56317c303b303b303b303b303b303b303b303a3b303a3b303b;","PLANNED_EVALUATION;operation_identity=ACTION_OPERATION_V1|0;0;0;0;0;0;0;0:;0:;0;;semantic_identity=ACTION_SEMANTICS_V1|42:414354494f4e5f4f5045524154494f4e5f56317c303b303b303b303b303b303b303b303a3b303a3b303b;1;8:4b4545505f414c4c;0;0;0;0;",1
uwb-imu-pl/gate-d-diagnostics/v16,98,4900000000,98,98,98,69,1,98,4900000000,1,1,1,1,1,0,0,0,0,0,"KEEP_BASE_CANONICAL","RANK_SAFETY_CERTIFIED_V1","PL_COMPLETE",0,1,"EXACT_BASE",nan,nan,nan,0,0,0,94.921183999999997,1.540189,0.00027399999999999999,110.873671,203.20322200000001,"GENERATED_ACTION_SNAPSHOT_V1|1;137:414354494f4e5f53454d414e544943535f56317c34323a3431343335343439346634653566346635303435353234313534343934663465356635363331376333303362333033623330336233303362333033623330336233303362333033613362333033613362333033623b313b383a346234353435353035663431346334633b303b303b303b303b;42:414354494f4e5f4f5045524154494f4e5f56317c303b303b303b303b303b303b303b303a3b303a3b303b;","PLANNED_EVALUATION;operation_identity=ACTION_OPERATION_V1|0;0;0;0;0;0;0;0:;0:;0;;semantic_identity=ACTION_SEMANTICS_V1|42:414354494f4e5f4f5045524154494f4e5f56317c303b303b303b303b303b303b303b303a3b303a3b303b;1;8:4b4545505f414c4c;0;0;0;0;",1
uwb-imu-pl/gate-d-diagnostics/v16,99,4950000000,99,99,99,70,1,99,4950000000,1,1,1,1,1,0,0,0,0,0,"KEEP_BASE_CANONICAL","RANK_SAFETY_CERTIFIED_V1","PL_COMPLETE",0,1,"EXACT_BASE",nan,nan,nan,0,0,0,93.636729000000003,1.580087,0.00031500000000000001,110.337428,208.03488400000001,"GENERATED_ACTION_SNAPSHOT_V1|1;137:414354494f4e5f53454d414e544943535f56317c34323a3431343335343439346634653566346635303435353234313534343934663465356635363331376333303362333033623330336233303362333033623330336233303362333033613362333033613362333033623b313b383a346234353435353035663431346334633b303b303b303b303b;42:414354494f4e5f4f5045524154494f4e5f56317c303b303b303b303b303b303b303b303a3b303a3b303b;","PLANNED_EVALUATION;operation_identity=ACTION_OPERATION_V1|0;0;0;0;0;0;0;0:;0:;0;;semantic_identity=ACTION_SEMANTICS_V1|42:414354494f4e5f4f5045524154494f4e5f56317c303b303b303b303b303b303b303b303a3b303a3b303b;1;8:4b4545505f414c4c;0;0;0;0;",1
uwb-imu-pl/gate-d-diagnostics/v16,100,5000000000,100,100,100,71,1,100,5000000000,1,1,1,1,1,0,0,0,0,0,"KEEP_BASE_CANONICAL","RANK_SAFETY_CERTIFIED_V1","PL_COMPLETE",0,1,"EXACT_BASE",nan,nan,nan,0,0,0,96.202597999999995,1.8840520000000001,7.1000000000000005e-05,121.599801,205.25662299999999,"GENERATED_ACTION_SNAPSHOT_V1|1;137:414354494f4e5f53454d414e544943535f56317c34323a3431343335343439346634653566346635303435353234313534343934663465356635363331376333303362333033623330336233303362333033623330336233303362333033613362333033613362333033623b313b383a346234353435353035663431346334633b303b303b303b303b;42:414354494f4e5f4f5045524154494f4e5f56317c303b303b303b303b303b303b303b303a3b303a3b303b;","PLANNED_EVALUATION;operation_identity=ACTION_OPERATION_V1|0;0;0;0;0;0;0;0:;0:;0;;semantic_identity=ACTION_SEMANTICS_V1|42:414354494f4e5f4f5045524154494f4e5f56317c303b303b303b303b303b303b303b303a3b303a3b303b;1;8:4b4545505f414c4c;0;0;0;0;",1
uwb-imu-pl/gate-d-diagnostics/v16,101,5050000000,101,101,101,72,1,101,5050000000,1,1,1,1,1,0,0,0,0,0,"KEEP_BASE_CANONICAL","RANK_SAFETY_CERTIFIED_V1","PL_COMPLETE",0,1,"EXACT_BASE",nan,nan,nan,0,0,0,93.157695000000004,2.2049150000000002,6.8999999999999997e-05,111.866249,207.520701,"GENERATED_ACTION_SNAPSHOT_V1|1;137:414354494f4e5f53454d414e544943535f56317c34323a3431343335343439346634653566346635303435353234313534343934663465356635363331376333303362333033623330336233303362333033623330336233303362333033613362333033613362333033623b313b383a346234353435353035663431346334633b303b303b303b303b;42:414354494f4e5f4f5045524154494f4e5f56317c303b303b303b303b303b303b303b303a3b303a3b303b;","PLANNED_EVALUATION;operation_identity=ACTION_OPERATION_V1|0;0;0;0;0;0;0;0:;0:;0;;semantic_identity=ACTION_SEMANTICS_V1|42:414354494f4e5f4f5045524154494f4e5f56317c303b303b303b303b303b303b303b303a3b303a3b303b;1;8:4b4545505f414c4c;0;0;0;0;",1
uwb-imu-pl/gate-d-diagnostics/v16,102,5100000000,102,102,102,73,1,102,5100000000,1,1,1,1,1,0,0,0,0,0,"KEEP_BASE_CANONICAL","RANK_SAFETY_CERTIFIED_V1","PL_COMPLETE",0,1,"EXACT_BASE",nan,nan,nan,0,0,0,96.440353000000002,1.637526,0.00034400000000000001,107.529955,209.51182700000001,"GENERATED_ACTION_SNAPSHOT_V1|1;137:414354494f4e5f53454d414e544943535f56317c34323a3431343335343439346634653566346635303435353234313534343934663465356635363331376333303362333033623330336233303362333033623330336233303362333033613362333033613362333033623b313b383a346234353435353035663431346334633b303b303b303b303b;42:414354494f4e5f4f5045524154494f4e5f56317c303b303b303b303b303b303b303b303a3b303a3b303b;","PLANNED_EVALUATION;operation_identity=ACTION_OPERATION_V1|0;0;0;0;0;0;0;0:;0:;0;;semantic_identity=ACTION_SEMANTICS_V1|42:414354494f4e5f4f5045524154494f4e5f56317c303b303b303b303b303b303b303b303a3b303a3b303b;1;8:4b4545505f414c4c;0;0;0;0;",1
uwb-imu-pl/gate-d-diagnostics/v16,103,5150000000,103,103,103,74,1,103,5150000000,1,1,1,1,1,0,0,0,0,0,"KEEP_BASE_CANONICAL","RANK_SAFETY_CERTIFIED_V1","PL_COMPLETE",0,1,"EXACT_BASE",nan,nan,nan,0,0,0,93.919208999999995,1.5722240000000001,0.00028699999999999998,113.062667,203.45189500000001,"GENERATED_ACTION_SNAPSHOT_V1|1;137:414354494f4e5f53454d414e544943535f56317c34323a3431343335343439346634653566346635303435353234313534343934663465356635363331376333303362333033623330336233303362333033623330336233303362333033613362333033613362333033623b313b383a346234353435353035663431346334633b303b303b303b303b;42:414354494f4e5f4f5045524154494f4e5f56317c303b303b303b303b303b303b303b303a3b303a3b303b;","PLANNED_EVALUATION;operation_identity=ACTION_OPERATION_V1|0;0;0;0;0;0;0;0:;0:;0;;semantic_identity=ACTION_SEMANTICS_V1|42:414354494f4e5f4f5045524154494f4e5f56317c303b303b303b303b303b303b303b303a3b303a3b303b;1;8:4b4545505f414c4c;0;0;0;0;",1
uwb-imu-pl/gate-d-diagnostics/v16,104,5200000000,104,104,104,75,1,104,5200000000,1,1,1,1,1,0,0,0,0,0,"KEEP_BASE_CANONICAL","RANK_SAFETY_CERTIFIED_V1","PL_COMPLETE",0,1,"EXACT_BASE",nan,nan,nan,0,0,0,94.665853999999996,1.5862609999999999,0.000203,109.977636,206.31690699999999,"GENERATED_ACTION_SNAPSHOT_V1|1;137:414354494f4e5f53454d414e544943535f56317c34323a3431343335343439346634653566346635303435353234313534343934663465356635363331376333303362333033623330336233303362333033623330336233303362333033613362333033613362333033623b313b383a346234353435353035663431346334633b303b303b303b303b;42:414354494f4e5f4f5045524154494f4e5f56317c303b303b303b303b303b303b303b303a3b303a3b303b;","PLANNED_EVALUATION;operation_identity=ACTION_OPERATION_V1|0;0;0;0;0;0;0;0:;0:;0;;semantic_identity=ACTION_SEMANTICS_V1|42:414354494f4e5f4f5045524154494f4e5f56317c303b303b303b303b303b303b303b303a3b303a3b303b;1;8:4b4545505f414c4c;0;0;0;0;",1
uwb-imu-pl/gate-d-diagnostics/v16,105,5250000000,105,105,105,76,1,105,5250000000,1,1,1,1,1,0,0,0,0,0,"KEEP_BASE_CANONICAL","RANK_SAFETY_CERTIFIED_V1","PL_COMPLETE",0,1,"EXACT_BASE",nan,nan,nan,0,0,0,100.395701,1.820776,0.00018000000000000001,117.90614600000001,207.18383399999999,"GENERATED_ACTION_SNAPSHOT_V1|1;137:414354494f4e5f53454d414e544943535f56317c34323a3431343335343439346634653566346635303435353234313534343934663465356635363331376333303362333033623330336233303362333033623330336233303362333033613362333033613362333033623b313b383a346234353435353035663431346334633b303b303b303b303b;42:414354494f4e5f4f5045524154494f4e5f56317c303b303b303b303b303b303b303b303a3b303a3b303b;","PLANNED_EVALUATION;operation_identity=ACTION_OPERATION_V1|0;0;0;0;0;0;0;0:;0:;0;;semantic_identity=ACTION_SEMANTICS_V1|42:414354494f4e5f4f5045524154494f4e5f56317c303b303b303b303b303b303b303b303a3b303a3b303b;1;8:4b4545505f414c4c;0;0;0;0;",1
uwb-imu-pl/gate-d-diagnostics/v16,106,5300000000,106,106,106,77,1,106,5300000000,1,1,1,1,1,0,0,0,0,0,"KEEP_BASE_CANONICAL","RANK_SAFETY_CERTIFIED_V1","PL_COMPLETE",0,1,"EXACT_BASE",nan,nan,nan,0,0,0,93.604122000000004,1.6113599999999999,0.00032200000000000002,115.334661,203.86129800000001,"GENERATED_ACTION_SNAPSHOT_V1|1;137:414354494f4e5f53454d414e544943535f56317c34323a3431343335343439346634653566346635303435353234313534343934663465356635363331376333303362333033623330336233303362333033623330336233303362333033613362333033613362333033623b313b383a346234353435353035663431346334633b303b303b303b303b;42:414354494f4e5f4f5045524154494f4e5f56317c303b303b303b303b303b303b303b303a3b303a3b303b;","PLANNED_EVALUATION;operation_identity=ACTION_OPERATION_V1|0;0;0;0;0;0;0;0:;0:;0;;semantic_identity=ACTION_SEMANTICS_V1|42:414354494f4e5f4f5045524154494f4e5f56317c303b303b303b303b303b303b303b303a3b303a3b303b;1;8:4b4545505f414c4c;0;0;0;0;",1
uwb-imu-pl/gate-d-diagnostics/v16,107,5350000000,107,107,107,78,1,107,5350000000,1,1,1,1,1,0,0,0,0,0,"KEEP_BASE_CANONICAL","RANK_SAFETY_CERTIFIED_V1","PL_COMPLETE",0,1,"EXACT_BASE",nan,nan,nan,0,0,0,97.454569000000006,1.7836719999999999,0.000121,108.875613,207.81052500000001,"GENERATED_ACTION_SNAPSHOT_V1|1;137:414354494f4e5f53454d414e544943535f56317c34323a3431343335343439346634653566346635303435353234313534343934663465356635363331376333303362333033623330336233303362333033623330336233303362333033613362333033613362333033623b313b383a346234353435353035663431346334633b303b303b303b303b;42:414354494f4e5f4f5045524154494f4e5f56317c303b303b303b303b303b303b303b303a3b303a3b303b;","PLANNED_EVALUATION;operation_identity=ACTION_OPERATION_V1|0;0;0;0;0;0;0;0:;0:;0;;semantic_identity=ACTION_SEMANTICS_V1|42:414354494f4e5f4f5045524154494f4e5f56317c303b303b303b303b303b303b303b303a3b303a3b303b;1;8:4b4545505f414c4c;0;0;0;0;",1
uwb-imu-pl/gate-d-diagnostics/v16,108,5400000000,108,108,108,79,1,108,5400000000,1,1,1,1,1,0,0,0,0,0,"KEEP_BASE_CANONICAL","RANK_SAFETY_CERTIFIED_V1","PL_COMPLETE",0,1,"EXACT_BASE",nan,nan,nan,0,0,0,95.057637999999997,1.5825480000000001,0.000174,114.051894,210.24798699999999,"GENERATED_ACTION_SNAPSHOT_V1|1;137:414354494f4e5f53454d414e544943535f56317c34323a3431343335343439346634653566346635303435353234313534343934663465356635363331376333303362333033623330336233303362333033623330336233303362333033613362333033613362333033623b313b383a346234353435353035663431346334633b303b303b303b303b;42:414354494f4e5f4f5045524154494f4e5f56317c303b303b303b303b303b303b303b303a3b303a3b303b;","PLANNED_EVALUATION;operation_identity=ACTION_OPERATION_V1|0;0;0;0;0;0;0;0:;0:;0;;semantic_identity=ACTION_SEMANTICS_V1|42:414354494f4e5f4f5045524154494f4e5f56317c303b303b303b303b303b303b303b303a3b303a3b303b;1;8:4b4545505f414c4c;0;0;0;0;",1
uwb-imu-pl/gate-d-diagnostics/v16,109,5450000000,109,109,109,80,1,109,5450000000,1,1,1,1,1,0,0,0,0,0,"KEEP_BASE_CANONICAL","RANK_SAFETY_CERTIFIED_V1","PL_COMPLETE",0,1,"EXACT_BASE",nan,nan,nan,0,0,0,93.196297000000001,1.5865229999999999,0.000444,113.86317099999999,205.589608,"GENERATED_ACTION_SNAPSHOT_V1|1;137:414354494f4e5f53454d414e544943535f56317c34323a3431343335343439346634653566346635303435353234313534343934663465356635363331376333303362333033623330336233303362333033623330336233303362333033613362333033613362333033623b313b383a346234353435353035663431346334633b303b303b303b303b;42:414354494f4e5f4f5045524154494f4e5f56317c303b303b303b303b303b303b303b303a3b303a3b303b;","PLANNED_EVALUATION;operation_identity=ACTION_OPERATION_V1|0;0;0;0;0;0;0;0:;0:;0;;semantic_identity=ACTION_SEMANTICS_V1|42:414354494f4e5f4f5045524154494f4e5f56317c303b303b303b303b303b303b303b303a3b303a3b303b;1;8:4b4545505f414c4c;0;0;0;0;",1
uwb-imu-pl/gate-d-diagnostics/v16,110,5500000000,110,110,110,81,1,110,5500000000,1,1,1,1,1,0,0,0,0,0,"KEEP_BASE_CANONICAL","RANK_SAFETY_CERTIFIED_V1","PL_COMPLETE",0,1,"EXACT_BASE",nan,nan,nan,0,0,0,96.919636999999994,1.566457,0.0001,110.65185099999999,207.64059900000001,"GENERATED_ACTION_SNAPSHOT_V1|1;137:414354494f4e5f53454d414e544943535f56317c34323a3431343335343439346634653566346635303435353234313534343934663465356635363331376333303362333033623330336233303362333033623330336233303362333033613362333033613362333033623b313b383a346234353435353035663431346334633b303b303b303b303b;42:414354494f4e5f4f5045524154494f4e5f56317c303b303b303b303b303b303b303b303a3b303a3b303b;","PLANNED_EVALUATION;operation_identity=ACTION_OPERATION_V1|0;0;0;0;0;0;0;0:;0:;0;;semantic_identity=ACTION_SEMANTICS_V1|42:414354494f4e5f4f5045524154494f4e5f56317c303b303b303b303b303b303b303b303a3b303a3b303b;1;8:4b4545505f414c4c;0;0;0;0;",1
uwb-imu-pl/gate-d-diagnostics/v16,111,5550000000,111,111,111,82,1,111,5550000000,1,1,1,1,1,0,0,0,0,0,"KEEP_BASE_CANONICAL","RANK_SAFETY_CERTIFIED_V1","PL_COMPLETE",0,1,"EXACT_BASE",nan,nan,nan,0,0,0,94.802807000000001,1.5853930000000001,0.00024899999999999998,107.78778200000001,204.14218199999999,"GENERATED_ACTION_SNAPSHOT_V1|1;137:414354494f4e5f53454d414e544943535f56317c34323a3431343335343439346634653566346635303435353234313534343934663465356635363331376333303362333033623330336233303362333033623330336233303362333033613362333033613362333033623b313b383a346234353435353035663431346334633b303b303b303b303b;42:414354494f4e5f4f5045524154494f4e5f56317c303b303b303b303b303b303b303b303a3b303a3b303b;","PLANNED_EVALUATION;operation_identity=ACTION_OPERATION_V1|0;0;0;0;0;0;0;0:;0:;0;;semantic_identity=ACTION_SEMANTICS_V1|42:414354494f4e5f4f5045524154494f4e5f56317c303b303b303b303b303b303b303b303a3b303a3b303b;1;8:4b4545505f414c4c;0;0;0;0;",1
uwb-imu-pl/gate-d-diagnostics/v16,112,5600000000,112,112,112,83,1,112,5600000000,1,1,1,1,1,0,0,0,0,0,"KEEP_BASE_CANONICAL","RANK_SAFETY_CERTIFIED_V1","PL_COMPLETE",0,1,"EXACT_BASE",nan,nan,nan,0,0,0,92.560458999999994,1.6614390000000001,0.000184,114.558322,206.94323499999999,"GENERATED_ACTION_SNAPSHOT_V1|1;137:414354494f4e5f53454d414e544943535f56317c34323a3431343335343439346634653566346635303435353234313534343934663465356635363331376333303362333033623330336233303362333033623330336233303362333033613362333033613362333033623b313b383a346234353435353035663431346334633b303b303b303b303b;42:414354494f4e5f4f5045524154494f4e5f56317c303b303b303b303b303b303b303b303a3b303a3b303b;","PLANNED_EVALUATION;operation_identity=ACTION_OPERATION_V1|0;0;0;0;0;0;0;0:;0:;0;;semantic_identity=ACTION_SEMANTICS_V1|42:414354494f4e5f4f5045524154494f4e5f56317c303b303b303b303b303b303b303b303a3b303a3b303b;1;8:4b4545505f414c4c;0;0;0;0;",1
uwb-imu-pl/gate-d-diagnostics/v16,113,5650000000,113,113,113,84,1,113,5650000000,1,1,1,1,1,0,0,0,0,0,"KEEP_BASE_CANONICAL","RANK_SAFETY_CERTIFIED_V1","PL_COMPLETE",0,1,"EXACT_BASE",nan,nan,nan,0,0,0,90.145159000000007,1.7096750000000001,0.00032400000000000001,113.320866,203.103767,"GENERATED_ACTION_SNAPSHOT_V1|1;137:414354494f4e5f53454d414e544943535f56317c34323a3431343335343439346634653566346635303435353234313534343934663465356635363331376333303362333033623330336233303362333033623330336233303362333033613362333033613362333033623b313b383a346234353435353035663431346334633b303b303b303b303b;42:414354494f4e5f4f5045524154494f4e5f56317c303b303b303b303b303b303b303b303a3b303a3b303b;","PLANNED_EVALUATION;operation_identity=ACTION_OPERATION_V1|0;0;0;0;0;0;0;0:;0:;0;;semantic_identity=ACTION_SEMANTICS_V1|42:414354494f4e5f4f5045524154494f4e5f56317c303b303b303b303b303b303b303b303a3b303a3b303b;1;8:4b4545505f414c4c;0;0;0;0;",1
uwb-imu-pl/gate-d-diagnostics/v16,114,5700000000,114,114,114,85,1,114,5700000000,1,1,1,1,1,0,0,0,0,0,"KEEP_BASE_CANONICAL","RANK_SAFETY_CERTIFIED_V1","PL_COMPLETE",0,1,"EXACT_BASE",nan,nan,nan,0,0,0,100.071584,1.775199,0.00022599999999999999,111.241883,205.67005900000001,"GENERATED_ACTION_SNAPSHOT_V1|1;137:414354494f4e5f53454d414e544943535f56317c34323a3431343335343439346634653566346635303435353234313534343934663465356635363331376333303362333033623330336233303362333033623330336233303362333033613362333033613362333033623b313b383a346234353435353035663431346334633b303b303b303b303b;42:414354494f4e5f4f5045524154494f4e5f56317c303b303b303b303b303b303b303b303a3b303a3b303b;","PLANNED_EVALUATION;operation_identity=ACTION_OPERATION_V1|0;0;0;0;0;0;0;0:;0:;0;;semantic_identity=ACTION_SEMANTICS_V1|42:414354494f4e5f4f5045524154494f4e5f56317c303b303b303b303b303b303b303b303a3b303a3b303b;1;8:4b4545505f414c4c;0;0;0;0;",1
uwb-imu-pl/gate-d-diagnostics/v16,115,5750000000,115,115,115,86,1,115,5750000000,1,1,1,1,1,0,0,0,0,0,"KEEP_BASE_CANONICAL","RANK_SAFETY_CERTIFIED_V1","PL_COMPLETE",0,1,"EXACT_BASE",nan,nan,nan,0,0,0,93.629092,2.1977820000000001,0.00017899999999999999,110.019085,205.36407500000001,"GENERATED_ACTION_SNAPSHOT_V1|1;137:414354494f4e5f53454d414e544943535f56317c34323a3431343335343439346634653566346635303435353234313534343934663465356635363331376333303362333033623330336233303362333033623330336233303362333033613362333033613362333033623b313b383a346234353435353035663431346334633b303b303b303b303b;42:414354494f4e5f4f5045524154494f4e5f56317c303b303b303b303b303b303b303b303a3b303a3b303b;","PLANNED_EVALUATION;operation_identity=ACTION_OPERATION_V1|0;0;0;0;0;0;0;0:;0:;0;;semantic_identity=ACTION_SEMANTICS_V1|42:414354494f4e5f4f5045524154494f4e5f56317c303b303b303b303b303b303b303b303a3b303a3b303b;1;8:4b4545505f414c4c;0;0;0;0;",1
uwb-imu-pl/gate-d-diagnostics/v16,116,5800000000,116,116,116,87,1,116,5800000000,1,1,1,1,1,0,0,0,0,0,"KEEP_BASE_CANONICAL","RANK_SAFETY_CERTIFIED_V1","PL_COMPLETE",0,1,"EXACT_BASE",nan,nan,nan,0,0,0,97.077736999999999,2.57152,0.000234,109.344926,205.41825700000001,"GENERATED_ACTION_SNAPSHOT_V1|1;137:414354494f4e5f53454d414e544943535f56317c34323a3431343335343439346634653566346635303435353234313534343934663465356635363331376333303362333033623330336233303362333033623330336233303362333033613362333033613362333033623b313b383a346234353435353035663431346334633b303b303b303b303b;42:414354494f4e5f4f5045524154494f4e5f56317c303b303b303b303b303b303b303b303a3b303a3b303b;","PLANNED_EVALUATION;operation_identity=ACTION_OPERATION_V1|0;0;0;0;0;0;0;0:;0:;0;;semantic_identity=ACTION_SEMANTICS_V1|42:414354494f4e5f4f5045524154494f4e5f56317c303b303b303b303b303b303b303b303a3b303a3b303b;1;8:4b4545505f414c4c;0;0;0;0;",1
uwb-imu-pl/gate-d-diagnostics/v16,117,5850000000,117,117,117,88,1,117,5850000000,1,1,1,1,1,0,0,0,0,0,"KEEP_BASE_CANONICAL","RANK_SAFETY_CERTIFIED_V1","PL_COMPLETE",0,1,"EXACT_BASE",nan,nan,nan,0,0,0,94.674924000000004,1.5567759999999999,0.00015899999999999999,111.86123499999999,203.23075900000001,"GENERATED_ACTION_SNAPSHOT_V1|1;137:414354494f4e5f53454d414e544943535f56317c34323a3431343335343439346634653566346635303435353234313534343934663465356635363331376333303362333033623330336233303362333033623330336233303362333033613362333033613362333033623b313b383a346234353435353035663431346334633b303b303b303b303b;42:414354494f4e5f4f5045524154494f4e5f56317c303b303b303b303b303b303b303b303a3b303a3b303b;","PLANNED_EVALUATION;operation_identity=ACTION_OPERATION_V1|0;0;0;0;0;0;0;0:;0:;0;;semantic_identity=ACTION_SEMANTICS_V1|42:414354494f4e5f4f5045524154494f4e5f56317c303b303b303b303b303b303b303b303a3b303a3b303b;1;8:4b4545505f414c4c;0;0;0;0;",1
uwb-imu-pl/gate-d-diagnostics/v16,118,5900000000,118,118,118,89,1,118,5900000000,1,1,1,1,1,0,0,0,0,0,"KEEP_BASE_CANONICAL","RANK_SAFETY_CERTIFIED_V1","PL_COMPLETE",0,1,"EXACT_BASE",nan,nan,nan,0,0,0,96.484896000000006,1.7139,0.00037800000000000003,110.969584,206.01561599999999,"GENERATED_ACTION_SNAPSHOT_V1|1;137:414354494f4e5f53454d414e544943535f56317c34323a3431343335343439346634653566346635303435353234313534343934663465356635363331376333303362333033623330336233303362333033623330336233303362333033613362333033613362333033623b313b383a346234353435353035663431346334633b303b303b303b303b;42:414354494f4e5f4f5045524154494f4e5f56317c303b303b303b303b303b303b303b303a3b303a3b303b;","PLANNED_EVALUATION;operation_identity=ACTION_OPERATION_V1|0;0;0;0;0;0;0;0:;0:;0;;semantic_identity=ACTION_SEMANTICS_V1|42:414354494f4e5f4f5045524154494f4e5f56317c303b303b303b303b303b303b303b303a3b303a3b303b;1;8:4b4545505f414c4c;0;0;0;0;",1
uwb-imu-pl/gate-d-diagnostics/v16,119,5950000000,119,119,119,90,1,119,5950000000,1,1,1,1,1,0,0,0,0,0,"KEEP_BASE_CANONICAL","RANK_SAFETY_CERTIFIED_V1","PL_COMPLETE",0,1,"EXACT_BASE",nan,nan,nan,0,0,0,92.508150000000001,1.63676,0.00027999999999999998,108.19644099999999,206.34679700000001,"GENERATED_ACTION_SNAPSHOT_V1|1;137:414354494f4e5f53454d414e544943535f56317c34323a3431343335343439346634653566346635303435353234313534343934663465356635363331376333303362333033623330336233303362333033623330336233303362333033613362333033613362333033623b313b383a346234353435353035663431346334633b303b303b303b303b;42:414354494f4e5f4f5045524154494f4e5f56317c303b303b303b303b303b303b303b303a3b303a3b303b;","PLANNED_EVALUATION;operation_identity=ACTION_OPERATION_V1|0;0;0;0;0;0;0;0:;0:;0;;semantic_identity=ACTION_SEMANTICS_V1|42:414354494f4e5f4f5045524154494f4e5f56317c303b303b303b303b303b303b303b303a3b303a3b303b;1;8:4b4545505f414c4c;0;0;0;0;",1
uwb-imu-pl/gate-d-diagnostics/v16,120,6000000000,120,120,120,91,1,120,6000000000,1,1,1,1,1,0,0,0,0,0,"KEEP_BASE_CANONICAL","RANK_SAFETY_CERTIFIED_V1","PL_COMPLETE",0,1,"EXACT_BASE",nan,nan,nan,0,0,0,93.734249000000005,1.552117,0.000203,111.337569,202.16689700000001,"GENERATED_ACTION_SNAPSHOT_V1|1;137:414354494f4e5f53454d414e544943535f56317c34323a3431343335343439346634653566346635303435353234313534343934663465356635363331376333303362333033623330336233303362333033623330336233303362333033613362333033613362333033623b313b383a346234353435353035663431346334633b303b303b303b303b;42:414354494f4e5f4f5045524154494f4e5f56317c303b303b303b303b303b303b303b303a3b303a3b303b;","PLANNED_EVALUATION;operation_identity=ACTION_OPERATION_V1|0;0;0;0;0;0;0;0:;0:;0;;semantic_identity=ACTION_SEMANTICS_V1|42:414354494f4e5f4f5045524154494f4e5f56317c303b303b303b303b303b303b303b303a3b303a3b303b;1;8:4b4545505f414c4c;0;0;0;0;",1
