schema_version,input_attempt_id,input_timestamp_ns,transaction_id,window_id,graph_version,ordering_version,noise_model_version,linpoint_version,output_timestamp_ns,source,epoch,rotation_norm,position_norm,velocity_norm,accel_bias_norm,gyro_bias_norm,epoch_norm
uwb-imu-pl/gate-d-diagnostics/v16,1,50000000,1,1,1,1,1,1,50000000,"BASE",0,0.00010889611864404479,0.014352211041444867,0.00071761055207230924,7.1761030520878677e-07,5.567514092432455e-08,0.014370552723028349
uwb-imu-pl/gate-d-diagnostics/v16,1,50000000,1,1,1,1,1,1,50000000,"BASE",1,0.0078364842660580743,0.014388139292395831,0.00071005545693743246,7.1761116634109696e-07,5.5675266830795398e-08,0.016399183431486851
uwb-imu-pl/gate-d-diagnostics/v16,2,100000000,2,2,2,1,1,2,100000000,"BASE",0,0.00041410315006655231,0.0072731878140364775,0.017895811951518424,5.3154836427876389e-05,1.0476743958720576e-06,0.01932184396830465
uwb-imu-pl/gate-d-diagnostics/v16,2,100000000,2,2,2,1,1,2,100000000,"BASE",1,0.0016357678262394848,0.0080164492952086615,0.021921148153157238,5.3155004228311517e-05,1.0476796190258133e-06,0.023398264008015379
uwb-imu-pl/gate-d-diagnostics/v16,2,100000000,2,2,2,1,1,2,100000000,"BASE",2,0.017854137371620137,0.0089507977125389722,0.024058168922349882,5.3155025384100368e-05,1.0476819613741896e-06,0.03126795994986175
uwb-imu-pl/gate-d-diagnostics/v16,3,150000000,3,3,3,1,1,3,150000000,"BASE",0,0.00044244402199387591,0.0010193112319401084,0.0082793498357942828,3.864584243685028e-05,9.5683995806422118e-07,0.0083536746537260214
uwb-imu-pl/gate-d-diagnostics/v16,3,150000000,3,3,3,1,1,3,150000000,"BASE",1,0.0022479404043631427,0.0011422594181331618,0.010517795904786466,3.8645989789799838e-05,9.5684451985426949e-07,0.010815891907868877
uwb-imu-pl/gate-d-diagnostics/v16,3,150000000,3,3,3,1,1,3,150000000,"BASE",2,0.003440419699362339,0.0015553866528901894,0.013290945646519838,3.864605718311135e-05,9.5684851364236988e-07,0.01381688988013543
uwb-imu-pl/gate-d-diagnostics/v16,3,150000000,3,3,3,1,1,3,150000000,"BASE",3,0.0066400442681495628,0.0021167641851739076,0.01422837651451401,3.8646065527337682e-05,9.5685016409986323e-07,0.015843581387152895
uwb-imu-pl/gate-d-diagnostics/v16,4,200000000,4,4,4,1,1,4,200000000,"BASE",0,0.00052629949236632895,0.0013187324137478534,0.010156743913264646,6.8666747736576117e-05,2.860503398389089e-07,0.010255740268671114
uwb-imu-pl/gate-d-diagnostics/v16,4,200000000,4,4,4,1,1,4,200000000,"BASE",1,0.0026795893596874001,0.001278662540935744,0.012863306820978493,6.8667035255497684e-05,2.8605120132272417e-07,0.013201687568047127
uwb-imu-pl/gate-d-diagnostics/v16,4,200000000,4,4,4,1,1,4,200000000,"BASE",2,0.0031225899694027181,0.0015223950953410521,0.016226380247342978,6.8667220632229119e-05,2.8605150783312722e-07,0.016594227494635301
uwb-imu-pl/gate-d-diagnostics/v16,4,200000000,4,4,4,1,1,4,200000000,"BASE",3,0.003122313096283988,0.0021731247185811323,0.01952390429547252,6.866730308347528e-05,2.8605169778386701e-07,0.019891175539239591
uwb-imu-pl/gate-d-diagnostics/v16,4,200000000,4,4,4,1,1,4,200000000,"BASE",4,0.0075307062826062551,0.0030799660624968492,0.022486521413234935,6.8667313161064394e-05,2.8605177416406374e-07,0.023913303590483128
uwb-imu-pl/gate-d-diagnostics/v16,5,250000000,5,5,5,1,1,5,250000000,"BASE",0,0.00011768778088484211,0.00045726054167993243,0.0068634259350452949,5.6784131647224952e-05,8.1328564046615761e-07,0.0068798821415515443
uwb-imu-pl/gate-d-diagnostics/v16,5,250000000,5,5,5,1,1,5,250000000,"BASE",1,0.00064258941762877916,9.1933212497126858e-05,0.0082812494173066936,5.6784378027088633e-05,8.1328961329717688e-07,0.0083068459666638152
uwb-imu-pl/gate-d-diagnostics/v16,5,250000000,5,5,5,1,1,5,250000000,"BASE",2,0.0010364678811628214,0.00034967519879466587,0.0097525995493518113,5.6784556061301927e-05,8.1329341889581523e-07,0.0098139167273115085
uwb-imu-pl/gate-d-diagnostics/v16,5,250000000,5,5,5,1,1,5,250000000,"BASE",3,0.001582752547526595,0.0008410034917103274,0.01121514701931943,5.6784664536984621e-05,8.1329702726239146e-07,0.011357602754291901
uwb-imu-pl/gate-d-diagnostics/v16,5,250000000,5,5,5,1,1,5,250000000,"BASE",4,0.0033072124110899246,0.0014202866731094432,0.012539762655260602,5.678471125687553e-05,8.1330001263420623e-07,0.01304621557314754
uwb-imu-pl/gate-d-diagnostics/v16,5,250000000,5,5,5,1,1,5,250000000,"BASE",5,0.013853234848243707,0.00204722758663418,0.012830014984092749,5.6784716888390512e-05,8.1330116261841991e-07,0.018992518690517202
uwb-imu-pl/gate-d-diagnostics/v16,6,300000000,6,6,6,1,1,6,300000000,"BASE",0,0.00054029215502228803,0.00077583605078622984,0.0082914539537632583,9.0847216741320549e-05,3.5232668570283837e-07,0.0083456754788799638
uwb-imu-pl/gate-d-diagnostics/v16,6,300000000,6,6,6,1,1,6,300000000,"BASE",1,0.0031903292095933327,0.0010179585816154561,0.010082516691507762,9.084762844262939e-05,3.523282634542827e-07,0.010624492288562803
uwb-imu-pl/gate-d-diagnostics/v16,6,300000000,6,6,6,1,1,6,300000000,"BASE",2,0.0051010953925129457,0.0014297311800068372,0.012292094342039563,9.0847961211808816e-05,3.5232956401848764e-07,0.013385407810014384
uwb-imu-pl/gate-d-diagnostics/v16,6,300000000,6,6,6,1,1,6,300000000,"BASE",3,0.0060514743992362745,0.0019977292357773674,0.015206018717825672,9.0848209966529902e-05,3.5233066672498875e-07,0.016487647596681202
uwb-imu-pl/gate-d-diagnostics/v16,6,300000000,6,6,6,1,1,6,300000000,"BASE",4,0.0060909532065301364,0.0026955055734009699,0.018667840003291056,9.0848367084317338e-05,3.5233166303395387e-07,0.019820745828519892
uwb-imu-pl/gate-d-diagnostics/v16,6,300000000,6,6,6,1,1,6,300000000,"BASE",5,0.0049603761054065072,0.0035510398323381378,0.021852789159234488,9.0848435686304452e-05,3.5233249956143752e-07,0.022688496261284066
uwb-imu-pl/gate-d-diagnostics/v16,6,300000000,6,6,6,1,1,6,300000000,"BASE",6,0.0090000284244057625,0.0045896924895859623,0.024258582909136791,9.0848443990636962e-05,3.5233282890930646e-07,0.026278372992109899
uwb-imu-pl/gate-d-diagnostics/v16,7,350000000,7,7,7,1,1,7,350000000,"BASE",0,0.00044613749417443487,0.00077826053291665906,0.0030483645284511908,3.8384376570146583e-05,7.0949807895418278e-07,0.0031778496318856271
uwb-imu-pl/gate-d-diagnostics/v16,7,350000000,7,7,7,1,1,7,350000000,"BASE",1,0.002732852361950444,0.00092679901460300735,0.0034438018539017777,3.8384563058114955e-05,7.0950100518886197e-07,0.0044931818940142391
uwb-imu-pl/gate-d-diagnostics/v16,7,350000000,7,7,7,1,1,7,350000000,"BASE",2,0.0045909088502945903,0.0011086090708709016,0.0039985306518539876,3.8384739421753146e-05,7.0950290844569339e-07,0.006188309899250454
uwb-imu-pl/gate-d-diagnostics/v16,7,350000000,7,7,7,1,1,7,350000000,"BASE",3,0.0056620987737068538,0.0012723762925328302,0.0055554925210143996,3.8384900981081521e-05,7.0950412109907878e-07,0.0080338829346760197
uwb-imu-pl/gate-d-diagnostics/v16,7,350000000,7,7,7,1,1,7,350000000,"BASE",4,0.0065507751142510132,0.0014649291942042109,0.0083267462576930348,3.8385034957656384e-05,7.0950491301441161e-07,0.010695552781218606
uwb-imu-pl/gate-d-diagnostics/v16,7,350000000,7,7,7,1,1,7,350000000,"BASE",5,0.0071118619191582006,0.0017216523658699994,0.011838289298213889,3.8385128175295782e-05,7.0950542862737331e-07,0.013917227965932973
uwb-imu-pl/gate-d-diagnostics/v16,7,350000000,7,7,7,1,1,7,350000000,"BASE",6,0.0073115325135606592,0.0021833153448575443,0.016011857026050996,3.838517226868168e-05,7.095058088448991e-07,0.01773714782425552
uwb-imu-pl/gate-d-diagnostics/v16,7,350000000,7,7,7,1,1,7,350000000,"BASE",7,0.012654898542167108,0.0029182881915578527,0.021302851056399268,3.8385177756765876e-05,7.0950596343466816e-07,0.024949464926886322
uwb-imu-pl/gate-d-diagnostics/v16,8,400000000,8,8,8,1,1,8,400000000,"BASE",0,0.00021305327208588919,0.00034156096476422823,0.0016555486720302448,2.8686175681166635e-05,5.8077783426019113e-07,0.0017040305833042977
uwb-imu-pl/gate-d-diagnostics/v16,8,400000000,8,8,8,1,1,8,400000000,"BASE",1,0.0013254715069960911,0.00042090880128023683,0.0018154189093929655,2.8686322588233394e-05,5.807804594827252e-07,0.0022870522499157681
uwb-imu-pl/gate-d-diagnostics/v16,8,400000000,8,8,8,1,1,8,400000000,"BASE",2,0.0022138978473826443,0.00043423166471613563,0.0018873896083561187,2.8686475444102327e-05,5.8078262987875814e-07,0.0029415920183125644
uwb-imu-pl/gate-d-diagnostics/v16,8,400000000,8,8,8,1,1,8,400000000,"BASE",3,0.0031344907281076065,0.0005352160124051762,0.0025892271849655871,2.8686626552040457e-05,5.8078431986471379e-07,0.0041007815084134428
uwb-imu-pl/gate-d-diagnostics/v16,8,400000000,8,8,8,1,1,8,400000000,"BASE",4,0.0038276337257959567,0.00062694191515350517,0.0038452469114729298,2.8686767336504222e-05,5.8078561213911639e-07,0.0054617381099748129
uwb-imu-pl/gate-d-diagnostics/v16,8,400000000,8,8,8,1,1,8,400000000,"BASE",5,0.0044809959062488691,0.00079135359132074927,0.0058103510049945057,2.8686884669099752e-05,5.8078662266037503e-07,0.0073801468070913839
uwb-imu-pl/gate-d-diagnostics/v16,8,400000000,8,8,8,1,1,8,400000000,"BASE",6,0.0051016457538321453,0.0010338264908236949,0.0083982019013032708,2.8686965160252331e-05,5.8078737420220302e-07,0.0098805974042595387
uwb-imu-pl/gate-d-diagnostics/v16,8,400000000,8,8,8,1,1,8,400000000,"BASE",7,0.0055129543111269354,0.0014112413791982764,0.01138726222639462,2.8687002985262795e-05,5.8078789249677511e-07,0.012730075874128289
uwb-imu-pl/gate-d-diagnostics/v16,8,400000000,8,8,8,1,1,8,400000000,"BASE",8,0.010176545138601186,0.0020118304496322958,0.015969862255962593,2.8687007680737053e-05,5.8078808108790516e-07,0.01904328901403847
uwb-imu-pl/gate-d-diagnostics/v16,9,450000000,9,9,9,1,1,9,450000000,"BASE",0,0.00043323445582592443,0.00078860492556858525,0.0040774681570505573,4.4317323284839074e-05,1.7812026025415407e-06,0.00417579975476949
uwb-imu-pl/gate-d-diagnostics/v16,9,450000000,9,9,9,1,1,9,450000000,"BASE",1,0.0027825650845940538,0.00091212129583289616,0.0043294231128428165,4.4317559612675863e-05,1.7812108825839075e-06,0.0052269020860480648
uwb-imu-pl/gate-d-diagnostics/v16,9,450000000,9,9,9,1,1,9,450000000,"BASE",2,0.0051127224101101196,0.0011137756131515222,0.0038779969250801673,4.4317819999304063e-05,1.7812179993089192e-06,0.0065131600588448279
uwb-imu-pl/gate-d-diagnostics/v16,9,450000000,9,9,9,1,1,9,450000000,"BASE",3,0.0073073325006363463,0.001270786048546899,0.0036747609509376307,4.4318100266769671e-05,1.7812240023519971e-06,0.0082775504087467758
uwb-imu-pl/gate-d-diagnostics/v16,9,450000000,9,9,9,1,1,9,450000000,"BASE",4,0.0096740874683446179,0.0013619006573292775,0.0061811083688557283,4.4318389969673109e-05,1.7812288879578298e-06,0.011560744340466163
uwb-imu-pl/gate-d-diagnostics/v16,9,450000000,9,9,9,1,1,9,450000000,"BASE",5,0.011964622514208385,0.0014185148069940951,0.011216701232283591,4.4318670675546659e-05,1.7812327374995883e-06,0.016461492338692638
uwb-imu-pl/gate-d-diagnostics/v16,9,450000000,9,9,9,1,1,9,450000000,"BASE",6,0.014102702705032678,0.0016715595476372595,0.0177935191156606,4.431891645962018e-05,1.7812357799743569e-06,0.02276601908033922
uwb-imu-pl/gate-d-diagnostics/v16,9,450000000,9,9,9,1,1,9,450000000,"BASE",7,0.016034204188579204,0.0023987123811157903,0.0257746825731675,4.4319095914423702e-05,1.7812382481596545e-06,0.030449725025868228
uwb-imu-pl/gate-d-diagnostics/v16,9,450000000,9,9,9,1,1,9,450000000,"BASE",8,0.017028750354493711,0.0036633124301260504,0.034481239699498289,4.4319184970003019e-05,1.7812402026894049e-06,0.038631024516230676
uwb-imu-pl/gate-d-diagnostics/v16,9,450000000,9,9,9,1,1,9,450000000,"BASE",9,0.019793645265144513,0.0053306989849009438,0.03816459506571114,4.4319196224823608e-05,1.7812409710235224e-06,0.043321392272683001
uwb-imu-pl/gate-d-diagnostics/v16,10,500000000,10,10,10,1,1,10,500000000,"BASE",0,0.00011213981137347324,0.00036847204125233966,0.0012407561696930452,3.6082318497710428e-05,2.0655611779433454e-07,0.0012996633531359191
uwb-imu-pl/gate-d-diagnostics/v16,10,500000000,10,10,10,1,1,10,500000000,"BASE",1,0.00069282231766913194,0.00031697022365089644,0.0014387445117214259,3.6082492932478795e-05,2.0655700674235657e-07,0.0016284227477876469
uwb-imu-pl/gate-d-diagnostics/v16,10,500000000,10,10,10,1,1,10,500000000,"BASE",2,0.0011702280433631613,0.00026591510490422011,0.0016449256653987216,3.6082655724348353e-05,2.0655762569649466e-07,0.0020364741495750437
uwb-imu-pl/gate-d-diagnostics/v16,10,500000000,10,10,10,1,1,10,500000000,"BASE",3,0.001043646112581889,0.00015564509661287318,0.0021305975113929039,3.6082803584515747e-05,2.0655817876028955e-07,0.0023778499471878698
uwb-imu-pl/gate-d-diagnostics/v16,10,500000000,10,10,10,1,1,10,500000000,"BASE",4,0.001089675719904253,5.9559949144574314e-05,0.0025229127796798302,3.6082934724827695e-05,2.0655882039371179e-07,0.0027490601078928169
uwb-imu-pl/gate-d-diagnostics/v16,10,500000000,10,10,10,1,1,10,500000000,"BASE",5,0.0011988281883174542,0.00015747461671859135,0.0033740285029344526,3.6083046475971414e-05,2.0655955490338334e-07,0.0035843210859992881
uwb-imu-pl/gate-d-diagnostics/v16,10,500000000,10,10,10,1,1,10,500000000,"BASE",6,0.0014557131747998915,0.00033971002267055278,0.0039691264590409727,3.6083137075778293e-05,2.0656041392892717e-07,0.0042414349729892557
uwb-imu-pl/gate-d-diagnostics/v16,10,500000000,10,10,10,1,1,10,500000000,"BASE",7,0.0016967489755983973,0.00053591148235845008,0.0045432591482272196,3.6083202983747534e-05,2.0656137430142972e-07,0.004879412252646145
uwb-imu-pl/gate-d-diagnostics/v16,10,500000000,10,10,10,1,1,10,500000000,"BASE",8,0.0017840872008212723,0.00078320587126890938,0.005329174237805075,3.6083243611003291e-05,2.0656231287301016e-07,0.005674308651892947
uwb-imu-pl/gate-d-diagnostics/v16,10,500000000,10,10,10,1,1,10,500000000,"BASE",9,0.0016363276479534155,0.0010600110436800449,0.0062223913810647508,3.6083261068741752e-05,2.0656307164746099e-07,0.0065207858520064102
uwb-imu-pl/gate-d-diagnostics/v16,10,500000000,10,10,10,1,1,10,500000000,"BASE",10,0.0093086860654919661,0.0013700779554644976,0.0077720690091320549,3.6083263196533205e-05,2.0656336650438491e-07,0.012203897270839193
uwb-imu-pl/gate-d-diagnostics/v16,11,550000000,11,11,11,1,1,11,550000000,"BASE",1,0.00053911787669983164,0.00020616028573586904,0.00078936607346528865,2.0504517200673547e-05,7.9167815135222922e-08,0.00097809477445859674
uwb-imu-pl/gate-d-diagnostics/v16,11,550000000,11,11,11,1,1,11,550000000,"BASE",2,0.00096070480426463584,0.00019048123087314858,0.00086270193918083521,2.0504610309508848e-05,7.9168071510505041e-08,0.0013053397647470961
uwb-imu-pl/gate-d-diagnostics/v16,11,550000000,11,11,11,1,1,11,550000000,"BASE",3,0.00073448174088902661,0.00013213297017613434,0.0011968410350478209,2.050469465105277e-05,7.9168213461787688e-08,0.0014105925922999951
uwb-imu-pl/gate-d-diagnostics/v16,11,550000000,11,11,11,1,1,11,550000000,"BASE",4,0.00067653835569126623,7.9388594266342955e-05,0.0013513779838623848,2.0504770608761663e-05,7.9168319754322707e-08,0.0015134892146210798
uwb-imu-pl/gate-d-diagnostics/v16,11,550000000,11,11,11,1,1,11,550000000,"BASE",5,0.00061367617424493972,7.7554374865788147e-05,0.0019301182164287597,2.050483745299307e-05,7.9168418762615651e-08,0.0020269163554309478
uwb-imu-pl/gate-d-diagnostics/v16,11,550000000,11,11,11,1,1,11,550000000,"BASE",6,0.00077896868349667462,0.00017887716754375548,0.0021834683420303485,2.0504895373824158e-05,7.9168503340349931e-08,0.0023252405700459728
uwb-imu-pl/gate-d-diagnostics/v16,11,550000000,11,11,11,1,1,11,550000000,"BASE",7,0.0010396764394646749,0.00026968901110708811,0.0022992202048416378,2.0504942193828537e-05,7.9168563099857259e-08,0.0025378126941844859
uwb-imu-pl/gate-d-diagnostics/v16,11,550000000,11,11,11,1,1,11,550000000,"BASE",8,0.0012287526927221215,0.00039246735472970326,0.0026806149670639393,2.0504977072953076e-05,7.9168579186507874e-08,0.0029748917402823293
uwb-imu-pl/gate-d-diagnostics/v16,11,550000000,11,11,11,1,1,11,550000000,"BASE",9,0.0013562858159415403,0.00052728116856075617,0.0033743378767653199,2.0504999003069368e-05,7.916853900109624e-08,0.0036747943089468107
uwb-imu-pl/gate-d-diagnostics/v16,11,550000000,11,11,11,1,1,11,550000000,"BASE",10,0.0011621571640565349,0.00073678423664469395,0.0038541666957900822,2.0505008405401881e-05,7.9168457309877066e-08,0.0040924908877004017
uwb-imu-pl/gate-d-diagnostics/v16,11,550000000,11,11,11,1,1,11,550000000,"BASE",11,0.0085649445318303069,0.00092094358749970158,0.0059913063918015123,2.0505009533482586e-05,7.9168415437210662e-08,0.010492977874121909
uwb-imu-pl/gate-d-diagnostics/v16,12,600000000,12,12,12,1,1,12,600000000,"BASE",2,0.0011551912892874248,0.00021407391262436823,0.001893663468214232,3.6191644833316646e-05,3.6076778456152538e-07,0.0022288036815902241
uwb-imu-pl/gate-d-diagnostics/v16,12,600000000,12,12,12,1,1,12,600000000,"BASE",3,0.0010882643574214616,9.6046985257127425e-05,0.0022829937487302428,3.619179534323852e-05,3.6076927062130112e-07,0.0025311884102051608
uwb-imu-pl/gate-d-diagnostics/v16,12,600000000,12,12,12,1,1,12,600000000,"BASE",4,0.0012281031030534763,5.0501460598661984e-05,0.0024859829531316407,3.6191932329722309e-05,3.6077058601924123e-07,0.0027734831635750855
uwb-imu-pl/gate-d-diagnostics/v16,12,600000000,12,12,12,1,1,12,600000000,"BASE",5,0.0015629880628993374,0.00020950323160303126,0.0031620012536342462,3.6192055168506199e-05,3.6077171845105537e-07,0.0035336079595529603
uwb-imu-pl/gate-d-diagnostics/v16,12,600000000,12,12,12,1,1,12,600000000,"BASE",6,0.0021319767371488479,0.00037732905905152412,0.0035301043794017501,3.6192164188907907e-05,3.607725966507452e-07,0.0041413342003423868
uwb-imu-pl/gate-d-diagnostics/v16,12,600000000,12,12,12,1,1,12,600000000,"BASE",7,0.0027680917793467333,0.0005253559113223375,0.0038742033606299826,3.6192256717254647e-05,3.6077319719411303e-07,0.0047905211221294626
uwb-imu-pl/gate-d-diagnostics/v16,12,600000000,12,12,12,1,1,12,600000000,"BASE",8,0.0034106294529658646,0.00071538750605847675,0.0047587445602043079,3.6192331536676173e-05,3.6077351615752337e-07,0.0058984008301874915
uwb-imu-pl/gate-d-diagnostics/v16,12,600000000,12,12,12,1,1,12,600000000,"BASE",9,0.004027979215537358,0.00093875375183634239,0.0062731568255714552,3.6192386848352595e-05,3.6077356157422435e-07,0.0075139657801073885
uwb-imu-pl/gate-d-diagnostics/v16,12,600000000,12,12,12,1,1,12,600000000,"BASE",10,0.0043969570669629603,0.0012753630225715222,0.0081384315642530902,3.6192421092388167e-05,3.6077340404620965e-07,0.0093378349008531557
uwb-imu-pl/gate-d-diagnostics/v16,12,600000000,12,12,12,1,1,12,600000000,"BASE",11,0.0043014548475138843,0.0016527319353563819,0.010154380398615289,3.6192435721736268e-05,3.6077319152508917e-07,0.011151089092895399
uwb-imu-pl/gate-d-diagnostics/v16,12,600000000,12,12,12,1,1,12,600000000,"BASE",12,0.0094933025027504597,0.002101375921281342,0.010106054652105418,3.6192437479687623e-05,3.6077310173315783e-07,0.014023987443851291
uwb-imu-pl/gate-d-diagnostics/v16,13,650000000,13,13,13,1,1,13,650000000,"BASE",3,0.0017423473407112504,0.0005070892622933555,0.0033177019500650979,8.4519873088860414e-05,1.9232759559702614e-06,0.0037824869217248985
uwb-imu-pl/gate-d-diagnostics/v16,13,650000000,13,13,13,1,1,13,650000000,"BASE",4,0.0023861409514016026,0.0006328739891596646,0.0029217189428855286,8.4520320404056325e-05,1.9232847330499202e-06,0.0038259361064858508
uwb-imu-pl/gate-d-diagnostics/v16,13,650000000,13,13,13,1,1,13,650000000,"BASE",5,0.0032670128763416495,0.00078945745806147148,0.0026906904344077172,8.4520761143345438e-05,1.9232931763225773e-06,0.004306225572842777
uwb-imu-pl/gate-d-diagnostics/v16,13,650000000,13,13,13,1,1,13,650000000,"BASE",6,0.0042972568905825402,0.00089820640955534019,0.0019413326115977074,8.4521183200217108e-05,1.9233011816255375e-06,0.0048009490078707549
uwb-imu-pl/gate-d-diagnostics/v16,13,650000000,13,13,13,1,1,13,650000000,"BASE",7,0.0053617487669387212,0.00091507544749279955,0.0018553535092802943,8.4521575612409109e-05,1.9233086950285943e-06,0.0057476253491883138
uwb-imu-pl/gate-d-diagnostics/v16,13,650000000,13,13,13,1,1,13,650000000,"BASE",8,0.0064989107224818392,0.0008623739985144102,0.0041032403438067046,8.4521923337133327e-05,1.9233157198918455e-06,0.0077345496614744207
uwb-imu-pl/gate-d-diagnostics/v16,13,650000000,13,13,13,1,1,13,650000000,"BASE",9,0.0077490821081222811,0.00073893090972443776,0.0076063293183436624,8.4522211008389907e-05,1.9233222488075901e-06,0.010883826799898261
uwb-imu-pl/gate-d-diagnostics/v16,13,650000000,13,13,13,1,1,13,650000000,"BASE",10,0.0091845576574407454,0.00075752231120912851,0.012344131217591455,8.4522426070225367e-05,1.9233282361674663e-06,0.015405020696891298
uwb-imu-pl/gate-d-diagnostics/v16,13,650000000,13,13,13,1,1,13,650000000,"BASE",11,0.01086392760903482,0.0011673795977503317,0.018249502578079699,8.4522560589703172e-05,1.923333559765222e-06,0.021270618005346978
uwb-imu-pl/gate-d-diagnostics/v16,13,650000000,13,13,13,1,1,13,650000000,"BASE",12,0.013331323560457443,0.0020985894364284096,0.025132910947848152,8.4522618530330634e-05,1.9233377295182209e-06,0.028527155939228034
uwb-imu-pl/gate-d-diagnostics/v16,13,650000000,13,13,13,1,1,13,650000000,"BASE",13,0.02022167894687453,0.0034296558017617635,0.030401156219554776,8.4522625520201271e-05,1.9233393047683153e-06,0.036673100299923642
uwb-imu-pl/gate-d-diagnostics/v16,14,700000000,14,14,14,1,1,14,700000000,"BASE",4,0.00070766074416817916,6.1953803190980855e-05,0.0027935259465613868,8.8395762948627638e-05,2.7689993607898755e-07,0.0028837862445505601
uwb-imu-pl/gate-d-diagnostics/v16,14,700000000,14,14,14,1,1,14,700000000,"BASE",5,0.00095012142060951136,0.00017848819111087501,0.0030760434256295018,8.8396116660745922e-05,2.7690098922004983e-07,0.0032255923261845115
uwb-imu-pl/gate-d-diagnostics/v16,14,700000000,14,14,14,1,1,14,700000000,"BASE",6,0.0013494848165611412,0.00033028464434261173,0.003586743062292994,8.8396435519203884e-05,2.7690199745114938e-07,0.003847432522840618
uwb-imu-pl/gate-d-diagnostics/v16,14,700000000,14,14,14,1,1,14,700000000,"BASE",7,0.0018653201424277716,0.00053518663411753202,0.0042974539850757342,8.8396717044642844e-05,2.7690294148353868e-07,0.0047161179774458184
uwb-imu-pl/gate-d-diagnostics/v16,14,700000000,14,14,14,1,1,14,700000000,"BASE",8,0.002627160676666023,0.00075145653619146217,0.0049139149092419232,8.8396956917374602e-05,2.7690377894008035e-07,0.0056232583064219242
uwb-imu-pl/gate-d-diagnostics/v16,14,700000000,14,14,14,1,1,14,700000000,"BASE",9,0.0034143688331923841,0.00099917010636180453,0.0056086165020796715,8.8397152323687166e-05,2.7690446118078979e-07,0.0066423375878630255
uwb-imu-pl/gate-d-diagnostics/v16,14,700000000,14,14,14,1,1,14,700000000,"BASE",10,0.0041694111345537636,0.0011782249880631327,0.0065014243955001999,8.8397302818925088e-05,2.7690495320781272e-07,0.007813356299418605
uwb-imu-pl/gate-d-diagnostics/v16,14,700000000,14,14,14,1,1,14,700000000,"BASE",11,0.0046470848428533367,0.0014980944248421612,0.0084932110561636576,8.8397407534414107e-05,2.7690524211482798e-07,0.0097970471400976901
uwb-imu-pl/gate-d-diagnostics/v16,14,700000000,14,14,14,1,1,14,700000000,"BASE",12,0.0047069343939869683,0.0019007780734469227,0.010950688754992636,8.8397468976697226e-05,2.7690534171287812e-07,0.012070359856761284
uwb-imu-pl/gate-d-diagnostics/v16,14,700000000,14,14,14,1,1,14,700000000,"BASE",13,0.004115637044994706,0.0024250987775012969,0.013335516890413665,8.8397493820605e-05,2.7690529497021137e-07,0.014165570842534708
uwb-imu-pl/gate-d-diagnostics/v16,14,700000000,14,14,14,1,1,14,700000000,"BASE",14,0.009623409568838075,0.0030802284377868141,0.017599998218823021,8.8397496749070833e-05,2.7690525019186502e-07,0.02029447142586464
uwb-imu-pl/gate-d-diagnostics/v16,15,750000000,15,15,15,1,1,15,750000000,"BASE",5,0.00087839232879273672,0.00011572294464360248,0.0025042145096023992,2.4881351819985415e-05,9.09606705462343e-07,0.0026564403065672017
uwb-imu-pl/gate-d-diagnostics/v16,15,750000000,15,15,15,1,1,15,750000000,"BASE",6,0.0014851732281626361,0.00022847513188246888,0.002885279067325143,2.488143629731446e-05,9.0961074113227726e-07,0.0032532131213845027
uwb-imu-pl/gate-d-diagnostics/v16,15,750000000,15,15,15,1,1,15,750000000,"BASE",7,0.0023520914170044966,0.00033745049156915625,0.0030000861750913211,2.488151201775407e-05,9.0961433467553583e-07,0.0038271848457082768
uwb-imu-pl/gate-d-diagnostics/v16,15,750000000,15,15,15,1,1,15,750000000,"BASE",8,0.0032788662037891185,0.00047485779464803425,0.0033371527888487653,2.4881579594629037e-05,9.0961744931391668e-07,0.0047025165777503201
uwb-imu-pl/gate-d-diagnostics/v16,15,750000000,15,15,15,1,1,15,750000000,"BASE",9,0.004385597419222423,0.00062677808353443136,0.0042171426207827439,2.4881639871946848e-05,9.0962005820607979e-07,0.0061164718013674508
uwb-imu-pl/gate-d-diagnostics/v16,15,750000000,15,15,15,1,1,15,750000000,"BASE",10,0.0055223015851460257,0.00090238779630872636,0.005742099389756377,2.4881692342400097e-05,9.0962208888225715e-07,0.0080176333079095084
uwb-imu-pl/gate-d-diagnostics/v16,15,750000000,15,15,15,1,1,15,750000000,"BASE",11,0.0067802849816093573,0.0011296837458838081,0.0077144627755486566,2.488173708315479e-05,9.0962354710628105e-07,0.010332570137247201
uwb-imu-pl/gate-d-diagnostics/v16,15,750000000,15,15,15,1,1,15,750000000,"BASE",12,0.0080199553297645096,0.0014530192829832888,0.010639352488558792,2.4881772895768905e-05,9.0962448990579421e-07,0.013402514310157654
uwb-imu-pl/gate-d-diagnostics/v16,15,750000000,15,15,15,1,1,15,750000000,"BASE",13,0.0090844523869786521,0.0019233281982540993,0.014418582759450229,2.4881797898170987e-05,9.0962501138934201e-07,0.017150003360112825
uwb-imu-pl/gate-d-diagnostics/v16,15,750000000,15,15,15,1,1,15,750000000,"BASE",14,0.009624803258469504,0.0026444170110920344,0.01898402708793839,2.4881810116879769e-05,9.0962525255427195e-07,0.021448162706867679
uwb-imu-pl/gate-d-diagnostics/v16,15,750000000,15,15,15,1,1,15,750000000,"BASE",15,0.0086025195370803501,0.0034539748021099226,0.018593213845010462,2.4881811658188039e-05,9.0962532098966376e-07,0.020775983859680814
uwb-imu-pl/gate-d-diagnostics/v16,16,800000000,16,16,16,1,1,16,800000000,"BASE",6,0.00064512271303749052,0.00019459567264384998,0.000431940512851511,1.569366029242306e-05,3.8435144900898192e-07,0.00080054346292403225
uwb-imu-pl/gate-d-diagnostics/v16,16,800000000,16,16,16,1,1,16,800000000,"BASE",7,0.00079455589727023116,0.00021108732148954494,0.00024210907832323937,1.5693741167855879e-05,3.8435307596336541e-07,0.00085716986544452894
uwb-imu-pl/gate-d-diagnostics/v16,16,800000000,16,16,16,1,1,16,800000000,"BASE",8,0.001027312042506053,0.00021037744751213183,0.0001939236914813571,1.569382019997961e-05,3.843546072623673e-07,0.0010665277984836438
uwb-imu-pl/gate-d-diagnostics/v16,16,800000000,16,16,16,1,1,16,800000000,"BASE",9,0.0013154938975234699,0.00018601425507276366,0.00081000099356134361,1.5693896011627304e-05,3.8435603201497294e-07,0.0015561084644663144
uwb-imu-pl/gate-d-diagnostics/v16,16,800000000,16,16,16,1,1,16,800000000,"BASE",10,0.0015619201321556881,9.9186952369350559e-05,0.0014168949167382722,1.5693965637878602e-05,3.8435736178135872e-07,0.0021112248113643282
uwb-imu-pl/gate-d-diagnostics/v16,16,800000000,16,16,16,1,1,16,800000000,"BASE",11,0.0018916849424271132,1.7613456889145473e-05,0.00218621057778382,1.569402765251614e-05,3.8435859225977935e-07,0.0028911148880524282
uwb-imu-pl/gate-d-diagnostics/v16,16,800000000,16,16,16,1,1,16,800000000,"BASE",12,0.0022275456793071037,0.00011254116171801045,0.0032053129252585391,1.5694079941070239e-05,3.8435972929061039e-07,0.0039049843363562465
uwb-imu-pl/gate-d-diagnostics/v16,16,800000000,16,16,16,1,1,16,800000000,"BASE",13,0.0025517157157698249,0.00029036402769820439,0.0043855319274973227,1.5694120531714959e-05,3.8436079991388806e-07,0.0050821945164405804
uwb-imu-pl/gate-d-diagnostics/v16,16,800000000,16,16,16,1,1,16,800000000,"BASE",14,0.0030419006145114566,0.00054452549709023488,0.0058447865302791377,1.5694147438651541e-05,3.8436177083171689e-07,0.0066114630305308961
uwb-imu-pl/gate-d-diagnostics/v16,16,800000000,16,16,16,1,1,16,800000000,"BASE",15,0.0032867093844324903,0.0008584643740464663,0.0073041813672885952,1.569415971418635e-05,3.8436254501595397e-07,0.0080554783569849638
uwb-imu-pl/gate-d-diagnostics/v16,16,800000000,16,16,16,1,1,16,800000000,"BASE",16,0.0087634661993872976,0.0011491813626265191,0.0047979912523629089,1.5694161232416987e-05,3.8436284354053378e-07,0.010056834698064513
uwb-imu-pl/gate-d-diagnostics/v16,17,850000000,17,17,17,1,1,17,850000000,"BASE",7,0.00030716422471382276,3.209486496039476e-05,0.0038768929634342437,0.00017990641767840697,2.6705278386525367e-07,0.0038933334536956745
uwb-imu-pl/gate-d-diagnostics/v16,17,850000000,17,17,17,1,1,17,850000000,"BASE",8,0.00055489485909650986,0.00021907842280281846,0.0051166845599434777,0.00017990712347187122,2.6705406459915508e-07,0.005154486510831828
uwb-imu-pl/gate-d-diagnostics/v16,17,850000000,17,17,17,1,1,17,850000000,"BASE",9,0.0014065919725329197,0.0004966314838951248,0.0063626218632826005,0.00017990776609670618,2.6705550558801155e-07,0.0065376194183152199
uwb-imu-pl/gate-d-diagnostics/v16,17,850000000,17,17,17,1,1,17,850000000,"BASE",10,0.0025752359844162754,0.00075135677433184952,0.0071263843704428989,0.00017990833842903176,2.6705712024676165e-07,0.0076166986716434733
uwb-imu-pl/gate-d-diagnostics/v16,17,850000000,17,17,17,1,1,17,850000000,"BASE",11,0.0038600407330506431,0.001139827942027747,0.0084601634584573673,0.00017990883166518439,2.6705893684969058e-07,0.0093704778534014089
uwb-imu-pl/gate-d-diagnostics/v16,17,850000000,17,17,17,1,1,17,850000000,"BASE",12,0.0051734301063694295,0.0015863262664677846,0.010008885952406461,0.00017990923932128213,2.6706095576803106e-07,0.011379410156206221
uwb-imu-pl/gate-d-diagnostics/v16,17,850000000,17,17,17,1,1,17,850000000,"BASE",13,0.0062679852306516681,0.0021081863768710801,0.012187678873158284,0.00017990955632780022,2.6706311161683805e-07,0.013867370784914557
uwb-imu-pl/gate-d-diagnostics/v16,17,850000000,17,17,17,1,1,17,850000000,"BASE",14,0.006902518145629026,0.0026778552370065982,0.014998088966235723,0.00017990978066447812,2.6706532383332096e-07,0.016726945497033401
uwb-imu-pl/gate-d-diagnostics/v16,17,850000000,17,17,17,1,1,17,850000000,"BASE",15,0.0065554547231783953,0.0033939518322335712,0.018546208768889499,0.00017990991480875242,2.6706739572653504e-07,0.01996214224513914
uwb-imu-pl/gate-d-diagnostics/v16,17,850000000,17,17,17,1,1,17,850000000,"BASE",16,0.004638855034454885,0.0042585778229510176,0.021945381730438807,0.00017990997066567147,2.6706897373677361e-07,0.022831701821554296
uwb-imu-pl/gate-d-diagnostics/v16,17,850000000,17,17,17,1,1,17,850000000,"BASE",17,0.0090410465382484446,0.0052713986408144484,0.022702480857895793,0.00017990997732334518,2.6706954851156711e-07,0.024999263407379551
uwb-imu-pl/gate-d-diagnostics/v16,18,900000000,18,18,18,1,1,18,900000000,"BASE",8,0.00163528805961377,0.00047154675139576509,0.0021715377537535317,8.6954053405226199e-05,7.6271883756067234e-07,0.0027603733772422574
uwb-imu-pl/gate-d-diagnostics/v16,18,900000000,18,18,18,1,1,18,900000000,"BASE",9,0.0020100312211604261,0.00051109894350965786,0.0023574407741637441,8.6954432573525741e-05,7.6272202282932241e-07,0.0031411043120016225
uwb-imu-pl/gate-d-diagnostics/v16,18,900000000,18,18,18,1,1,18,900000000,"BASE",10,0.0025063675626895341,0.00059212004545212938,0.003195967697257811,8.6954786161262183e-05,7.6272500531876178e-07,0.0041053934946640239
uwb-imu-pl/gate-d-diagnostics/v16,18,900000000,18,18,18,1,1,18,900000000,"BASE",11,0.0031530915366842524,0.00066626047133203786,0.0037024099910539596,8.6955110352131862e-05,7.6272777215594074e-07,0.0049093065466719061
uwb-imu-pl/gate-d-diagnostics/v16,18,900000000,18,18,18,1,1,18,900000000,"BASE",12,0.0038967469763583596,0.00074583759349635065,0.0046062382392312558,8.6955399320373138e-05,7.627303270223565e-07,0.0060799591489923048
uwb-imu-pl/gate-d-diagnostics/v16,18,900000000,18,18,18,1,1,18,900000000,"BASE",13,0.0046943205741704699,0.00084664333721668958,0.0060385323807253116,8.69556469872088e-05,7.627326845187738e-07,0.0076957706419114253
uwb-imu-pl/gate-d-diagnostics/v16,18,900000000,18,18,18,1,1,18,900000000,"BASE",14,0.0055306224461042558,0.0010486655988726245,0.0084262313837136574,8.6955846612877036e-05,7.6273485158844535e-07,0.010133924284921252
uwb-imu-pl/gate-d-diagnostics/v16,18,900000000,18,18,18,1,1,18,900000000,"BASE",15,0.0062673481543372078,0.0013468493893507786,0.011286860851549644,8.6955993146846714e-05,7.6273683869953002e-07,0.012980541050897076
uwb-imu-pl/gate-d-diagnostics/v16,18,900000000,18,18,18,1,1,18,900000000,"BASE",16,0.0068645873660301377,0.0018475051121613303,0.014830863634948191,8.6956083847780877e-05,7.6273864457379231e-07,0.016446820754967811
uwb-imu-pl/gate-d-diagnostics/v16,18,900000000,18,18,18,1,1,18,900000000,"BASE",17,0.0068428833184149586,0.0025474941889848924,0.018422975929612152,8.6956122870354447e-05,7.6274015194661107e-07,0.019817375779968938
uwb-imu-pl/gate-d-diagnostics/v16,18,900000000,18,18,18,1,1,18,900000000,"BASE",18,0.011349938835357979,0.0033919877314239175,0.019109414942180551,8.6956127569627129e-05,7.6274075144495671e-07,0.02248341597086231
uwb-imu-pl/gate-d-diagnostics/v16,19,950000000,19,19,19,1,1,19,950000000,"BASE",9,0.0019928247015753701,0.00054461434933523762,0.0026958142763713359,7.7434514454584568e-05,1.0414828162092201e-06,0.0033972587305228304
uwb-imu-pl/gate-d-diagnostics/v16,19,950000000,19,19,19,1,1,19,950000000,"BASE",10,0.0026367543734098103,0.00062147890348512652,0.0027507176487576212,7.7434832735067294e-05,1.0414873112221328e-06,0.0038614964035171674
uwb-imu-pl/gate-d-diagnostics/v16,19,950000000,19,19,19,1,1,19,950000000,"BASE",11,0.0034232345747674262,0.00070426119502813652,0.0027848989647952047,7.7435126104963772e-05,1.0414914216574911e-06,0.0044694718158057841
uwb-imu-pl/gate-d-diagnostics/v16,19,950000000,19,19,19,1,1,19,950000000,"BASE",12,0.0043783808117919612,0.00075890218548111397,0.0032275859682986837,7.7435390208968361e-05,1.0414950740756206e-06,0.0054926732623853938
uwb-imu-pl/gate-d-diagnostics/v16,19,950000000,19,19,19,1,1,19,950000000,"BASE",13,0.0055302342501214715,0.0007750892050473044,0.0044659960919606386,7.7435620808748124e-05,1.0414982227484241e-06,0.00715090012449438
uwb-imu-pl/gate-d-diagnostics/v16,19,950000000,19,19,19,1,1,19,950000000,"BASE",14,0.0066977320122536968,0.00080691422705064851,0.0070455641775340845,7.7435812860092692e-05,1.0415008554412069e-06,0.0097548294012439595
uwb-imu-pl/gate-d-diagnostics/v16,19,950000000,19,19,19,1,1,19,950000000,"BASE",15,0.0079593868774843982,0.0009431162821880684,0.010503174474254457,7.7435962969377368e-05,1.0415029735073634e-06,0.013212266241524159
uwb-imu-pl/gate-d-diagnostics/v16,19,950000000,19,19,19,1,1,19,950000000,"BASE",16,0.0092314166189858392,0.0013372947517442124,0.014597779219048439,7.7436068733335547e-05,1.0415046366968099e-06,0.017323641811232582
uwb-imu-pl/gate-d-diagnostics/v16,19,950000000,19,19,19,1,1,19,950000000,"BASE",17,0.010377018997963044,0.002021820633706243,0.019445414887334235,7.7436130939313695e-05,1.0415059204495e-06,0.022133694665343057
uwb-imu-pl/gate-d-diagnostics/v16,19,950000000,19,19,19,1,1,19,950000000,"BASE",18,0.010731225992253368,0.0030318266564748355,0.024831195802863058,7.7436156042300075e-05,1.0415068511397052e-06,0.027220313492222106
uwb-imu-pl/gate-d-diagnostics/v16,19,950000000,19,19,19,1,1,19,950000000,"BASE",19,0.014647272618400618,0.0043338727307954648,0.030423977584219847,7.7436158996337901e-05,1.041507197666832e-06,0.034043346743424775
uwb-imu-pl/gate-d-diagnostics/v16,20,1000000000,20,20,20,1,1,20,1000000000,"BASE",10,0.0027039241929357554,0.0008139444686604242,0.005521644645674435,0.00014817052817899472,1.2574074947827583e-06,0.006203565693921987
uwb-imu-pl/gate-d-diagnostics/v16,20,1000000000,20,20,20,1,1,20,1000000000,"BASE",11,0.0034499957728709721,0.0010387466751441781,0.0066893505344617701,0.00014817098578724192,1.2574128005932469e-06,0.0075993968367871634
uwb-imu-pl/gate-d-diagnostics/v16,20,1000000000,20,20,20,1,1,20,1000000000,"BASE",12,0.0044943908339161289,0.0013222933079442369,0.0077281084485572226,0.00014817138164081699,1.2574174748193313e-06,0.0090384525828440896
uwb-imu-pl/gate-d-diagnostics/v16,20,1000000000,20,20,20,1,1,20,1000000000,"BASE",13,0.005795241997867579,0.0016629608057253664,0.0086824576542133634,0.00014817171477246003,1.2574214015870506e-06,0.010571532330301146
uwb-imu-pl/gate-d-diagnostics/v16,20,1000000000,20,20,20,1,1,20,1000000000,"BASE",14,0.0073991323809405206,0.0020123856867876929,0.0093454843383487165,0.00014817198634145581,1.2574244676636157e-06,0.012089536392270976
uwb-imu-pl/gate-d-diagnostics/v16,20,1000000000,20,20,20,1,1,20,1000000000,"BASE",15,0.009107039314774943,0.0023774083668412598,0.010528541118807605,0.00014817219813894602,1.2574266336169116e-06,0.014123114751903308
uwb-imu-pl/gate-d-diagnostics/v16,20,1000000000,20,20,20,1,1,20,1000000000,"BASE",16,0.010661269694633321,0.0027177792817649604,0.013316004562896635,0.00014817235448545303,1.2574280052331844e-06,0.01727387998895849
uwb-imu-pl/gate-d-diagnostics/v16,20,1000000000,20,20,20,1,1,20,1000000000,"BASE",17,0.011770901821279451,0.0031350794828430427,0.018309506885540019,0.00014817246018823164,1.2574288094409298e-06,0.021991881504333961
uwb-imu-pl/gate-d-diagnostics/v16,20,1000000000,20,20,20,1,1,20,1000000000,"BASE",18,0.012312628105463921,0.0037556037331182551,0.024989599490915362,0.00014817252148312837,1.2574293544588121e-06,0.028110628055190805
uwb-imu-pl/gate-d-diagnostics/v16,20,1000000000,20,20,20,1,1,20,1000000000,"BASE",19,0.012175052717723048,0.0046905546614535287,0.032532147517948161,0.00014817254651324261,1.2574298994112711e-06,0.035051330795358257
uwb-imu-pl/gate-d-diagnostics/v16,20,1000000000,20,20,20,1,1,20,1000000000,"BASE",20,0.016524777947319241,0.006012804382143128,0.03615978361886419,0.00014817254945852489,1.2574301655235306e-06,0.040209128451071288
uwb-imu-pl/gate-d-diagnostics/v16,21,1050000000,21,21,21,1,1,21,1050000000,"BASE",11,0.0027291069060512386,0.00079854252414389589,0.0082643700529293779,0.00020659548155590099,1.5849086323600396e-06,0.0087423218451515104
uwb-imu-pl/gate-d-diagnostics/v16,21,1050000000,21,21,21,1,1,21,1050000000,"BASE",12,0.0037504848352485649,0.0011784749676747521,0.010160336445473279,0.0002065961705453345,1.5849152234862584e-06,0.010896332452881487
uwb-imu-pl/gate-d-diagnostics/v16,21,1050000000,21,21,21,1,1,21,1050000000,"BASE",13,0.0054187018499837585,0.0016755682488675929,0.011796468519807002,0.00020659678439468676,1.5849209481955691e-06,0.013090806429617881
uwb-imu-pl/gate-d-diagnostics/v16,21,1050000000,21,21,21,1,1,21,1050000000,"BASE",14,0.0076518509020804528,0.002292260012062662,0.013335740310234764,0.00020659732014059385,1.5849255951496928e-06,0.015546380053802549
uwb-imu-pl/gate-d-diagnostics/v16,21,1050000000,21,21,21,1,1,21,1050000000,"BASE",15,0.01014188269422781,0.002943450815857868,0.014277591284709793,0.00020659777593175804,1.5849290134447164e-06,0.017759898235493718
uwb-imu-pl/gate-d-diagnostics/v16,21,1050000000,21,21,21,1,1,21,1050000000,"BASE",16,0.012903753421366283,0.0036724531941250168,0.015705650853927756,0.00020659815118026701,1.5849310708061193e-06,0.020656812892506444
uwb-imu-pl/gate-d-diagnostics/v16,21,1050000000,21,21,21,1,1,21,1050000000,"BASE",17,0.01540379174802604,0.0044069483942908499,0.018738906642119697,0.00020659844542162903,1.5849317872296553e-06,0.024655370651000871
uwb-imu-pl/gate-d-diagnostics/v16,21,1050000000,21,21,21,1,1,21,1050000000,"BASE",18,0.017100601763708541,0.0051629485470204017,0.024911631191097669,0.00020659865709843621,1.5849314493581388e-06,0.030654831144511702
uwb-imu-pl/gate-d-diagnostics/v16,21,1050000000,21,21,21,1,1,21,1050000000,"BASE",19,0.017901506501450806,0.0061536114569494234,0.033877386437475329,0.0002065987875382107,1.5849305098054285e-06,0.038807871191159651
uwb-imu-pl/gate-d-diagnostics/v16,21,1050000000,21,21,21,1,1,21,1050000000,"BASE",20,0.017556051206329717,0.007546393076942993,0.044210104521233001,0.00020659884355980315,1.5849295084889758e-06,0.048163668981956849
uwb-imu-pl/gate-d-diagnostics/v16,21,1050000000,21,21,21,1,1,21,1050000000,"BASE",21,0.012927088926642129,0.0093580936330728247,0.048491563941590425,0.00020659885030927091,1.5849290992002501e-06,0.051050543617683186
uwb-imu-pl/gate-d-diagnostics/v16,22,1100000000,22,22,22,1,1,22,1100000000,"BASE",12,0.0019058687409009853,0.00059000485014460563,0.0014791511680217234,7.2390730822350095e-05,1.411542445988025e-06,0.0024846673759195141
uwb-imu-pl/gate-d-diagnostics/v16,22,1100000000,22,22,22,1,1,22,1100000000,"BASE",13,0.0020687368309292601,0.00066097013577672134,0.0016057651351390086,7.2391149104020829e-05,1.4115489752256289e-06,0.0027019026141219529
uwb-imu-pl/gate-d-diagnostics/v16,22,1100000000,22,22,22,1,1,22,1100000000,"BASE",14,0.002484833074767435,0.00069835843061321614,0.0016659384540360144,7.2391550181903974e-05,1.4115553760875541e-06,0.0030728965763150841
uwb-imu-pl/gate-d-diagnostics/v16,22,1100000000,22,22,22,1,1,22,1100000000,"BASE",15,0.0027911536584799288,0.00073078795312549758,0.0017725541835294973,7.2391925524243472e-05,1.4115616083554661e-06,0.0033870017263967333
uwb-imu-pl/gate-d-diagnostics/v16,22,1100000000,22,22,22,1,1,22,1100000000,"BASE",16,0.0032693620898365857,0.00079056928115926858,0.0023078499588975844,7.2392263117844225e-05,1.411567676935956e-06,0.0040798458705984895
uwb-imu-pl/gate-d-diagnostics/v16,22,1100000000,22,22,22,1,1,22,1100000000,"BASE",17,0.0037769686609117567,0.00084955116218328821,0.0033371499231910858,7.2392552660037316e-05,1.4115735631284027e-06,0.0051116574344092494
uwb-imu-pl/gate-d-diagnostics/v16,22,1100000000,22,22,22,1,1,22,1100000000,"BASE",18,0.0042776060469638952,0.00089899507663086515,0.0047652857768357235,7.2392784084225777e-05,1.4115792661414138e-06,0.0064667841222268239
uwb-imu-pl/gate-d-diagnostics/v16,22,1100000000,22,22,22,1,1,22,1100000000,"BASE",19,0.005050814176500662,0.0010104079447132935,0.0069939676427774773,7.2392951131520854e-05,1.4115846731408827e-06,0.0086863383643767268
uwb-imu-pl/gate-d-diagnostics/v16,22,1100000000,22,22,22,1,1,22,1100000000,"BASE",20,0.0063113107465717242,0.0013146440706329099,0.0098191919235290307,7.2393052177327085e-05,1.4115895165743523e-06,0.011746603983702194
uwb-imu-pl/gate-d-diagnostics/v16,22,1100000000,22,22,22,1,1,22,1100000000,"BASE",21,0.0083918995613174764,0.0017458434251890703,0.013598869064366005,7.2393094457348542e-05,1.4115932979255229e-06,0.016075025041815884
uwb-imu-pl/gate-d-diagnostics/v16,22,1100000000,22,22,22,1,1,22,1100000000,"BASE",22,0.015995586265218922,0.0023705948855653426,0.015834887508286183,7.2393099536067129e-05,1.4115947238750335e-06,0.022632441433328987
uwb-imu-pl/gate-d-diagnostics/v16,23,1150000000,23,23,23,1,1,23,1150000000,"BASE",13,0.0062691277761864964,0.001808877905321561,0.0053210235824895299,0.00015320145754321919,2.0597592284344458e-06,0.0084208532373581182
uwb-imu-pl/gate-d-diagnostics/v16,23,1150000000,23,23,23,1,1,23,1150000000,"BASE",14,0.0072893031384596756,0.0020240488565125472,0.004795553929372455,0.0001532020758815471,2.0597675697273338e-06,0.0089583216411403925
uwb-imu-pl/gate-d-diagnostics/v16,23,1150000000,23,23,23,1,1,23,1150000000,"BASE",15,0.0082696666367175157,0.0021595879429893126,0.0038925411273038131,0.00015320264599460515,2.0597752862602357e-06,0.009392899344031598
uwb-imu-pl/gate-d-diagnostics/v16,23,1150000000,23,23,23,1,1,23,1150000000,"BASE",16,0.0094265271285408521,0.0022459634935151681,0.0039627085890809755,0.00015320315950470781,2.0597823059258522e-06,0.010470448917409466
uwb-imu-pl/gate-d-diagnostics/v16,23,1150000000,23,23,23,1,1,23,1150000000,"BASE",17,0.010688184675915152,0.0021952011712075793,0.0060913447517032425,0.00015320360709764294,2.0597885963113285e-06,0.012497365975300477
uwb-imu-pl/gate-d-diagnostics/v16,23,1150000000,23,23,23,1,1,23,1150000000,"BASE",18,0.011906115022719214,0.0019447677325006973,0.010598578786004056,0.00015320398023451823,2.0597941907901166e-06,0.016058986408022238
uwb-imu-pl/gate-d-diagnostics/v16,23,1150000000,23,23,23,1,1,23,1150000000,"BASE",19,0.013350243713066486,0.0015805925436836303,0.016579691157818228,0.00015320427134059311,2.0597991852095429e-06,0.021345653296809285
uwb-imu-pl/gate-d-diagnostics/v16,23,1150000000,23,23,23,1,1,23,1150000000,"BASE",20,0.014771402830362036,0.0014003165228232606,0.023789205588537917,0.00015320447710399034,2.0598037340578476e-06,0.02803756420107209
uwb-imu-pl/gate-d-diagnostics/v16,23,1150000000,23,23,23,1,1,23,1150000000,"BASE",21,0.016368333141288331,0.0020425256390036264,0.032647730667103851,0.00015320459851645422,2.0598079244314164e-06,0.03657857343327859
uwb-imu-pl/gate-d-diagnostics/v16,23,1150000000,23,23,23,1,1,23,1150000000,"BASE",22,0.017294679573742897,0.0035194958295376283,0.0414812923444072,0.00015320464828956482,2.059811493685892e-06,0.045080082995950975
uwb-imu-pl/gate-d-diagnostics/v16,23,1150000000,23,23,23,1,1,23,1150000000,"BASE",23,0.021346027282334569,0.0056520836341539555,0.049458936525636092,0.00015320465416902355,2.0598129327986831e-06,0.05416464537224841
uwb-imu-pl/gate-d-diagnostics/v16,24,1200000000,24,24,24,1,1,24,1200000000,"BASE",14,0.0015097506289128099,0.0005990441013180172,0.0077118196095144666,0.00019486389714427736,1.6813995810826852e-06,0.0078834216715860887
uwb-imu-pl/gate-d-diagnostics/v16,24,1200000000,24,24,24,1,1,24,1200000000,"BASE",15,0.0026424443299117879,0.00099023365536654519,0.0095331864304363453,0.00019486443046786445,1.6814071814965568e-06,0.0099439777362859607
uwb-imu-pl/gate-d-diagnostics/v16,24,1200000000,24,24,24,1,1,24,1200000000,"BASE",16,0.0043105605525315905,0.0014551120526310269,0.011030116273047343,0.0001948648790808997,1.6814139910747089e-06,0.01193313552709218
uwb-imu-pl/gate-d-diagnostics/v16,24,1200000000,24,24,24,1,1,24,1200000000,"BASE",17,0.0063810908576970313,0.0020048631535290601,0.012120544544650568,0.0001948652439686818,1.6814198182556735e-06,0.013844976422800486
uwb-imu-pl/gate-d-diagnostics/v16,24,1200000000,24,24,24,1,1,24,1200000000,"BASE",18,0.0087452104594054197,0.0026287806252851998,0.012882219924729406,0.00019486552905221676,1.6814244998670076e-06,0.015791730720407605
uwb-imu-pl/gate-d-diagnostics/v16,24,1200000000,24,24,24,1,1,24,1200000000,"BASE",19,0.011255804456328948,0.0032377511150235138,0.013407307795163944,0.00019486574153219346,1.6814279407801e-06,0.017803652547739669
uwb-imu-pl/gate-d-diagnostics/v16,24,1200000000,24,24,24,1,1,24,1200000000,"BASE",20,0.013508920649550876,0.0038519154564280486,0.015697855788105741,0.00019486589103003899,1.6814301540693686e-06,0.021066296344782357
uwb-imu-pl/gate-d-diagnostics/v16,24,1200000000,24,24,24,1,1,24,1200000000,"BASE",21,0.015241899592725728,0.0044503318703455683,0.02110175428387278,0.00019486598730190786,1.6814313626184968e-06,0.026409145506587444
uwb-imu-pl/gate-d-diagnostics/v16,24,1200000000,24,24,24,1,1,24,1200000000,"BASE",22,0.016038295885227899,0.0051463425659235605,0.029627491974945595,0.00019486604019701586,1.6814319587915845e-06,0.034081344354855721
uwb-imu-pl/gate-d-diagnostics/v16,24,1200000000,24,24,24,1,1,24,1200000000,"BASE",23,0.016104427052711701,0.0062518645330147003,0.039508534194270285,0.00019486605961174723,1.6814323716689188e-06,0.043120767973489377
uwb-imu-pl/gate-d-diagnostics/v16,24,1200000000,24,24,24,1,1,24,1200000000,"BASE",24,0.021322070462709342,0.0078667687811700814,0.048039821607597608,0.00019486606182421014,1.681432557992446e-06,0.053144888517826457
uwb-imu-pl/gate-d-diagnostics/v16,25,1250000000,25,25,25,1,1,25,1250000000,"BASE",15,0.0075207626079076524,0.0019450790397327676,0.0057015215673113448,0.00015728297568538995,1.804698285062595e-06,0.0096372865501240766
uwb-imu-pl/gate-d-diagnostics/v16,25,1250000000,25,25,25,1,1,25,1250000000,"BASE",16,0.0084982289693764507,0.0021775986209982205,0.0073189038431051671,0.00015728355175900476,1.8047037864777895e-06,0.01142597594113307
uwb-imu-pl/gate-d-diagnostics/v16,25,1250000000,25,25,25,1,1,25,1250000000,"BASE",17,0.0097796313033585523,0.0024795480166085464,0.0087904882201629269,0.00015728407219057588,1.8047085685337519e-06,0.013382330569876791
uwb-imu-pl/gate-d-diagnostics/v16,25,1250000000,25,25,25,1,1,25,1250000000,"BASE",18,0.011347951852919445,0.0028285555251167833,0.0098164542072452961,0.00015728453385736453,1.8047125100266042e-06,0.015269716844112349
uwb-imu-pl/gate-d-diagnostics/v16,25,1250000000,25,25,25,1,1,25,1250000000,"BASE",19,0.013435838987600238,0.0032962360587437739,0.011657527982911788,0.00015728493396205165,1.8047154648749404e-06,0.018091700913277945
uwb-imu-pl/gate-d-diagnostics/v16,25,1250000000,25,25,25,1,1,25,1250000000,"BASE",20,0.015852618427464712,0.003885613623155463,0.01395718000656848,0.00015728526948086528,1.8047172541990591e-06,0.02147629204224975
uwb-imu-pl/gate-d-diagnostics/v16,25,1250000000,25,25,25,1,1,25,1250000000,"BASE",21,0.017946824306343048,0.004552672155839238,0.016969372833333378,0.00015728553688038995,1.8047179050315318e-06,0.0251157258066553
uwb-imu-pl/gate-d-diagnostics/v16,25,1250000000,25,25,25,1,1,25,1250000000,"BASE",22,0.02068397997018967,0.0054960357415481846,0.023377551860891788,0.0001572857321178645,1.8047173492554927e-06,0.031694922453711735
uwb-imu-pl/gate-d-diagnostics/v16,25,1250000000,25,25,25,1,1,25,1250000000,"BASE",23,0.022627106274523096,0.0065799186732700739,0.029943338940931551,0.00015728585691843157,1.804715703172297e-06,0.03810393099320205
uwb-imu-pl/gate-d-diagnostics/v16,25,1250000000,25,25,25,1,1,25,1250000000,"BASE",24,0.02307137857825042,0.0079667806202459515,0.038365238462147531,0.0001572859116318212,1.804713513744923e-06,0.045471687535482037
uwb-imu-pl/gate-d-diagnostics/v16,25,1250000000,25,25,25,1,1,25,1250000000,"BASE",25,0.011583907379837163,0.0095688888213473922,0.035346223624879859,0.00015728591829623163,1.8047124822153251e-06,0.038407431704255486
uwb-imu-pl/gate-d-diagnostics/v16,26,1300000000,26,26,26,1,1,26,1300000000,"BASE",16,0.0081785826888196907,0.0022788456048070953,0.0049057005448458584,2.8796478818209681e-05,1.6173434387294453e-06,0.0098055638173999357
uwb-imu-pl/gate-d-diagnostics/v16,26,1300000000,26,26,26,1,1,26,1300000000,"BASE",17,0.0089250698948210409,0.002505290499706477,0.0051329595004590729,2.8796523902978251e-05,1.6173483389614266e-06,0.010596294550658639
uwb-imu-pl/gate-d-diagnostics/v16,26,1300000000,26,26,26,1,1,26,1300000000,"BASE",18,0.0095533920113433732,0.0026930560014665939,0.0047920739258082434,2.8796566319095944e-05,1.6173528075938656e-06,0.011022007708122315
uwb-imu-pl/gate-d-diagnostics/v16,26,1300000000,26,26,26,1,1,26,1300000000,"BASE",19,0.010285412977146148,0.0028825747013489192,0.0048087926950846965,2.8796609234650013e-05,1.6173568158282673e-06,0.011714276591584716
uwb-imu-pl/gate-d-diagnostics/v16,26,1300000000,26,26,26,1,1,26,1300000000,"BASE",20,0.01112307081191798,0.0031037230848274824,0.0044808049834078817,2.8796655309464946e-05,1.6173603079914888e-06,0.012386857811276313
uwb-imu-pl/gate-d-diagnostics/v16,26,1300000000,26,26,26,1,1,26,1300000000,"BASE",21,0.011462316299097277,0.0032345576533320793,0.0040246845078874757,2.8796703317197596e-05,1.6173633653700547e-06,0.012571633760466295
uwb-imu-pl/gate-d-diagnostics/v16,26,1300000000,26,26,26,1,1,26,1300000000,"BASE",22,0.012269697705051057,0.003424729203928667,0.0056649538547327988,2.8796751875124921e-05,1.617365955677497e-06,0.013941548907442824
uwb-imu-pl/gate-d-diagnostics/v16,26,1300000000,26,26,26,1,1,26,1300000000,"BASE",23,0.012945652477572633,0.0035328833380216351,0.0084031674065684885,2.8796796450314947e-05,1.617368037277172e-06,0.015833042571923233
uwb-imu-pl/gate-d-diagnostics/v16,26,1300000000,26,26,26,1,1,26,1300000000,"BASE",24,0.013692750661779565,0.0036196769899000648,0.013799372572970384,2.8796830074380735e-05,1.6173696587159065e-06,0.01977414972831527
uwb-imu-pl/gate-d-diagnostics/v16,26,1300000000,26,26,26,1,1,26,1300000000,"BASE",25,0.01413850826188055,0.0038216943907644053,0.019521063824203794,2.8796846493443073e-05,1.6173709158457741e-06,0.024404416169836133
uwb-imu-pl/gate-d-diagnostics/v16,26,1300000000,26,26,26,1,1,26,1300000000,"BASE",26,0.011152816700462804,0.0041811355213133457,0.022641102179850936,2.8796848539791979e-05,1.6173714206236022e-06,0.02558295437189648
uwb-imu-pl/gate-d-diagnostics/v16,27,1350000000,27,27,27,1,1,27,1350000000,"BASE",17,0.01029839420609488,0.0028569822533788336,0.0050418840743494371,2.5793919922903009e-05,1.5290226187445953e-06,0.011816959571042113
uwb-imu-pl/gate-d-diagnostics/v16,27,1350000000,27,27,27,1,1,27,1350000000,"BASE",18,0.01096259619032163,0.003062101395189067,0.0045695676108328705,2.5793953856643063e-05,1.5290256462617814e-06,0.012265259720137237
uwb-imu-pl/gate-d-diagnostics/v16,27,1350000000,27,27,27,1,1,27,1350000000,"BASE",19,0.011651285576792151,0.0032489630821743664,0.0044046405566967725,2.5793980933123373e-05,1.5290282865153749e-06,0.012872829634636462
uwb-imu-pl/gate-d-diagnostics/v16,27,1350000000,27,27,27,1,1,27,1350000000,"BASE",20,0.012398218832013079,0.0034697472737206135,0.0040158150406437347,2.5794003313942058e-05,1.5290305122765377e-06,0.013486378849015665
uwb-imu-pl/gate-d-diagnostics/v16,27,1350000000,27,27,27,1,1,27,1350000000,"BASE",21,0.012550873600743317,0.0035866217169451221,0.0030191568775372623,2.5794021093578917e-05,1.5290324387350273e-06,0.013397919965537294
uwb-imu-pl/gate-d-diagnostics/v16,27,1350000000,27,27,27,1,1,27,1350000000,"BASE",22,0.013055441459614004,0.003726135313840636,0.0034876031454476263,2.5794036677140275e-05,1.5290340660644961e-06,0.014017584651175393
uwb-imu-pl/gate-d-diagnostics/v16,27,1350000000,27,27,27,1,1,27,1350000000,"BASE",23,0.01334637295278451,0.003783921728833523,0.0039683622614071273,2.5794050197770579e-05,1.5290353982272547e-06,0.014428870411556532
uwb-imu-pl/gate-d-diagnostics/v16,27,1350000000,27,27,27,1,1,27,1350000000,"BASE",24,0.013663932331621109,0.0037460237275462401,0.0067281673800834302,2.5794061562892266e-05,1.5290365174942502e-06,0.015684535201798088
uwb-imu-pl/gate-d-diagnostics/v16,27,1350000000,27,27,27,1,1,27,1350000000,"BASE",25,0.013285512287418951,0.0036567100760632088,0.010494504099505308,2.5794067583247989e-05,1.529037633303685e-06,0.017320844358343343
uwb-imu-pl/gate-d-diagnostics/v16,27,1350000000,27,27,27,1,1,27,1350000000,"BASE",26,0.013497049187317499,0.0035439612609124579,0.014268055625100237,2.5794070036629488e-05,1.5290387319652356e-06,0.01995765710640102
uwb-imu-pl/gate-d-diagnostics/v16,27,1350000000,27,27,27,1,1,27,1350000000,"BASE",27,0.0094071345322674325,0.0034731479950953505,0.022038678355862408,2.5794070311091209e-05,1.5290391961993344e-06,0.024212826114462464
uwb-imu-pl/gate-d-diagnostics/v16,28,1400000000,28,28,28,1,1,28,1400000000,"BASE",18,0.010654756105026477,0.0029203046625850518,0.0044285184302287773,9.8063462115979719e-05,1.3942345516575087e-06,0.011902663603298343
uwb-imu-pl/gate-d-diagnostics/v16,28,1400000000,28,28,28,1,1,28,1400000000,"BASE",19,0.011287757259449411,0.0030710842583109108,0.0045189667860627419,9.8063769117271322e-05,1.3942362343727697e-06,0.01254096095720517
uwb-imu-pl/gate-d-diagnostics/v16,28,1400000000,28,28,28,1,1,28,1400000000,"BASE",20,0.012048033797581671,0.0032840099781323907,0.0051173010663737376,9.8064045873509339e-05,1.3942376087682174e-06,0.013495785587695319
uwb-imu-pl/gate-d-diagnostics/v16,28,1400000000,28,28,28,1,1,28,1400000000,"BASE",21,0.012276470574017243,0.0034219959641791828,0.0044646142329657504,9.8064289261256862e-05,1.3942387981141155e-06,0.013504228409335364
uwb-imu-pl/gate-d-diagnostics/v16,28,1400000000,28,28,28,1,1,28,1400000000,"BASE",22,0.012984956389436458,0.0035896563059450879,0.0047631436888241462,9.8064499289781098e-05,1.3942397865523951e-06,0.014289572464587206
uwb-imu-pl/gate-d-diagnostics/v16,28,1400000000,28,28,28,1,1,28,1400000000,"BASE",23,0.01343540128766235,0.0037472806347073318,0.0046135395890445161,9.8064671890124187e-05,1.3942405538555047e-06,0.014691714878775467
uwb-imu-pl/gate-d-diagnostics/v16,28,1400000000,28,28,28,1,1,28,1400000000,"BASE",24,0.014158401161215554,0.0038734873482382231,0.0049164510547761624,9.8064805622591236e-05,1.3942410637480259e-06,0.01548048246350517
uwb-imu-pl/gate-d-diagnostics/v16,28,1400000000,28,28,28,1,1,28,1400000000,"BASE",25,0.014101131337466074,0.003965092289710646,0.0046529458035079498,9.8064901166147159e-05,1.3942414277035811e-06,0.015369560344444555
uwb-imu-pl/gate-d-diagnostics/v16,28,1400000000,28,28,28,1,1,28,1400000000,"BASE",26,0.014151276460860887,0.0040647747853412349,0.0058841565141068307,9.8064957314723101e-05,1.3942417203733724e-06,0.015856037843343156
uwb-imu-pl/gate-d-diagnostics/v16,28,1400000000,28,28,28,1,1,28,1400000000,"BASE",27,0.014168271105285129,0.0042141102462968172,0.0067275781731250678,9.8064980459844296e-05,1.3942418868356459e-06,0.016240953113675724
uwb-imu-pl/gate-d-diagnostics/v16,28,1400000000,28,28,28,1,1,28,1400000000,"BASE",28,0.0068542902793530276,0.004220884977225392,0.0080016675750317415,9.8064983220561325e-05,1.3942419373234676e-06,0.011350483156710089
uwb-imu-pl/gate-d-diagnostics/v16,29,1450000000,29,29,29,1,1,29,1450000000,"BASE",19,0.010901381249833038,0.0029722952728985551,0.005208725300671479,0.00015739618471936,1.3107676728991374e-06,0.012443080280960889
uwb-imu-pl/gate-d-diagnostics/v16,29,1450000000,29,29,29,1,1,29,1450000000,"BASE",20,0.011620184110744837,0.0031779889638339537,0.006315440046461643,0.00015739670024037545,1.310768737061855e-06,0.013602861869535758
uwb-imu-pl/gate-d-diagnostics/v16,29,1450000000,29,29,29,1,1,29,1450000000,"BASE",21,0.011847756651852597,0.0033197478612696403,0.0062874232004427608,0.00015739716346188713,1.310769605728576e-06,0.013818340335603641
uwb-imu-pl/gate-d-diagnostics/v16,29,1450000000,29,29,29,1,1,29,1450000000,"BASE",22,0.012603533891658006,0.0034985503905086346,0.0066743657923694615,0.00015739757221366977,1.3107702614339998e-06,0.014685396005464381
uwb-imu-pl/gate-d-diagnostics/v16,29,1450000000,29,29,29,1,1,29,1450000000,"BASE",23,0.013132580576249067,0.0036848849939632279,0.0069616288943708292,0.00015739792154187049,1.3107707024358315e-06,0.015314440985461206
uwb-imu-pl/gate-d-diagnostics/v16,29,1450000000,29,29,29,1,1,29,1450000000,"BASE",24,0.013924301684762287,0.0038505716338986772,0.0077371605671166131,0.00015739820805578086,1.3107709093635318e-06,0.016389066748031225
uwb-imu-pl/gate-d-diagnostics/v16,29,1450000000,29,29,29,1,1,29,1450000000,"BASE",25,0.01403888211151683,0.0039937033641629623,0.0081949992105220127,0.00015739843149842903,1.3107710017872468e-06,0.016739852614249894
uwb-imu-pl/gate-d-diagnostics/v16,29,1450000000,29,29,29,1,1,29,1450000000,"BASE",26,0.014166440712643842,0.004187299109598838,0.010572856279922098,0.00015739858841674624,1.3107710798960775e-06,0.018166771376547475
uwb-imu-pl/gate-d-diagnostics/v16,29,1450000000,29,29,29,1,1,29,1450000000,"BASE",27,0.014099225074109708,0.0044695500220007451,0.013389315785006649,0.00015739868210182611,1.3107711175860392e-06,0.01995153072682513
uwb-imu-pl/gate-d-diagnostics/v16,29,1450000000,29,29,29,1,1,29,1450000000,"BASE",28,0.013733961506654757,0.0048468425833788119,0.016009843046236306,0.00015739872108726114,1.310771135078755e-06,0.021643785069506
uwb-imu-pl/gate-d-diagnostics/v16,29,1450000000,29,29,29,1,1,29,1450000000,"BASE",29,0.0066003464587581009,0.0051941473871283559,0.015329289176300082,0.00015739872573619437,1.3107711391354578e-06,0.017480149403894352
uwb-imu-pl/gate-d-diagnostics/v16,30,1500000000,30,30,30,1,1,30,1500000000,"BASE",20,0.0088894256378581372,0.0022054230938455999,0.0014993049805350571,2.672062219276029e-05,2.0562503217279467e-06,0.0092808627205853023
uwb-imu-pl/gate-d-diagnostics/v16,30,1500000000,30,30,30,1,1,30,1500000000,"BASE",21,0.0091437557442582505,0.0021878742431802973,0.00092180790131839488,2.6720705596770971e-05,2.0562568636617043e-06,0.009446984219625882
uwb-imu-pl/gate-d-diagnostics/v16,30,1500000000,30,30,30,1,1,30,1500000000,"BASE",22,0.010338965008940881,0.0022511425961261574,0.0021214149089646616,2.6720809270789709e-05,2.056262832510292e-06,0.010791800586094981
uwb-imu-pl/gate-d-diagnostics/v16,30,1500000000,30,30,30,1,1,30,1500000000,"BASE",23,0.011712017362111478,0.0023827611231879604,0.0036800904908521333,2.6720931701905393e-05,2.0562680449673309e-06,0.012505706118323199
uwb-imu-pl/gate-d-diagnostics/v16,30,1500000000,30,30,30,1,1,30,1500000000,"BASE",24,0.013952903349705123,0.002586829895297421,0.0063944466190996698,2.6721070579302504e-05,2.0562722402935192e-06,0.015564859993003489
uwb-imu-pl/gate-d-diagnostics/v16,30,1500000000,30,30,30,1,1,30,1500000000,"BASE",25,0.016075595519997547,0.0029449894708995952,0.0095938939762978768,2.672122211153545e-05,2.0562752612051591e-06,0.018951022510321137
uwb-imu-pl/gate-d-diagnostics/v16,30,1500000000,30,30,30,1,1,30,1500000000,"BASE",26,0.019027028850741777,0.003533325510205096,0.014718908968753263,2.6721377166818641e-05,2.0562769783832047e-06,0.024313765967836899
uwb-imu-pl/gate-d-diagnostics/v16,30,1500000000,30,30,30,1,1,30,1500000000,"BASE",27,0.022208014547979858,0.0044231863591789817,0.020966688826303256,2.6721519749952994e-05,2.0562772640456769e-06,0.030860383120405937
uwb-imu-pl/gate-d-diagnostics/v16,30,1500000000,30,30,30,1,1,30,1500000000,"BASE",28,0.02517009927424136,0.005645184233423803,0.028213017308303407,2.6721628857342214e-05,2.0562762112618271e-06,0.038227961839690211
uwb-imu-pl/gate-d-diagnostics/v16,30,1500000000,30,30,30,1,1,30,1500000000,"BASE",29,0.02606458486544766,0.0072437148872073424,0.036013774460414552,2.6721685371437098e-05,2.0562743396830697e-06,0.045042498362519952
uwb-imu-pl/gate-d-diagnostics/v16,30,1500000000,30,30,30,1,1,30,1500000000,"BASE",30,0.015752598741053062,0.0090791522087475627,0.037744574710774831,2.6721692608521097e-05,2.0562734060377078e-06,0.041895453336855196
uwb-imu-pl/gate-d-diagnostics/v16,31,1550000000,31,31,31,2,1,31,1550000000,"BASE",21,0.0063528971106157966,0.0018551733189741432,0.0058671283374335473,0.00013566791967973538,7.5109778167094506e-07,0.0088454830856204755
uwb-imu-pl/gate-d-diagnostics/v16,31,1550000000,31,31,31,2,1,31,1550000000,"BASE",22,0.0075756657992370625,0.0021740068380392617,0.0060135058878658092,0.00013566778182000279,7.5109432048592918e-07,0.0099145185162031434
uwb-imu-pl/gate-d-diagnostics/v16,31,1550000000,31,31,31,2,1,31,1550000000,"BASE",23,0.0084900320969446743,0.0024177829530905057,0.0046084604651489974,0.00013566764463053947,7.5109143576878696e-07,0.0099590478233707209
uwb-imu-pl/gate-d-diagnostics/v16,31,1550000000,31,31,31,2,1,31,1550000000,"BASE",24,0.0093423955398968909,0.0025237509106708156,0.0029645480410097564,0.000135667511027891,7.5108907135008153e-07,0.010122085971188704
uwb-imu-pl/gate-d-diagnostics/v16,31,1550000000,31,31,31,2,1,31,1550000000,"BASE",25,0.0094375095677317923,0.0024874385067478063,0.0010377687013149624,0.0001356673910474059,7.5108711042967825e-07,0.0098157682963910288
uwb-imu-pl/gate-d-diagnostics/v16,31,1550000000,31,31,31,2,1,31,1550000000,"BASE",26,0.0097417524268851741,0.0024186499053547718,0.0032332306252302826,0.00013566728714622573,7.5108549165612674e-07,0.010546269205944531
uwb-imu-pl/gate-d-diagnostics/v16,31,1550000000,31,31,31,2,1,31,1550000000,"BASE",27,0.0098801626297056536,0.0021717627346681868,0.006952060111070052,0.0001356672047748097,7.5108415189058727e-07,0.012275329441918687
uwb-imu-pl/gate-d-diagnostics/v16,31,1550000000,31,31,31,2,1,31,1550000000,"BASE",28,0.0099195018225351483,0.0017190834117725502,0.011641411898666755,0.00013566714615789353,7.5108293591555699e-07,0.0153913170754488
uwb-imu-pl/gate-d-diagnostics/v16,31,1550000000,31,31,31,2,1,31,1550000000,"BASE",29,0.010013704245213226,0.0010350461775953826,0.01725021839510248,0.00013566711094818211,7.5108166573791983e-07,0.019973333074582343
uwb-imu-pl/gate-d-diagnostics/v16,31,1550000000,31,31,31,2,1,31,1550000000,"BASE",30,0.010831375766052191,0.00055314988644065532,0.023664903538096617,0.00013566709624486759,7.5108032120341578e-07,0.026032109814128301
uwb-imu-pl/gate-d-diagnostics/v16,31,1550000000,31,31,31,2,1,31,1550000000,"BASE",31,0.015519068828232148,0.0015196739203980013,0.026884031552784227,0.0001356670944821528,7.5107971334570325e-07,0.031079261007551134
uwb-imu-pl/gate-d-diagnostics/v16,32,1600000000,32,32,32,3,1,32,1600000000,"BASE",22,0.004061696665244959,0.0011375628223073237,0.0058622819316382834,8.8106404223759038e-05,1.2532191793308601e-06,0.0072225717532049529
uwb-imu-pl/gate-d-diagnostics/v16,32,1600000000,32,32,32,3,1,32,1600000000,"BASE",23,0.0051011118792249682,0.0014019154086773965,0.0050517098394433505,8.8106505200529793e-05,1.2532232973312537e-06,0.007315343180344532
uwb-imu-pl/gate-d-diagnostics/v16,32,1600000000,32,32,32,3,1,32,1600000000,"BASE",24,0.0061625464022416589,0.0015710805858121055,0.0038489915657822925,8.8106595487768538e-05,1.2532269296108639e-06,0.0074342298042975995
uwb-imu-pl/gate-d-diagnostics/v16,32,1600000000,32,32,32,3,1,32,1600000000,"BASE",25,0.0067268758395943769,0.0016738224568118069,0.0024606863375448646,8.8106675176430349e-05,1.2532302141033575e-06,0.0073563089784770899
uwb-imu-pl/gate-d-diagnostics/v16,32,1600000000,32,32,32,3,1,32,1600000000,"BASE",26,0.0075294347604487688,0.0017165787314008473,0.0020812040021775686,8.8106736870210886e-05,1.2532331570058547e-06,0.0079986376852128477
uwb-imu-pl/gate-d-diagnostics/v16,32,1600000000,32,32,32,3,1,32,1600000000,"BASE",27,0.0082160590500318376,0.0016485846574107626,0.0041717379063926311,8.8106779915367328e-05,1.2532357997950311e-06,0.0093612295784880964
uwb-imu-pl/gate-d-diagnostics/v16,32,1600000000,32,32,32,3,1,32,1600000000,"BASE",28,0.0088909526487575257,0.0014344882235473801,0.007789967098115194,8.8106804606340972e-05,1.2532383074254819e-06,0.011907902721944197
uwb-imu-pl/gate-d-diagnostics/v16,32,1600000000,32,32,32,3,1,32,1600000000,"BASE",29,0.0095882162857242794,0.0010773447569746915,0.012537536052193259,8.8106813868973151e-05,1.2532408084760989e-06,0.01582062381540366
uwb-imu-pl/gate-d-diagnostics/v16,32,1600000000,32,32,32,3,1,32,1600000000,"BASE",30,0.010459652196816917,0.00084220781566863722,0.018459253357028669,8.8106813718067021e-05,1.2532433871750936e-06,0.021233592182279642
uwb-imu-pl/gate-d-diagnostics/v16,32,1600000000,32,32,32,3,1,32,1600000000,"BASE",31,0.01131429327652258,0.0015017430607698113,0.024762419894363081,8.8106811770209917e-05,1.2532458310345628e-06,0.02726634680285183
uwb-imu-pl/gate-d-diagnostics/v16,32,1600000000,32,32,32,3,1,32,1600000000,"BASE",32,0.014256263072911375,0.0028122563476278631,0.033736612420517828,8.8106811447458421e-05,1.2532468575878641e-06,0.036733045130534971
uwb-imu-pl/gate-d-diagnostics/v16,33,1650000000,33,33,33,4,1,33,1650000000,"BASE",23,0.0033727215656959479,0.00094373537885745421,0.0013544391899398631,7.4460500171194327e-05,9.2580560883240395e-07,0.0037557872633396678
uwb-imu-pl/gate-d-diagnostics/v16,33,1650000000,33,33,33,4,1,33,1650000000,"BASE",24,0.0038670119892892205,0.00095328538658344506,0.0012369702925439574,7.4460395411343955e-05,9.2580606495805087e-07,0.0041711120178938004
uwb-imu-pl/gate-d-diagnostics/v16,33,1650000000,33,33,33,4,1,33,1650000000,"BASE",25,0.0039158145692806236,0.00097544026618451535,0.0013687187954239037,7.4460295844097282e-05,9.2580631643350493e-07,0.0042619272386569089
uwb-imu-pl/gate-d-diagnostics/v16,33,1650000000,33,33,33,4,1,33,1650000000,"BASE",26,0.0044018079712422322,0.0010098984185108895,0.00181953844284019,7.4460200634088379e-05,9.2580630669132531e-07,0.0048695044465501356
uwb-imu-pl/gate-d-diagnostics/v16,33,1650000000,33,33,33,4,1,33,1650000000,"BASE",27,0.0049622530796260981,0.0010992723643668035,0.0025688599273559786,7.4460113654023274e-05,9.2580600428045151e-07,0.005695343874546714
uwb-imu-pl/gate-d-diagnostics/v16,33,1650000000,33,33,33,4,1,33,1650000000,"BASE",28,0.0057107644143397536,0.0012401543022029153,0.0036733025320312583,7.4460037325696667e-05,9.2580545725479925e-07,0.0069028624160896628
uwb-imu-pl/gate-d-diagnostics/v16,33,1650000000,33,33,33,4,1,33,1650000000,"BASE",29,0.006585051804621685,0.0014523307564115295,0.0051342345142751144,7.4459974184839663e-05,9.2580464939597278e-07,0.0084757348405913382
uwb-imu-pl/gate-d-diagnostics/v16,33,1650000000,33,33,33,4,1,33,1650000000,"BASE",30,0.0074565408681326805,0.0017192920872631569,0.0067796594288262865,7.4459927028190634e-05,9.2580361041214216e-07,0.010223761250546547
uwb-imu-pl/gate-d-diagnostics/v16,33,1650000000,33,33,33,4,1,33,1650000000,"BASE",31,0.0082610476862404539,0.0021232958370532087,0.0091528151529125471,7.4459898265069504e-05,9.2580243612911571e-07,0.012511309461560432
uwb-imu-pl/gate-d-diagnostics/v16,33,1650000000,33,33,33,4,1,33,1650000000,"BASE",32,0.0082529445730462076,0.0026280689211220097,0.01130892099197621,7.445988574527434e-05,9.258013351084781e-07,0.014244826412223976
uwb-imu-pl/gate-d-diagnostics/v16,33,1650000000,33,33,33,4,1,33,1650000000,"BASE",33,0.0057014028866191639,0.0030792660741166124,0.0082894220182290583,7.4459884229732362e-05,9.2580088699129275e-07,0.010521783924721242
uwb-imu-pl/gate-d-diagnostics/v16,34,1700000000,34,34,34,5,1,34,1700000000,"BASE",24,0.0039194334443718214,0.00101485545038952,0.0021642454603006539,2.0018407978443218e-05,1.5241902569380923e-06,0.0045908878860511934
uwb-imu-pl/gate-d-diagnostics/v16,34,1700000000,34,34,34,5,1,34,1700000000,"BASE",25,0.003850685089432274,0.001050676073753552,0.0028590623593391729,2.0018518964087006e-05,1.5241921756665421e-06,0.0049098204151259549
uwb-imu-pl/gate-d-diagnostics/v16,34,1700000000,34,34,34,5,1,34,1700000000,"BASE",26,0.0042675174654471576,0.0011164400431914127,0.0032758375850111313,2.0018599972803034e-05,1.5241937577439874e-06,0.0054945116833819557
uwb-imu-pl/gate-d-diagnostics/v16,34,1700000000,34,34,34,5,1,34,1700000000,"BASE",27,0.0047430721334173189,0.0012305392388443311,0.0037634101486966561,2.0018646072205291e-05,1.5241949454649367e-06,0.0061785612482040909
uwb-imu-pl/gate-d-diagnostics/v16,34,1700000000,34,34,34,5,1,34,1700000000,"BASE",28,0.0054187564969295603,0.001383320856310648,0.0043374251149653478,2.0018656595155417e-05,1.5241957506631851e-06,0.0070774400924513009
uwb-imu-pl/gate-d-diagnostics/v16,34,1700000000,34,34,34,5,1,34,1700000000,"BASE",29,0.0062317128794744294,0.0015755902599775087,0.005044242044330279,2.0018635625884392e-05,1.5241961292322376e-06,0.0081707717475327235
uwb-imu-pl/gate-d-diagnostics/v16,34,1700000000,34,34,34,5,1,34,1700000000,"BASE",30,0.0070575642137373487,0.0017876744051371148,0.006189394528439281,2.001859306529248e-05,1.5241960793680473e-06,0.0095558359187317855
uwb-imu-pl/gate-d-diagnostics/v16,34,1700000000,34,34,34,5,1,34,1700000000,"BASE",31,0.0078798769202064866,0.0021288320687984389,0.0086229595325681089,2.0018544027306789e-05,1.5241956752322461e-06,0.011873509187276194
uwb-imu-pl/gate-d-diagnostics/v16,34,1700000000,34,34,34,5,1,34,1700000000,"BASE",32,0.0084523485323827995,0.0025432050270922028,0.011336112956165385,2.0018503503061514e-05,1.5241950264520917e-06,0.014367252609364617
uwb-imu-pl/gate-d-diagnostics/v16,34,1700000000,34,34,34,5,1,34,1700000000,"BASE",33,0.0082453876286226625,0.0031118818676795779,0.014571919343826024,2.0018483113765038e-05,1.5241943972931116e-06,0.017029722908210879
uwb-imu-pl/gate-d-diagnostics/v16,34,1700000000,34,34,34,5,1,34,1700000000,"BASE",34,0.0042290608378978949,0.0037428866016440973,0.017162767424573511,2.0018480525220136e-05,1.5241941457007129e-06,0.018068069747932139
uwb-imu-pl/gate-d-diagnostics/v16,35,1750000000,35,35,35,6,1,35,1750000000,"BASE",25,0.0044457522311707768,0.0011279521286548235,0.0048058646460686161,7.8152694934131324e-05,1.2977748758447156e-06,0.0066437514575557544
uwb-imu-pl/gate-d-diagnostics/v16,35,1750000000,35,35,35,6,1,35,1750000000,"BASE",26,0.0054947720875317529,0.0013063066408280403,0.0048292317330844879,7.8153060561461318e-05,1.2977776293026454e-06,0.007431456522830609
uwb-imu-pl/gate-d-diagnostics/v16,35,1750000000,35,35,35,6,1,35,1750000000,"BASE",27,0.0067489648320629963,0.0014553365515970998,0.0048218208790091095,7.8153387905755974e-05,1.2977802096568378e-06,0.0084215554981464345
uwb-imu-pl/gate-d-diagnostics/v16,35,1750000000,35,35,35,6,1,35,1750000000,"BASE",28,0.0082512409527145652,0.0015466516934505999,0.0054333738975112077,7.8153675608365675e-05,1.297782660777696e-06,0.010000138514641417
uwb-imu-pl/gate-d-diagnostics/v16,35,1750000000,35,35,35,6,1,35,1750000000,"BASE",29,0.0099502739096994919,0.0015586217100578305,0.0075754597455294625,7.8153922635951887e-05,1.2977849736255358e-06,0.012602815264420746
uwb-imu-pl/gate-d-diagnostics/v16,35,1750000000,35,35,35,6,1,35,1750000000,"BASE",30,0.011895804124283279,0.0015091625371000494,0.011694108969060507,7.815412828008245e-05,1.2977871346907867e-06,0.016749508102000529
uwb-imu-pl/gate-d-diagnostics/v16,35,1750000000,35,35,35,6,1,35,1750000000,"BASE",31,0.014029091015601174,0.0015197124532892515,0.017274164935064021,7.8154291888156912e-05,1.2977891622667063e-06,0.022305331305454677
uwb-imu-pl/gate-d-diagnostics/v16,35,1750000000,35,35,35,6,1,35,1750000000,"BASE",32,0.016187358842388221,0.0019761177657517301,0.02468554807258546,7.8154411570776846e-05,1.2977910425452842e-06,0.029585773965820145
uwb-imu-pl/gate-d-diagnostics/v16,35,1750000000,35,35,35,6,1,35,1750000000,"BASE",33,0.018196528073547911,0.0030177723973148366,0.033335751018334171,7.8154485991839366e-05,1.2977927866744262e-06,0.038098543147182501
uwb-imu-pl/gate-d-diagnostics/v16,35,1750000000,35,35,35,6,1,35,1750000000,"BASE",34,0.01896154267022097,0.0047013374941625857,0.042844894922040765,7.8154518296506175e-05,1.2977942355583239e-06,0.047088574042567312
uwb-imu-pl/gate-d-diagnostics/v16,35,1750000000,35,35,35,6,1,35,1750000000,"BASE",35,0.020942224595205301,0.0069707660613130881,0.053285845927781149,7.8154522204316502e-05,1.2977948058226829e-06,0.057676302209229917
uwb-imu-pl/gate-d-diagnostics/v16,36,1800000000,36,36,36,7,1,36,1800000000,"BASE",26,0.0020066118671532474,0.00055909751837725913,0.0051425607254090167,0.00032389689757729591,1.3984254357370337e-06,0.0055578703826941718
uwb-imu-pl/gate-d-diagnostics/v16,36,1800000000,36,36,36,7,1,36,1800000000,"BASE",27,0.0027645282108510086,0.0006824926686599959,0.0066772719058096437,0.00032389798197606369,1.3984301127075253e-06,0.0072663116113896066
uwb-imu-pl/gate-d-diagnostics/v16,36,1800000000,36,36,36,7,1,36,1800000000,"BASE",28,0.0039721507386802348,0.00089920044059679045,0.008318364827933895,0.00032389897345939196,1.398434965863877e-06,0.0092675049951107934
uwb-imu-pl/gate-d-diagnostics/v16,36,1800000000,36,36,36,7,1,36,1800000000,"BASE",29,0.0055595669555477721,0.0012104339788446205,0.01025819169001478,0.00032389985983896451,1.3984401221793445e-06,0.011734962504170479
uwb-imu-pl/gate-d-diagnostics/v16,36,1800000000,36,36,36,7,1,36,1800000000,"BASE",30,0.0074274140230375521,0.0016477845142651548,0.012712408733160657,0.00032390062958265414,1.3984457113196954e-06,0.014818634290902138
uwb-imu-pl/gate-d-diagnostics/v16,36,1800000000,36,36,36,7,1,36,1800000000,"BASE",31,0.0095187522167999531,0.0020940817263772754,0.014997853292728201,0.00032390127231389255,1.3984518146568092e-06,0.017889447711476547
uwb-imu-pl/gate-d-diagnostics/v16,36,1800000000,36,36,36,7,1,36,1800000000,"BASE",32,0.011497518631995586,0.0027734447410126882,0.019668051729348025,0.0003239017779977923,1.3984584177891063e-06,0.022952605594361668
uwb-imu-pl/gate-d-diagnostics/v16,36,1800000000,36,36,36,7,1,36,1800000000,"BASE",33,0.013057903940060246,0.0036542721634481856,0.025647982166794522,0.00032390213989959738,1.3984654603373509e-06,0.029013556557797946
uwb-imu-pl/gate-d-diagnostics/v16,36,1800000000,36,36,36,7,1,36,1800000000,"BASE",34,0.013546021317173711,0.0048345433085084525,0.032622747812092866,0.00032390235863218985,1.3984724833815901e-06,0.035654117462534822
uwb-imu-pl/gate-d-diagnostics/v16,36,1800000000,36,36,36,7,1,36,1800000000,"BASE",35,0.012387412681891089,0.0063813362697251888,0.039425170995005407,0.00032390244983947621,1.3984783476679869e-06,0.041816485604088675
uwb-imu-pl/gate-d-diagnostics/v16,36,1800000000,36,36,36,7,1,36,1800000000,"BASE",36,0.014507939811572923,0.008120544784906961,0.035805736674396196,0.00032390246070920027,1.398480610468838e-06,0.039478845711797404
uwb-imu-pl/gate-d-diagnostics/v16,37,1850000000,37,37,37,8,1,37,1850000000,"BASE",27,0.012399751363824279,0.0035082168626549498,0.0042529031809451579,0.00018289740355600917,7.421047986538027e-07,0.013571369014123782
uwb-imu-pl/gate-d-diagnostics/v16,37,1850000000,37,37,37,8,1,37,1850000000,"BASE",28,0.012993813709933919,0.0036906097023269844,0.0041324716975819631,0.00018289679876881004,7.421048137239769e-07,0.014126944780256348
uwb-imu-pl/gate-d-diagnostics/v16,37,1850000000,37,37,37,8,1,37,1850000000,"BASE",29,0.013455781799230269,0.0038296049136080819,0.0039833359739677322,0.00018289623329685893,7.4210444765013272e-07,0.01454731434620172
uwb-imu-pl/gate-d-diagnostics/v16,37,1850000000,37,37,37,8,1,37,1850000000,"BASE",30,0.013725398487386456,0.003877154231806716,0.0041938467409281055,0.00018289571704924783,7.4210358536338004e-07,0.014867437252438401
uwb-imu-pl/gate-d-diagnostics/v16,37,1850000000,37,37,37,8,1,37,1850000000,"BASE",31,0.013906214412056091,0.0038852994166458047,0.0063269751822886463,0.00018289526084391768,7.4210211502614749e-07,0.015765228099063961
uwb-imu-pl/gate-d-diagnostics/v16,37,1850000000,37,37,37,8,1,37,1850000000,"BASE",32,0.013760410499977793,0.0037862223233305643,0.0088236213386722016,0.00018289487402782493,7.4209996334179508e-07,0.016780170476592759
uwb-imu-pl/gate-d-diagnostics/v16,37,1850000000,37,37,37,8,1,37,1850000000,"BASE",33,0.013434113965177458,0.0036231571454861215,0.012684011125953396,0.00018289456562089749,7.4209720414869608e-07,0.018828708796580145
uwb-imu-pl/gate-d-diagnostics/v16,37,1850000000,37,37,37,8,1,37,1850000000,"BASE",34,0.012823218960532951,0.0033925705287397617,0.017371664939633876,0.00018289434200580287,7.4209399358197291e-07,0.021857554139660534
uwb-imu-pl/gate-d-diagnostics/v16,37,1850000000,37,37,37,8,1,37,1850000000,"BASE",35,0.012072162700484409,0.0032208711963405373,0.022915281879284873,0.0001828942048624079,7.4209066564409081e-07,0.026100856652193152
uwb-imu-pl/gate-d-diagnostics/v16,37,1850000000,37,37,37,8,1,37,1850000000,"BASE",36,0.012025163774140432,0.0034109660114081085,0.029471478107572439,0.00018289414684599225,7.4208791003543429e-07,0.032013133642157666
uwb-imu-pl/gate-d-diagnostics/v16,37,1850000000,37,37,37,8,1,37,1850000000,"BASE",37,0.015224669259018256,0.0041788525906071442,0.039736200990277325,0.00018289413988201709,7.4208686188396246e-07,0.042758069214796544
uwb-imu-pl/gate-d-diagnostics/v16,38,1900000000,38,38,38,9,1,38,1900000000,"BASE",28,0.00930009761055345,0.0025022700389989664,0.0033816777446166275,1.0679872362733539e-05,7.6412591303093555e-07,0.010207302774283292
uwb-imu-pl/gate-d-diagnostics/v16,38,1900000000,38,38,38,9,1,38,1900000000,"BASE",29,0.0095673897030884858,0.0025360275040572718,0.0045241528210978928,1.0679547247491762e-05,7.6412713968133223e-07,0.010882759512980438
uwb-imu-pl/gate-d-diagnostics/v16,38,1900000000,38,38,38,9,1,38,1900000000,"BASE",30,0.0099626208037718652,0.0025823715489706272,0.0056300313252256109,1.0679280123898924e-05,7.6412789419403395e-07,0.011731147576030998
uwb-imu-pl/gate-d-diagnostics/v16,38,1900000000,38,38,38,9,1,38,1900000000,"BASE",31,0.010776419332766416,0.0027384315065330767,0.0078659629168930639,1.0679077788234405e-05,7.6412801063430632e-07,0.013619974595722477
uwb-imu-pl/gate-d-diagnostics/v16,38,1900000000,38,38,38,9,1,38,1900000000,"BASE",32,0.011828791687003678,0.0029757522629741133,0.0091034898407629447,1.0678942372339243e-05,7.6412733604788963e-07,0.015220021557464951
uwb-imu-pl/gate-d-diagnostics/v16,38,1900000000,38,38,38,9,1,38,1900000000,"BASE",33,0.013319934758551337,0.0033637006067571283,0.011231009658684725,1.0678870875627802e-05,7.6412586275312381e-07,0.017744600201740342
uwb-imu-pl/gate-d-diagnostics/v16,38,1900000000,38,38,38,9,1,38,1900000000,"BASE",34,0.014991130870482631,0.0038899469717896739,0.014212489553422027,1.067885180179732e-05,7.6412359797765809e-07,0.021020482062673155
uwb-imu-pl/gate-d-diagnostics/v16,38,1900000000,38,38,38,9,1,38,1900000000,"BASE",35,0.016658119481863905,0.0045809860054483982,0.018387667188938629,1.0678867752430025e-05,7.6412068603488483e-07,0.025230632111134972
uwb-imu-pl/gate-d-diagnostics/v16,38,1900000000,38,38,38,9,1,38,1900000000,"BASE",36,0.017739038106147676,0.0054676451316256897,0.023747450858513031,1.0678897553729828e-05,7.6411758257888397e-07,0.030141502170876775
uwb-imu-pl/gate-d-diagnostics/v16,38,1900000000,38,38,38,9,1,38,1900000000,"BASE",37,0.017335899969880664,0.0066882392153252528,0.029106060479402812,1.0678917215548948e-05,7.6411498888696395e-07,0.034531562994178554
uwb-imu-pl/gate-d-diagnostics/v16,38,1900000000,38,38,38,9,1,38,1900000000,"BASE",38,0.0072585191686323361,0.007948396789688162,0.029377985825136274,1.0678919902718815e-05,7.6411399166329652e-07,0.031287845528460992
uwb-imu-pl/gate-d-diagnostics/v16,39,1950000000,39,39,39,10,1,39,1950000000,"BASE",29,0.0074242050601920438,0.0020772581962258735,0.0052958984015700665,6.2964213217108888e-05,1.1116468396546716e-06,0.0093533057256365709
uwb-imu-pl/gate-d-diagnostics/v16,39,1950000000,39,39,39,10,1,39,1950000000,"BASE",30,0.0078203812746768468,0.0022676901272687634,0.0064683883761830806,6.2964325705338529e-05,1.1116523106118651e-06,0.010399268999398529
uwb-imu-pl/gate-d-diagnostics/v16,39,1950000000,39,39,39,10,1,39,1950000000,"BASE",31,0.0083191608845576588,0.0024466164049708676,0.0064345571047073379,6.2964392860874612e-05,1.1116572741075525e-06,0.010798234139919205
uwb-imu-pl/gate-d-diagnostics/v16,39,1950000000,39,39,39,10,1,39,1950000000,"BASE",32,0.0090580111944606675,0.0026543324714631937,0.0068948071178805874,6.2964419898475354e-05,1.1116616474225295e-06,0.011689113679607203
uwb-imu-pl/gate-d-diagnostics/v16,39,1950000000,39,39,39,10,1,39,1950000000,"BASE",33,0.0099206863107430959,0.0028239671731714331,0.0069219191700396372,6.2964415735321523e-05,1.1116653836300324e-06,0.012422227586923624
uwb-imu-pl/gate-d-diagnostics/v16,39,1950000000,39,39,39,10,1,39,1950000000,"BASE",34,0.010866345017287192,0.0029609303882483337,0.0074352442620233107,6.2964389863268122e-05,1.1116685381536074e-06,0.013495606165894252
uwb-imu-pl/gate-d-diagnostics/v16,39,1950000000,39,39,39,10,1,39,1950000000,"BASE",35,0.011645849075355204,0.0030349594186812397,0.010035949335747063,6.2964353088402106e-05,1.1116712386635501e-06,0.015670386854645557
uwb-imu-pl/gate-d-diagnostics/v16,39,1950000000,39,39,39,10,1,39,1950000000,"BASE",36,0.012151556748000345,0.0030125315958508068,0.014528426322518878,6.2964316465970131e-05,1.111673631770195e-06,0.019178498772471683
uwb-imu-pl/gate-d-diagnostics/v16,39,1950000000,39,39,39,10,1,39,1950000000,"BASE",37,0.01278081503670753,0.0030536589578141135,0.02171032835260106,6.2964288714435255e-05,1.1116758336602708e-06,0.025377477986364163
uwb-imu-pl/gate-d-diagnostics/v16,39,1950000000,39,39,39,10,1,39,1950000000,"BASE",38,0.013978924766433611,0.0034263390667381606,0.030024099550554548,6.296427556814796e-05,1.1116777713082014e-06,0.033295655220813763
uwb-imu-pl/gate-d-diagnostics/v16,39,1950000000,39,39,39,10,1,39,1950000000,"BASE",39,0.0231255682244755,0.0044134496021170783,0.033262715164774206,6.2964273903479855e-05,1.1116785702667576e-06,0.040751473948359415
uwb-imu-pl/gate-d-diagnostics/v16,40,2000000000,40,40,40,11,1,40,2000000000,"BASE",30,0.0046534107281581538,0.0012256133216060057,0.0024558759329537739,0.00014432117055960292,2.1737540761312504e-06,0.0054044906644914797
uwb-imu-pl/gate-d-diagnostics/v16,40,2000000000,40,40,40,11,1,40,2000000000,"BASE",31,0.0048011745337595063,0.0012939719658800713,0.0028221207502829781,0.00014432182531921723,2.1737641579366903e-06,0.0057193390698398183
uwb-imu-pl/gate-d-diagnostics/v16,40,2000000000,40,40,40,11,1,40,2000000000,"BASE",32,0.005266542328772752,0.001355425078195763,0.0024783950008351137,0.00014432245686836761,2.173774011923308e-06,0.0059780365271861272
uwb-imu-pl/gate-d-diagnostics/v16,40,2000000000,40,40,40,11,1,40,2000000000,"BASE",33,0.0058467601773962118,0.0014306326152945012,0.0020110573328673341,0.00014432305119744043,2.1737836495813371e-06,0.0063479524034488746
uwb-imu-pl/gate-d-diagnostics/v16,40,2000000000,40,40,40,11,1,40,2000000000,"BASE",34,0.0066130998399821003,0.0014979642828672408,0.0024185034204883063,0.00014432359172580157,2.1737930327473765e-06,0.0072004846576974027
uwb-imu-pl/gate-d-diagnostics/v16,40,2000000000,40,40,40,11,1,40,2000000000,"BASE",35,0.0076293388533325021,0.0015600265608760749,0.0041335640444341388,0.00014432406045742936,2.1738021179467111e-06,0.0088174644926355683
uwb-imu-pl/gate-d-diagnostics/v16,40,2000000000,40,40,40,11,1,40,2000000000,"BASE",36,0.0088830816354196727,0.0017517828758347341,0.0072926120024041042,0.00014432444116218397,2.1738108735948079e-06,0.011626732415987604
uwb-imu-pl/gate-d-diagnostics/v16,40,2000000000,40,40,40,11,1,40,2000000000,"BASE",37,0.010234406845155369,0.0018629956760707321,0.012470848068138559,0.00014432471977670561,2.1738192580626805e-06,0.016240588728554311
uwb-imu-pl/gate-d-diagnostics/v16,40,2000000000,40,40,40,11,1,40,2000000000,"BASE",38,0.012240944037416702,0.002176826376411917,0.018176554299556797,0.00014432489064990984,2.1738269258537664e-06,0.022022425947304972
uwb-imu-pl/gate-d-diagnostics/v16,40,2000000000,40,40,40,11,1,40,2000000000,"BASE",39,0.015851565660087275,0.0028920598907652127,0.025330058783108955,0.00014432496244924168,2.173832939674206e-06,0.030021140162624096
uwb-imu-pl/gate-d-diagnostics/v16,40,2000000000,40,40,40,11,1,40,2000000000,"BASE",40,0.025705517932023955,0.0041360978697069454,0.03227581217726519,0.00014432497104544765,2.1738351997250044e-06,0.041468419838068656
uwb-imu-pl/gate-d-diagnostics/v16,41,2050000000,41,41,41,12,1,41,2050000000,"BASE",31,0.0062295758538210037,0.0016662963944823325,0.0028596904230520828,0.00012122073469030719,9.7726408733018425e-07,0.0070552592957335222
uwb-imu-pl/gate-d-diagnostics/v16,41,2050000000,41,41,41,12,1,41,2050000000,"BASE",32,0.0064502109989768731,0.0017386657295524453,0.00350896425677925,0.00012122062360282366,9.7725850006934888e-07,0.007546900423380287
uwb-imu-pl/gate-d-diagnostics/v16,41,2050000000,41,41,41,12,1,41,2050000000,"BASE",33,0.0066866207980100373,0.0018136039221577822,0.0037667731648105387,0.0001212204964325956,9.7725318863820647e-07,0.007886908920595093
uwb-imu-pl/gate-d-diagnostics/v16,41,2050000000,41,41,41,12,1,41,2050000000,"BASE",34,0.0070982749493396875,0.0019284915211726663,0.0036490130537422147,0.00012122035950388061,9.7724820246675378e-07,0.0082118559656518333
uwb-imu-pl/gate-d-diagnostics/v16,41,2050000000,41,41,41,12,1,41,2050000000,"BASE",35,0.0075706028807751118,0.0020556325922383434,0.0033145747836168271,0.00012122022139757586,9.7724355152702056e-07,0.0085170860407736936
uwb-imu-pl/gate-d-diagnostics/v16,41,2050000000,41,41,41,12,1,41,2050000000,"BASE",36,0.0080787538595247978,0.0022068155345601865,0.00293431963782884,0.00012122009231540274,9.772392502576092e-07,0.0088747521502906459
uwb-imu-pl/gate-d-diagnostics/v16,41,2050000000,41,41,41,12,1,41,2050000000,"BASE",37,0.0087329617636135882,0.0022894005854781248,0.0038650190503805087,0.0001212199806891442,9.7723530039198258e-07,0.0098213565103826613
uwb-imu-pl/gate-d-diagnostics/v16,41,2050000000,41,41,41,12,1,41,2050000000,"BASE",38,0.0093920404750634772,0.0023213971074172771,0.0066309456997093357,0.00012121989580493193,9.7723169889633168e-07,0.011729596962648393
uwb-imu-pl/gate-d-diagnostics/v16,41,2050000000,41,41,41,12,1,41,2050000000,"BASE",39,0.010079822830538519,0.0024267928317181983,0.011076661269335203,0.00012121984182031377,9.772284858908843e-07,0.015172319263175997
uwb-imu-pl/gate-d-diagnostics/v16,41,2050000000,41,41,41,12,1,41,2050000000,"BASE",40,0.011349131202877259,0.0027006263976330825,0.016722469070534405,0.00012121981836271056,9.7722592579174484e-07,0.020389993354928516
uwb-imu-pl/gate-d-diagnostics/v16,41,2050000000,41,41,41,12,1,41,2050000000,"BASE",41,0.020171674585494986,0.0033120729018520944,0.01836613927476613,0.00012121981549071783,9.7722493737125462e-07,0.027480830583318083
uwb-imu-pl/gate-d-diagnostics/v16,42,2100000000,42,42,42,13,1,42,2100000000,"BASE",32,0.0016696719470355127,0.0001976793749010866,0.0033170626856519427,1.5334917731044929e-05,1.1833667778807269e-06,0.0037188738841996065
uwb-imu-pl/gate-d-diagnostics/v16,42,2100000000,42,42,42,13,1,42,2100000000,"BASE",33,0.0022256576838765108,0.00038423934732540767,0.0039778090817098911,1.5335327966751038e-05,1.1833695129000544e-06,0.0045743189290879741
uwb-imu-pl/gate-d-diagnostics/v16,42,2100000000,42,42,42,13,1,42,2100000000,"BASE",34,0.0030625605982365872,0.00059022348257771386,0.0048607505963037959,1.533571779725344e-05,1.1833718427260003e-06,0.0057753592201121463
uwb-imu-pl/gate-d-diagnostics/v16,42,2100000000,42,42,42,13,1,42,2100000000,"BASE",35,0.0042039416041668538,0.00083327042165142926,0.0058704045018487831,1.5336083837264612e-05,1.1833736157116954e-06,0.0072683801646591904
uwb-imu-pl/gate-d-diagnostics/v16,42,2100000000,42,42,42,13,1,42,2100000000,"BASE",36,0.0055781152237677992,0.0011603526045735777,0.0073231103116899159,1.5336419906712723e-05,1.1833747510743534e-06,0.0092784680233269825
uwb-imu-pl/gate-d-diagnostics/v16,42,2100000000,42,42,42,13,1,42,2100000000,"BASE",37,0.0067930864683211018,0.0014777404215840935,0.0089692216817800763,1.5336719024094049e-05,1.1833752642629726e-06,0.011347991659845015
uwb-imu-pl/gate-d-diagnostics/v16,42,2100000000,42,42,42,13,1,42,2100000000,"BASE",38,0.0082125654568500021,0.0019018310596674824,0.0118028646480285,1.5336970902787499e-05,1.1833752028666585e-06,0.014504173305821193
uwb-imu-pl/gate-d-diagnostics/v16,42,2100000000,42,42,42,13,1,42,2100000000,"BASE",39,0.0095386561501932168,0.0024475062369889358,0.015567892797691735,1.5337165008216315e-05,1.1833746327169957e-06,0.018421068663927911
uwb-imu-pl/gate-d-diagnostics/v16,42,2100000000,42,42,42,13,1,42,2100000000,"BASE",40,0.010423319948311697,0.0032096081374438346,0.020938006313506331,1.5337291986686097e-05,1.1833738205316649e-06,0.023608208914658226
uwb-imu-pl/gate-d-diagnostics/v16,42,2100000000,42,42,42,13,1,42,2100000000,"BASE",41,0.0099193562138044228,0.0042216545334322758,0.02646082527948013,1.5337348802802975e-05,1.1833731517461389e-06,0.028572565614620692
uwb-imu-pl/gate-d-diagnostics/v16,42,2100000000,42,42,42,13,1,42,2100000000,"BASE",42,0.011310221534157654,0.0055673345141870204,0.036283646660806863,1.5337355778500135e-05,1.1833729158882014e-06,0.038411190770213259
uwb-imu-pl/gate-d-diagnostics/v16,43,2150000000,43,43,43,14,1,43,2150000000,"BASE",33,0.00096451255045446852,0.00021978219890904534,0.0020348525667526151,4.1563690807773183e-05,2.7814548544069474e-07,0.0022629496815262285
uwb-imu-pl/gate-d-diagnostics/v16,43,2150000000,43,43,43,14,1,43,2150000000,"BASE",34,0.0013130112255780116,0.0001729700051201492,0.0018192750018468423,4.1563774121832319e-05,2.781468244400153e-07,0.0022506457424914458
uwb-imu-pl/gate-d-diagnostics/v16,43,2150000000,43,43,43,14,1,43,2150000000,"BASE",35,0.0018871174274573254,0.0001717442306375084,0.0013649159255311771,4.1563856924507937e-05,2.7814812596873645e-07,0.0023356864903295296
uwb-imu-pl/gate-d-diagnostics/v16,43,2150000000,43,43,43,14,1,43,2150000000,"BASE",36,0.0026596816736761432,0.00014368569673884821,0.00061494467542454699,4.1563934706109389e-05,2.78149390478866e-07,0.0027339416190921848
uwb-imu-pl/gate-d-diagnostics/v16,43,2150000000,43,43,43,14,1,43,2150000000,"BASE",37,0.0036852927249020955,0.00012129704737875932,0.0010769535321218304,4.1564005180703987e-05,2.7815062194798463e-07,0.0038415689498124636
uwb-imu-pl/gate-d-diagnostics/v16,43,2150000000,43,43,43,14,1,43,2150000000,"BASE",38,0.0047988863429576038,0.00017367500893548582,0.0029021996405239042,4.1564064530580732e-05,2.7815182715150751e-07,0.0056110572572055945
uwb-imu-pl/gate-d-diagnostics/v16,43,2150000000,43,43,43,14,1,43,2150000000,"BASE",39,0.0057995669405638993,0.00031726986088481099,0.0054231658321322197,4.1564110803842396e-05,2.7815306711025234e-07,0.0079465773864091944
uwb-imu-pl/gate-d-diagnostics/v16,43,2150000000,43,43,43,14,1,43,2150000000,"BASE",40,0.0067122495357569804,0.0006639816529572716,0.0081588254013780937,4.1564142849357882e-05,2.7815441172576345e-07,0.010585996648934231
uwb-imu-pl/gate-d-diagnostics/v16,43,2150000000,43,43,43,14,1,43,2150000000,"BASE",41,0.0078507359943676761,0.0011831448503606058,0.011812710175974765,4.1564161617504878e-05,2.7815582805237041e-07,0.014232910340077129
uwb-imu-pl/gate-d-diagnostics/v16,43,2150000000,43,43,43,14,1,43,2150000000,"BASE",42,0.0082643090724549804,0.0018586887989539989,0.015387952517587211,4.1564168813085984e-05,2.7815707234629541e-07,0.017565430220676002
uwb-imu-pl/gate-d-diagnostics/v16,43,2150000000,43,43,43,14,1,43,2150000000,"BASE",43,0.0092638131867856521,0.0024390408071280783,0.0080358651038964155,4.1564169652161308e-05,2.7815756842845935e-07,0.012503759852304043
uwb-imu-pl/gate-d-diagnostics/v16,44,2200000000,44,44,44,15,1,44,2200000000,"BASE",34,0.006666807385357465,0.001923098089316691,0.0016034442649647659,7.2611179222195021e-06,9.481975785194098e-07,0.0071214966199774944
uwb-imu-pl/gate-d-diagnostics/v16,44,2200000000,44,44,44,15,1,44,2200000000,"BASE",35,0.0068923828874962725,0.0019841397872628181,0.0013553648319641362,7.2614205848417108e-06,9.4820250786678837e-07,0.0072992342076612987
uwb-imu-pl/gate-d-diagnostics/v16,44,2200000000,44,44,44,15,1,44,2200000000,"BASE",36,0.0071048096384222787,0.0019514143842083841,0.00088042487070282493,7.2617309451471629e-06,9.4820713848998181e-07,0.0074203463316679956
uwb-imu-pl/gate-d-diagnostics/v16,44,2200000000,44,44,44,15,1,44,2200000000,"BASE",37,0.0071541920330712768,0.0019778260651872833,0.0011045164479951148,7.2620422070381593e-06,9.4821146177836531e-07,0.0075042834308445784
uwb-imu-pl/gate-d-diagnostics/v16,44,2200000000,44,44,44,15,1,44,2200000000,"BASE",38,0.0070880247978005843,0.0019503965611931231,0.0024997017000018677,7.26234516264281e-06,9.4821548427796575e-07,0.0077648377001655394
uwb-imu-pl/gate-d-diagnostics/v16,44,2200000000,44,44,44,15,1,44,2200000000,"BASE",39,0.0071001269676849183,0.0017847935657276644,0.0044703729694788013,7.262627839083866e-06,9.4821913054447016e-07,0.0085779705735470353
uwb-imu-pl/gate-d-diagnostics/v16,44,2200000000,44,44,44,15,1,44,2200000000,"BASE",40,0.0071273650968311031,0.001515823400825051,0.0075777823423516296,7.2628764247726113e-06,9.4822235548569501e-07,0.010512844176652237
uwb-imu-pl/gate-d-diagnostics/v16,44,2200000000,44,44,44,15,1,44,2200000000,"BASE",41,0.007222668316904518,0.0010934769005805415,0.011175528560625637,7.2630725036670341e-06,9.4822519082695529e-07,0.013351221727199054
uwb-imu-pl/gate-d-diagnostics/v16,44,2200000000,44,44,44,15,1,44,2200000000,"BASE",42,0.0077317850696390468,0.00054025750514842368,0.015762026652964022,7.2632040828336841e-06,9.4822766919835667e-07,0.017564564224511234
uwb-imu-pl/gate-d-diagnostics/v16,44,2200000000,44,44,44,15,1,44,2200000000,"BASE",43,0.0091850800066269958,0.00070580839520710797,0.020897342473664364,7.2632646794920227e-06,9.4822969265838855e-07,0.022837750246787743
uwb-imu-pl/gate-d-diagnostics/v16,44,2200000000,44,44,44,15,1,44,2200000000,"BASE",44,0.012797184638065227,0.0019638855426016323,0.033910297430043958,7.2632721548484348e-06,9.4823048917597791e-07,0.036297838868636266
uwb-imu-pl/gate-d-diagnostics/v16,45,2250000000,45,45,45,16,1,45,2250000000,"BASE",35,0.00070929329508024729,0.0003236907052536599,0.0016994213497800688,4.4917535009272951e-05,8.0601355570969612e-07,0.0018702737259050823
uwb-imu-pl/gate-d-diagnostics/v16,45,2250000000,45,45,45,16,1,45,2250000000,"BASE",36,0.00093572714166895382,0.00033000103721208965,0.0015634012047581957,4.4917833039268314e-05,8.0601449268340666e-07,0.0018522223291604842
uwb-imu-pl/gate-d-diagnostics/v16,45,2250000000,45,45,45,16,1,45,2250000000,"BASE",37,0.0014132888805908355,0.0003342018104505591,0.0010135324666574093,4.4918121093357088e-05,8.0601559618268841e-07,0.0017715368069398047
uwb-imu-pl/gate-d-diagnostics/v16,45,2250000000,45,45,45,16,1,45,2250000000,"BASE",38,0.0020232636930682881,0.00033256182080346685,0.0007304621884349344,4.4918391559538569e-05,8.0601691739760388e-07,0.0021771051092313309
uwb-imu-pl/gate-d-diagnostics/v16,45,2250000000,45,45,45,16,1,45,2250000000,"BASE",39,0.0024557986640745817,0.00027208963646070645,0.001375119472827799,4.4918637081245498e-05,8.060184589967073e-07,0.0028280650181551725
uwb-imu-pl/gate-d-diagnostics/v16,45,2250000000,45,45,45,16,1,45,2250000000,"BASE",40,0.0027317886025893848,8.8425573965085713e-05,0.0033244743436941448,4.4918849572266906e-05,8.0602023443198798e-07,0.0043040255652080474
uwb-imu-pl/gate-d-diagnostics/v16,45,2250000000,45,45,45,16,1,45,2250000000,"BASE",41,0.0033301023498314066,0.00018180800394552689,0.0051933781408436451,4.4919022913727185e-05,8.060221981575846e-07,0.0061721820041809542
uwb-imu-pl/gate-d-diagnostics/v16,45,2250000000,45,45,45,16,1,45,2250000000,"BASE",42,0.0038349936375712242,0.00046715967346250536,0.0071265471154854966,4.4919149200984292e-05,8.0602422533448927e-07,0.0081064854610118191
uwb-imu-pl/gate-d-diagnostics/v16,45,2250000000,45,45,45,16,1,45,2250000000,"BASE",43,0.0045524408243461361,0.00088926180883352795,0.0094312975564724826,4.491922707003373e-05,8.0602614520754548e-07,0.010510323306596507
uwb-imu-pl/gate-d-diagnostics/v16,45,2250000000,45,45,45,16,1,45,2250000000,"BASE",44,0.0056001914274584142,0.0014139724429310351,0.012109173643669657,4.4919260184061174e-05,8.0602765234604846e-07,0.013416242648957532
uwb-imu-pl/gate-d-diagnostics/v16,45,2250000000,45,45,45,16,1,45,2250000000,"BASE",45,0.011716512599704276,0.0018353897854069404,0.0083362755210672768,4.4919264171632237e-05,8.0602821713515942e-07,0.014496235066958798
uwb-imu-pl/gate-d-diagnostics/v16,46,2300000000,46,46,46,17,1,46,2300000000,"BASE",36,0.0047103838896732754,0.0014065589838630093,0.0038552516217243401,3.6574383644266623e-05,1.3539312736298515e-06,0.006247433805063987
uwb-imu-pl/gate-d-diagnostics/v16,46,2300000000,46,46,46,17,1,46,2300000000,"BASE",37,0.0055919517991830569,0.0015148677407669786,0.0030385482206891886,3.657439811645703e-05,1.3539369175431851e-06,0.0065420840720369277
uwb-imu-pl/gate-d-diagnostics/v16,46,2300000000,46,46,46,17,1,46,2300000000,"BASE",38,0.0067230033745038316,0.0015805167648801793,0.0019471486232553036,3.6574418417028624e-05,1.3539419680539544e-06,0.0071756208720879086
uwb-imu-pl/gate-d-diagnostics/v16,46,2300000000,46,46,46,17,1,46,2300000000,"BASE",39,0.0078115923652059454,0.0016089865675990658,0.0016537048359422084,3.6574442433777568e-05,1.3539464080914625e-06,0.0081452987828738912
uwb-imu-pl/gate-d-diagnostics/v16,46,2300000000,46,46,46,17,1,46,2300000000,"BASE",40,0.0089104909863743625,0.0014862567347015811,0.0037653434035189799,3.6574467187813025e-05,1.3539502743590805e-06,0.0097869790625585724
uwb-imu-pl/gate-d-diagnostics/v16,46,2300000000,46,46,46,17,1,46,2300000000,"BASE",41,0.010290249363921899,0.0011725109047520086,0.0082585709619241061,3.6574491121315124e-05,1.35395355719253e-06,0.013246484350694131
uwb-imu-pl/gate-d-diagnostics/v16,46,2300000000,46,46,46,17,1,46,2300000000,"BASE",42,0.011728754058284104,0.00064978451406800435,0.013595245950661097,3.6574510043244861e-05,1.3539562525486749e-06,0.017967135098879507
uwb-imu-pl/gate-d-diagnostics/v16,46,2300000000,46,46,46,17,1,46,2300000000,"BASE",43,0.013476412612552079,0.00033473495873722058,0.020410061134087349,3.6574523006280129e-05,1.3539584065232025e-06,0.024460124272424964
uwb-imu-pl/gate-d-diagnostics/v16,46,2300000000,46,46,46,17,1,46,2300000000,"BASE",44,0.015234725901980587,0.0014821334180237984,0.028071776511659499,3.6574529966448234e-05,1.3539601386054692e-06,0.031973732481950075
uwb-imu-pl/gate-d-diagnostics/v16,46,2300000000,46,46,46,17,1,46,2300000000,"BASE",45,0.016243181292564593,0.0030918925757125655,0.036517896554709724,3.6574532028874792e-05,1.3539614879519772e-06,0.040086891205392217
uwb-imu-pl/gate-d-diagnostics/v16,46,2300000000,46,46,46,17,1,46,2300000000,"BASE",46,0.017850514808523271,0.0048398533220453555,0.033474234627265821,3.6574532248852826e-05,1.3539620123190139e-06,0.038243833261312692
uwb-imu-pl/gate-d-diagnostics/v16,47,2350000000,47,47,47,18,1,47,2350000000,"BASE",37,0.002978714674482822,0.00083467978488826545,0.0020040523361379149,9.7158764901450888e-06,4.8741916308206112e-07,0.0036858854915872894
uwb-imu-pl/gate-d-diagnostics/v16,47,2350000000,47,47,47,18,1,47,2350000000,"BASE",38,0.0033142398896269134,0.00099556113550098744,0.0019963180467107437,9.7157398710282023e-06,4.8741445428911861e-07,0.0039950855306628069
uwb-imu-pl/gate-d-diagnostics/v16,47,2350000000,47,47,47,18,1,47,2350000000,"BASE",39,0.0038807980402479608,0.0010996083217767278,0.0020158360374116138,9.7156096759154785e-06,4.8740990219037723e-07,0.0045092595235670559
uwb-imu-pl/gate-d-diagnostics/v16,47,2350000000,47,47,47,18,1,47,2350000000,"BASE",40,0.0044275474725072326,0.0011833717637913346,0.0023315179931848707,9.7154898634248325e-06,4.8740569685689199e-07,0.0051419467260460996
uwb-imu-pl/gate-d-diagnostics/v16,47,2350000000,47,47,47,18,1,47,2350000000,"BASE",41,0.0050985536817432821,0.0012533564475889383,0.0025531091267546645,9.7153854861432835e-06,4.8740194175933617e-07,0.0058382028801442403
uwb-imu-pl/gate-d-diagnostics/v16,47,2350000000,47,47,47,18,1,47,2350000000,"BASE",42,0.0057891422850617647,0.0012186342408469254,0.0038534728242120976,9.7152990259930599e-06,4.8739870797285234e-07,0.0070603530535794405
uwb-imu-pl/gate-d-diagnostics/v16,47,2350000000,47,47,47,18,1,47,2350000000,"BASE",43,0.0065550554297145259,0.0011714246471092359,0.0062908256451385406,9.7152339092802991e-06,4.873960802643115e-07,0.0091605441602200938
uwb-imu-pl/gate-d-diagnostics/v16,47,2350000000,47,47,47,18,1,47,2350000000,"BASE",44,0.0073040333879031728,0.00099985172411948937,0.010048220340836468,9.7151917257806265e-06,4.8739409419799358e-07,0.012462561287405251
uwb-imu-pl/gate-d-diagnostics/v16,47,2350000000,47,47,47,18,1,47,2350000000,"BASE",45,0.0081730623288364598,0.0010445856843150523,0.014959376401604304,9.7151694255333386e-06,4.8739281983872057e-07,0.017078440913323032
uwb-imu-pl/gate-d-diagnostics/v16,47,2350000000,47,47,47,18,1,47,2350000000,"BASE",46,0.0095691224499948185,0.0015154387185059167,0.020429302103530084,9.7151622873139391e-06,4.8739227129348379e-07,0.022610199867134514
uwb-imu-pl/gate-d-diagnostics/v16,47,2350000000,47,47,47,18,1,47,2350000000,"BASE",47,0.012866358390125763,0.0025618456765819867,0.028777486590512765,9.7151615278393263e-06,4.8739216680967556e-07,0.031626730159515982
uwb-imu-pl/gate-d-diagnostics/v16,48,2400000000,48,48,48,19,1,48,2400000000,"BASE",38,0.001843517014491026,0.00053735802201765423,0.0044687111027248488,0.0001334744727590751,5.1313958996500869e-07,0.0048656452032953979
uwb-imu-pl/gate-d-diagnostics/v16,48,2400000000,48,48,48,19,1,48,2400000000,"BASE",39,0.0020567123977269877,0.00066534148989434488,0.0054558012123974604,0.00013347495325907369,5.1314186873321422e-07,0.0058699512673273876
uwb-imu-pl/gate-d-diagnostics/v16,48,2400000000,48,48,48,19,1,48,2400000000,"BASE",40,0.0025851090261300165,0.00081316789714153603,0.0055649678103062011,0.00013347537968404959,5.1314381260964711e-07,0.0061911802894087202
uwb-imu-pl/gate-d-diagnostics/v16,48,2400000000,48,48,48,19,1,48,2400000000,"BASE",41,0.0034066283013708637,0.0010104837659625106,0.0064670759756722792,0.00013347574876851109,5.1314531995112745e-07,0.0073801816738424337
uwb-imu-pl/gate-d-diagnostics/v16,48,2400000000,48,48,48,19,1,48,2400000000,"BASE",42,0.0045136011635276184,0.0013096749409513956,0.0073455700265523134,0.00013347606043561517,5.1314628076573331e-07,0.0087214138218161732
uwb-imu-pl/gate-d-diagnostics/v16,48,2400000000,48,48,48,19,1,48,2400000000,"BASE",43,0.0057665249924682433,0.001625066105117548,0.0084799606165896647,0.00013347631402046967,5.1314661049527138e-07,0.010383698694752197
uwb-imu-pl/gate-d-diagnostics/v16,48,2400000000,48,48,48,19,1,48,2400000000,"BASE",44,0.0069392713676172208,0.002017785970509234,0.01035937856590251,0.00013347650911550954,5.1314631446096399e-07,0.012631685867282371
uwb-imu-pl/gate-d-diagnostics/v16,48,2400000000,48,48,48,19,1,48,2400000000,"BASE",45,0.0077911122040177352,0.0024254563811934361,0.013112149791524072,0.00013347664665099362,5.1314550705517659e-07,0.015444434481927474
uwb-imu-pl/gate-d-diagnostics/v16,48,2400000000,48,48,48,19,1,48,2400000000,"BASE",46,0.0079630694318466866,0.0029891202897590645,0.017398653567482613,0.00013347672904312418,5.1314443839212327e-07,0.019366886098308347
uwb-imu-pl/gate-d-diagnostics/v16,48,2400000000,48,48,48,19,1,48,2400000000,"BASE",47,0.0072337477748226674,0.0037139713614789626,0.022040841623134386,0.00013347676343275977,5.1314350792899298e-07,0.023493343863942053
uwb-imu-pl/gate-d-diagnostics/v16,48,2400000000,48,48,48,19,1,48,2400000000,"BASE",48,0.0087467796459360751,0.0045873006748785809,0.020131422305085446,0.00013347676752312784,5.1314316059279016e-07,0.022424126783283652
uwb-imu-pl/gate-d-diagnostics/v16,49,2450000000,49,49,49,20,1,49,2450000000,"BASE",39,0.0039513699566424481,0.00066495053862796209,0.0037813197646079811,1.68647513527657e-05,2.1039203894009143e-06,0.0055094602060104143
uwb-imu-pl/gate-d-diagnostics/v16,49,2450000000,49,49,49,20,1,49,2450000000,"BASE",40,0.0047241942018305724,0.00071039947346969294,0.0057872981196351756,1.6865236830914592e-05,2.1039276584204511e-06,0.0075043844955314893
uwb-imu-pl/gate-d-diagnostics/v16,49,2450000000,49,49,49,20,1,49,2450000000,"BASE",41,0.006615492988789975,0.00097889022956626102,0.0070306506334727814,1.6865657727932169e-05,2.103934199938263e-06,0.0097032628931288129
uwb-imu-pl/gate-d-diagnostics/v16,49,2450000000,49,49,49,20,1,49,2450000000,"BASE",42,0.0086091368084512433,0.0013305022602410357,0.0084052854025133614,1.6866002570706662e-05,2.1039398983091763e-06,0.012105229631751998
uwb-imu-pl/gate-d-diagnostics/v16,49,2450000000,49,49,49,20,1,49,2450000000,"BASE",43,0.011276006838819855,0.0018600917143969616,0.010919979848787981,1.6866269041599709e-05,2.1039445874265272e-06,0.015806787156491673
uwb-imu-pl/gate-d-diagnostics/v16,49,2450000000,49,49,49,20,1,49,2450000000,"BASE",44,0.01425771196805023,0.0024559395850190188,0.014428846056261132,1.6866459999705391e-05,2.1039481351363538e-06,0.020432960559559139
uwb-imu-pl/gate-d-diagnostics/v16,49,2450000000,49,49,49,20,1,49,2450000000,"BASE",45,0.01763537795177475,0.0032744681773403637,0.020204496308505744,1.686658326389579e-05,2.1039504700198585e-06,0.02701759902979942
uwb-imu-pl/gate-d-diagnostics/v16,49,2450000000,49,49,49,20,1,49,2450000000,"BASE",46,0.020928427099284427,0.0043169552308818474,0.027479986651081104,1.6866653318503847e-05,2.103951615993961e-06,0.034810704080350099
uwb-imu-pl/gate-d-diagnostics/v16,49,2450000000,49,49,49,20,1,49,2450000000,"BASE",47,0.023637912716288591,0.0057680199679184981,0.036471688079924222,1.6866685274763029e-05,2.1039518155012007e-06,0.043842961718434992
uwb-imu-pl/gate-d-diagnostics/v16,49,2450000000,49,49,49,20,1,49,2450000000,"BASE",48,0.024273827149521036,0.007662600884928243,0.046501751112272754,1.6866694852038518e-05,2.1039515046121612e-06,0.053012708685996189
uwb-imu-pl/gate-d-diagnostics/v16,49,2450000000,49,49,49,20,1,49,2450000000,"BASE",49,0.015944952463193798,0.0099216898992095324,0.050644751112022525,1.6866695846645737e-05,2.1039513111159332e-06,0.054014558626543759
uwb-imu-pl/gate-d-diagnostics/v16,50,2500000000,50,50,50,21,1,50,2500000000,"BASE",40,0.0037167708410963704,0.00093516958609005454,0.0075922555914164705,0.00013995016866957935,1.469714814772852e-06,0.008505930919960436
uwb-imu-pl/gate-d-diagnostics/v16,50,2500000000,50,50,50,21,1,50,2500000000,"BASE",41,0.0040712959788826658,0.0010760782658082906,0.0090399156383076662,0.00013995065282009736,1.4697190938382302e-06,0.0099736181235712852
uwb-imu-pl/gate-d-diagnostics/v16,50,2500000000,50,50,50,21,1,50,2500000000,"BASE",42,0.0057803989813057111,0.0014540308177015029,0.010236658636574844,0.0001399510638591186,1.4697230151904783e-06,0.01184634907910573
uwb-imu-pl/gate-d-diagnostics/v16,50,2500000000,50,50,50,21,1,50,2500000000,"BASE",43,0.0078829545937497032,0.0018980148488693372,0.011128983168852262,0.00013995140538084212,1.4697263928864184e-06,0.013770159346289668
uwb-imu-pl/gate-d-diagnostics/v16,50,2500000000,50,50,50,21,1,50,2500000000,"BASE",44,0.010628419404774625,0.0024805464037711664,0.012065205927853361,0.00013995168277862159,1.4697290629136106e-06,0.01626976312735302
uwb-imu-pl/gate-d-diagnostics/v16,50,2500000000,50,50,50,21,1,50,2500000000,"BASE",45,0.013360725580516335,0.0030074251865744943,0.013158173951874429,0.0001399519020267113,1.4697309034286385e-06,0.018992385967368151
uwb-imu-pl/gate-d-diagnostics/v16,50,2500000000,50,50,50,21,1,50,2500000000,"BASE",46,0.016270110870127912,0.0036378909923729308,0.017347002269023765,0.00013995206805428626,1.4697319181864506e-06,0.02406010879155834
uwb-imu-pl/gate-d-diagnostics/v16,50,2500000000,50,50,50,21,1,50,2500000000,"BASE",47,0.019026628754103093,0.0043886683991928811,0.025171587354508793,0.0001399521846096788,1.4697321625247421e-06,0.031857517335540972
uwb-imu-pl/gate-d-diagnostics/v16,50,2500000000,50,50,50,21,1,50,2500000000,"BASE",48,0.02097478698440922,0.005375010341832475,0.035458378857717375,0.00013995225543750138,1.4697318056457902e-06,0.041546945076954583
uwb-imu-pl/gate-d-diagnostics/v16,50,2500000000,50,50,50,21,1,50,2500000000,"BASE",49,0.021894184121181368,0.0069798132463322763,0.047649120324093769,0.00013995228570178633,1.4697311779170809e-06,0.052901146941708305
uwb-imu-pl/gate-d-diagnostics/v16,50,2500000000,50,50,50,21,1,50,2500000000,"BASE",50,0.025059400681172132,0.0091169200772971831,0.05450077360525904,0.00013995228932245769,1.4697308772963688e-06,0.060674918265873672
uwb-imu-pl/gate-d-diagnostics/v16,51,2550000000,51,51,51,22,1,51,2550000000,"BASE",41,0.0069753705646399735,0.0018415877609131508,0.0074917683121133042,1.1868644183637352e-05,1.4242439508001491e-06,0.010400671869199678
uwb-imu-pl/gate-d-diagnostics/v16,51,2550000000,51,51,51,22,1,51,2550000000,"BASE",42,0.0073998755940298585,0.0018666913804559629,0.008507587416108419,1.1868410159271346e-05,1.4242532443025126e-06,0.011428993046081125
uwb-imu-pl/gate-d-diagnostics/v16,51,2550000000,51,51,51,22,1,51,2550000000,"BASE",43,0.0084711836437228079,0.0020367373582328399,0.009623329993561509,1.1868186179582409e-05,1.4242616599734994e-06,0.012981443465171473
uwb-imu-pl/gate-d-diagnostics/v16,51,2550000000,51,51,51,22,1,51,2550000000,"BASE",44,0.010315738642757427,0.0023776511848987644,0.0099775592267252779,1.186796505384447e-05,1.4242690820154189e-06,0.014547148170781688
uwb-imu-pl/gate-d-diagnostics/v16,51,2550000000,51,51,51,22,1,51,2550000000,"BASE",45,0.012933076101178902,0.0028916001219871377,0.011000938702565121,1.1867743220362431e-05,1.4242754478695109e-06,0.017223431827421785
uwb-imu-pl/gate-d-diagnostics/v16,51,2550000000,51,51,51,22,1,51,2550000000,"BASE",46,0.016000366867652775,0.0034394185619147869,0.012430757613045292,1.1867522664316354e-05,1.4242807422560035e-06,0.020551525920098439
uwb-imu-pl/gate-d-diagnostics/v16,51,2550000000,51,51,51,22,1,51,2550000000,"BASE",47,0.019143737468374809,0.0040809286694202598,0.016975713662911892,1.1867312943848104e-05,1.4242851217264957e-06,0.025909682751624571
uwb-imu-pl/gate-d-diagnostics/v16,51,2550000000,51,51,51,22,1,51,2550000000,"BASE",48,0.022431118877104445,0.0048881787511196317,0.025325673371590533,1.186713333295314e-05,1.4242888877301493e-06,0.034182440816355276
uwb-imu-pl/gate-d-diagnostics/v16,51,2550000000,51,51,51,22,1,51,2550000000,"BASE",49,0.025253466371319592,0.0059786556468510287,0.03663941686407788,1.1867003800561994e-05,1.424292392073201e-06,0.044899096851774824
uwb-imu-pl/gate-d-diagnostics/v16,51,2550000000,51,51,51,22,1,51,2550000000,"BASE",50,0.027137795496870225,0.0077424927580785619,0.050346795620089882,1.18669413886921e-05,1.4242956371052752e-06,0.05771660168966003
uwb-imu-pl/gate-d-diagnostics/v16,51,2550000000,51,51,51,22,1,51,2550000000,"BASE",51,0.029577469718990765,0.010162902941516519,0.063157488593607244,1.1866933545345634e-05,1.4242970089873003e-06,0.070476803414179223
uwb-imu-pl/gate-d-diagnostics/v16,52,2600000000,52,52,52,23,1,52,2600000000,"BASE",42,0.015126737260890382,0.0042233481474653776,0.0023033648832825031,8.8661725476222631e-05,2.6251514250581947e-06,0.015873506459293491
uwb-imu-pl/gate-d-diagnostics/v16,52,2600000000,52,52,52,23,1,52,2600000000,"BASE",43,0.015432263662564219,0.0043065978053667018,0.002491483650567942,8.866230135816512e-05,2.6251549680589734e-06,0.016214712611830571
uwb-imu-pl/gate-d-diagnostics/v16,52,2600000000,52,52,52,23,1,52,2600000000,"BASE",44,0.015634929877782006,0.0043992877907435939,0.0027287294676931841,8.8662832947045212e-05,2.6251586442776224e-06,0.016469930110544106
uwb-imu-pl/gate-d-diagnostics/v16,52,2600000000,52,52,52,23,1,52,2600000000,"BASE",45,0.0159414721982051,0.0044872919960005512,0.0032993105109997501,8.8663314406471291e-05,2.6251624713440946e-06,0.016886670578486151
uwb-imu-pl/gate-d-diagnostics/v16,52,2600000000,52,52,52,23,1,52,2600000000,"BASE",46,0.016048854475533322,0.0045302929862830413,0.0043090638249501101,8.866373550755776e-05,2.625166416006634e-06,0.017223971194686716
uwb-imu-pl/gate-d-diagnostics/v16,52,2600000000,52,52,52,23,1,52,2600000000,"BASE",47,0.015959658220043201,0.0045162508309578618,0.0051695565927385966,8.8664088865871195e-05,2.6251704485285255e-06,0.017373525711450209
uwb-imu-pl/gate-d-diagnostics/v16,52,2600000000,52,52,52,23,1,52,2600000000,"BASE",48,0.015914726365520979,0.0045033945857961468,0.0069820756280583015,8.8664368437515973e-05,2.6251745592662758e-06,0.017953170372457458
uwb-imu-pl/gate-d-diagnostics/v16,52,2600000000,52,52,52,23,1,52,2600000000,"BASE",49,0.01560149573648628,0.0044127199780461968,0.0090433048612621331,8.8664568659957559e-05,2.6251786107925742e-06,0.018565236274587872
uwb-imu-pl/gate-d-diagnostics/v16,52,2600000000,52,52,52,23,1,52,2600000000,"BASE",50,0.015932470307964821,0.0044306139320352007,0.0099594138492972856,8.8664689409733758e-05,2.6251823939855832e-06,0.019304707779949182
uwb-imu-pl/gate-d-diagnostics/v16,52,2600000000,52,52,52,23,1,52,2600000000,"BASE",51,0.016206327180633213,0.0042381301762568239,0.012106283907684283,8.8664739729573281e-05,2.6251852610143988e-06,0.020668255041433804
uwb-imu-pl/gate-d-diagnostics/v16,52,2600000000,52,52,52,23,1,52,2600000000,"BASE",52,0.026299850481264191,0.0043450548330453559,0.015983998359545344,8.8664745682206863e-05,2.625186285047483e-06,0.031081468895882338
uwb-imu-pl/gate-d-diagnostics/v16,53,2650000000,53,53,53,24,1,53,2650000000,"BASE",43,0.0079377679663846078,0.0022237537869168543,0.0035665089714862733,2.9929329951686386e-05,1.1200220605618565e-06,0.0089818775573886293
uwb-imu-pl/gate-d-diagnostics/v16,53,2650000000,53,53,53,24,1,53,2650000000,"BASE",44,0.0084171002712585367,0.0023895712128870058,0.0034261291414351401,2.9929140762791601e-05,1.1200176756162266e-06,0.0093966422438856462
uwb-imu-pl/gate-d-diagnostics/v16,53,2650000000,53,53,53,24,1,53,2650000000,"BASE",45,0.0090685719675208769,0.0025624503561955158,0.0032357456825475961,2.9928952834086228e-05,1.1200135558911115e-06,0.0099637390811304124
uwb-imu-pl/gate-d-diagnostics/v16,53,2650000000,53,53,53,24,1,53,2650000000,"BASE",46,0.0095413090902908733,0.0026977111952316102,0.0027159160442734756,2.9928771469751152e-05,1.1200096608959546e-06,0.010280628472747697
uwb-imu-pl/gate-d-diagnostics/v16,53,2650000000,53,53,53,24,1,53,2650000000,"BASE",47,0.0098613177184715753,0.002784921050424845,0.0018531900581806443,2.9928604690604113e-05,1.120005953131033e-06,0.010413288758565783
uwb-imu-pl/gate-d-diagnostics/v16,53,2650000000,53,53,53,24,1,53,2650000000,"BASE",48,0.01038056113224888,0.0028947058479033669,0.0018954890643701114,2.9928460680340347e-05,1.1200024830268968e-06,0.010942081480529792
uwb-imu-pl/gate-d-diagnostics/v16,53,2650000000,53,53,53,24,1,53,2650000000,"BASE",49,0.010642117907181342,0.002920076641612574,0.0025904434897829377,2.9928345209725455e-05,1.1199992243494428e-06,0.011335467153022199
uwb-imu-pl/gate-d-diagnostics/v16,53,2650000000,53,53,53,24,1,53,2650000000,"BASE",50,0.011460963119448782,0.0030748114120781531,0.0039962408199878891,2.9928261894402339e-05,1.1199962872634593e-06,0.012521141261554411
uwb-imu-pl/gate-d-diagnostics/v16,53,2650000000,53,53,53,24,1,53,2650000000,"BASE",51,0.011179801966626147,0.0030251647502243934,0.0074482908017209819,2.9928212358998122e-05,1.11999359900999e-06,0.013770167994554754
uwb-imu-pl/gate-d-diagnostics/v16,53,2650000000,53,53,53,24,1,53,2650000000,"BASE",52,0.011837471952405778,0.0029196251851190498,0.010220859491262814,2.9928191727238204e-05,1.1199913144195218e-06,0.015909645474892035
uwb-imu-pl/gate-d-diagnostics/v16,53,2650000000,53,53,53,24,1,53,2650000000,"BASE",53,0.021996236708568883,0.0030955559291500189,0.0082192390177098663,2.9928189287711216e-05,1.1199904099350658e-06,0.023684883002265941
uwb-imu-pl/gate-d-diagnostics/v16,54,2700000000,54,54,54,25,1,54,2700000000,"BASE",44,0.0076160281976452773,0.0020283868163075008,0.00046481305753299352,3.7070483695036372e-05,1.3622103872537001e-06,0.0078952939045186746
uwb-imu-pl/gate-d-diagnostics/v16,54,2700000000,54,54,54,25,1,54,2700000000,"BASE",45,0.0081384208594168349,0.0020774367136800875,0.0016675172450181174,3.7070654980039378e-05,1.3622113437608539e-06,0.0085633887705656685
uwb-imu-pl/gate-d-diagnostics/v16,54,2700000000,54,54,54,25,1,54,2700000000,"BASE",46,0.008717928109722663,0.0021332397895710738,0.0022757690671372259,3.7070817845471863e-05,1.3622121162871499e-06,0.0092592377372113094
uwb-imu-pl/gate-d-diagnostics/v16,54,2700000000,54,54,54,25,1,54,2700000000,"BASE",47,0.0095430887596736867,0.0022279720882472688,0.0030502589791824965,3.7070967537958303e-05,1.3622126401024003e-06,0.010263520772783582
uwb-imu-pl/gate-d-diagnostics/v16,54,2700000000,54,54,54,25,1,54,2700000000,"BASE",48,0.011040773699169722,0.0024384626891420301,0.0051048875808852407,3.707109945915992e-05,1.3622129477008087e-06,0.01240588721124496
uwb-imu-pl/gate-d-diagnostics/v16,54,2700000000,54,54,54,25,1,54,2700000000,"BASE",49,0.012735014028164331,0.0027216053138694515,0.0070621674806244017,3.7071210278846281e-05,1.3622130679403799e-06,0.014814293889236487
uwb-imu-pl/gate-d-diagnostics/v16,54,2700000000,54,54,54,25,1,54,2700000000,"BASE",50,0.015237980192738906,0.0033191044442003048,0.011285676193755274,3.7071297254151318e-05,1.3622131828857447e-06,0.019250463837342018
uwb-imu-pl/gate-d-diagnostics/v16,54,2700000000,54,54,54,25,1,54,2700000000,"BASE",51,0.016804839578708205,0.0039163526273045856,0.014399195209570588,3.7071358918588519e-05,1.3622133124067663e-06,0.022473954925471194
uwb-imu-pl/gate-d-diagnostics/v16,54,2700000000,54,54,54,25,1,54,2700000000,"BASE",52,0.018550819503530377,0.0046323538826587782,0.018532892034610716,3.7071394502054882e-05,1.3622135763098368e-06,0.026628200653765557
uwb-imu-pl/gate-d-diagnostics/v16,54,2700000000,54,54,54,25,1,54,2700000000,"BASE",53,0.019118480636315896,0.0056524226324376542,0.023178077870421702,3.7071408772951216e-05,1.362214113555871e-06,0.030572714196963068
uwb-imu-pl/gate-d-diagnostics/v16,54,2700000000,54,54,54,25,1,54,2700000000,"BASE",54,0.021971833737235245,0.0071144629184137949,0.036861284448323164,3.7071410458650363e-05,1.3622144145900745e-06,0.043498652021867146
uwb-imu-pl/gate-d-diagnostics/v16,55,2750000000,55,55,55,26,1,55,2750000000,"BASE",45,0.006520098548854541,0.0016256286344238135,0.00087760085090384161,0.00010220514618066009,2.6492137600636824e-06,0.0067775356662713492
uwb-imu-pl/gate-d-diagnostics/v16,55,2750000000,55,55,55,26,1,55,2750000000,"BASE",46,0.0070162145747039144,0.001615307056586638,0.0011561039700709607,0.00010220530124955769,2.6492170037381739e-06,0.0072927027347146327
uwb-imu-pl/gate-d-diagnostics/v16,55,2750000000,55,55,55,26,1,55,2750000000,"BASE",47,0.0078511347223302885,0.0016302671853574194,0.0014836062763979587,0.00010220544853596327,2.6492198102160756e-06,0.0081553435292007741
uwb-imu-pl/gate-d-diagnostics/v16,55,2750000000,55,55,55,26,1,55,2750000000,"BASE",48,0.0095065003815101752,0.0017651418035805862,0.0035909593531281416,0.00010220558263918211,2.6492221746154208e-06,0.010314781488995298
uwb-imu-pl/gate-d-diagnostics/v16,55,2750000000,55,55,55,26,1,55,2750000000,"BASE",49,0.011405747601125071,0.0019650793118797722,0.0057265390658092913,0.00010220570033863828,2.6492241051344225e-06,0.012913416191634117
uwb-imu-pl/gate-d-diagnostics/v16,55,2750000000,55,55,55,26,1,55,2750000000,"BASE",50,0.014255131106781433,0.0025282389188002372,0.010423479614021448,0.00010220579852143378,2.6492257652650795e-06,0.017839846838177537
uwb-imu-pl/gate-d-diagnostics/v16,55,2750000000,55,55,55,26,1,55,2750000000,"BASE",51,0.01630374559093754,0.0030844280053133103,0.014212891974624756,0.00010220587496368979,2.6492272065098374e-06,0.021848170810290068
uwb-imu-pl/gate-d-diagnostics/v16,55,2750000000,55,55,55,26,1,55,2750000000,"BASE",52,0.018967431485128337,0.003819955354205859,0.01925550496833096,0.000102205927373144,2.649228578232442e-06,0.027297260681368458
uwb-imu-pl/gate-d-diagnostics/v16,55,2750000000,55,55,55,26,1,55,2750000000,"BASE",53,0.021436836318009387,0.0049114876824982801,0.025461635351914876,0.00010220595716928239,2.6492301436771052e-06,0.033644702264256122
uwb-imu-pl/gate-d-diagnostics/v16,55,2750000000,55,55,55,26,1,55,2750000000,"BASE",54,0.022295797933587522,0.0063498750336614838,0.032403333810073258,0.00010220596874622467,2.6492319009342279e-06,0.039842314359534843
uwb-imu-pl/gate-d-diagnostics/v16,55,2750000000,55,55,55,26,1,55,2750000000,"BASE",55,0.023562602408067224,0.0084360892368340133,0.052008289790904605,0.00010220597009534825,2.6492327201960874e-06,0.057716864900182782
uwb-imu-pl/gate-d-diagnostics/v16,56,2800000000,56,56,56,27,1,56,2800000000,"BASE",46,0.014376702498410854,0.0040557332519250032,0.0057232050323456334,7.0549318798032384e-05,1.1660724481071824e-06,0.015996830978258075
uwb-imu-pl/gate-d-diagnostics/v16,56,2800000000,56,56,56,27,1,56,2800000000,"BASE",47,0.015020257035679496,0.0042649041854108272,0.0051256601735677762,7.0549146861195153e-05,1.1660680526055622e-06,0.016433955698046364
uwb-imu-pl/gate-d-diagnostics/v16,56,2800000000,56,56,56,27,1,56,2800000000,"BASE",48,0.015884543044520319,0.004501847982533275,0.0050431283183147331,7.0549005522645917e-05,1.1660642181969565e-06,0.017263356126429524
uwb-imu-pl/gate-d-diagnostics/v16,56,2800000000,56,56,56,27,1,56,2800000000,"BASE",49,0.016286379485870986,0.0045991456763748327,0.0042841167030848674,7.0548893601535639e-05,1.1660609517293823e-06,0.017457288797005505
uwb-imu-pl/gate-d-diagnostics/v16,56,2800000000,56,56,56,27,1,56,2800000000,"BASE",50,0.017296686726235352,0.0048278474497758603,0.0032606850776270534,7.0548808121223344e-05,1.1660583268361009e-06,0.018251589749205755
uwb-imu-pl/gate-d-diagnostics/v16,56,2800000000,56,56,56,27,1,56,2800000000,"BASE",51,0.016703485864823252,0.0046623457478733865,0.0050636643455971801,7.0548745811536393e-05,1.1660561447133683e-06,0.018066255367373669
uwb-imu-pl/gate-d-diagnostics/v16,56,2800000000,56,56,56,27,1,56,2800000000,"BASE",52,0.016243840500695168,0.0043083854446431006,0.0095993505662281733,7.0548702275302814e-05,1.1660540890788073e-06,0.01935399310540482
uwb-imu-pl/gate-d-diagnostics/v16,56,2800000000,56,56,56,27,1,56,2800000000,"BASE",53,0.015296365196569107,0.0037851139776032042,0.015202331549692428,7.0548674427449397e-05,1.1660519234858366e-06,0.021895701383426204
uwb-imu-pl/gate-d-diagnostics/v16,56,2800000000,56,56,56,27,1,56,2800000000,"BASE",54,0.014407613407214014,0.003127336527998314,0.021499692220534897,7.0548659809507069e-05,1.1660494438671348e-06,0.026069163812863012
uwb-imu-pl/gate-d-diagnostics/v16,56,2800000000,56,56,56,27,1,56,2800000000,"BASE",55,0.014550522628585541,0.0024380611684548846,0.028484526192664693,7.0548654958197529e-05,1.1660468405658343e-06,0.032078576369893509
uwb-imu-pl/gate-d-diagnostics/v16,56,2800000000,56,56,56,27,1,56,2800000000,"BASE",56,0.025796769829922423,0.0022958041773645751,0.01573824302456452,7.0548654426022422e-05,1.1660456806806685e-06,0.03030579684567555
uwb-imu-pl/gate-d-diagnostics/v16,57,2850000000,57,57,57,28,1,57,2850000000,"BASE",47,0.0065242201154796804,0.0018372652910833456,0.0043718247383341298,6.2126368913275546e-05,1.4400962535090607e-06,0.0080658356769370849
uwb-imu-pl/gate-d-diagnostics/v16,57,2850000000,57,57,57,28,1,57,2850000000,"BASE",48,0.0074977178889407727,0.0020637863880319024,0.004016522499606455,6.2126253718212788e-05,1.4401009367467773e-06,0.0087527882718996981
uwb-imu-pl/gate-d-diagnostics/v16,57,2850000000,57,57,57,28,1,57,2850000000,"BASE",49,0.0083141791208350014,0.0021907794992199535,0.0027048034054515551,6.2126158266554506e-05,1.4401054332952485e-06,0.0090135959784715253
uwb-imu-pl/gate-d-diagnostics/v16,57,2850000000,57,57,57,28,1,57,2850000000,"BASE",50,0.0096421770645882272,0.0024095150936173197,0.0013112905160585504,6.2126081775511094e-05,1.4401096294139133e-06,0.010025003046019413
uwb-imu-pl/gate-d-diagnostics/v16,57,2850000000,57,57,57,28,1,57,2850000000,"BASE",51,0.01029253638012104,0.0023017501785265568,0.0031544107102276027,6.2126023608087972e-05,1.4401132332618628e-06,0.011008566103993573
uwb-imu-pl/gate-d-diagnostics/v16,57,2850000000,57,57,57,28,1,57,2850000000,"BASE",52,0.01114713356681959,0.0019073526726375353,0.0081769757108549786,6.2125981751824237e-05,1.4401158083525514e-06,0.013955764918548464
uwb-imu-pl/gate-d-diagnostics/v16,57,2850000000,57,57,57,28,1,57,2850000000,"BASE",53,0.01207471979993081,0.0013471562217269293,0.01398071861646015,6.2125954153684779e-05,1.4401170589967575e-06,0.018522366017151553
uwb-imu-pl/gate-d-diagnostics/v16,57,2850000000,57,57,57,28,1,57,2850000000,"BASE",54,0.013240816578823566,0.00056332962026801479,0.020708659287098176,6.2125939396809614e-05,1.4401168305450465e-06,0.024586357906581452
uwb-imu-pl/gate-d-diagnostics/v16,57,2850000000,57,57,57,28,1,57,2850000000,"BASE",55,0.014626003393000596,0.00082602653750979351,0.028666972874692991,6.212593384050329e-05,1.4401150992237639e-06,0.032193190127676165
uwb-imu-pl/gate-d-diagnostics/v16,57,2850000000,57,57,57,28,1,57,2850000000,"BASE",56,0.01541462694170867,0.0024274447722174505,0.037367510652676413,6.2125933002069869e-05,1.4401124086397001e-06,0.040494912346584686
uwb-imu-pl/gate-d-diagnostics/v16,57,2850000000,57,57,57,28,1,57,2850000000,"BASE",57,0.01923251195872153,0.0041732746952846643,0.032859814638399584,6.2125932987859054e-05,1.4401110869660171e-06,0.038302441406522884
uwb-imu-pl/gate-d-diagnostics/v16,58,2900000000,58,58,58,29,1,58,2900000000,"BASE",48,0.00081521991403487898,0.00021122681002320011,0.003624143557161457,5.9988645587949055e-05,1.8345859115975877e-06,0.0037211851337620189
uwb-imu-pl/gate-d-diagnostics/v16,58,2900000000,58,58,58,29,1,58,2900000000,"BASE",49,0.00088521327589562312,0.00028191199078186007,0.0044902805300152272,5.9989225651676006e-05,1.8345865276048634e-06,0.0045857712792401993
uwb-imu-pl/gate-d-diagnostics/v16,58,2900000000,58,58,58,29,1,58,2900000000,"BASE",50,0.0013466815934718177,0.00038538928834790369,0.0050424284041624967,5.9989750680167087e-05,1.8345873165415506e-06,0.0052337140316195277
uwb-imu-pl/gate-d-diagnostics/v16,58,2900000000,58,58,58,29,1,58,2900000000,"BASE",51,0.0020026596989562852,0.00055890415303304895,0.0051344371554336169,5.9990215048313927e-05,1.834588209477866e-06,0.0055397713686409439
uwb-imu-pl/gate-d-diagnostics/v16,58,2900000000,58,58,58,29,1,58,2900000000,"BASE",52,0.0027992648354822516,0.00078639041188164932,0.0061502971627461368,5.9990614289420444e-05,1.8345890113676132e-06,0.0068032382678155342
uwb-imu-pl/gate-d-diagnostics/v16,58,2900000000,58,58,58,29,1,58,2900000000,"BASE",53,0.0037709855377108534,0.0011190085760395296,0.0074634833766178809,5.9990944754715913e-05,1.8345896550644154e-06,0.0084368061795384187
uwb-imu-pl/gate-d-diagnostics/v16,58,2900000000,58,58,58,29,1,58,2900000000,"BASE",54,0.0045815654080721135,0.0015148556423470435,0.0092289332173874587,5.999120230910741e-05,1.8345901558128718e-06,0.010414525425897563
uwb-imu-pl/gate-d-diagnostics/v16,58,2900000000,58,58,58,29,1,58,2900000000,"BASE",55,0.0050407940578558472,0.001934648820418433,0.011179616990801625,5.9991385488818135e-05,1.8345904408173574e-06,0.012415309467956753
uwb-imu-pl/gate-d-diagnostics/v16,58,2900000000,58,58,58,29,1,58,2900000000,"BASE",56,0.0047028047466554047,0.0024040849981614197,0.012820983628872858,5.9991495370505529e-05,1.8345904519478639e-06,0.013866406193409097
uwb-imu-pl/gate-d-diagnostics/v16,58,2900000000,58,58,58,29,1,58,2900000000,"BASE",57,0.0033754026473096889,0.0030509349322432279,0.015321709611521833,5.9991540497908951e-05,1.8345902523514153e-06,0.015983114050856936
uwb-imu-pl/gate-d-diagnostics/v16,58,2900000000,58,58,58,29,1,58,2900000000,"BASE",58,0.0060989136700862886,0.0037227649571801302,0.012673526187108175,5.999154586930021e-05,1.8345901366285044e-06,0.01454914414143276
uwb-imu-pl/gate-d-diagnostics/v16,59,2950000000,59,59,59,30,1,59,2950000000,"BASE",49,0.0017598684312603559,0.00047730116101725516,0.0021949907111753508,6.4981764906076885e-06,1.9862033150673073e-06,0.0028535913665244002
uwb-imu-pl/gate-d-diagnostics/v16,59,2950000000,59,59,59,30,1,59,2950000000,"BASE",50,0.0025898075930483174,0.00056183415266126036,0.0022506531113851785,6.4979511891016746e-06,1.9862042969999182e-06,0.0034768155804230207
uwb-imu-pl/gate-d-diagnostics/v16,59,2950000000,59,59,59,30,1,59,2950000000,"BASE",51,0.0026924977492733147,0.00058907630752179103,0.001496097143782888,6.4977103031221179e-06,1.9862055125686414e-06,0.0031360656649394654
uwb-imu-pl/gate-d-diagnostics/v16,59,2950000000,59,59,59,30,1,59,2950000000,"BASE",52,0.0029960666816047617,0.00050227790406118591,0.0016102802015329927,6.4974580256633739e-06,1.9862068789173281e-06,0.0034382767693945122
uwb-imu-pl/gate-d-diagnostics/v16,59,2950000000,59,59,59,30,1,59,2950000000,"BASE",53,0.0036019863652616752,0.00055245958052494381,0.0025051753493421994,6.4972032791700655e-06,1.9862084277391467e-06,0.0044221563804631549
uwb-imu-pl/gate-d-diagnostics/v16,59,2950000000,59,59,59,30,1,59,2950000000,"BASE",54,0.0043889439492075166,0.00064270812290363711,0.0038607284712958174,6.4969578552298931e-06,1.9862102168876248e-06,0.0058805759246096066
uwb-imu-pl/gate-d-diagnostics/v16,59,2950000000,59,59,59,30,1,59,2950000000,"BASE",55,0.0052201062733704577,0.00079208124764474925,0.0060128052090383044,6.4967383705359457e-06,1.9862122949980043e-06,0.0080019231964971391
uwb-imu-pl/gate-d-diagnostics/v16,59,2950000000,59,59,59,30,1,59,2950000000,"BASE",56,0.0061407457020448775,0.0010980178648412791,0.0090120123925999922,6.4965603565864072e-06,1.9862146866756433e-06,0.010960420362532376
uwb-imu-pl/gate-d-diagnostics/v16,59,2950000000,59,59,59,30,1,59,2950000000,"BASE",57,0.0071529998689966708,0.001570773510279454,0.011902313127552744,6.4964400326169743e-06,1.9862173392638161e-06,0.013974900374656303
uwb-imu-pl/gate-d-diagnostics/v16,59,2950000000,59,59,59,30,1,59,2950000000,"BASE",58,0.00825203095561222,0.0022044969989106723,0.015306227482794638,6.4963848176268692e-06,1.9862198132404192e-06,0.017528162134511742
uwb-imu-pl/gate-d-diagnostics/v16,59,2950000000,59,59,59,30,1,59,2950000000,"BASE",59,0.015305704229140007,0.0030927715438068388,0.020755185161231201,6.4963780166480099e-06,1.9862208334249516e-06,0.025973208792852066
uwb-imu-pl/gate-d-diagnostics/v16,60,3000000000,60,60,60,31,1,60,3000000000,"BASE",50,0.010158793757808593,0.0025164658720235617,0.0017473121168538846,0.00011286391476440654,2.0139186822788408e-06,0.010611292713500035
uwb-imu-pl/gate-d-diagnostics/v16,60,3000000000,60,60,60,31,1,60,3000000000,"BASE",51,0.010036448216259279,0.0024550780656058262,0.0016458326505934854,0.00011286442887289413,2.0139197260495312e-06,0.010463231272164921
uwb-imu-pl/gate-d-diagnostics/v16,60,3000000000,60,60,60,31,1,60,3000000000,"BASE",52,0.010535681949820993,0.0023371251039139875,0.0021037907627825042,0.00011286490028612798,2.0139204897741877e-06,0.010995518451364181
uwb-imu-pl/gate-d-diagnostics/v16,60,3000000000,60,60,60,31,1,60,3000000000,"BASE",53,0.011589575845520332,0.0023955363456753431,0.0036871714573191066,0.00011286532472556526,2.0139210702810158e-06,0.012396162255133323
uwb-imu-pl/gate-d-diagnostics/v16,60,3000000000,60,60,60,31,1,60,3000000000,"BASE",54,0.013185528448306226,0.0025832912850770459,0.0063617990452510369,0.00011286569576240782,2.013921587872925e-06,0.014866633248249748
uwb-imu-pl/gate-d-diagnostics/v16,60,3000000000,60,60,60,31,1,60,3000000000,"BASE",55,0.015276936457643686,0.0029432663956992871,0.0099038023665677499,0.00011286600725083684,2.0139222562655145e-06,0.018443037946998971
uwb-imu-pl/gate-d-diagnostics/v16,60,3000000000,60,60,60,31,1,60,3000000000,"BASE",56,0.017863984094238821,0.003516716479852783,0.014255476686334341,0.00011286625271823542,2.0139233553785501e-06,0.023124026053444879
uwb-imu-pl/gate-d-diagnostics/v16,60,3000000000,60,60,60,31,1,60,3000000000,"BASE",57,0.02073753318646495,0.0043538752277717217,0.020324372524429812,0.00011286642752298796,2.0139252238802104e-06,0.029361443655871101
uwb-imu-pl/gate-d-diagnostics/v16,60,3000000000,60,60,60,31,1,60,3000000000,"BASE",58,0.023400705377316453,0.005477416555550064,0.027034370657957239,0.00011286653370082964,2.0139280876166233e-06,0.036172711317526869
uwb-imu-pl/gate-d-diagnostics/v16,60,3000000000,60,60,60,31,1,60,3000000000,"BASE",59,0.024375298989981312,0.0069927171875513346,0.034288307275754319,0.00011286657843551146,2.013931564501618e-06,0.042646852794468372
uwb-imu-pl/gate-d-diagnostics/v16,60,3000000000,60,60,60,31,1,60,3000000000,"BASE",60,0.025586954079668451,0.0090460153709690828,0.047938713754877502,0.00011286658378461485,2.0139331764068189e-06,0.055087708543382109
uwb-imu-pl/gate-d-diagnostics/v16,61,3050000000,61,61,61,32,1,61,3050000000,"BASE",51,0.015876789058572028,0.0044651955708321584,0.004936821633285164,0.00013453267952490345,1.4287587622793965e-06,0.017216292028722553
uwb-imu-pl/gate-d-diagnostics/v16,61,3050000000,61,61,61,32,1,61,3050000000,"BASE",52,0.016354789368893195,0.0045749019882766395,0.0050391679713768468,0.00013453271029101308,1.4287615631545839e-06,0.017714970461122637
uwb-imu-pl/gate-d-diagnostics/v16,61,3050000000,61,61,61,32,1,61,3050000000,"BASE",53,0.016795312233741984,0.0047363099504749186,0.0051618863291364916,0.00013453270916757431,1.4287643748905392e-06,0.018198305320605561
uwb-imu-pl/gate-d-diagnostics/v16,61,3050000000,61,61,61,32,1,61,3050000000,"BASE",54,0.017208407396872637,0.004889630164111319,0.005078628005879173,0.00013453268206309698,1.4287670624796823e-06,0.018596997923980819
uwb-imu-pl/gate-d-diagnostics/v16,61,3050000000,61,61,61,32,1,61,3050000000,"BASE",55,0.017605126355748735,0.0050138173273591791,0.004498823535328848,0.00013453263697932178,1.4287695435668755e-06,0.018850367435883832
uwb-imu-pl/gate-d-diagnostics/v16,61,3050000000,61,61,61,32,1,61,3050000000,"BASE",56,0.017864353828809094,0.0050728826366327438,0.0040577562282411214,0.00013453258224745769,1.428771725205605e-06,0.019009280960384602
uwb-imu-pl/gate-d-diagnostics/v16,61,3050000000,61,61,61,32,1,61,3050000000,"BASE",57,0.017799199663069028,0.0049987991387552902,0.0061386697974234071,0.00013453252662289433,1.4287735692351306e-06,0.019480782053072947
uwb-imu-pl/gate-d-diagnostics/v16,61,3050000000,61,61,61,32,1,61,3050000000,"BASE",58,0.017527233894506899,0.0047860528572076242,0.010006590787995333,0.00013453248050062256,1.4287749693000832e-06,0.020742714146727216
uwb-imu-pl/gate-d-diagnostics/v16,61,3050000000,61,61,61,32,1,61,3050000000,"BASE",59,0.017093308981562826,0.0045345388754593971,0.015558006319751199,0.00013453244909693548,1.4287758415161958e-06,0.023554467016235106
uwb-imu-pl/gate-d-diagnostics/v16,61,3050000000,61,61,61,32,1,61,3050000000,"BASE",60,0.017576081802237496,0.0043616082337612589,0.021732918741720533,0.00013453243422092723,1.4287762242747702e-06,0.028289222964854383
uwb-imu-pl/gate-d-diagnostics/v16,61,3050000000,61,61,61,32,1,61,3050000000,"BASE",61,0.027868445564248407,0.0046201282009861637,0.021099929680424758,0.00013453243238359633,1.4287763086223011e-06,0.035259338852234007
uwb-imu-pl/gate-d-diagnostics/v16,62,3100000000,62,62,62,33,1,62,3100000000,"BASE",52,0.00058742447897980495,0.00022828789174068989,0.002444070139356659,9.2293930858395511e-05,1.6905614507902454e-06,0.002525704407444841
uwb-imu-pl/gate-d-diagnostics/v16,62,3100000000,62,62,62,33,1,62,3100000000,"BASE",53,0.0010808996747728554,0.00036716023917767094,0.0030065161237800317,9.229384514091208e-05,1.6905614177404941e-06,0.0032172676237072939
uwb-imu-pl/gate-d-diagnostics/v16,62,3100000000,62,62,62,33,1,62,3100000000,"BASE",54,0.0016807707339869238,0.00051813186673766202,0.0033849684864429188,9.2293778063032682e-05,1.6905613785286651e-06,0.0038157546495070391
uwb-imu-pl/gate-d-diagnostics/v16,62,3100000000,62,62,62,33,1,62,3100000000,"BASE",55,0.0025087451324231017,0.00073999934626764257,0.0039335425765606126,9.2293728663890516e-05,1.6905613419410646e-06,0.0047246882821935024
uwb-imu-pl/gate-d-diagnostics/v16,62,3100000000,62,62,62,33,1,62,3100000000,"BASE",56,0.0035704854737983694,0.00098947023695011588,0.0047813024985912025,9.2293694310158079e-05,1.6905612792839879e-06,0.0060495282820610587
uwb-imu-pl/gate-d-diagnostics/v16,62,3100000000,62,62,62,33,1,62,3100000000,"BASE",57,0.0046350646264906358,0.0012332050398111635,0.0048355034928976659,9.2293671641328768e-05,1.6905611923206246e-06,0.0068114046841755149
uwb-imu-pl/gate-d-diagnostics/v16,62,3100000000,62,62,62,33,1,62,3100000000,"BASE",58,0.0057142003352019539,0.0015434975982046796,0.0061240835903861235,9.2293659257892274e-05,1.6905610483478454e-06,0.0085174756299069131
uwb-imu-pl/gate-d-diagnostics/v16,62,3100000000,62,62,62,33,1,62,3100000000,"BASE",59,0.0067600163272487496,0.0017804224444865362,0.0083305336398164231,9.2293653026291725e-05,1.6905607846362676e-06,0.01087538672995121
uwb-imu-pl/gate-d-diagnostics/v16,62,3100000000,62,62,62,33,1,62,3100000000,"BASE",60,0.0075553339685791084,0.0020879467214494434,0.011893263334962311,9.229364952358946e-05,1.690560420798776e-06,0.014244326120209145
uwb-imu-pl/gate-d-diagnostics/v16,62,3100000000,62,62,62,33,1,62,3100000000,"BASE",61,0.0082893691347796679,0.0026250290981706353,0.017237708034107867,9.2293648465773882e-05,1.6905599668981713e-06,0.019306773880262008
uwb-imu-pl/gate-d-diagnostics/v16,62,3100000000,62,62,62,33,1,62,3100000000,"BASE",62,0.0089307292512308956,0.0032528948161324135,0.019730521151168034,9.2293648341620657e-05,1.6905597444389804e-06,0.021900713128019778
uwb-imu-pl/gate-d-diagnostics/v16,63,3150000000,63,63,63,34,1,63,3150000000,"BASE",53,0.0032215974207978728,0.00087416824866551638,0.0021059147586086594,8.7228947615935427e-05,1.9417480919820797e-06,0.0039478284789083787
uwb-imu-pl/gate-d-diagnostics/v16,63,3150000000,63,63,63,34,1,63,3150000000,"BASE",54,0.0032159179381446353,0.00085701327169110213,0.0022131651027246296,8.7229041764405818e-05,1.9417507195089925e-06,0.0039977884362202365
uwb-imu-pl/gate-d-diagnostics/v16,63,3150000000,63,63,63,34,1,63,3150000000,"BASE",55,0.0034402919163133263,0.000895974323717163,0.0025128108616469368,8.722914015772706e-05,1.9417531425277657e-06,0.0043543322769306423
uwb-imu-pl/gate-d-diagnostics/v16,63,3150000000,63,63,63,34,1,63,3150000000,"BASE",56,0.0040147912429075588,0.0009909742259073069,0.0029804207341723671,8.7229239100781046e-05,1.9417553460111726e-06,0.0050981466341987738
uwb-imu-pl/gate-d-diagnostics/v16,63,3150000000,63,63,63,34,1,63,3150000000,"BASE",57,0.0047803218312016914,0.0011059646050937935,0.0026338445196760272,8.7229333987859641e-05,1.9417573314968459e-06,0.0055695048432100949
uwb-imu-pl/gate-d-diagnostics/v16,63,3150000000,63,63,63,34,1,63,3150000000,"BASE",58,0.0057101070325557808,0.0012744007586120588,0.0031721385799121059,8.7229421866643792e-05,1.941759165069332e-06,0.0066557866198841296
uwb-imu-pl/gate-d-diagnostics/v16,63,3150000000,63,63,63,34,1,63,3150000000,"BASE",59,0.0068749750527674928,0.0014053940835678225,0.0042554368334645487,8.7229496440960878e-05,1.9417609018862054e-06,0.008207117027640971
uwb-imu-pl/gate-d-diagnostics/v16,63,3150000000,63,63,63,34,1,63,3150000000,"BASE",60,0.0081818218986334738,0.0016072686017740655,0.0072646082340938794,8.7229552754191365e-05,1.941762658739243e-06,0.011059279700748485
uwb-imu-pl/gate-d-diagnostics/v16,63,3150000000,63,63,63,34,1,63,3150000000,"BASE",61,0.0093352880560018791,0.0019657243145459673,0.012101821231641561,8.7229588229788624e-05,1.9417645186538552e-06,0.015410170831741328
uwb-imu-pl/gate-d-diagnostics/v16,63,3150000000,63,63,63,34,1,63,3150000000,"BASE",62,0.010486964710477354,0.0024929908905750135,0.017271494352087496,8.7229603761397202e-05,1.941766349624841e-06,0.020359360558418988
uwb-imu-pl/gate-d-diagnostics/v16,63,3150000000,63,63,63,34,1,63,3150000000,"BASE",63,0.014580913895577252,0.0035339595064773268,0.031293931469202105,8.7229605629662429e-05,1.9417671463183953e-06,0.034704606025675253
uwb-imu-pl/gate-d-diagnostics/v16,64,3200000000,64,64,64,35,1,64,3200000000,"BASE",54,0.0038293986128064669,0.0011249931725425748,0.00075481198811449244,0.00015889722727192794,2.7055279702635333e-06,0.0040650830446805333
uwb-imu-pl/gate-d-diagnostics/v16,64,3200000000,64,64,64,35,1,64,3200000000,"BASE",55,0.0040039741086187585,0.0011619591481399291,0.00068263984441766781,0.00015889765482326147,2.7055333540091321e-06,0.0042276720149795315
uwb-imu-pl/gate-d-diagnostics/v16,64,3200000000,64,64,64,35,1,64,3200000000,"BASE",56,0.0041926382581753208,0.0011751870717070657,0.0011422869324161171,0.00015889806040050337,2.705538589580361e-06,0.0045043707181946667
uwb-imu-pl/gate-d-diagnostics/v16,64,3200000000,64,64,64,35,1,64,3200000000,"BASE",57,0.0043635415294622261,0.0011274639390823386,0.001999260557450133,0.00015889843569531797,2.7055435531693076e-06,0.004932947234937827
uwb-imu-pl/gate-d-diagnostics/v16,64,3200000000,64,64,64,35,1,64,3200000000,"BASE",58,0.0045955857354634828,0.0010280697030209081,0.0034227205835982871,0.00015889877450945479,2.7055481867934516e-06,0.0058237966911786967
uwb-imu-pl/gate-d-diagnostics/v16,64,3200000000,64,64,64,35,1,64,3200000000,"BASE",59,0.0049194872534337247,0.00081401878448874817,0.0053940449595793159,0.00015889906665843306,2.7055523741377985e-06,0.0073474457247099841
uwb-imu-pl/gate-d-diagnostics/v16,64,3200000000,64,64,64,35,1,64,3200000000,"BASE",60,0.0054147885958390424,0.00053189689713092176,0.007794452754564243,0.00015889930296673118,2.7055560197894112e-06,0.0095069237873487162
uwb-imu-pl/gate-d-diagnostics/v16,64,3200000000,64,64,64,35,1,64,3200000000,"BASE",61,0.0064463353095606741,0.00021791246986742707,0.011333382311607743,0.00015889947534503026,2.7055590052945331e-06,0.013041224472885592
uwb-imu-pl/gate-d-diagnostics/v16,64,3200000000,64,64,64,35,1,64,3200000000,"BASE",62,0.007599188292267996,0.0006731729066795719,0.015257277059895991,0.00015889958212259069,2.7055611836093207e-06,0.01705903233314595
uwb-imu-pl/gate-d-diagnostics/v16,64,3200000000,64,64,64,35,1,64,3200000000,"BASE",63,0.0097404303116156443,0.0015361080393683911,0.020318547275055797,0.0001588996272084384,2.7055623937388116e-06,0.022585487161988015
uwb-imu-pl/gate-d-diagnostics/v16,64,3200000000,64,64,64,35,1,64,3200000000,"BASE",64,0.015254138041809966,0.0024909395632401405,0.024195772509541736,0.00015889963261374025,2.7055627218152029e-06,0.028711568592696551
uwb-imu-pl/gate-d-diagnostics/v16,65,3250000000,65,65,65,36,1,65,3250000000,"BASE",55,0.0025590225139185941,0.00013038243620911534,0.0028833109070926571,9.5548011348744333e-05,2.5979055127087517e-06,0.0038585248172014266
uwb-imu-pl/gate-d-diagnostics/v16,65,3250000000,65,65,65,36,1,65,3250000000,"BASE",56,0.0035089624552285736,5.6307456973494203e-05,0.0024254460573225503,9.5547732260896394e-05,2.5979099683142245e-06,0.0042670730878639129
uwb-imu-pl/gate-d-diagnostics/v16,65,3250000000,65,65,65,36,1,65,3250000000,"BASE",57,0.0047648919838562762,0.0001592688521117193,0.0019875609493115376,9.5547470223139274e-05,2.5979139209031161e-06,0.00516614912488226
uwb-imu-pl/gate-d-diagnostics/v16,65,3250000000,65,65,65,36,1,65,3250000000,"BASE",58,0.0063059290342131983,0.00032367002819823365,0.003452056857146891,9.5547233024669803e-05,2.5979172306891894e-06,0.0071968976538210076
uwb-imu-pl/gate-d-diagnostics/v16,65,3250000000,65,65,65,36,1,65,3250000000,"BASE",59,0.008058725981152131,0.00049230443908854682,0.0059902626800103585,9.5547024675197309e-05,2.5979197086694746e-06,0.010053746120659634
uwb-imu-pl/gate-d-diagnostics/v16,65,3250000000,65,65,65,36,1,65,3250000000,"BASE",60,0.010031433092692832,0.00081694798686106265,0.0095906698094012123,9.5546849826758047e-05,2.5979211879912873e-06,0.013902774444299793
uwb-imu-pl/gate-d-diagnostics/v16,65,3250000000,65,65,65,36,1,65,3250000000,"BASE",61,0.012518150459781659,0.0013611160566120279,0.014543650645802805,9.5546711403335474e-05,2.597921458573553e-06,0.01923755800208839
uwb-imu-pl/gate-d-diagnostics/v16,65,3250000000,65,65,65,36,1,65,3250000000,"BASE",62,0.014911556663226688,0.0022015195887896515,0.020849183391613169,9.5546613852635724e-05,2.597920404005103e-06,0.025727393856008272
uwb-imu-pl/gate-d-diagnostics/v16,65,3250000000,65,65,65,36,1,65,3250000000,"BASE",63,0.017218883568613456,0.0033512719118161003,0.02796476910395404,9.5546554439341616e-05,2.5979181417109857e-06,0.033011489237947146
uwb-imu-pl/gate-d-diagnostics/v16,65,3250000000,65,65,65,36,1,65,3250000000,"BASE",64,0.01795366185956996,0.0049071853830820389,0.035781389678319113,9.5546529567439647e-05,2.5979153178628366e-06,0.040332758717349211
uwb-imu-pl/gate-d-diagnostics/v16,65,3250000000,65,65,65,36,1,65,3250000000,"BASE",65,0.014596362038515704,0.0066525790744512234,0.037657494059004343,9.5546526596489338e-05,2.597914021561322e-06,0.040931730818438372
uwb-imu-pl/gate-d-diagnostics/v16,66,3300000000,66,66,66,37,1,66,3300000000,"BASE",56,0.0071327266335457287,0.0020322413928919271,0.00068384903104583218,8.3683232052292615e-06,2.1281217877660311e-06,0.0074480546697022728
uwb-imu-pl/gate-d-diagnostics/v16,66,3300000000,66,66,66,37,1,66,3300000000,"BASE",57,0.0072510393187619274,0.0020562045204110917,0.00046750469279800851,8.3679042073441e-06,2.1281230649783495e-06,0.0075514358515786396
uwb-imu-pl/gate-d-diagnostics/v16,66,3300000000,66,66,66,37,1,66,3300000000,"BASE",58,0.007323672608598503,0.0020322356540012753,0.00077945816994478797,8.3675093666133698e-06,2.1281243513423922e-06,0.0076402743284616371
uwb-imu-pl/gate-d-diagnostics/v16,66,3300000000,66,66,66,37,1,66,3300000000,"BASE",59,0.0072595805899083798,0.0020233955065908208,0.0015631721995082387,8.3671456793437642e-06,2.1281256515986964e-06,0.0076967019937650861
uwb-imu-pl/gate-d-diagnostics/v16,66,3300000000,66,66,66,37,1,66,3300000000,"BASE",60,0.0071611266463104846,0.0019947224674156019,0.0027813750959577795,8.3668223077440302e-06,2.1281269975753785e-06,0.0079370507446761863
uwb-imu-pl/gate-d-diagnostics/v16,66,3300000000,66,66,66,37,1,66,3300000000,"BASE",61,0.0069683303178437322,0.00201006842817435,0.0047448578694848894,8.3665475469377855e-06,2.1281283327672639e-06,0.008666703712149398
uwb-imu-pl/gate-d-diagnostics/v16,66,3300000000,66,66,66,37,1,66,3300000000,"BASE",62,0.0069670149184031475,0.0020291380319112989,0.0068030062153933459,8.3663304897746758e-06,2.1281296270324028e-06,0.0099467414823600862
uwb-imu-pl/gate-d-diagnostics/v16,66,3300000000,66,66,66,37,1,66,3300000000,"BASE",63,0.0067981714247101676,0.0021025862681865164,0.0083243637693665475,8.3661741570127121e-06,2.1281308688106259e-06,0.010951306334016314
uwb-imu-pl/gate-d-diagnostics/v16,66,3300000000,66,66,66,37,1,66,3300000000,"BASE",64,0.0067751946056317765,0.0022679632065093361,0.010444231079373891,8.3660801374078138e-06,2.1281320220296558e-06,0.012654207063655325
uwb-imu-pl/gate-d-diagnostics/v16,66,3300000000,66,66,66,37,1,66,3300000000,"BASE",65,0.0079907969530077887,0.0025810905727069564,0.012380839399895588,8.366040913702445e-06,2.1281329623359785e-06,0.014959950643445075
uwb-imu-pl/gate-d-diagnostics/v16,66,3300000000,66,66,66,37,1,66,3300000000,"BASE",66,0.018831034597540659,0.0030206083151469738,0.012393828623782653,8.3660362314784879e-06,2.1281333206713293e-06,0.022745087405471015
uwb-imu-pl/gate-d-diagnostics/v16,67,3350000000,67,67,67,38,1,67,3350000000,"BASE",57,0.0012983805345483999,0.00045002547073604211,0.0036979103488698028,0.00010429047470041528,1.9572321835185553e-06,0.0039463573354366725
uwb-imu-pl/gate-d-diagnostics/v16,67,3350000000,67,67,67,38,1,67,3350000000,"BASE",58,0.001830764524571337,0.00053692890145563702,0.004406919766301763,0.00010429074473696487,1.9572304089117076e-06,0.0048033127741650469
uwb-imu-pl/gate-d-diagnostics/v16,67,3350000000,67,67,67,38,1,67,3350000000,"BASE",59,0.0026310518049200223,0.00076092271973312827,0.0052708732411285049,0.00010429097460071298,1.9572287443689258e-06,0.0059409108853568067
uwb-imu-pl/gate-d-diagnostics/v16,67,3350000000,67,67,67,38,1,67,3350000000,"BASE",60,0.0037638464536111855,0.000999570329236541,0.0058233897207585605,0.00010429116603913368,1.9572272436457609e-06,0.0070063135304766584
uwb-imu-pl/gate-d-diagnostics/v16,67,3350000000,67,67,67,38,1,67,3350000000,"BASE",61,0.0050202628737294934,0.0012399471352713121,0.0058482957506113403,0.00010429132037389176,1.9572259073708714e-06,0.0078073011928880701
uwb-imu-pl/gate-d-diagnostics/v16,67,3350000000,67,67,67,38,1,67,3350000000,"BASE",62,0.0064789467048093881,0.0014899455497318398,0.0062885774282601895,0.00010429144199204184,1.9572247751425525e-06,0.0091517088432571583
uwb-imu-pl/gate-d-diagnostics/v16,67,3350000000,67,67,67,38,1,67,3350000000,"BASE",63,0.0080561331221785815,0.0018601937751139485,0.0085859644690624848,0.0001042915314227029,1.9572239474194107e-06,0.011920204200494678
uwb-imu-pl/gate-d-diagnostics/v16,67,3350000000,67,67,67,38,1,67,3350000000,"BASE",64,0.0095534637444057036,0.0022609618934871117,0.012325691938844488,0.00010429159249794899,1.9572235711831045e-06,0.015757987832771065
uwb-imu-pl/gate-d-diagnostics/v16,67,3350000000,67,67,67,38,1,67,3350000000,"BASE",65,0.01086773243957535,0.0028061143249634704,0.017403332703560939,0.00010429162859365875,1.9572237850432019e-06,0.020709146668762498
uwb-imu-pl/gate-d-diagnostics/v16,67,3350000000,67,67,67,38,1,67,3350000000,"BASE",66,0.011365598195000564,0.0035787500148342969,0.023137138412644156,0.00010429164370571314,1.9572244352698265e-06,0.026025416970769263
uwb-imu-pl/gate-d-diagnostics/v16,67,3350000000,67,67,67,38,1,67,3350000000,"BASE",67,0.015259060509052874,0.0046321358827277935,0.02493175959790039,0.00010429164549720093,1.9572247828081024e-06,0.029595593044920373
uwb-imu-pl/gate-d-diagnostics/v16,68,3400000000,68,68,68,39,1,68,3400000000,"BASE",58,0.00822224974438273,0.0022013433890075242,0.00048816967278757998,4.0792787461911967e-05,1.6924210370903821e-06,0.0085259181394472961
uwb-imu-pl/gate-d-diagnostics/v16,68,3400000000,68,68,68,39,1,68,3400000000,"BASE",59,0.0084343848741649796,0.0021973466582789042,0.00037369545085148939,4.0792496409439222e-05,1.6924202429103066e-06,0.0087240183243863702
uwb-imu-pl/gate-d-diagnostics/v16,68,3400000000,68,68,68,39,1,68,3400000000,"BASE",60,0.0087879255100377068,0.00220754466895653,0.00059883186312797044,4.0792215595715859e-05,1.6924196444935591e-06,0.0090808124473994428
uwb-imu-pl/gate-d-diagnostics/v16,68,3400000000,68,68,68,39,1,68,3400000000,"BASE",61,0.0094038565436066202,0.0022923334381036806,0.0020276778828551417,4.0791950087278175e-05,1.6924193075076943e-06,0.0098894112528641574
uwb-imu-pl/gate-d-diagnostics/v16,68,3400000000,68,68,68,39,1,68,3400000000,"BASE",62,0.010319696754319568,0.0023778822704981412,0.0032116725907907571,4.0791709218750266e-05,1.6924192893280274e-06,0.011066479695536605
uwb-imu-pl/gate-d-diagnostics/v16,68,3400000000,68,68,68,39,1,68,3400000000,"BASE",63,0.011620024638050133,0.0025977105501538505,0.0054412504362579819,4.0791498366839844e-05,1.6924197054618397e-06,0.013091292747928827
uwb-imu-pl/gate-d-diagnostics/v16,68,3400000000,68,68,68,39,1,68,3400000000,"BASE",64,0.013355416105927552,0.002934098831949707,0.0086801488778452032,4.0791326714904123e-05,1.6924207501977576e-06,0.016196380047908798
uwb-imu-pl/gate-d-diagnostics/v16,68,3400000000,68,68,68,39,1,68,3400000000,"BASE",65,0.015450042770479755,0.0034396934279077584,0.012473487533304945,4.0791201115259086e-05,1.6924225888459793e-06,0.020152540051257609
uwb-imu-pl/gate-d-diagnostics/v16,68,3400000000,68,68,68,39,1,68,3400000000,"BASE",66,0.017253261056316048,0.0041876952371166379,0.016947665850416935,4.0791123177097458e-05,1.6924251380098171e-06,0.024544589078527725
uwb-imu-pl/gate-d-diagnostics/v16,68,3400000000,68,68,68,39,1,68,3400000000,"BASE",67,0.018087039868952878,0.0051516780982425901,0.021735415767801036,4.0791089296018831e-05,1.6924278418416485e-06,0.02874214264499874
uwb-imu-pl/gate-d-diagnostics/v16,68,3400000000,68,68,68,39,1,68,3400000000,"BASE",68,0.022370778289605289,0.0064375396506701384,0.029880931465323383,4.0791085209019842e-05,1.6924290170623704e-06,0.037878296820856756
uwb-imu-pl/gate-d-diagnostics/v16,69,3450000000,69,69,69,40,1,69,3450000000,"BASE",59,0.018019652819804843,0.0049223361705420503,0.0023923587928834211,0.00012459136523035791,1.3487644245769624e-06,0.018832848604060655
uwb-imu-pl/gate-d-diagnostics/v16,69,3450000000,69,69,69,40,1,69,3450000000,"BASE",60,0.018224278988814291,0.0049533763670200591,0.0029987194945580507,0.00012459171283280606,1.348763396594256e-06,0.019122450826622686
uwb-imu-pl/gate-d-diagnostics/v16,69,3450000000,69,69,69,40,1,69,3450000000,"BASE",61,0.018576635944260681,0.0050387651650582194,0.0033379725910426075,0.00012459202349388173,1.3487622887447415e-06,0.019535560995380494
uwb-imu-pl/gate-d-diagnostics/v16,69,3450000000,69,69,69,40,1,69,3450000000,"BASE",62,0.018998782327953902,0.0050862257759067362,0.0037535892663191832,0.00012459229731996704,1.3487610297137215e-06,0.02002319604929258
uwb-imu-pl/gate-d-diagnostics/v16,69,3450000000,69,69,69,40,1,69,3450000000,"BASE",63,0.019720586057713041,0.0052455948234685747,0.0051242346005624748,0.00012459253031718695,1.3487596040672253e-06,0.021040225399720204
uwb-imu-pl/gate-d-diagnostics/v16,69,3450000000,69,69,69,40,1,69,3450000000,"BASE",64,0.020833520423985119,0.005462388358296098,0.0067358129731381975,0.00012459272290190723,1.3487581004101617e-06,0.022566788903348636
uwb-imu-pl/gate-d-diagnostics/v16,69,3450000000,69,69,69,40,1,69,3450000000,"BASE",65,0.022313048833187219,0.005755885167865204,0.0088767744147409938,0.00012459287484456376,1.3487566626107953e-06,0.024694432804007769
uwb-imu-pl/gate-d-diagnostics/v16,69,3450000000,69,69,69,40,1,69,3450000000,"BASE",66,0.023773896347102374,0.0061950848446087441,0.011566379385643909,0.00012459298357027259,1.3487554663346449e-06,0.027154629091151534
uwb-imu-pl/gate-d-diagnostics/v16,69,3450000000,69,69,69,40,1,69,3450000000,"BASE",67,0.025074319618867819,0.0068070930770603054,0.015247777029109276,0.00012459304861103853,1.3487547111225433e-06,0.030125873432736119
uwb-imu-pl/gate-d-diagnostics/v16,69,3450000000,69,69,69,40,1,69,3450000000,"BASE",68,0.025476866273866802,0.0075877389950116825,0.018947590116150718,0.00012459307605535062,1.3487545175213318e-06,0.032644619689258206
uwb-imu-pl/gate-d-diagnostics/v16,69,3450000000,69,69,69,40,1,69,3450000000,"BASE",69,0.029264432626475125,0.0087386606409908078,0.0290441751401832,0.00012459307934628049,1.3487545449352753e-06,0.042146777356947461
uwb-imu-pl/gate-d-diagnostics/v16,70,3500000000,70,70,70,41,1,70,3500000000,"BASE",60,0.018651662780197656,0.0051834315900063481,0.0020139789372773378,7.644123482304497e-06,2.5875237357779964e-06,0.019463007573398975
uwb-imu-pl/gate-d-diagnostics/v16,70,3500000000,70,70,70,41,1,70,3500000000,"BASE",61,0.018906838666109687,0.00529365273707151,0.002566998623246467,7.6446277008362432e-06,2.5875266583437524e-06,0.019801031657829881
uwb-imu-pl/gate-d-diagnostics/v16,70,3500000000,70,70,70,41,1,70,3500000000,"BASE",62,0.019011495387860563,0.0053218187387112093,0.0030329449573468612,7.6450977787728905e-06,2.5875297444375782e-06,0.019973921293212987
uwb-imu-pl/gate-d-diagnostics/v16,70,3500000000,70,70,70,41,1,70,3500000000,"BASE",63,0.019122284069261024,0.0053912976068118124,0.0037669933917541688,7.6455270486309453e-06,2.5875330403118816e-06,0.020221724512851504
uwb-imu-pl/gate-d-diagnostics/v16,70,3500000000,70,70,70,41,1,70,3500000000,"BASE",64,0.019247980255195616,0.0054253098101318788,0.0050569075266893209,7.6459053310047966e-06,2.5875366184042633e-06,0.020627435839895725
uwb-imu-pl/gate-d-diagnostics/v16,70,3500000000,70,70,70,41,1,70,3500000000,"BASE",65,0.019298747458936293,0.0054291618186988544,0.0066812709292691612,7.6462229509290242e-06,2.5875405240188018e-06,0.021131892909245165
uwb-imu-pl/gate-d-diagnostics/v16,70,3500000000,70,70,70,41,1,70,3500000000,"BASE",66,0.019126777342465925,0.0054889679237100017,0.0092187436529602967,7.6464731467001534e-06,2.5875447408491945e-06,0.021930519375489496
uwb-imu-pl/gate-d-diagnostics/v16,70,3500000000,70,70,70,41,1,70,3500000000,"BASE",67,0.018874779931881854,0.0055470797289916256,0.011248654083490323,7.6466531780131258e-06,2.5875491588961998e-06,0.022661855503323176
uwb-imu-pl/gate-d-diagnostics/v16,70,3500000000,70,70,70,41,1,70,3500000000,"BASE",68,0.018444097111897782,0.0055990963993647414,0.013106411738385226,7.6467618537218286e-06,2.5875534252261065e-06,0.023309068891463187
uwb-imu-pl/gate-d-diagnostics/v16,70,3500000000,70,70,70,41,1,70,3500000000,"BASE",69,0.018355228493493754,0.0057152615208750238,0.01482831801345188,7.646807315994862e-06,2.5875568169894891e-06,0.024278750123874451
uwb-imu-pl/gate-d-diagnostics/v16,70,3500000000,70,70,70,41,1,70,3500000000,"BASE",70,0.027690294128043198,0.0060974997504981325,0.015117556659754465,7.6468127366928474e-06,2.5875580832337592e-06,0.032132109744536799
uwb-imu-pl/gate-d-diagnostics/v16,71,3550000000,71,71,71,42,1,71,3550000000,"BASE",61,0.010047238461114978,0.0027936294988767396,0.0022687571943785399,4.7024048199140401e-05,1.2556195221401335e-06,0.010672433579846548
uwb-imu-pl/gate-d-diagnostics/v16,71,3550000000,71,71,71,42,1,71,3550000000,"BASE",62,0.010090054773886584,0.0027713661734788471,0.002620733760873014,4.7024400062440853e-05,1.2556169795466553e-06,0.010787035465024164
uwb-imu-pl/gate-d-diagnostics/v16,71,3550000000,71,71,71,42,1,71,3550000000,"BASE",63,0.010342459432409646,0.0028104815939587976,0.0021632362390628041,4.7024737291151873e-05,1.2556143852672362e-06,0.010933758632304804
uwb-imu-pl/gate-d-diagnostics/v16,71,3550000000,71,71,71,42,1,71,3550000000,"BASE",64,0.010879243118320467,0.0028591886930353443,0.0020929855815774571,4.7025054095003621e-05,1.2556118355706933e-06,0.011441839554322953
uwb-imu-pl/gate-d-diagnostics/v16,71,3550000000,71,71,71,42,1,71,3550000000,"BASE",65,0.011759244628574073,0.00295086053556652,0.0019489735858512136,4.7025342439620555e-05,1.2556094456148292e-06,0.012279581553650127
uwb-imu-pl/gate-d-diagnostics/v16,71,3550000000,71,71,71,42,1,71,3550000000,"BASE",66,0.01279890924472721,0.0031574738853320486,0.0033099495983287381,4.702559017128299e-05,1.255607356849118e-06,0.013591898267625272
uwb-imu-pl/gate-d-diagnostics/v16,71,3550000000,71,71,71,42,1,71,3550000000,"BASE",67,0.014111878611624976,0.0033854805680555381,0.0059871366938790182,4.7025786771443186e-05,1.2556056959130021e-06,0.015698873062047473
uwb-imu-pl/gate-d-diagnostics/v16,71,3550000000,71,71,71,42,1,71,3550000000,"BASE",68,0.015642069703818207,0.0036627526623771896,0.010164773051335292,4.7025927792604325e-05,1.2556045973067025e-06,0.019010915966476694
uwb-imu-pl/gate-d-diagnostics/v16,71,3550000000,71,71,71,42,1,71,3550000000,"BASE",69,0.017401269953302014,0.0040887640092118881,0.015698156766858758,4.7026012711953547e-05,1.2556041711287982e-06,0.023789840815146384
uwb-imu-pl/gate-d-diagnostics/v16,71,3550000000,71,71,71,42,1,71,3550000000,"BASE",70,0.019215476698539048,0.0047559734289466691,0.022415831284658794,4.7026047716062214e-05,1.2556043903459146e-06,0.029905276009710022
uwb-imu-pl/gate-d-diagnostics/v16,71,3550000000,71,71,71,42,1,71,3550000000,"BASE",71,0.025292362422296311,0.0059391230401941468,0.033346653607476892,4.7026051886989592e-05,1.2556046104535839e-06,0.042272666100336073
uwb-imu-pl/gate-d-diagnostics/v16,72,3600000000,72,72,72,43,1,72,3600000000,"BASE",62,0.0028398478937070822,0.0008574716501304053,0.004410213686785772,4.2132376652560231e-05,1.9700887840688688e-06,0.0053152382328259442
uwb-imu-pl/gate-d-diagnostics/v16,72,3600000000,72,72,72,43,1,72,3600000000,"BASE",63,0.003101849826100862,0.00098501685632071509,0.0051405760930568574,4.2132603162504313e-05,1.9700924031177211e-06,0.0060843267628340712
uwb-imu-pl/gate-d-diagnostics/v16,72,3600000000,72,72,72,43,1,72,3600000000,"BASE",64,0.0037101316134271695,0.0011561981521657945,0.0062137247133365534,4.2132779704201502e-05,1.9700957260553459e-06,0.0073289852381864902
uwb-imu-pl/gate-d-diagnostics/v16,72,3600000000,72,72,72,43,1,72,3600000000,"BASE",65,0.0048305433291710963,0.0014735018373521146,0.0069364678176527849,4.2132902727725453e-05,1.9700986907544346e-06,0.0085803100974145077
uwb-imu-pl/gate-d-diagnostics/v16,72,3600000000,72,72,72,43,1,72,3600000000,"BASE",66,0.0063585113630953019,0.0019639022032503714,0.0080982548436858391,4.2132977443276629e-05,1.9701012545415777e-06,0.010481941098904921
uwb-imu-pl/gate-d-diagnostics/v16,72,3600000000,72,72,72,43,1,72,3600000000,"BASE",67,0.0081671350999254991,0.0023633929020873711,0.0086524646754140774,4.213301270560838e-05,1.9701033316070951e-06,0.012130731461104365
uwb-imu-pl/gate-d-diagnostics/v16,72,3600000000,72,72,72,43,1,72,3600000000,"BASE",68,0.0099596373520776417,0.0027175472906761588,0.010023177196332063,4.2133017542381879e-05,1.9701048786595919e-06,0.014389068755256992
uwb-imu-pl/gate-d-diagnostics/v16,72,3600000000,72,72,72,43,1,72,3600000000,"BASE",69,0.011404688340822387,0.0030985913702571513,0.014009411688748506,4.2133004342665399e-05,1.9701060000215639e-06,0.018328490924441599
uwb-imu-pl/gate-d-diagnostics/v16,72,3600000000,72,72,72,43,1,72,3600000000,"BASE",70,0.012504602166805852,0.0035958424479318198,0.020398204184521412,4.213298792292248e-05,1.9701068544857908e-06,0.024194703372512196
uwb-imu-pl/gate-d-diagnostics/v16,72,3600000000,72,72,72,43,1,72,3600000000,"BASE",71,0.013388660563596831,0.0043682263746422654,0.0281851794038015,4.2132977318767949e-05,1.9701075297856786e-06,0.031507836333853699
uwb-imu-pl/gate-d-diagnostics/v16,72,3600000000,72,72,72,43,1,72,3600000000,"BASE",72,0.016650961363719154,0.0056867908403146457,0.042081201648321513,4.2132975932549153e-05,1.9701078029571258e-06,0.04561165876870997
uwb-imu-pl/gate-d-diagnostics/v16,73,3650000000,73,73,73,44,1,73,3650000000,"BASE",63,0.0092967535500451809,0.0026851024363135261,0.0022585904652787894,8.1672527879943926e-05,2.2348218374121257e-06,0.0099371680045102235
uwb-imu-pl/gate-d-diagnostics/v16,73,3650000000,73,73,73,44,1,73,3650000000,"BASE",64,0.0097370697318384034,0.0028076827557322421,0.0023511334244821704,8.167261549275114e-05,2.2348248462842642e-06,0.010403274158158121
uwb-imu-pl/gate-d-diagnostics/v16,73,3650000000,73,73,73,44,1,73,3650000000,"BASE",65,0.01017284834048046,0.0028885829776268777,0.0021636540847676656,8.167268610884823e-05,2.2348277662510639e-06,0.010794388792224179
uwb-imu-pl/gate-d-diagnostics/v16,73,3650000000,73,73,73,44,1,73,3650000000,"BASE",66,0.010543870412927276,0.0029936958235904886,0.0029895890285393085,8.1672741920659132e-05,2.2348304944064628e-06,0.011361326329244713
uwb-imu-pl/gate-d-diagnostics/v16,73,3650000000,73,73,73,44,1,73,3650000000,"BASE",67,0.010836674856007951,0.0029944906006032796,0.0041048438823738298,8.1672784671062582e-05,2.2348328123875381e-06,0.011968998062863567
uwb-imu-pl/gate-d-diagnostics/v16,73,3650000000,73,73,73,44,1,73,3650000000,"BASE",68,0.01093854988506999,0.0028277249341913972,0.0064389012211382842,8.167281346406961e-05,2.2348344669560157e-06,0.013004384886265584
uwb-imu-pl/gate-d-diagnostics/v16,73,3650000000,73,73,73,44,1,73,3650000000,"BASE",69,0.010908119594160454,0.0025247173114577902,0.0098740501188563142,8.1672830154863919e-05,2.2348353725976704e-06,0.014928657400404196
uwb-imu-pl/gate-d-diagnostics/v16,73,3650000000,73,73,73,44,1,73,3650000000,"BASE",70,0.010867595438193966,0.002074970172133078,0.014636862749087869,8.1672840354217447e-05,2.2348354767689993e-06,0.018348148637028026
uwb-imu-pl/gate-d-diagnostics/v16,73,3650000000,73,73,73,44,1,73,3650000000,"BASE",71,0.010942217959791549,0.0016078334618627713,0.020465100692617175,8.1672845048345915e-05,2.2348347704329282e-06,0.023262508122034797
uwb-imu-pl/gate-d-diagnostics/v16,73,3650000000,73,73,73,44,1,73,3650000000,"BASE",72,0.01140545328673462,0.0015902575120335027,0.026891340734420285,8.1672848106799009e-05,2.2348335518187281e-06,0.029253447071648755
uwb-imu-pl/gate-d-diagnostics/v16,73,3650000000,73,73,73,44,1,73,3650000000,"BASE",73,0.01906039088573,0.0025253042404730004,0.029853290977675837,8.16728484920036e-05,2.2348329437475366e-06,0.035509172334344981
uwb-imu-pl/gate-d-diagnostics/v16,74,3700000000,74,74,74,45,1,74,3700000000,"BASE",64,0.010250704386270851,0.0029370792135805538,0.0045540062777875978,1.3185164303752358e-05,1.1815178355323387e-06,0.011594935236741532
uwb-imu-pl/gate-d-diagnostics/v16,74,3700000000,74,74,74,45,1,74,3700000000,"BASE",65,0.011065369482066791,0.0031020353866720268,0.0052245775680035264,1.3184994342326712e-05,1.1815161928957264e-06,0.012623842969514572
uwb-imu-pl/gate-d-diagnostics/v16,74,3700000000,74,74,74,45,1,74,3700000000,"BASE",66,0.011848222893501653,0.0033002378852889399,0.0054443503686242819,1.3184875831059017e-05,1.1815148876360478e-06,0.013450393377402036
uwb-imu-pl/gate-d-diagnostics/v16,74,3700000000,74,74,74,45,1,74,3700000000,"BASE",67,0.01245233507569932,0.0034955997053827377,0.0056817776075629052,1.3184811282850625e-05,1.1815138468255461e-06,0.014126664084446487
uwb-imu-pl/gate-d-diagnostics/v16,74,3700000000,74,74,74,45,1,74,3700000000,"BASE",68,0.012855596373467474,0.0036366962928741291,0.0056260625979336889,1.3184795982361374e-05,1.1815129719021771e-06,0.014496367601395905
uwb-imu-pl/gate-d-diagnostics/v16,74,3700000000,74,74,74,45,1,74,3700000000,"BASE",69,0.01336141379688079,0.0037629264871936936,0.0059204371387788432,1.3184820520819308e-05,1.1815123122698639e-06,0.015091015391589642
uwb-imu-pl/gate-d-diagnostics/v16,74,3700000000,74,74,74,45,1,74,3700000000,"BASE",70,0.013729774936713259,0.0038575939132896335,0.0073171232765637554,1.3184873212775033e-05,1.1815118742440231e-06,0.016028980594346352
uwb-imu-pl/gate-d-diagnostics/v16,74,3700000000,74,74,74,45,1,74,3700000000,"BASE",71,0.013908411456035424,0.0039944847895109188,0.010048918559508199,1.3184934515217512e-05,1.181511592386341e-06,0.017617626327576245
uwb-imu-pl/gate-d-diagnostics/v16,74,3700000000,74,74,74,45,1,74,3700000000,"BASE",72,0.013854640393714089,0.0041104662208331999,0.01463874392693989,1.3184988223437607e-05,1.1815113651794305e-06,0.02057036684140922
uwb-imu-pl/gate-d-diagnostics/v16,74,3700000000,74,74,74,45,1,74,3700000000,"BASE",73,0.01393465729235345,0.0042915211987176391,0.01960230667921127,1.3185016603158137e-05,1.1815111382673257e-06,0.024430358786576678
uwb-imu-pl/gate-d-diagnostics/v16,74,3700000000,74,74,74,45,1,74,3700000000,"BASE",74,0.021604181128091007,0.0046851432004378296,0.010957038336682079,1.3185020225178294e-05,1.181511029038703e-06,0.024672820539537423
uwb-imu-pl/gate-d-diagnostics/v16,75,3750000000,75,75,75,46,1,75,3750000000,"BASE",65,0.011776367143309544,0.0030517044386010063,0.0021140215643384291,0.0001414682205277373,1.3927756307957632e-06,0.012348474620224509
uwb-imu-pl/gate-d-diagnostics/v16,75,3750000000,75,75,75,46,1,75,3750000000,"BASE",66,0.012889158799107221,0.0031206948413084056,0.0020095792124756044,0.00014146889517125571,1.3927855931608219e-06,0.013413708467107027
uwb-imu-pl/gate-d-diagnostics/v16,75,3750000000,75,75,75,46,1,75,3750000000,"BASE",67,0.014094075631241456,0.0032432272887232541,0.0031389974740631608,0.00014146954777844684,1.3927950484928163e-06,0.014799824723978151
uwb-imu-pl/gate-d-diagnostics/v16,75,3750000000,75,75,75,46,1,75,3750000000,"BASE",68,0.015613188473344898,0.003400725340114688,0.0049907919182958184,0.00014147016090753557,1.3928040080404977e-06,0.016741105305837643
uwb-imu-pl/gate-d-diagnostics/v16,75,3750000000,75,75,75,46,1,75,3750000000,"BASE",69,0.017837670418144387,0.0036913235881805393,0.0084724880673938182,0.00014147071654977027,1.3928124086480111e-06,0.020090082770727938
uwb-imu-pl/gate-d-diagnostics/v16,75,3750000000,75,75,75,46,1,75,3750000000,"BASE",70,0.020728360150715885,0.0041702757977134823,0.013395716177239041,0.00014147119950502576,1.3928202652935356e-06,0.025030408360795127
uwb-imu-pl/gate-d-diagnostics/v16,75,3750000000,75,75,75,46,1,75,3750000000,"BASE",71,0.024145369808830593,0.0049554207545250426,0.019736930329300278,0.00014147159127781545,1.392827655300304e-06,0.031577230927272992
uwb-imu-pl/gate-d-diagnostics/v16,75,3750000000,75,75,75,46,1,75,3750000000,"BASE",72,0.028194546390554395,0.0061030364178684517,0.028351236003332003,0.00014147187928228251,1.392834680101947e-06,0.040447399160344011
uwb-imu-pl/gate-d-diagnostics/v16,75,3750000000,75,75,75,46,1,75,3750000000,"BASE",73,0.032158579236528623,0.0076608020616744221,0.038320986435357571,0.0001414720556975105,1.3928412953821419e-06,0.050610079276777006
uwb-imu-pl/gate-d-diagnostics/v16,75,3750000000,75,75,75,46,1,75,3750000000,"BASE",74,0.034353572953119881,0.009764383315051247,0.049161650125893651,0.0001414721304345361,1.3928468941266394e-06,0.06076511347453465
uwb-imu-pl/gate-d-diagnostics/v16,75,3750000000,75,75,75,46,1,75,3750000000,"BASE",75,0.037190892750996102,0.012536491633929428,0.063402390766028785,0.00014147213940657639,1.3928491139049886e-06,0.074566810963445029
uwb-imu-pl/gate-d-diagnostics/v16,76,3800000000,76,76,76,47,1,76,3800000000,"BASE",66,0.029319841150911578,0.0082125954919230644,0.00695232179440863,0.00013493513702782315,5.4422203070787548e-07,0.031232239688325825
uwb-imu-pl/gate-d-diagnostics/v16,76,3800000000,76,76,76,47,1,76,3800000000,"BASE",67,0.030426319637523503,0.0085517475605759088,0.0066788260830244733,0.00013493491606258253,5.442278332910731e-07,0.032303532912045532
uwb-imu-pl/gate-d-diagnostics/v16,76,3800000000,76,76,76,47,1,76,3800000000,"BASE",68,0.031031164404939544,0.0087598037498587064,0.0052100854281547648,0.0001349346893869813,5.4423346914824949e-07,0.032662371682069972
uwb-imu-pl/gate-d-diagnostics/v16,76,3800000000,76,76,76,47,1,76,3800000000,"BASE",69,0.031563199070402836,0.0089362602986997938,0.0038410462105127243,0.00013493446343793852,5.4423883857895769e-07,0.033028232276053011
uwb-imu-pl/gate-d-diagnostics/v16,76,3800000000,76,76,76,47,1,76,3800000000,"BASE",70,0.031724522022150321,0.0089883474362500507,0.002801746859822549,0.00013493424994922692,5.4424383865730181e-07,0.033092350780553198
uwb-imu-pl/gate-d-diagnostics/v16,76,3800000000,76,76,76,47,1,76,3800000000,"BASE",71,0.031582778138089733,0.0089631950346356314,0.0041602185929092888,0.00013493405792166445,5.4424829794341374e-07,0.033092844640279825
uwb-imu-pl/gate-d-diagnostics/v16,76,3800000000,76,76,76,47,1,76,3800000000,"BASE",72,0.031014239962103434,0.0087472602232831712,0.0078895609173385041,0.00013493389779503821,5.4425210400739791e-07,0.033176211669841769
uwb-imu-pl/gate-d-diagnostics/v16,76,3800000000,76,76,76,47,1,76,3800000000,"BASE",73,0.030283473206169309,0.0082991656671425381,0.013168240002848428,0.00013493377657375122,5.4425517557233619e-07,0.034049752603981479
uwb-imu-pl/gate-d-diagnostics/v16,76,3800000000,76,76,76,47,1,76,3800000000,"BASE",74,0.029546720095571327,0.0076072892460136215,0.020131638925208351,0.00013493370102117628,5.4425735779350843e-07,0.036553804334069039
uwb-imu-pl/gate-d-diagnostics/v16,76,3800000000,76,76,76,47,1,76,3800000000,"BASE",75,0.030173893809915361,0.006603420356176639,0.028562679659141818,0.00013493367007196894,5.4425844797149508e-07,0.042070344718752976
uwb-imu-pl/gate-d-diagnostics/v16,76,3800000000,76,76,76,47,1,76,3800000000,"BASE",76,0.042375083713767629,0.0058876977128205256,0.026246830845464721,0.00013493366639669168,5.4425869369624827e-07,0.050191902144941167
uwb-imu-pl/gate-d-diagnostics/v16,77,3850000000,77,77,77,48,1,77,3850000000,"BASE",67,0.031979708197191349,0.0087394421593218283,0.0055233101792991676,9.7926295117929034e-05,1.412216005656409e-06,0.033609464924690767
uwb-imu-pl/gate-d-diagnostics/v16,77,3850000000,77,77,77,48,1,77,3850000000,"BASE",68,0.032697082478187721,0.0089090879903255937,0.0055378332088382677,9.7926186378593085e-05,1.4122225635210051e-06,0.034338727984391582
uwb-imu-pl/gate-d-diagnostics/v16,77,3850000000,77,77,77,48,1,77,3850000000,"BASE",69,0.033678640292471161,0.0091357977144619629,0.006090204896833264,9.7926107667984389e-05,1.4122285654602607e-06,0.035423351041814141
uwb-imu-pl/gate-d-diagnostics/v16,77,3850000000,77,77,77,48,1,77,3850000000,"BASE",70,0.034825280522954374,0.0093883030325889044,0.0065231903713226349,9.792605891740589e-05,1.4122338572439613e-06,0.036653812918468927
uwb-imu-pl/gate-d-diagnostics/v16,77,3850000000,77,77,77,48,1,77,3850000000,"BASE",71,0.036217757688247761,0.0097723074768749137,0.0078290647280802178,9.7926034198712598e-05,1.412238319828319e-06,0.038321375385106882
uwb-imu-pl/gate-d-diagnostics/v16,77,3850000000,77,77,77,48,1,77,3850000000,"BASE",72,0.038181072337814821,0.010254871120725512,0.010527893554476283,9.7926028278630872e-05,1.4122418096326556e-06,0.040912135128393909
uwb-imu-pl/gate-d-diagnostics/v16,77,3850000000,77,77,77,48,1,77,3850000000,"BASE",73,0.040780806672472844,0.010849543897118322,0.014579724468710436,9.7926032492876347e-05,1.4122441824434387e-06,0.044647113598965053
uwb-imu-pl/gate-d-diagnostics/v16,77,3850000000,77,77,77,48,1,77,3850000000,"BASE",74,0.04363423248034283,0.01162156127021066,0.019495229908839902,9.7926041032500027e-05,1.4122454186094807e-06,0.049184148983268387
uwb-imu-pl/gate-d-diagnostics/v16,77,3850000000,77,77,77,48,1,77,3850000000,"BASE",75,0.045877187991523502,0.012561191635623851,0.025221981385229953,9.792604870168236e-05,1.4122457048880183e-06,0.053839185077588177
uwb-imu-pl/gate-d-diagnostics/v16,77,3850000000,77,77,77,48,1,77,3850000000,"BASE",76,0.046648162301946426,0.013756052902708713,0.031717946295260278,9.7926052274184273e-05,1.4122453703087325e-06,0.058063049750301805
uwb-imu-pl/gate-d-diagnostics/v16,77,3850000000,77,77,77,48,1,77,3850000000,"BASE",77,0.048343952250195311,0.0155136027611776,0.044034881380880748,9.7926052751117368e-05,1.4122451258458377e-06,0.067207811744880247
uwb-imu-pl/gate-d-diagnostics/v16,78,3900000000,78,78,78,49,1,78,3900000000,"BASE",68,0.04443921287264592,0.012438225306175176,0.0086620698897658284,3.609788568729851e-05,1.3529657865156082e-06,0.046953017466085933
uwb-imu-pl/gate-d-diagnostics/v16,78,3900000000,78,78,78,49,1,78,3900000000,"BASE",69,0.045670580999788518,0.01283997421420874,0.0074627700496469477,3.6098531265669707e-05,1.3529723296577519e-06,0.048024588998014241
uwb-imu-pl/gate-d-diagnostics/v16,78,3900000000,78,78,78,49,1,78,3900000000,"BASE",70,0.04655241687239315,0.01313985091471183,0.005481502199623893,3.6099128012653017e-05,1.3529779401525786e-06,0.048680913817059773
uwb-imu-pl/gate-d-diagnostics/v16,78,3900000000,78,78,78,49,1,78,3900000000,"BASE",71,0.047077836410210051,0.013389523561115602,0.0041533221708032935,3.6099667211362163e-05,1.3529827064322769e-06,0.049120804272031117
uwb-imu-pl/gate-d-diagnostics/v16,78,3900000000,78,78,78,49,1,78,3900000000,"BASE",72,0.047180625216193234,0.01347051373511292,0.0057727686971852533,3.6100138597974192e-05,1.35298672763045e-06,0.04940437530786658
uwb-imu-pl/gate-d-diagnostics/v16,78,3900000000,78,78,78,49,1,78,3900000000,"BASE",73,0.046919781037118011,0.013316936735811755,0.0095962575384403118,3.6100533978711694e-05,1.3529901363339809e-06,0.049708109201818569
uwb-imu-pl/gate-d-diagnostics/v16,78,3900000000,78,78,78,49,1,78,3900000000,"BASE",74,0.045809052381703595,0.012850279746490544,0.015550730132687008,3.6100843009106027e-05,1.3529931758824443e-06,0.050054225420376297
uwb-imu-pl/gate-d-diagnostics/v16,78,3900000000,78,78,78,49,1,78,3900000000,"BASE",75,0.043599008165404525,0.011957440201962276,0.024308726341548795,3.6101060135218472e-05,1.3529963255659018e-06,0.051330004584608846
uwb-imu-pl/gate-d-diagnostics/v16,78,3900000000,78,78,78,49,1,78,3900000000,"BASE",76,0.041259804845358843,0.010711020964657007,0.033807690795110368,3.6101188244442209e-05,1.3529999599597169e-06,0.054406421753379543
uwb-imu-pl/gate-d-diagnostics/v16,78,3900000000,78,78,78,49,1,78,3900000000,"BASE",77,0.04107643800513789,0.0090071602761785993,0.044210229201797756,3.6101240833693929e-05,1.3530038550992014e-06,0.061015968128321996
uwb-imu-pl/gate-d-diagnostics/v16,78,3900000000,78,78,78,49,1,78,3900000000,"BASE",78,0.056987772502904051,0.0073397471023682595,0.039237039955949439,3.610124704502006e-05,1.3530056088224716e-06,0.069577472733672249
uwb-imu-pl/gate-d-diagnostics/v16,79,3950000000,79,79,79,50,1,79,3950000000,"BASE",69,0.046568397509733434,0.012926088379780898,0.0045255814330464215,1.462791421208018e-05,1.1903521971065288e-06,0.048540503809977084
uwb-imu-pl/gate-d-diagnostics/v16,79,3950000000,79,79,79,50,1,79,3950000000,"BASE",70,0.047209163504293251,0.01312830907077845,0.0039098676333232619,1.4627884582823898e-05,1.1903540163751421e-06,0.049156331211096665
uwb-imu-pl/gate-d-diagnostics/v16,79,3950000000,79,79,79,50,1,79,3950000000,"BASE",71,0.047727175235584146,0.013348546710743626,0.0031282266269683045,1.4627856097217333e-05,1.1903555728194295e-06,0.049657355673433282
uwb-imu-pl/gate-d-diagnostics/v16,79,3950000000,79,79,79,50,1,79,3950000000,"BASE",72,0.048263488306450199,0.013550577479776199,0.0030433608084654944,1.4627828997938867e-05,1.190356853004349e-06,0.050221954501424054
uwb-imu-pl/gate-d-diagnostics/v16,79,3950000000,79,79,79,50,1,79,3950000000,"BASE",73,0.048835205090856801,0.013679589959503236,0.002834303312655237,1.462780569181048e-05,1.1903578451354352e-06,0.050794113127250948
uwb-imu-pl/gate-d-diagnostics/v16,79,3950000000,79,79,79,50,1,79,3950000000,"BASE",74,0.049203769581123817,0.013765417681126055,0.0023646681025764759,1.4627785823156887e-05,1.1903585623227362e-06,0.051147722681978688
uwb-imu-pl/gate-d-diagnostics/v16,79,3950000000,79,79,79,50,1,79,3950000000,"BASE",75,0.049143036754201522,0.013754212967920431,0.0022138302015017705,1.4627770291289737e-05,1.1903591292348472e-06,0.051079523248963594
uwb-imu-pl/gate-d-diagnostics/v16,79,3950000000,79,79,79,50,1,79,3950000000,"BASE",76,0.048925107786147413,0.013699485233728617,0.0037786595484984192,1.4627760658354217e-05,1.1903596681859842e-06,0.050947233005601854
uwb-imu-pl/gate-d-diagnostics/v16,79,3950000000,79,79,79,50,1,79,3950000000,"BASE",77,0.048518362463780121,0.013533160356332015,0.0055365847453590468,1.4627753876131199e-05,1.1903602056217398e-06,0.050673779328441915
uwb-imu-pl/gate-d-diagnostics/v16,79,3950000000,79,79,79,50,1,79,3950000000,"BASE",78,0.048526270819211396,0.013417313051120138,0.0071893038060455378,1.4627750543883115e-05,1.1903607067245368e-06,0.0508577383859612
uwb-imu-pl/gate-d-diagnostics/v16,79,3950000000,79,79,79,50,1,79,3950000000,"BASE",79,0.056296485903740902,0.013297963965689169,0.003894117517877967,1.4627750082967894e-05,1.190360932711037e-06,0.057976672355128669
uwb-imu-pl/gate-d-diagnostics/v16,80,4000000000,80,80,80,51,1,80,4000000000,"BASE",70,0.024961519956945285,0.006872431741955046,0.0020491321015202696,3.426133726049052e-05,8.531240831495111e-07,0.025971290178682719
uwb-imu-pl/gate-d-diagnostics/v16,80,4000000000,80,80,80,51,1,80,4000000000,"BASE",71,0.025343745851605291,0.0070060896117826671,0.0017618352489119614,3.4261374442311267e-05,8.5312027126582751e-07,0.026353291700525586
uwb-imu-pl/gate-d-diagnostics/v16,80,4000000000,80,80,80,51,1,80,4000000000,"BASE",72,0.025972282174724876,0.0071603686567507279,0.0027753670489279623,3.4261406554322647e-05,8.5311682660255349e-07,0.027083835723400999
uwb-imu-pl/gate-d-diagnostics/v16,80,4000000000,80,80,80,51,1,80,4000000000,"BASE",73,0.026953766091014842,0.0073111810962774287,0.0041453848569337213,3.4261429311957542e-05,8.531139237245895e-07,0.028233743387959438
uwb-imu-pl/gate-d-diagnostics/v16,80,4000000000,80,80,80,51,1,80,4000000000,"BASE",74,0.028179961564336026,0.0075248744278487338,0.0054643706995481369,3.4261442930342675e-05,8.5311171694399246e-07,0.029674812394330296
uwb-imu-pl/gate-d-diagnostics/v16,80,4000000000,80,80,80,51,1,80,4000000000,"BASE",75,0.029471500042866756,0.007776442226446279,0.0067338080115755348,3.4261449279613292e-05,8.5311026654288926e-07,0.031215184019790985
uwb-imu-pl/gate-d-diagnostics/v16,80,4000000000,80,80,80,51,1,80,4000000000,"BASE",76,0.031146348159001722,0.008170927826671481,0.009265504427971848,3.4261450055792902e-05,8.5310961853972821e-07,0.033506862163890344
uwb-imu-pl/gate-d-diagnostics/v16,80,4000000000,80,80,80,51,1,80,4000000000,"BASE",77,0.033045334957079647,0.0086852732054074587,0.012611061134173698,3.4261446903758035e-05,8.5310988913188273e-07,0.036420710736922282
uwb-imu-pl/gate-d-diagnostics/v16,80,4000000000,80,80,80,51,1,80,4000000000,"BASE",78,0.035107167742769216,0.009514532633598919,0.017388323372979908,3.4261442263681253e-05,8.5311115948461737e-07,0.040316181893283218
uwb-imu-pl/gate-d-diagnostics/v16,80,4000000000,80,80,80,51,1,80,4000000000,"BASE",79,0.035735118037896009,0.010457644195791274,0.022321098064613326,3.4261439057142832e-05,8.5311308434623706e-07,0.043411905932499911
uwb-imu-pl/gate-d-diagnostics/v16,80,4000000000,80,80,80,51,1,80,4000000000,"BASE",80,0.037322699667233811,0.011799647814060928,0.033128964005015152,3.4261438614443644e-05,8.5311402473423609e-07,0.051281039669706166
uwb-imu-pl/gate-d-diagnostics/v16,81,4050000000,81,81,81,52,1,81,4050000000,"BASE",71,0.02874251238850237,0.008082203993725617,0.0027095092552241649,1.4208116005646079e-05,7.8142762154920947e-07,0.029979921325526213
uwb-imu-pl/gate-d-diagnostics/v16,81,4050000000,81,81,81,52,1,81,4050000000,"BASE",72,0.029241337560525226,0.0082712015734992868,0.0028263551025311147,1.4207886519872604e-05,7.814304659370515e-07,0.030519781837986936
uwb-imu-pl/gate-d-diagnostics/v16,81,4050000000,81,81,81,52,1,81,4050000000,"BASE",73,0.029840503016367936,0.0084045069900487816,0.0029463693021988292,1.4207660517853193e-05,7.8143313273132894e-07,0.031141172947543858
uwb-imu-pl/gate-d-diagnostics/v16,81,4050000000,81,81,81,52,1,81,4050000000,"BASE",74,0.030298913169495921,0.0085039763940092487,0.0023925628178808177,1.4207442386069939e-05,7.814355856212639e-07,0.031560518263521686
uwb-imu-pl/gate-d-diagnostics/v16,81,4050000000,81,81,81,52,1,81,4050000000,"BASE",75,0.030337602000959488,0.0085021634221643209,0.0015027767147454644,1.420723920451895e-05,7.8143783508480491e-07,0.031542279853182489
uwb-imu-pl/gate-d-diagnostics/v16,81,4050000000,81,81,81,52,1,81,4050000000,"BASE",76,0.030236576900132449,0.0084866362682956102,0.0013893234373834945,1.4207058455392922e-05,7.8143991275348598e-07,0.031435712173462763
uwb-imu-pl/gate-d-diagnostics/v16,81,4050000000,81,81,81,52,1,81,4050000000,"BASE",77,0.029963871421463704,0.0083775748413210272,0.0026011917848027893,1.4206906766405056e-05,7.8144183400769347e-07,0.031221527059580562
uwb-imu-pl/gate-d-diagnostics/v16,81,4050000000,81,81,81,52,1,81,4050000000,"BASE",78,0.029683184871434197,0.0083160318075322856,0.0040625406725278198,1.4206791532697009e-05,7.8144360027907927e-07,0.03109264042012436
uwb-imu-pl/gate-d-diagnostics/v16,81,4050000000,81,81,81,52,1,81,4050000000,"BASE",79,0.029412737903923958,0.008079833496867023,0.0062021074982891175,1.4206718465446905e-05,7.8144516575818246e-07,0.031126503179828277
uwb-imu-pl/gate-d-diagnostics/v16,81,4050000000,81,81,81,52,1,81,4050000000,"BASE",80,0.029615559042576886,0.0078224188460248451,0.0091037109922391876,1.4206686917715254e-05,7.8144636034949339e-07,0.031955427242924328
uwb-imu-pl/gate-d-diagnostics/v16,81,4050000000,81,81,81,52,1,81,4050000000,"BASE",81,0.037599327421342969,0.0077693837633607665,0.01574129121061054,1.4206683114915357e-05,7.8144680242232226e-07,0.041495315374358535
uwb-imu-pl/gate-d-diagnostics/v16,82,4100000000,82,82,82,53,1,82,4100000000,"BASE",72,0.035302549732682931,0.0098603964028238997,0.0020368535984163737,0.00012777307690803389,7.2025234671954988e-07,0.036710523476364401
uwb-imu-pl/gate-d-diagnostics/v16,82,4100000000,82,82,82,53,1,82,4100000000,"BASE",73,0.035872401978224437,0.0099322396282790822,0.0032230480538981187,0.0001277735001695148,7.202559062118667e-07,0.037361517274660139
uwb-imu-pl/gate-d-diagnostics/v16,82,4100000000,82,82,82,53,1,82,4100000000,"BASE",74,0.036515172653967545,0.010016453367456263,0.0041476164766178179,0.0001277738943723858,7.2025901707074599e-07,0.038090762937166976
uwb-imu-pl/gate-d-diagnostics/v16,82,4100000000,82,82,82,53,1,82,4100000000,"BASE",75,0.036988548186018003,0.010071389738328541,0.0045870154435636943,0.0001277742539328887,7.2026167628253812e-07,0.038608841288348995
uwb-imu-pl/gate-d-diagnostics/v16,82,4100000000,82,82,82,53,1,82,4100000000,"BASE",76,0.037702993593674808,0.010210383239768511,0.0064011281476196377,0.00012777457183883308,7.2026386771151479e-07,0.039582299330001867
uwb-imu-pl/gate-d-diagnostics/v16,82,4100000000,82,82,82,53,1,82,4100000000,"BASE",77,0.038787512779709196,0.010412999812970846,0.0081359240703579028,0.00012777484088689729,7.2026548372658026e-07,0.040976960601640654
uwb-imu-pl/gate-d-diagnostics/v16,82,4100000000,82,82,82,53,1,82,4100000000,"BASE",78,0.040348056696409368,0.010852875974155452,0.011423702115792704,0.00012777505425955795,7.2026633416690696e-07,0.043315908083528698
uwb-imu-pl/gate-d-diagnostics/v16,82,4100000000,82,82,82,53,1,82,4100000000,"BASE",79,0.042167304174781803,0.011366648292812753,0.01512609221663358,0.00012777520786779226,7.2026629445647265e-07,0.046217931883087392
uwb-imu-pl/gate-d-diagnostics/v16,82,4100000000,82,82,82,53,1,82,4100000000,"BASE",80,0.043872090096849288,0.012120127512489896,0.019517129289348373,0.00012777530082414064,7.2026536749472786e-07,0.049523655389404557
uwb-imu-pl/gate-d-diagnostics/v16,82,4100000000,82,82,82,53,1,82,4100000000,"BASE",81,0.044286408147327087,0.013104884855426557,0.024199055147381521,0.00012777533981124902,7.2026386041684121e-07,0.052140526951191077
uwb-imu-pl/gate-d-diagnostics/v16,82,4100000000,82,82,82,53,1,82,4100000000,"BASE",82,0.046245268031533261,0.014552582232581346,0.038215127337177295,0.00012777534447427094,7.202631131680807e-07,0.061731796907254409
uwb-imu-pl/gate-d-diagnostics/v16,83,4150000000,83,83,83,54,1,83,4150000000,"BASE",73,0.031627014879912992,0.0088198016224208201,0.0018596602052876044,0.00012782290396384709,1.3753051332715345e-06,0.032886648469226336
uwb-imu-pl/gate-d-diagnostics/v16,83,4150000000,83,83,83,54,1,83,4150000000,"BASE",74,0.032118398381622601,0.0088828602332239048,0.001765894132963795,0.00012782283479113917,1.3753080051456612e-06,0.033371116900412695
uwb-imu-pl/gate-d-diagnostics/v16,83,4150000000,83,83,83,54,1,83,4150000000,"BASE",75,0.032286464337553646,0.0088779497504840998,0.0015551774187894895,0.00012782277667768225,1.3753105831208862e-06,0.033521167768290436
uwb-imu-pl/gate-d-diagnostics/v16,83,4150000000,83,83,83,54,1,83,4150000000,"BASE",76,0.032528114779370315,0.0089189583027270355,0.0016377528107154162,0.0001278227288552418,1.3753128462247221e-06,0.03376869323968839
uwb-imu-pl/gate-d-diagnostics/v16,83,4150000000,83,83,83,54,1,83,4150000000,"BASE",77,0.033026804965665776,0.0089682629760054703,0.0021864466642528562,0.00012782269000750492,1.3753147771827072e-06,0.034292805026624899
uwb-imu-pl/gate-d-diagnostics/v16,83,4150000000,83,83,83,54,1,83,4150000000,"BASE",78,0.033717759870861806,0.0091597578924386743,0.0035773064342235336,0.00012782265909724362,1.3753163284788526e-06,0.035122670132055764
uwb-imu-pl/gate-d-diagnostics/v16,83,4150000000,83,83,83,54,1,83,4150000000,"BASE",79,0.034712411203693054,0.0093447504654374375,0.0055388802320217728,0.00012782263569696342,1.3753174129730804e-06,0.036372673638020402
uwb-imu-pl/gate-d-diagnostics/v16,83,4150000000,83,83,83,54,1,83,4150000000,"BASE",80,0.035880918546452076,0.0096796526712602839,0.0079795170050672871,0.00012782261945223607,1.3753180883546567e-06,0.038010854025147429
uwb-imu-pl/gate-d-diagnostics/v16,83,4150000000,83,83,83,54,1,83,4150000000,"BASE",81,0.037024989203044208,0.010119275973789414,0.010722778304407612,0.00012782261021013113,1.3753184479129303e-06,0.03985277765471195
uwb-imu-pl/gate-d-diagnostics/v16,83,4150000000,83,83,83,54,1,83,4150000000,"BASE",82,0.03730139413707375,0.010726922830859418,0.013723382615167487,0.00012782260645340064,1.3753185948617629e-06,0.041168051312893549
uwb-imu-pl/gate-d-diagnostics/v16,83,4150000000,83,83,83,54,1,83,4150000000,"BASE",83,0.040600594341610667,0.011790444047744533,0.030335322769313285,0.00012782260600662583,1.3753186234124467e-06,0.052035285910270034
uwb-imu-pl/gate-d-diagnostics/v16,84,4200000000,84,84,84,55,1,84,4200000000,"BASE",74,0.03186867002677355,0.0089335896360426912,0.0056426231164004807,4.7157461129311157e-05,1.0043283375183582e-06,0.033574731175828307
uwb-imu-pl/gate-d-diagnostics/v16,84,4200000000,84,84,84,55,1,84,4200000000,"BASE",75,0.032317354769483199,0.0090657673003215582,0.0058603842666719698,4.7157161657390168e-05,1.004326561884252e-06,0.034072655966329385
uwb-imu-pl/gate-d-diagnostics/v16,84,4200000000,84,84,84,55,1,84,4200000000,"BASE",76,0.032600387754890013,0.0091938944297186766,0.0057491006020193476,4.715691636525775e-05,1.0043247507929368e-06,0.03435647477651866
uwb-imu-pl/gate-d-diagnostics/v16,84,4200000000,84,84,84,55,1,84,4200000000,"BASE",77,0.03281688303560118,0.0092411267750118608,0.0061933485520731038,4.7156723248181404e-05,1.0043230900226405e-06,0.034651205279136371
uwb-imu-pl/gate-d-diagnostics/v16,84,4200000000,84,84,84,55,1,84,4200000000,"BASE",78,0.032675238989866809,0.0092927837727625126,0.0066676336595716734,4.7156578035425393e-05,1.004321709185779e-06,0.034619165741854578
uwb-imu-pl/gate-d-diagnostics/v16,84,4200000000,84,84,84,55,1,84,4200000000,"BASE",79,0.032362587829129319,0.0091471800302117406,0.0078881311970717231,4.7156475792086923e-05,1.0043208159698054e-06,0.034543202399709545
uwb-imu-pl/gate-d-diagnostics/v16,84,4200000000,84,84,84,55,1,84,4200000000,"BASE",80,0.031653870457108706,0.0089454676130815095,0.011173670993956535,4.7156409386345367e-05,1.0043206055889462e-06,0.034739632323168033
uwb-imu-pl/gate-d-diagnostics/v16,84,4200000000,84,84,84,55,1,84,4200000000,"BASE",81,0.030585888038717288,0.0085849626202159513,0.016347900739645749,4.7156371505851426e-05,1.0043212369346545e-06,0.035727499403579853
uwb-imu-pl/gate-d-diagnostics/v16,84,4200000000,84,84,84,55,1,84,4200000000,"BASE",82,0.029290954815675931,0.0081065146974335506,0.02312273821325473,4.7156353257985269e-05,1.0043227972355377e-06,0.03818820317536166
uwb-imu-pl/gate-d-diagnostics/v16,84,4200000000,84,84,84,55,1,84,4200000000,"BASE",83,0.02902061197565901,0.0075723738595519126,0.030498162503982025,4.715634725798837e-05,1.0043249021492027e-06,0.042774722747899119
uwb-imu-pl/gate-d-diagnostics/v16,84,4200000000,84,84,84,55,1,84,4200000000,"BASE",84,0.039893431495567698,0.0073881043169933183,0.021903389836672827,4.7156346603430568e-05,1.0043258956558204e-06,0.046106731319377717
uwb-imu-pl/gate-d-diagnostics/v16,85,4250000000,85,85,85,56,1,85,4250000000,"BASE",75,0.0091825863200585903,0.0025878504136143828,0.0029387753143977589,9.5883868658469133e-05,1.5710788066130135e-06,0.0099831086251549166
uwb-imu-pl/gate-d-diagnostics/v16,85,4250000000,85,85,85,56,1,85,4250000000,"BASE",76,0.0091770134364688137,0.0026097989276758649,0.003744054824143955,9.5883863666929102e-05,1.5710844817769884e-06,0.010249671641854729
uwb-imu-pl/gate-d-diagnostics/v16,85,4250000000,85,85,85,56,1,85,4250000000,"BASE",77,0.0090599036496576985,0.0025814379744914938,0.004617486821922338,9.5883845854943369e-05,1.5710898481077469e-06,0.01049171372503431
uwb-imu-pl/gate-d-diagnostics/v16,85,4250000000,85,85,85,56,1,85,4250000000,"BASE",78,0.0091548717432414894,0.0026866567425711365,0.004781099714581398,9.5883815952111883e-05,1.5710948148020997e-06,0.010672296460597185
uwb-imu-pl/gate-d-diagnostics/v16,85,4250000000,85,85,85,56,1,85,4250000000,"BASE",79,0.0092800814957651329,0.0027012823717726241,0.0055128161726897065,9.5883778149617106e-05,1.5710992137494847e-06,0.011127316717934569
uwb-imu-pl/gate-d-diagnostics/v16,85,4250000000,85,85,85,56,1,85,4250000000,"BASE",80,0.0096735002223612022,0.0027425463072896332,0.0054268429307730223,9.5883737235054285e-05,1.5711029657167747e-06,0.01142619740571473
uwb-imu-pl/gate-d-diagnostics/v16,85,4250000000,85,85,85,56,1,85,4250000000,"BASE",81,0.010188432771194623,0.0027596813288861045,0.006433472778317263,9.5883699115558823e-05,1.5711060833034115e-06,0.012361988978786332
uwb-imu-pl/gate-d-diagnostics/v16,85,4250000000,85,85,85,56,1,85,4250000000,"BASE",82,0.010572290745028417,0.0027783153284224016,0.0095892186567665336,9.5883667955364891e-05,1.5711086194563666e-06,0.014541481295074538
uwb-imu-pl/gate-d-diagnostics/v16,85,4250000000,85,85,85,56,1,85,4250000000,"BASE",83,0.011121502715054321,0.002861650596084855,0.014702530872286533,9.588364788812732e-05,1.5711106078617151e-06,0.01865611098187114
uwb-imu-pl/gate-d-diagnostics/v16,85,4250000000,85,85,85,56,1,85,4250000000,"BASE",84,0.012072078677278724,0.0031593250686902928,0.021001161264088578,9.58836393482823e-05,1.5711120254294999e-06,0.024428966188952916
uwb-imu-pl/gate-d-diagnostics/v16,85,4250000000,85,85,85,56,1,85,4250000000,"BASE",85,0.018057302165955587,0.0039580194996563581,0.030198364634246692,9.5883638331128017e-05,1.5711125366911715e-06,0.035407379211058528
uwb-imu-pl/gate-d-diagnostics/v16,86,4300000000,86,86,86,57,1,86,4300000000,"BASE",76,0.018567490753961552,0.0051726049388474086,0.0028047508566193804,8.0317227563065204e-05,2.6817165403449562e-06,0.019477695966622709
uwb-imu-pl/gate-d-diagnostics/v16,86,4300000000,86,86,86,57,1,86,4300000000,"BASE",77,0.018242909484424984,0.0050534895343195456,0.0041478607913030775,8.031814931126249e-05,2.6817213679980341e-06,0.019379182394290217
uwb-imu-pl/gate-d-diagnostics/v16,86,4300000000,86,86,86,57,1,86,4300000000,"BASE",78,0.018092504021311039,0.005056935088906438,0.0049237874848625579,8.0318997093663453e-05,2.681726474658418e-06,0.019420644576934345
uwb-imu-pl/gate-d-diagnostics/v16,86,4300000000,86,86,86,57,1,86,4300000000,"BASE",79,0.017957601247790743,0.0049616261542052139,0.0060038600729756747,8.0319760481085319e-05,2.6817318702972991e-06,0.019574114817795207
uwb-imu-pl/gate-d-diagnostics/v16,86,4300000000,86,86,86,57,1,86,4300000000,"BASE",80,0.017913021908501831,0.0049404398689101691,0.0078335961549052691,8.0320427590047506e-05,2.6817376291414008e-06,0.020165713160553864
uwb-imu-pl/gate-d-diagnostics/v16,86,4300000000,86,86,86,57,1,86,4300000000,"BASE",81,0.017901102642563269,0.0049365843748520426,0.01011964948579434,8.0320986829214485e-05,2.6817438258191157e-06,0.02114788654872235
uwb-imu-pl/gate-d-diagnostics/v16,86,4300000000,86,86,86,57,1,86,4300000000,"BASE",82,0.017857841718901098,0.0050405668598342279,0.012616408917142359,8.0321428665360253e-05,2.6817504382218149e-06,0.022438584131224078
uwb-imu-pl/gate-d-diagnostics/v16,86,4300000000,86,86,86,57,1,86,4300000000,"BASE",83,0.017772643110338014,0.0052374691728987923,0.015240647545863757,8.0321746011897838e-05,2.6817572382589757e-06,0.023991284310275217
uwb-imu-pl/gate-d-diagnostics/v16,86,4300000000,86,86,86,57,1,86,4300000000,"BASE",84,0.017487773321458372,0.0056187232016411161,0.017708390055361435,8.0321938234678675e-05,2.6817637385585673e-06,0.02551442343690748
uwb-imu-pl/gate-d-diagnostics/v16,86,4300000000,86,86,86,57,1,86,4300000000,"BASE",85,0.017641589024085247,0.0061975891538813017,0.01950604983327282,8.0322019130304526e-05,2.6817689036475083e-06,0.02702088476589537
uwb-imu-pl/gate-d-diagnostics/v16,86,4300000000,86,86,86,57,1,86,4300000000,"BASE",86,0.025177557309263816,0.0070805157716013261,0.023897063729608502,8.0322028796183612e-05,2.6817708374076468e-06,0.035427661641298513
uwb-imu-pl/gate-d-diagnostics/v16,87,4350000000,87,87,87,58,1,87,4350000000,"BASE",77,0.024843696736045501,0.0069124290520630304,0.0020304465906898946,0.00011177700710557164,2.9308367040313857e-06,0.025867472991368295
uwb-imu-pl/gate-d-diagnostics/v16,87,4350000000,87,87,87,58,1,87,4350000000,"BASE",78,0.024677960200938355,0.0069356658504648241,0.0012119383321578512,0.00011177723378597095,2.9308394936981762e-06,0.025662939771763638
uwb-imu-pl/gate-d-diagnostics/v16,87,4350000000,87,87,87,58,1,87,4350000000,"BASE",79,0.024440373771685731,0.0068421809869701755,0.002088234030976768,0.00011177744261624843,2.9308422089533366e-06,0.025466066341561337
uwb-imu-pl/gate-d-diagnostics/v16,87,4350000000,87,87,87,58,1,87,4350000000,"BASE",80,0.024171466720013753,0.0067762464062714545,0.0022904463569386017,0.00011177763122747849,2.9308448346354938e-06,0.025207855245894022
uwb-imu-pl/gate-d-diagnostics/v16,87,4350000000,87,87,87,58,1,87,4350000000,"BASE",81,0.023806599310502177,0.0066599433346188125,0.0023614017571362586,0.00011177779647118204,2.9308474037782887e-06,0.024833399627827702
uwb-imu-pl/gate-d-diagnostics/v16,87,4350000000,87,87,87,58,1,87,4350000000,"BASE",82,0.023224642217490266,0.0065267046470743103,0.0031543587482944181,0.0001117779360223508,2.9308499233289655e-06,0.024329906734107648
uwb-imu-pl/gate-d-diagnostics/v16,87,4350000000,87,87,87,58,1,87,4350000000,"BASE",83,0.02256803472179475,0.0063432039711037247,0.0041637711958508149,0.00011177804711671319,2.9308523499804771e-06,0.023809702251734882
uwb-imu-pl/gate-d-diagnostics/v16,87,4350000000,87,87,87,58,1,87,4350000000,"BASE",84,0.021794830445688404,0.0061315887261186117,0.005425483787848075,0.00011177812730864885,2.9308546588776937e-06,0.023282168965421308
uwb-imu-pl/gate-d-diagnostics/v16,87,4350000000,87,87,87,58,1,87,4350000000,"BASE",85,0.021391350543539338,0.0058523400451496481,0.0065233495800688379,0.00011177817650761049,2.9308567455128948e-06,0.023117230690008955
uwb-imu-pl/gate-d-diagnostics/v16,87,4350000000,87,87,87,58,1,87,4350000000,"BASE",86,0.021412199131018918,0.0055238593577227463,0.0084751034541628439,0.00011177819742539676,2.930858360837884e-06,0.023681958857839903
uwb-imu-pl/gate-d-diagnostics/v16,87,4350000000,87,87,87,58,1,87,4350000000,"BASE",87,0.029348912138097517,0.0054310391834171299,0.02079697924189482,0.00011177819993701325,2.9308589590124188e-06,0.036378313304018091
uwb-imu-pl/gate-d-diagnostics/v16,88,4400000000,88,88,88,59,1,88,4400000000,"BASE",78,0.024146299066355844,0.0067475679230362146,0.0024306996361229847,5.9364390732733789e-05,1.7617504649425566e-06,0.025188990837935226
uwb-imu-pl/gate-d-diagnostics/v16,88,4400000000,88,88,88,59,1,88,4400000000,"BASE",79,0.023916035573303639,0.0066395935696478359,0.0040489676398525578,5.9365130069161156e-05,1.7617468890116153e-06,0.025148730118728209
uwb-imu-pl/gate-d-diagnostics/v16,88,4400000000,88,88,88,59,1,88,4400000000,"BASE",80,0.023716262624919836,0.0065781503661460098,0.0051512201248344767,5.93658223598425e-05,1.7617430285907278e-06,0.02514501484018053
uwb-imu-pl/gate-d-diagnostics/v16,88,4400000000,88,88,88,59,1,88,4400000000,"BASE",81,0.023521797311177726,0.00650025713008766,0.0060673528824956493,5.9366454961281336e-05,1.7617388273408468e-06,0.025146462772839637
uwb-imu-pl/gate-d-diagnostics/v16,88,4400000000,88,88,88,59,1,88,4400000000,"BASE",82,0.023263372367413115,0.0064646911601594663,0.0075925768847062364,5.9367014178439824e-05,1.7617342096262671e-06,0.02531061984617167
uwb-imu-pl/gate-d-diagnostics/v16,88,4400000000,88,88,88,59,1,88,4400000000,"BASE",83,0.023118657352922838,0.0064618378031520967,0.0093186167097087224,5.9367487141577838e-05,1.7617290946034594e-06,0.025750103117866928
uwb-imu-pl/gate-d-diagnostics/v16,88,4400000000,88,88,88,59,1,88,4400000000,"BASE",84,0.022991154264611693,0.0065487364348240876,0.011488565155431393,5.9367863019046549e-05,1.7617235249759573e-06,0.026523004737197226
uwb-imu-pl/gate-d-diagnostics/v16,88,4400000000,88,88,88,59,1,88,4400000000,"BASE",85,0.02314375726378826,0.0067259298983648116,0.014191685296958446,5.936813360360802e-05,1.761717690165348e-06,0.027969252627299726
uwb-imu-pl/gate-d-diagnostics/v16,88,4400000000,88,88,88,59,1,88,4400000000,"BASE",86,0.022988553625199332,0.0070101954773477398,0.016498106523160229,5.9368297996252171e-05,1.7617120478272875e-06,0.029151457681516894
uwb-imu-pl/gate-d-diagnostics/v16,88,4400000000,88,88,88,59,1,88,4400000000,"BASE",87,0.022690645463368908,0.0074589500916403557,0.018528765951071134,5.9368367309435998e-05,1.7617075172538592e-06,0.030229456220549338
uwb-imu-pl/gate-d-diagnostics/v16,88,4400000000,88,88,88,59,1,88,4400000000,"BASE",88,0.02982825715834013,0.0082474316306834859,0.030359958683354643,5.9368375610456886e-05,1.7617058134825488e-06,0.043352920000497064
uwb-imu-pl/gate-d-diagnostics/v16,89,4450000000,89,89,89,60,1,89,4450000000,"BASE",79,0.02393707734823981,0.0066886571096109841,0.0050757083708911606,0.00010438088274621965,1.4422027363349673e-06,0.025367213461878924
uwb-imu-pl/gate-d-diagnostics/v16,89,4450000000,89,89,89,60,1,89,4450000000,"BASE",80,0.02408729042228671,0.0067461902078170093,0.0056045854715442217,0.00010438139810261713,1.4422165196767957e-06,0.025634564908960992
uwb-imu-pl/gate-d-diagnostics/v16,89,4450000000,89,89,89,60,1,89,4450000000,"BASE",81,0.024236409119705919,0.0067799038324521475,0.0061346884140444872,0.00010438193670789504,1.4422297954959913e-06,0.025903975034755045
uwb-imu-pl/gate-d-diagnostics/v16,89,4450000000,89,89,89,60,1,89,4450000000,"BASE",82,0.024354191696978379,0.0068351872978509578,0.0056113686878833139,0.00010438247949002271,1.4422424479786302e-06,0.025910322169809444
uwb-imu-pl/gate-d-diagnostics/v16,89,4450000000,89,89,89,60,1,89,4450000000,"BASE",83,0.024508909981586346,0.0068512917043902603,0.0044617336873667267,0.00010438300286222218,1.4422544097738889e-06,0.025836888974729851
uwb-imu-pl/gate-d-diagnostics/v16,89,4450000000,89,89,89,60,1,89,4450000000,"BASE",84,0.024684201086084698,0.0068611789671186429,0.0036482472854382081,0.0001043834808280924,1.4422656021227458e-06,0.025878681696021602
uwb-imu-pl/gate-d-diagnostics/v16,89,4450000000,89,89,89,60,1,89,4450000000,"BASE",85,0.025270902752203894,0.0068029602672245925,0.0077755127555939755,0.00010438388641173804,1.4422759875691951e-06,0.027301433863390574
uwb-imu-pl/gate-d-diagnostics/v16,89,4450000000,89,89,89,60,1,89,4450000000,"BASE",86,0.025793007112997222,0.0067179033974752826,0.015560931075621131,0.00010438419602490885,1.4422855099656493e-06,0.030863618000320926
uwb-imu-pl/gate-d-diagnostics/v16,89,4450000000,89,89,89,60,1,89,4450000000,"BASE",87,0.026856289306945766,0.0066787059622314109,0.02607589557424277,0.00010438439249536059,1.4422939675106456e-06,0.038024053135465939
uwb-imu-pl/gate-d-diagnostics/v16,89,4450000000,89,89,89,60,1,89,4450000000,"BASE",88,0.02999910477568165,0.0069243097259803835,0.038754758581687178,0.00010438447711124328,1.4423005774282448e-06,0.049495803493304166
uwb-imu-pl/gate-d-diagnostics/v16,89,4450000000,89,89,89,60,1,89,4450000000,"BASE",89,0.044026376980029897,0.0078120809896850317,0.039557571678406643,0.00010438448734995679,1.4423030735583889e-06,0.059700610170004303
uwb-imu-pl/gate-d-diagnostics/v16,90,4500000000,90,90,90,61,1,90,4500000000,"BASE",80,0.0048537863656206949,0.0013312332474178323,0.0014700425433382374,0.0001319783645275512,2.2350390519287882e-06,0.0052449854533109302
uwb-imu-pl/gate-d-diagnostics/v16,90,4500000000,90,90,90,61,1,90,4500000000,"BASE",81,0.0047067494989622635,0.0012411795008672672,0.0012866740967987585,0.00013197849217414718,2.2350410798879063e-06,0.0050365634065831768
uwb-imu-pl/gate-d-diagnostics/v16,90,4500000000,90,90,90,61,1,90,4500000000,"BASE",82,0.0044592684170194899,0.0011717172005647136,0.0011564313927348369,0.0001319786229539017,2.2350430596757246e-06,0.0047552868400932069
uwb-imu-pl/gate-d-diagnostics/v16,90,4500000000,90,90,90,61,1,90,4500000000,"BASE",83,0.0043808921138335684,0.0011037893841805506,0.00082026258353634087,0.00013197875070632316,2.2350450235659791e-06,0.0045935629754791435
uwb-imu-pl/gate-d-diagnostics/v16,90,4500000000,90,90,90,61,1,90,4500000000,"BASE",84,0.0043371168329238569,0.0010871286490649436,0.00040360379773305674,0.00013197887069553779,2.2350469719846644e-06,0.0044914085279941767
uwb-imu-pl/gate-d-diagnostics/v16,90,4500000000,90,90,90,61,1,90,4500000000,"BASE",85,0.0047330484150180504,0.0010971832861973621,0.0012064735407373568,0.00013197897749506502,2.2350488814889603e-06,0.0050078498692412094
uwb-imu-pl/gate-d-diagnostics/v16,90,4500000000,90,90,90,61,1,90,4500000000,"BASE",86,0.0051085019437233986,0.0011611612395673553,0.0021938478598011683,0.00013197906535811075,2.2350507537799818e-06,0.0056811512419929627
uwb-imu-pl/gate-d-diagnostics/v16,90,4500000000,90,90,90,61,1,90,4500000000,"BASE",87,0.0056285261172978945,0.0013013296594986559,0.003557807964189173,0.00013197912902408775,2.2350525364154224e-06,0.006785955064086492
uwb-imu-pl/gate-d-diagnostics/v16,90,4500000000,90,90,90,61,1,90,4500000000,"BASE",88,0.0061318026918372043,0.0014993078164707262,0.0051303039987070165,0.00013197916739002687,2.2350541156077517e-06,0.0081353777291157964
uwb-imu-pl/gate-d-diagnostics/v16,90,4500000000,90,90,90,61,1,90,4500000000,"BASE",89,0.0063471906496561595,0.0017800703720044387,0.0070619140585229979,0.00013197918522782207,2.2350554006608729e-06,0.0096614457170312446
uwb-imu-pl/gate-d-diagnostics/v16,90,4500000000,90,90,90,61,1,90,4500000000,"BASE",90,0.011849426692690788,0.0023315676398139046,0.015786321770347021,0.00013197918745980002,2.235055912308612e-06,0.019876380433640581
uwb-imu-pl/gate-d-diagnostics/v16,91,4550000000,91,91,91,62,1,91,4550000000,"BASE",81,0.0081990112282401273,0.0022154888796289017,0.0025968633371319222,5.4422826993848254e-05,9.3391953270676533e-07,0.0088813759071784959
uwb-imu-pl/gate-d-diagnostics/v16,91,4550000000,91,91,91,62,1,91,4550000000,"BASE",82,0.0078521410664379124,0.0021021614292122603,0.0025219152126384052,5.4422369089481141e-05,9.3391674731953518e-07,0.0085110646224725185
uwb-imu-pl/gate-d-diagnostics/v16,91,4550000000,91,91,91,62,1,91,4550000000,"BASE",83,0.0077978649450583144,0.0020129198817858741,0.002120953732582428,5.4421927145746644e-05,9.3391381363028494e-07,0.0083282622140493853
uwb-imu-pl/gate-d-diagnostics/v16,91,4550000000,91,91,91,62,1,91,4550000000,"BASE",84,0.0079178953364558401,0.0019729242623522862,0.0012585812126631487,5.4421509242673596e-05,9.3391072859979411e-07,0.0082566631241545504
uwb-imu-pl/gate-d-diagnostics/v16,91,4550000000,91,91,91,62,1,91,4550000000,"BASE",85,0.008546084280243461,0.0019730698169739156,0.0015278681054953795,5.4421125272611355e-05,9.3390750364091687e-07,0.0089031401486513208
uwb-imu-pl/gate-d-diagnostics/v16,91,4550000000,91,91,91,62,1,91,4550000000,"BASE",86,0.0094076796340278809,0.0020442259499172761,0.0034630406039294331,5.4420786669540962e-05,9.3390415227459357e-07,0.010231271111131833
uwb-imu-pl/gate-d-diagnostics/v16,91,4550000000,91,91,91,62,1,91,4550000000,"BASE",87,0.01050348842884196,0.0022115600360990196,0.0063942354158816285,5.4420505409586778e-05,9.3390068845224764e-07,0.012494137664736275
uwb-imu-pl/gate-d-diagnostics/v16,91,4550000000,91,91,91,62,1,91,4550000000,"BASE",88,0.011805421966327561,0.0025123552757480416,0.0099250364619619218,5.4420294915343256e-05,9.3389720539751488e-07,0.015626555220091362
uwb-imu-pl/gate-d-diagnostics/v16,91,4550000000,91,91,91,62,1,91,4550000000,"BASE",89,0.013396135649277529,0.002982204111073773,0.013897849071669906,5.4420165826163006e-05,9.3389404408699247e-07,0.019532105952494532
uwb-imu-pl/gate-d-diagnostics/v16,91,4550000000,91,91,91,62,1,91,4550000000,"BASE",90,0.015097070924381388,0.0036884466789880834,0.019230049977735166,5.4420110488784819e-05,9.3389167418849367e-07,0.024724966612036339
uwb-imu-pl/gate-d-diagnostics/v16,91,4550000000,91,91,91,62,1,91,4550000000,"BASE",91,0.020695560984152244,0.0048345624792767421,0.029844224040405369,5.4420103804817454e-05,9.3389081036292099e-07,0.036638230167525224
uwb-imu-pl/gate-d-diagnostics/v16,92,4600000000,92,92,92,63,1,92,4600000000,"BASE",82,0.0025700358267604041,0.00074875530062220837,0.0030272734996635181,0.00014897458936073623,9.5383710524564962e-07,0.0040437974517632943
uwb-imu-pl/gate-d-diagnostics/v16,92,4600000000,92,92,92,63,1,92,4600000000,"BASE",83,0.0026047333698071664,0.00078497906798512035,0.0040071179276853271,0.00014897496562485876,9.5383629651816206e-07,0.0048456182888797113
uwb-imu-pl/gate-d-diagnostics/v16,92,4600000000,92,92,92,63,1,92,4600000000,"BASE",84,0.0029317011713345018,0.00088772201303641187,0.0049353138258710228,0.00014897530085463035,9.5383559424175827e-07,0.0058105455200294443
uwb-imu-pl/gate-d-diagnostics/v16,92,4600000000,92,92,92,63,1,92,4600000000,"BASE",85,0.0036320570875621283,0.0010673585309411801,0.0060782885506016618,0.00014897559153497679,9.5383503368032755e-07,0.0071623235937740845
uwb-imu-pl/gate-d-diagnostics/v16,92,4600000000,92,92,92,63,1,92,4600000000,"BASE",86,0.004683864229755778,0.0012920776448224081,0.0068685352370840159,0.00014897583402262245,9.5383466568686637e-07,0.008414690711786358
uwb-imu-pl/gate-d-diagnostics/v16,92,4600000000,92,92,92,63,1,92,4600000000,"BASE",87,0.0057776670936768582,0.0015431586662248294,0.008158876882292011,0.00014897602659593055,9.5383445961795293e-07,0.010116928509246306
uwb-imu-pl/gate-d-diagnostics/v16,92,4600000000,92,92,92,63,1,92,4600000000,"BASE",88,0.0069349376144618941,0.0018923959517213782,0.010620504889810471,0.00014897617175280037,9.538343360875467e-07,0.012825437266565537
uwb-imu-pl/gate-d-diagnostics/v16,92,4600000000,92,92,92,63,1,92,4600000000,"BASE",89,0.0082833372548578935,0.0023264853006085577,0.014027809621765818,0.00014897627459182805,9.5383424316870599e-07,0.016456848044396628
uwb-imu-pl/gate-d-diagnostics/v16,92,4600000000,92,92,92,63,1,92,4600000000,"BASE",90,0.0088540366537301213,0.0029749694685706962,0.018674975708116243,0.00014897633380362891,9.5383406785426099e-07,0.020881123556003613
uwb-imu-pl/gate-d-diagnostics/v16,92,4600000000,92,92,92,63,1,92,4600000000,"BASE",91,0.0083818598405189515,0.0037698467622930064,0.023631934366809118,0.00014897635783745264,9.5383369797014943e-07,0.025356613255311574
uwb-imu-pl/gate-d-diagnostics/v16,92,4600000000,92,92,92,63,1,92,4600000000,"BASE",92,0.0093594134606606906,0.0047777584869683268,0.026815599685593307,0.00014897636069748988,9.5383348704605224e-07,0.028801461383951184
uwb-imu-pl/gate-d-diagnostics/v16,93,4650000000,93,93,93,64,1,93,4650000000,"BASE",83,0.0065700021643882106,0.0017750358965897533,0.0033696052790357146,9.224702578064109e-05,5.4559024154735002e-07,0.0075946316844325897
uwb-imu-pl/gate-d-diagnostics/v16,93,4650000000,93,93,93,64,1,93,4650000000,"BASE",84,0.0065075146211414142,0.0017355418399362238,0.0045726173881747885,9.2247966904861e-05,5.4559139472186957e-07,0.0081410805048374845
uwb-imu-pl/gate-d-diagnostics/v16,93,4650000000,93,93,93,64,1,93,4650000000,"BASE",85,0.0067732467444911199,0.0017060670312805137,0.005860680776037519,9.2248834415427624e-05,5.455923196783439e-07,0.0091183126443832585
uwb-imu-pl/gate-d-diagnostics/v16,93,4650000000,93,93,93,64,1,93,4650000000,"BASE",86,0.0073922394559095038,0.0018173415782648823,0.0079410741373176826,9.2249619671844711e-05,5.455928869347784e-07,0.011000777396619409
uwb-imu-pl/gate-d-diagnostics/v16,93,4650000000,93,93,93,64,1,93,4650000000,"BASE",87,0.0083710034259452167,0.0020638232930591583,0.010115104122812404,9.2250311149330537e-05,5.4559297531828041e-07,0.013291234208119103
uwb-imu-pl/gate-d-diagnostics/v16,93,4650000000,93,93,93,64,1,93,4650000000,"BASE",88,0.0097156480052911966,0.0024683716339178922,0.012554486372422581,9.2250894789421789e-05,5.4559249733782438e-07,0.016065811939844628
uwb-imu-pl/gate-d-diagnostics/v16,93,4650000000,93,93,93,64,1,93,4650000000,"BASE",89,0.011050288504759725,0.0030539625018877713,0.015519062513838352,9.2251356969158031e-05,5.4559144268868595e-07,0.019294698103891571
uwb-imu-pl/gate-d-diagnostics/v16,93,4650000000,93,93,93,64,1,93,4650000000,"BASE",90,0.012131497501108451,0.0037459077826068896,0.018540398752364382,9.2251694335150934e-05,5.4558985440426315e-07,0.022471314009301867
uwb-imu-pl/gate-d-diagnostics/v16,93,4650000000,93,93,93,64,1,93,4650000000,"BASE",91,0.012735940961448814,0.0047160013932984511,0.022416626813008926,9.2251900432599449e-05,5.4558790467831581e-07,0.026209893736900441
uwb-imu-pl/gate-d-diagnostics/v16,93,4650000000,93,93,93,64,1,93,4650000000,"BASE",92,0.012548003534286567,0.0058639260812089842,0.02586252141435013,9.2251987269552008e-05,5.455860286593702e-07,0.029337971068512721
uwb-imu-pl/gate-d-diagnostics/v16,93,4650000000,93,93,93,64,1,93,4650000000,"BASE",93,0.018154922766456191,0.007289677784871656,0.032351396127944194,9.2251997681027888e-05,5.4558525587969221e-07,0.037806903668763228
uwb-imu-pl/gate-d-diagnostics/v16,94,4700000000,94,94,94,65,1,94,4700000000,"BASE",84,0.006724227252250102,0.0018422915273564688,0.0012232531026071419,2.6625957919207562e-05,1.8652719042121831e-06,0.0070785825407057856
uwb-imu-pl/gate-d-diagnostics/v16,94,4700000000,94,94,94,65,1,94,4700000000,"BASE",85,0.0067597490309760843,0.0017637223441163863,0.0017419699435431812,2.6626598289873904e-05,1.8652769980667305e-06,0.0072000066116719719
uwb-imu-pl/gate-d-diagnostics/v16,94,4700000000,94,94,94,65,1,94,4700000000,"BASE",86,0.0069881544881091762,0.0017608049073043709,0.0023574892017758087,2.662720268805165e-05,1.8652820711372268e-06,0.0075824273748554506
uwb-imu-pl/gate-d-diagnostics/v16,94,4700000000,94,94,94,65,1,94,4700000000,"BASE",87,0.0073389271452270009,0.0017791965900996309,0.0036176912988824398,2.6627759382317391e-05,1.865287124548845e-06,0.008373398055750568
uwb-imu-pl/gate-d-diagnostics/v16,94,4700000000,94,94,94,65,1,94,4700000000,"BASE",88,0.007911698493323658,0.0018773734904171161,0.0055561613865720873,2.6628256865290868e-05,1.8652921733922419e-06,0.0098484083063606811
uwb-imu-pl/gate-d-diagnostics/v16,94,4700000000,94,94,94,65,1,94,4700000000,"BASE",89,0.0088061415251836361,0.0021011768719877582,0.0080689070035832085,2.6628684575521826e-05,1.8652973425901279e-06,0.012127285170539629
uwb-imu-pl/gate-d-diagnostics/v16,94,4700000000,94,94,94,65,1,94,4700000000,"BASE",90,0.0098440907788965772,0.0024843721757795861,0.011027040254401913,2.6629026063345183e-05,1.8653026477693151e-06,0.014989147998719862
uwb-imu-pl/gate-d-diagnostics/v16,94,4700000000,94,94,94,65,1,94,4700000000,"BASE",91,0.01104695141708634,0.0030179080312149513,0.014029238755933994,2.66292731444303e-05,1.8653079440436713e-06,0.018109753095083874
uwb-imu-pl/gate-d-diagnostics/v16,94,4700000000,94,94,94,65,1,94,4700000000,"BASE",92,0.011983097132354474,0.0037376265556123499,0.017163633784130945,2.6629423499022911e-05,1.8653129126137245e-06,0.02126394851465762
uwb-imu-pl/gate-d-diagnostics/v16,94,4700000000,94,94,94,65,1,94,4700000000,"BASE",93,0.012506846249101878,0.0046334761024888465,0.020074738154428885,2.6629486786069721e-05,1.8653168615479522e-06,0.024101579377062931
uwb-imu-pl/gate-d-diagnostics/v16,94,4700000000,94,94,94,65,1,94,4700000000,"BASE",94,0.018576873938392927,0.005913134171137726,0.032426814438590044,2.6629494367054816e-05,1.8653183527273807e-06,0.037836019984836579
uwb-imu-pl/gate-d-diagnostics/v16,95,4750000000,95,95,95,66,1,95,4750000000,"BASE",85,0.0112684075287209,0.0032001207475369979,0.003662235429027846,1.3946005842553766e-05,1.1272635498298939e-06,0.012273139171849209
uwb-imu-pl/gate-d-diagnostics/v16,95,4750000000,95,95,95,66,1,95,4750000000,"BASE",86,0.011355917214069309,0.0032581153269855357,0.0040174733844022138,1.3945852504186145e-05,1.1272679697571864e-06,0.012478479851674605
uwb-imu-pl/gate-d-diagnostics/v16,95,4750000000,95,95,95,66,1,95,4750000000,"BASE",87,0.011353893999937012,0.0032878756493119501,0.0042702698279340791,1.3945645935486867e-05,1.1272722343260823e-06,0.012568072063856553
uwb-imu-pl/gate-d-diagnostics/v16,95,4750000000,95,95,95,66,1,95,4750000000,"BASE",88,0.011421246478767549,0.0033347040120619712,0.0044339244095891062,1.3945383931513022e-05,1.1272762855241074e-06,0.012697440820545582
uwb-imu-pl/gate-d-diagnostics/v16,95,4750000000,95,95,95,66,1,95,4750000000,"BASE",89,0.011794690211483817,0.0033819086209671665,0.0046181250937719423,1.3945073595197754e-05,1.1272800026009524e-06,0.013110274528895577
uwb-imu-pl/gate-d-diagnostics/v16,95,4750000000,95,95,95,66,1,95,4750000000,"BASE",90,0.012140632278849973,0.0033763642331470808,0.0054120529985392804,1.3944733573424448e-05,1.1272832766887626e-06,0.013714419453643992
uwb-imu-pl/gate-d-diagnostics/v16,95,4750000000,95,95,95,66,1,95,4750000000,"BASE",91,0.01260167398805526,0.0032407485083003743,0.007866153735610372,1.3944392127321484e-05,1.1272860117925534e-06,0.015204644307065595
uwb-imu-pl/gate-d-diagnostics/v16,95,4750000000,95,95,95,66,1,95,4750000000,"BASE",92,0.01307285339824797,0.0029893012285530322,0.012968079092922013,1.3944091440734507e-05,1.1272880892379242e-06,0.018654937386007431
uwb-imu-pl/gate-d-diagnostics/v16,95,4750000000,95,95,95,66,1,95,4750000000,"BASE",93,0.013865375377389013,0.0027428266931759189,0.0199648191562967,1.3943876034767602e-05,1.1272894115259859e-06,0.024461519418686892
uwb-imu-pl/gate-d-diagnostics/v16,95,4750000000,95,95,95,66,1,95,4750000000,"BASE",94,0.015935307722140378,0.0028024805545925828,0.028689741021616869,1.3943773339776314e-05,1.1272899413416023e-06,0.032937658766907213
uwb-imu-pl/gate-d-diagnostics/v16,95,4750000000,95,95,95,66,1,95,4750000000,"BASE",95,0.02487560107752923,0.0037977332385148478,0.038592055484187204,1.3943760534522756e-05,1.127290020264176e-06,0.046071306134221099
uwb-imu-pl/gate-d-diagnostics/v16,96,4800000000,96,96,96,67,1,96,4800000000,"BASE",86,0.024493572700333675,0.0068847020687874518,0.0053342586561849282,9.5039103312465173e-05,1.3446376325084429e-06,0.025996106936477813
uwb-imu-pl/gate-d-diagnostics/v16,96,4800000000,96,96,96,67,1,96,4800000000,"BASE",87,0.025067983256025678,0.0070835483490889551,0.0055987850651625735,9.5039383453420461e-05,1.3446427331783425e-06,0.026644621788207531
uwb-imu-pl/gate-d-diagnostics/v16,96,4800000000,96,96,96,67,1,96,4800000000,"BASE",88,0.025632032908218107,0.0072663364183308257,0.0056731490750946212,9.5039630533107114e-05,1.3446474264921957e-06,0.027239574349097902
uwb-imu-pl/gate-d-diagnostics/v16,96,4800000000,96,96,96,67,1,96,4800000000,"BASE",89,0.026179783098359388,0.0073980355953048478,0.0055844211344197037,9.5039842964819634e-05,1.3446515876725504e-06,0.027772410185882921
uwb-imu-pl/gate-d-diagnostics/v16,96,4800000000,96,96,96,67,1,96,4800000000,"BASE",90,0.026205386025908588,0.0073513806909118844,0.0059894114853664858,9.5040027746019022e-05,1.3446551413904015e-06,0.027868389605171101
uwb-imu-pl/gate-d-diagnostics/v16,96,4800000000,96,96,96,67,1,96,4800000000,"BASE",91,0.025889139413355838,0.0071802298915125016,0.0090682658061345608,9.50401822204675e-05,1.344658062019718e-06,0.028355699956696456
uwb-imu-pl/gate-d-diagnostics/v16,96,4800000000,96,96,96,67,1,96,4800000000,"BASE",92,0.025122402403038025,0.0067910726410883469,0.014352946135223661,9.504030403121829e-05,1.3446603412425831e-06,0.029719856448927256
uwb-imu-pl/gate-d-diagnostics/v16,96,4800000000,96,96,96,67,1,96,4800000000,"BASE",93,0.024051220533097512,0.0061897084385426956,0.021451936748936612,9.5040392912971837e-05,1.3446620149912067e-06,0.032817195560416741
uwb-imu-pl/gate-d-diagnostics/v16,96,4800000000,96,96,96,67,1,96,4800000000,"BASE",94,0.02266913495294014,0.0053499457377625802,0.030345758590843749,9.5040446922954629e-05,1.3446631260629052e-06,0.038254224575333562
uwb-imu-pl/gate-d-diagnostics/v16,96,4800000000,96,96,96,67,1,96,4800000000,"BASE",95,0.022444171811447276,0.0044568664589259418,0.039988849589474226,9.5040469990808409e-05,1.3446637840108233e-06,0.046073003298277765
uwb-imu-pl/gate-d-diagnostics/v16,96,4800000000,96,96,96,67,1,96,4800000000,"BASE",96,0.034709167881047866,0.0040466478398994811,0.034359149813253359,9.5040472732939109e-05,1.3446640011761121e-06,0.049006753658287702
uwb-imu-pl/gate-d-diagnostics/v16,97,4850000000,97,97,97,68,1,97,4850000000,"BASE",87,0.010484279593812909,0.0028687828655279937,0.0027639641170398603,0.00013396815038180728,1.68481921720559e-06,0.011216393434389026
uwb-imu-pl/gate-d-diagnostics/v16,97,4850000000,97,97,97,68,1,97,4850000000,"BASE",88,0.011027737490389962,0.0029796578452514939,0.0034253438659775119,0.00013396820215084507,1.6848172049510639e-06,0.01192645320075115
uwb-imu-pl/gate-d-diagnostics/v16,97,4850000000,97,97,97,68,1,97,4850000000,"BASE",89,0.011780727298689404,0.0031169205381301186,0.0038894870220609634,0.00013396823947375451,1.6848154824549964e-06,0.012792450466961936
uwb-imu-pl/gate-d-diagnostics/v16,97,4850000000,97,97,97,68,1,97,4850000000,"BASE",90,0.012102681041655928,0.0031962638232048311,0.0034506561966506388,0.00013396827171435538,1.6848140139496129e-06,0.01298522118977931
uwb-imu-pl/gate-d-diagnostics/v16,97,4850000000,97,97,97,68,1,97,4850000000,"BASE",91,0.012643511098713164,0.0033626040006847833,0.003754058873634255,0.00013396829645468043,1.6848127800021027e-06,0.013611626902705842
uwb-imu-pl/gate-d-diagnostics/v16,97,4850000000,97,97,97,68,1,97,4850000000,"BASE",92,0.013510640284766371,0.0035902602800924849,0.0048201213075209212,0.00013396831404948503,1.6848118857461301e-06,0.014787795290378457
uwb-imu-pl/gate-d-diagnostics/v16,97,4850000000,97,97,97,68,1,97,4850000000,"BASE",93,0.014655324395842748,0.0038813969842408013,0.0066274619081293723,0.00013396832764896695,1.6848114095515774e-06,0.016546449087093146
uwb-imu-pl/gate-d-diagnostics/v16,97,4850000000,97,97,97,68,1,97,4850000000,"BASE",94,0.0159560966235625,0.0042712124927848111,0.0091606554911939937,0.00013396833774904394,1.6848114227456946e-06,0.018888510661283889
uwb-imu-pl/gate-d-diagnostics/v16,97,4850000000,97,97,97,68,1,97,4850000000,"BASE",95,0.016745942019652207,0.004671472205685351,0.012253573183145015,0.00013396834388426819,1.6848118736087631e-06,0.021270101852235896
uwb-imu-pl/gate-d-diagnostics/v16,97,4850000000,97,97,97,68,1,97,4850000000,"BASE",96,0.017340191655055501,0.005220301611967168,0.015967555670166514,0.00013396834652859804,1.684812649272377e-06,0.024143624002835522
uwb-imu-pl/gate-d-diagnostics/v16,97,4850000000,97,97,97,68,1,97,4850000000,"BASE",97,0.021302210393849191,0.0059565294105574668,0.016585701822544915,0.00013396834682949063,1.6848130509268108e-06,0.027647203576231173
uwb-imu-pl/gate-d-diagnostics/v16,98,4900000000,98,98,98,69,1,98,4900000000,"BASE",88,0.013059957846431545,0.0035504648262048356,0.0049327708538281206,0.0001823727444329297,1.5973614076636779e-06,0.014406033114585649
uwb-imu-pl/gate-d-diagnostics/v16,98,4900000000,98,98,98,69,1,98,4900000000,"BASE",89,0.014195904942368545,0.0037599678547157551,0.0058059656947264549,0.00018237280863338319,1.5973630603664002e-06,0.015792516437936593
uwb-imu-pl/gate-d-diagnostics/v16,98,4900000000,98,98,98,69,1,98,4900000000,"BASE",90,0.01458915298037043,0.0038669118598718901,0.0054938333542614726,0.00018237285559788259,1.5973647605970816e-06,0.016062747565441543
uwb-imu-pl/gate-d-diagnostics/v16,98,4900000000,98,98,98,69,1,98,4900000000,"BASE",91,0.015340186571285653,0.0041006190849792361,0.005888865574929297,0.00018237288366686677,1.597366373696306e-06,0.016936599455079887
uwb-imu-pl/gate-d-diagnostics/v16,98,4900000000,98,98,98,69,1,98,4900000000,"BASE",92,0.016635485248599768,0.0044164070201781255,0.0066630832321721472,0.00018237289548438357,1.5973679505643092e-06,0.018457355200778482
uwb-imu-pl/gate-d-diagnostics/v16,98,4900000000,98,98,98,69,1,98,4900000000,"BASE",93,0.018352312879419817,0.0048163400200615164,0.0085104917791369947,0.00018237289826994674,1.5973695333181132e-06,0.020795822945037207
uwb-imu-pl/gate-d-diagnostics/v16,98,4900000000,98,98,98,69,1,98,4900000000,"BASE",94,0.020359596950382905,0.0053019429190743327,0.011024343502597615,0.00018237289679332217,1.5973711842485328e-06,0.023752751394049261
uwb-imu-pl/gate-d-diagnostics/v16,98,4900000000,98,98,98,69,1,98,4900000000,"BASE",95,0.021990711891093386,0.0058334600142488915,0.01533106657219287,0.00018237289331473309,1.5973729745969504e-06,0.027435297153115414
uwb-imu-pl/gate-d-diagnostics/v16,98,4900000000,98,98,98,69,1,98,4900000000,"BASE",96,0.024099130799770052,0.006540300002976545,0.02134082040718344,0.00018237289139298331,1.5973750552175703e-06,0.032848249687131577
uwb-imu-pl/gate-d-diagnostics/v16,98,4900000000,98,98,98,69,1,98,4900000000,"BASE",97,0.024897168809060261,0.0074358521686250251,0.02773752077217722,0.00018237289050148023,1.597377159980383e-06,0.038007423395834856
uwb-imu-pl/gate-d-diagnostics/v16,98,4900000000,98,98,98,69,1,98,4900000000,"BASE",98,0.02802190037917782,0.0087740933850012966,0.033325276927659075,0.00018237289039033848,1.5973780590008533e-06,0.044416426694605028
uwb-imu-pl/gate-d-diagnostics/v16,99,4950000000,99,99,99,70,1,99,4950000000,"BASE",89,0.01897650535653719,0.0052228230019195571,0.0062849005765363807,0.00026972676226959692,1.143232273392464e-06,0.020662970859638662
uwb-imu-pl/gate-d-diagnostics/v16,99,4950000000,99,99,99,70,1,99,4950000000,"BASE",90,0.019346888578671152,0.0053770066719332843,0.0041719075383737769,0.00026972723839921626,1.1432327128374934e-06,0.020510774364328296
uwb-imu-pl/gate-d-diagnostics/v16,99,4950000000,99,99,99,70,1,99,4950000000,"BASE",91,0.01975799598476391,0.0055783212232261943,0.0030630131674852538,0.00026972768861760124,1.1432330079690954e-06,0.020759356372503923
uwb-imu-pl/gate-d-diagnostics/v16,99,4950000000,99,99,99,70,1,99,4950000000,"BASE",92,0.020269172001231919,0.0057736014110916231,0.0025848043148094767,0.00026972810145543867,1.1432331139059166e-06,0.02123506003691154
uwb-imu-pl/gate-d-diagnostics/v16,99,4950000000,99,99,99,70,1,99,4950000000,"BASE",93,0.020882129740548087,0.0059279397172298329,0.0023731299264316431,0.00026972846989860945,1.1432329784546162e-06,0.0218382305188487
uwb-imu-pl/gate-d-diagnostics/v16,99,4950000000,99,99,99,70,1,99,4950000000,"BASE",94,0.021063752804947697,0.0059622247795643657,0.0032894691419610815,0.00026972878441850173,1.1432325346363288e-06,0.022138725543942948
uwb-imu-pl/gate-d-diagnostics/v16,99,4950000000,99,99,99,70,1,99,4950000000,"BASE",95,0.020638013627652666,0.0058549651612828666,0.0055420688869265841,0.00026972903424978689,1.1432317315702153e-06,0.022158418403427377
uwb-imu-pl/gate-d-diagnostics/v16,99,4950000000,99,99,99,70,1,99,4950000000,"BASE",96,0.020439957800948545,0.0056403074513879528,0.0078109590367371464,0.00026972921550800176,1.1432306815261556e-06,0.022598424265443826
uwb-imu-pl/gate-d-diagnostics/v16,99,4950000000,99,99,99,70,1,99,4950000000,"BASE",97,0.019919014778118908,0.0051970478271465516,0.01182413838355835,0.00026972932387397616,1.1432294398092416e-06,0.023741513422215463
uwb-imu-pl/gate-d-diagnostics/v16,99,4950000000,99,99,99,70,1,99,4950000000,"BASE",98,0.020549319928425406,0.0047268588324244345,0.016374662666522891,0.00026972936851783047,1.14322820906717e-06,0.026698690541374512
uwb-imu-pl/gate-d-diagnostics/v16,99,4950000000,99,99,99,70,1,99,4950000000,"BASE",99,0.030463858009909847,0.0043964645241756726,0.01618183571641766,0.0002697293738321868,1.143227689015289e-06,0.03477499256010691
uwb-imu-pl/gate-d-diagnostics/v16,100,5000000000,100,100,100,71,1,100,5000000000,"BASE",90,0.016460002517976857,0.0044911218045067371,0.0035303295194599529,0.00020047337800769199,1.0570089220854199e-06,0.017424272586344838
uwb-imu-pl/gate-d-diagnostics/v16,100,5000000000,100,100,100,71,1,100,5000000000,"BASE",91,0.01670382825041368,0.0046304871753812,0.0038510607096638571,0.00020047319514358402,1.0570088150085162e-06,0.017757537805378407
uwb-imu-pl/gate-d-diagnostics/v16,100,5000000000,100,100,100,71,1,100,5000000000,"BASE",92,0.017285089058091181,0.0048202134355261918,0.0049152522360328592,0.00020047303315229561,1.0570086756929966e-06,0.018606683111406109
uwb-imu-pl/gate-d-diagnostics/v16,100,5000000000,100,100,100,71,1,100,5000000000,"BASE",93,0.018196960415371517,0.0050469956721478056,0.0055240903797437874,0.00020047289420811656,1.0570085492566334e-06,0.019676313137766275
uwb-imu-pl/gate-d-diagnostics/v16,100,5000000000,100,100,100,71,1,100,5000000000,"BASE",94,0.019170454420748773,0.0052816217833784908,0.0059856461510963428,0.00020047277799099456,1.057008457831004e-06,0.020767041235062379
uwb-imu-pl/gate-d-diagnostics/v16,100,5000000000,100,100,100,71,1,100,5000000000,"BASE",95,0.019912672362924901,0.0055022863302310321,0.006767464010342162,0.00020047268149629721,1.0570083098673066e-06,0.021740019205088338
uwb-imu-pl/gate-d-diagnostics/v16,100,5000000000,100,100,100,71,1,100,5000000000,"BASE",96,0.021550411770107903,0.005829197696641906,0.0087161070033271153,0.00020047260615034881,1.0570081957229589e-06,0.023966862642496027
uwb-imu-pl/gate-d-diagnostics/v16,100,5000000000,100,100,100,71,1,100,5000000000,"BASE",97,0.022866610499764437,0.006172124418773876,0.011226191408092782,0.00020047254989815632,1.0570082717495698e-06,0.026211534855487332
uwb-imu-pl/gate-d-diagnostics/v16,100,5000000000,100,100,100,71,1,100,5000000000,"BASE",98,0.024026277477786101,0.0066656504045164953,0.014914484127968418,0.00020047251462702379,1.0570085680840335e-06,0.029054688638920436
uwb-imu-pl/gate-d-diagnostics/v16,100,5000000000,100,100,100,71,1,100,5000000000,"BASE",99,0.024401818309331427,0.0073483815091865343,0.019761187421401129,0.0002004724997495896,1.0570090997482192e-06,0.032248909535833037
uwb-imu-pl/gate-d-diagnostics/v16,100,5000000000,100,100,100,71,1,100,5000000000,"BASE",100,0.027529554499077576,0.0083416788403277032,0.031871786020572612,0.00020047249794362499,1.0570093813896691e-06,0.042933796842041842
uwb-imu-pl/gate-d-diagnostics/v16,101,5050000000,101,101,101,72,1,101,5050000000,"BASE",91,0.010810084135328937,0.0030346968393140795,0.0035027233367279976,0.00012690315683688375,1.2964125372701364e-06,0.011762333135266692
uwb-imu-pl/gate-d-diagnostics/v16,101,5050000000,101,101,101,72,1,101,5050000000,"BASE",92,0.011328103762821992,0.0032350481337760622,0.0041323195793801495,0.00012690293763892196,1.2964130941072507e-06,0.012485337097231559
uwb-imu-pl/gate-d-diagnostics/v16,101,5050000000,101,101,101,72,1,101,5050000000,"BASE",93,0.012109062353986075,0.0034503024576413833,0.0044177810310930109,0.00012690274067282838,1.2964136419914275e-06,0.013344170014163218
uwb-imu-pl/gate-d-diagnostics/v16,101,5050000000,101,101,101,72,1,101,5050000000,"BASE",94,0.012656527607681817,0.0036109343250787943,0.0044560676334604961,0.00012690256741992214,1.2964141360917976e-06,0.013896013186533966
uwb-imu-pl/gate-d-diagnostics/v16,101,5050000000,101,101,101,72,1,101,5050000000,"BASE",95,0.012857816664643975,0.0037095453183962632,0.0049051846618868664,0.00012690241545419871,1.2964144231689645e-06,0.014253459871967246
uwb-imu-pl/gate-d-diagnostics/v16,101,5050000000,101,101,101,72,1,101,5050000000,"BASE",96,0.013662938668743758,0.0038485001831483202,0.0055262200573176655,0.00012690228839480424,1.2964145422274163e-06,0.015232926859895858
uwb-imu-pl/gate-d-diagnostics/v16,101,5050000000,101,101,101,72,1,101,5050000000,"BASE",97,0.014070086047814241,0.0039321711159819861,0.0068503375023798397,0.00012690218546833527,1.2964145048152498e-06,0.01613606274219764
uwb-imu-pl/gate-d-diagnostics/v16,101,5050000000,101,101,101,72,1,101,5050000000,"BASE",98,0.01420901231215028,0.0040233408951599429,0.0090290775967366878,0.00012690210990270548,1.2964142204113183e-06,0.017309640404109632
uwb-imu-pl/gate-d-diagnostics/v16,101,5050000000,101,101,101,72,1,101,5050000000,"BASE",99,0.014146494051274185,0.004165278367648852,0.012720361197521988,0.0001269020636707685,1.2964137612385569e-06,0.019475536773927823
uwb-imu-pl/gate-d-diagnostics/v16,101,5050000000,101,101,101,72,1,101,5050000000,"BASE",100,0.014050569336257219,0.0043445923074493346,0.016373716465705682,0.00012690204333183798,1.2964132583692013e-06,0.022009286169695053
uwb-imu-pl/gate-d-diagnostics/v16,101,5050000000,101,101,101,72,1,101,5050000000,"BASE",101,0.019889005294937305,0.0048842338914268264,0.027396726199290122,0.00012690204087079153,1.296413037057652e-06,0.034205627966399629
uwb-imu-pl/gate-d-diagnostics/v16,102,5100000000,102,102,102,73,1,102,5100000000,"BASE",92,0.0083027470986624698,0.0023458921517245748,0.0029271880607456544,9.3205141459799237e-05,1.7953191276639686e-06,0.0091113083438334064
uwb-imu-pl/gate-d-diagnostics/v16,102,5100000000,102,102,102,73,1,102,5100000000,"BASE",93,0.0090292956491494821,0.0025244096152144393,0.003364498142481544,9.3205117964239044e-05,1.795321295040492e-06,0.0099613935768592104
uwb-imu-pl/gate-d-diagnostics/v16,102,5100000000,102,102,102,73,1,102,5100000000,"BASE",94,0.0096940797779837742,0.0026686337213025087,0.0037233702781604983,9.3205104490177307e-05,1.7953234611547964e-06,0.010722358197866976
uwb-imu-pl/gate-d-diagnostics/v16,102,5100000000,102,102,102,73,1,102,5100000000,"BASE",95,0.010107613110887903,0.0027907737094992296,0.0044878072737664166,9.3205094390729851e-05,1.7953254454566205e-06,0.011406198544489297
uwb-imu-pl/gate-d-diagnostics/v16,102,5100000000,102,102,102,73,1,102,5100000000,"BASE",96,0.011681535749503853,0.0030325828689622206,0.0054189610408087929,9.3205088509575889e-05,1.7953272791429552e-06,0.013229839964927289
uwb-imu-pl/gate-d-diagnostics/v16,102,5100000000,102,102,102,73,1,102,5100000000,"BASE",97,0.013102907220251633,0.0032921986852895184,0.0062523446603501495,9.3205081951218719e-05,1.7953290743404172e-06,0.014887083460781075
uwb-imu-pl/gate-d-diagnostics/v16,102,5100000000,102,102,102,73,1,102,5100000000,"BASE",98,0.0145150338537113,0.0036286500881402943,0.0081547233961317984,9.3205075150989923e-05,1.7953308041649812e-06,0.017039997456373392
uwb-imu-pl/gate-d-diagnostics/v16,102,5100000000,102,102,102,73,1,102,5100000000,"BASE",99,0.016046499376709222,0.0040832349381663396,0.011884922571887975,9.3205069068162132e-05,1.7953325754603019e-06,0.020381928877191261
uwb-imu-pl/gate-d-diagnostics/v16,102,5100000000,102,102,102,73,1,102,5100000000,"BASE",100,0.017640255156036538,0.004664600745092261,0.01641071612798185,9.3205062148880009e-05,1.795334431153856e-06,0.024540933077640478
uwb-imu-pl/gate-d-diagnostics/v16,102,5100000000,102,102,102,73,1,102,5100000000,"BASE",101,0.018421934022781708,0.0054139003984347957,0.021839124632868752,9.3205058203825548e-05,1.7953362124910966e-06,0.029079787237873255
uwb-imu-pl/gate-d-diagnostics/v16,102,5100000000,102,102,102,73,1,102,5100000000,"BASE",102,0.021133513298614185,0.0066771781583615302,0.040328632225760379,9.320505769677131e-05,1.7953369737825258e-06,0.046017576643146436
uwb-imu-pl/gate-d-diagnostics/v16,103,5150000000,103,103,103,74,1,103,5150000000,"BASE",93,0.018417969372088717,0.00515659556799874,0.0036216837754807214,8.5589321885700328e-05,1.0666982342214435e-06,0.019466278372676907
uwb-imu-pl/gate-d-diagnostics/v16,103,5150000000,103,103,103,74,1,103,5150000000,"BASE",94,0.018966345876985004,0.0052935992180316001,0.0034993266677756847,8.5589270894126138e-05,1.0666955281150355e-06,0.019999927059754702
uwb-imu-pl/gate-d-diagnostics/v16,103,5150000000,103,103,103,74,1,103,5150000000,"BASE",95,0.019134784841593245,0.0053954660322477511,0.003307675301649742,8.5589204317223713e-05,1.0666929579303679e-06,0.02015438133980002
uwb-imu-pl/gate-d-diagnostics/v16,103,5150000000,103,103,103,74,1,103,5150000000,"BASE",96,0.0202294559374184,0.0055429151812869592,0.0038058249415564727,8.5589132139228145e-05,1.0666905767430516e-06,0.02131774909210718
uwb-imu-pl/gate-d-diagnostics/v16,103,5150000000,103,103,103,74,1,103,5150000000,"BASE",97,0.020919725524498774,0.0056114523811636547,0.0034961284273333079,8.5589057199393154e-05,1.0666885192764775e-06,0.02193977106652158
uwb-imu-pl/gate-d-diagnostics/v16,103,5150000000,103,103,103,74,1,103,5150000000,"BASE",98,0.021514288271991117,0.0057814795730696316,0.0040525439247708619,8.558898814650762e-05,1.0666867397207733e-06,0.022643333340722292
uwb-imu-pl/gate-d-diagnostics/v16,103,5150000000,103,103,103,74,1,103,5150000000,"BASE",99,0.022245028642405681,0.0059981724166705466,0.0056431111712940867,8.5588931377972503e-05,1.0666853084679852e-06,0.023720695646125823
uwb-imu-pl/gate-d-diagnostics/v16,103,5150000000,103,103,103,74,1,103,5150000000,"BASE",100,0.023192532115044465,0.0062796896044082446,0.0085046694871611372,8.5588886952205144e-05,1.0666842161104218e-06,0.025488522458477589
uwb-imu-pl/gate-d-diagnostics/v16,103,5150000000,103,103,103,74,1,103,5150000000,"BASE",101,0.024083600911534365,0.0066225481676764906,0.012019551679944456,8.5588858958590217e-05,1.0666834832651707e-06,0.027719215830840187
uwb-imu-pl/gate-d-diagnostics/v16,103,5150000000,103,103,103,74,1,103,5150000000,"BASE",102,0.024542667193081801,0.0071117411821177796,0.016215595986727588,8.5588847047840541e-05,1.0666831433504544e-06,0.030263381426818971
uwb-imu-pl/gate-d-diagnostics/v16,103,5150000000,103,103,103,74,1,103,5150000000,"BASE",103,0.028931336702869639,0.0079319422900809254,0.021593675568286314,8.5588845621592885e-05,1.0666830690680273e-06,0.036962577061735009
uwb-imu-pl/gate-d-diagnostics/v16,104,5200000000,104,104,104,75,1,104,5200000000,"BASE",94,0.020210712025627301,0.0057195267243947646,0.0070091115648980452,0.00018446216046380458,5.8975860899511531e-07,0.022143792315218899
uwb-imu-pl/gate-d-diagnostics/v16,104,5200000000,104,104,104,75,1,104,5200000000,"BASE",95,0.020676537704759999,0.0059336518877368058,0.0074105358824048031,0.00018446251678090188,5.8976278976445355e-07,0.022752527442320133
uwb-imu-pl/gate-d-diagnostics/v16,104,5200000000,104,104,104,75,1,104,5200000000,"BASE",96,0.021700265716418227,0.0061389128787914509,0.0081607557960902081,0.00018446281584381371,5.8976685350119055e-07,0.023983739190089226
uwb-imu-pl/gate-d-diagnostics/v16,104,5200000000,104,104,104,75,1,104,5200000000,"BASE",97,0.02218407900905521,0.0062062138075881625,0.0082850030307853213,0.00018446305779664299,5.8977064622240256e-07,0.024481130559946471
uwb-imu-pl/gate-d-diagnostics/v16,104,5200000000,104,104,104,75,1,104,5200000000,"BASE",98,0.02243480629670503,0.0063085033184015586,0.0090495007930291808,0.00018446324912229647,5.8977386542059539e-07,0.025000904770229915
uwb-imu-pl/gate-d-diagnostics/v16,104,5200000000,104,104,104,75,1,104,5200000000,"BASE",99,0.022611967352222231,0.006341053943739336,0.0097711148535179568,0.00018446339594708691,5.8977628771565232e-07,0.025436563156768954
uwb-imu-pl/gate-d-diagnostics/v16,104,5200000000,104,104,104,75,1,104,5200000000,"BASE",100,0.022570127162472212,0.0062556740215628497,0.013145595236057923,0.00018446350028546456,5.8977775701550191e-07,0.026858607537161457
uwb-imu-pl/gate-d-diagnostics/v16,104,5200000000,104,104,104,75,1,104,5200000000,"BASE",101,0.022106190695442982,0.0060511034871434024,0.019204077029648298,0.00018446356981978483,5.8977817955826945e-07,0.029902008664845631
uwb-imu-pl/gate-d-diagnostics/v16,104,5200000000,104,104,104,75,1,104,5200000000,"BASE",102,0.0213254863570751,0.0058378995112568482,0.027483718312145855,0.00018446361013155595,5.897776006498836e-07,0.035273874730485891
uwb-imu-pl/gate-d-diagnostics/v16,104,5200000000,104,104,104,75,1,104,5200000000,"BASE",103,0.021164953363425516,0.0057844028977151844,0.036656926352339705,0.00018446362685027064,5.8977635318101987e-07,0.042722111892290589
uwb-imu-pl/gate-d-diagnostics/v16,104,5200000000,104,104,104,75,1,104,5200000000,"BASE",104,0.030356091078094175,0.0062508678844130023,0.029738985382344981,0.00018446362882234261,5.8977570405134313e-07,0.042953543434732559
uwb-imu-pl/gate-d-diagnostics/v16,105,5250000000,105,105,105,76,1,105,5250000000,"BASE",95,0.012305342194575316,0.003412398078133678,0.0015427911616231022,7.4069540659668957e-05,2.042730307871651e-06,0.012862799159095545
uwb-imu-pl/gate-d-diagnostics/v16,105,5250000000,105,105,105,76,1,105,5250000000,"BASE",96,0.012213829881445443,0.0034814370674275123,0.0019067213028859708,7.4069154750509768e-05,2.0427308233715608e-06,0.01284286264688141
uwb-imu-pl/gate-d-diagnostics/v16,105,5250000000,105,105,105,76,1,105,5250000000,"BASE",97,0.01239838459941864,0.0035747649215232893,0.0026134108255389814,7.4068790765552996e-05,2.0427313134492022e-06,0.013165648158021532
uwb-imu-pl/gate-d-diagnostics/v16,105,5250000000,105,105,105,76,1,105,5250000000,"BASE",98,0.012622176018562961,0.0035771229297655817,0.0031693048135690415,7.4068456072937184e-05,2.04273171448165e-06,0.013496855900856702
uwb-imu-pl/gate-d-diagnostics/v16,105,5250000000,105,105,105,76,1,105,5250000000,"BASE",99,0.012523309252577908,0.0034984357571966399,0.0051852832442165755,7.4068158148077882e-05,2.0427321708765516e-06,0.013998749228788078
uwb-imu-pl/gate-d-diagnostics/v16,105,5250000000,105,105,105,76,1,105,5250000000,"BASE",100,0.012301071341726824,0.0034120138708563122,0.0072371993182345469,7.4067900841487364e-05,2.042732804720163e-06,0.0146744928024009
uwb-imu-pl/gate-d-diagnostics/v16,105,5250000000,105,105,105,76,1,105,5250000000,"BASE",101,0.011977500464340927,0.003298362994158502,0.0098446305863998419,7.406769386048256e-05,2.0427337169394568e-06,0.015851244663850076
uwb-imu-pl/gate-d-diagnostics/v16,105,5250000000,105,105,105,76,1,105,5250000000,"BASE",102,0.011500797787392464,0.0031106109106124476,0.01319191109459863,7.4067542962153165e-05,2.042735066858248e-06,0.017775721039811409
uwb-imu-pl/gate-d-diagnostics/v16,105,5250000000,105,105,105,76,1,105,5250000000,"BASE",103,0.010879740353028312,0.0029601260295219587,0.01741944036127371,7.4067450158620335e-05,2.0427368908322494e-06,0.020750264791560724
uwb-imu-pl/gate-d-diagnostics/v16,105,5250000000,105,105,105,76,1,105,5250000000,"BASE",104,0.010822761908940649,0.0029276598120228513,0.022078259663260602,7.4067409447958063e-05,2.0427389537529552e-06,0.024762035603415871
uwb-imu-pl/gate-d-diagnostics/v16,105,5250000000,105,105,105,76,1,105,5250000000,"BASE",105,0.010726309154420703,0.003264523429029238,0.033775878958055131,7.4067404519947671e-05,2.0427398930799367e-06,0.035588288956302463
uwb-imu-pl/gate-d-diagnostics/v16,106,5300000000,106,106,106,77,1,106,5300000000,"BASE",96,0.005649796045200068,0.0012229803112312882,0.0034373851872755265,1.846546620676233e-05,2.7303501530723312e-06,0.0067254621809934448
uwb-imu-pl/gate-d-diagnostics/v16,106,5300000000,106,106,106,77,1,106,5300000000,"BASE",97,0.0063233605246298995,0.0012526229741306116,0.0032556356493160256,1.8465455629266867e-05,2.730356903747204e-06,0.0072217355634753991
uwb-imu-pl/gate-d-diagnostics/v16,106,5300000000,106,106,106,77,1,106,5300000000,"BASE",98,0.0076105423197465544,0.0012781998117302577,0.0030731351382680197,1.846542991193123e-05,2.7303632362435679e-06,0.0083065430333203807
uwb-imu-pl/gate-d-diagnostics/v16,106,5300000000,106,106,106,77,1,106,5300000000,"BASE",99,0.009265068207190601,0.0014038015294531904,0.0040230062245393819,1.8465386413749621e-05,2.7303689660265342e-06,0.010197895622435144
uwb-imu-pl/gate-d-diagnostics/v16,106,5300000000,106,106,106,77,1,106,5300000000,"BASE",100,0.011657829325338542,0.00169286055090029,0.0066988048739410541,1.8465324502242606e-05,2.7303737989702608e-06,0.013551571738577196
uwb-imu-pl/gate-d-diagnostics/v16,106,5300000000,106,106,106,77,1,106,5300000000,"BASE",101,0.014546341751009837,0.0021594615105543988,0.011172931598816769,1.8465248847305955e-05,2.7303773895651478e-06,0.018468732530548808
uwb-imu-pl/gate-d-diagnostics/v16,106,5300000000,106,106,106,77,1,106,5300000000,"BASE",102,0.017833713699725574,0.0028419097384538312,0.017503198256711778,1.8465167323139929e-05,2.73037942097087e-06,0.025149156902696215
uwb-imu-pl/gate-d-diagnostics/v16,106,5300000000,106,106,106,77,1,106,5300000000,"BASE",103,0.021620217276062899,0.0038648824087180959,0.025871602729342014,1.8465091496792189e-05,2.7303795766010188e-06,0.033936872090645907
uwb-imu-pl/gate-d-diagnostics/v16,106,5300000000,106,106,106,77,1,106,5300000000,"BASE",104,0.024981831325351471,0.0052591830468481822,0.035239949194763566,1.8465034284058719e-05,2.7303778187235626e-06,0.043515575031826695
uwb-imu-pl/gate-d-diagnostics/v16,106,5300000000,106,106,106,77,1,106,5300000000,"BASE",105,0.02634227599442427,0.0072207646244895419,0.045910706730345585,1.8465006738620933e-05,2.7303749047694661e-06,0.053421421613617896
uwb-imu-pl/gate-d-diagnostics/v16,106,5300000000,106,106,106,77,1,106,5300000000,"BASE",106,0.020701727997477229,0.0094367732847712178,0.047832571954142707,1.8465003300600929e-05,2.7303734617985894e-06,0.052967627096833683
uwb-imu-pl/gate-d-diagnostics/v16,107,5350000000,107,107,107,78,1,107,5350000000,"BASE",97,0.0050741558079907727,0.0014116486816816618,0.0033371645514211836,4.7920833719527045e-05,1.2501289995629978e-06,0.0062352846267551493
uwb-imu-pl/gate-d-diagnostics/v16,107,5350000000,107,107,107,78,1,107,5350000000,"BASE",98,0.0063533688559611248,0.0015278937933565697,0.0022987351643029108,4.7921059240807956e-05,1.2501336052780618e-06,0.0069272098719491545
uwb-imu-pl/gate-d-diagnostics/v16,107,5350000000,107,107,107,78,1,107,5350000000,"BASE",99,0.0078113060686241893,0.0015398650618344523,0.00095183306742999043,4.7921274918833877e-05,1.2501376252235266e-06,0.0080184768569891516
uwb-imu-pl/gate-d-diagnostics/v16,107,5350000000,107,107,107,78,1,107,5350000000,"BASE",100,0.0094239288079578671,0.0014791397858207021,0.0033651335535513217,4.7921476852532881e-05,1.2501410917001447e-06,0.010115567732336595
uwb-imu-pl/gate-d-diagnostics/v16,107,5350000000,107,107,107,78,1,107,5350000000,"BASE",101,0.01137580941514916,0.0012956041760327798,0.0073071924898657423,4.7921656135786583e-05,1.2501440707909891e-06,0.013582525176221362
uwb-imu-pl/gate-d-diagnostics/v16,107,5350000000,107,107,107,78,1,107,5350000000,"BASE",102,0.013659781226646057,0.00085932915722140846,0.012832119023577108,4.7921806334717377e-05,1.2501467639623819e-06,0.01876149371606434
uwb-imu-pl/gate-d-diagnostics/v16,107,5350000000,107,107,107,78,1,107,5350000000,"BASE",103,0.016073967463704087,0.00037427177708366973,0.020110799796905866,4.7921922834385281e-05,1.2501494718555531e-06,0.025747991687355542
uwb-imu-pl/gate-d-diagnostics/v16,107,5350000000,107,107,107,78,1,107,5350000000,"BASE",104,0.018962037139609023,0.0013021449122526695,0.029460247519870857,4.7922003763404932e-05,1.2501526239821162e-06,0.03505941978797996
uwb-imu-pl/gate-d-diagnostics/v16,107,5350000000,107,107,107,78,1,107,5350000000,"BASE",105,0.021801576218266529,0.002969563180928688,0.039975571619965115,4.7922050119184166e-05,1.2501566387035864e-06,0.045630862971405131
uwb-imu-pl/gate-d-diagnostics/v16,107,5350000000,107,107,107,78,1,107,5350000000,"BASE",106,0.022852063034160208,0.0051521579008159488,0.051450092332187496,4.7922068453573443e-05,1.2501612195487068e-06,0.056532077752638264
uwb-imu-pl/gate-d-diagnostics/v16,107,5350000000,107,107,107,78,1,107,5350000000,"BASE",107,0.022210246037904599,0.0080700900021896151,0.066018966802797258,4.7922070618950831e-05,1.2501633124248311e-06,0.070120807593069712
uwb-imu-pl/gate-d-diagnostics/v16,108,5400000000,108,108,108,79,1,108,5400000000,"BASE",98,0.011076593267994169,0.0031176896281006113,0.0015661513186021254,4.7734830872559218e-05,1.1398332530168622e-06,0.01161318289306585
uwb-imu-pl/gate-d-diagnostics/v16,108,5400000000,108,108,108,79,1,108,5400000000,"BASE",99,0.01124699574071953,0.0031935716444591697,0.0016501161261709071,4.773481722585221e-05,1.1398348763298856e-06,0.011807581301092334
uwb-imu-pl/gate-d-diagnostics/v16,108,5400000000,108,108,108,79,1,108,5400000000,"BASE",100,0.011334524521899609,0.0031993787753473624,0.0011646035182763721,4.773481990604734e-05,1.1398364760088052e-06,0.011834950441498567
uwb-imu-pl/gate-d-diagnostics/v16,108,5400000000,108,108,108,79,1,108,5400000000,"BASE",101,0.01125929139078091,0.0031288599645254329,0.001794254027859928,4.7734833719148e-05,1.139837985014358e-06,0.01182298755519076
uwb-imu-pl/gate-d-diagnostics/v16,108,5400000000,108,108,108,79,1,108,5400000000,"BASE",102,0.010952673674795407,0.003007841508207868,0.0034400022099177361,4.7734855497107753e-05,1.139839292233399e-06,0.011867774276794968
uwb-imu-pl/gate-d-diagnostics/v16,108,5400000000,108,108,108,79,1,108,5400000000,"BASE",103,0.010340515997422087,0.0027668231195161811,0.0059516303949030906,4.7734881523385836e-05,1.1398401925220958e-06,0.012247684088974347
uwb-imu-pl/gate-d-diagnostics/v16,108,5400000000,108,108,108,79,1,108,5400000000,"BASE",104,0.0095888610152941173,0.002455937027636182,0.0084181268600367481,4.7734908660377268e-05,1.1398405625072584e-06,0.01299403794079251
uwb-imu-pl/gate-d-diagnostics/v16,108,5400000000,108,108,108,79,1,108,5400000000,"BASE",105,0.0090176751471294763,0.0019685297050279845,0.011719316970415651,4.7734932677380708e-05,1.1398404101910692e-06,0.014917715791462187
uwb-imu-pl/gate-d-diagnostics/v16,108,5400000000,108,108,108,79,1,108,5400000000,"BASE",106,0.0085800520370774656,0.0013001799711755036,0.015841753658075757,4.7734950964699111e-05,1.1398396733546185e-06,0.018062978707963365
uwb-imu-pl/gate-d-diagnostics/v16,108,5400000000,108,108,108,79,1,108,5400000000,"BASE",107,0.0085864598055167725,0.00072805774045776156,0.020830200014652717,4.7734960352651732e-05,1.1398384821230744e-06,0.022542335119532433
uwb-imu-pl/gate-d-diagnostics/v16,108,5400000000,108,108,108,79,1,108,5400000000,"BASE",108,0.016078408384633921,0.0008627314039788077,0.010683980411502656,4.7734961587986605e-05,1.1398378886186645e-06,0.019323799807947666
uwb-imu-pl/gate-d-diagnostics/v16,109,5450000000,109,109,109,80,1,109,5450000000,"BASE",99,0.0071991448779249335,0.0020598579595717758,0.0016997108976476612,1.1707005728809649e-05,1.6835605653635477e-06,0.007678532334431205
uwb-imu-pl/gate-d-diagnostics/v16,109,5450000000,109,109,109,80,1,109,5450000000,"BASE",100,0.0074203358352835222,0.0020809197679880482,0.0014023718632105845,1.1706886153834363e-05,1.6835645210347792e-06,0.0078331601360813428
uwb-imu-pl/gate-d-diagnostics/v16,109,5450000000,109,109,109,80,1,109,5450000000,"BASE",101,0.0075376750973423171,0.0020216068880108042,0.0014572571881969676,1.1706777595084483e-05,1.6835681992092163e-06,0.007938965844386945
uwb-imu-pl/gate-d-diagnostics/v16,109,5450000000,109,109,109,80,1,109,5450000000,"BASE",102,0.0075327053747371369,0.0019187446872005816,0.0029528322154903481,1.1706681869649219e-05,1.6835714261999578e-06,0.0083152023072746092
uwb-imu-pl/gate-d-diagnostics/v16,109,5450000000,109,109,109,80,1,109,5450000000,"BASE",103,0.0074985888398521267,0.0017039581724327059,0.0053668256705894498,1.1706600578428511e-05,1.6835739349658769e-06,0.0093773805350946104
uwb-imu-pl/gate-d-diagnostics/v16,109,5450000000,109,109,109,80,1,109,5450000000,"BASE",104,0.0075729703045669299,0.0014413976112090511,0.0078389392186316558,1.1706536031348707e-05,1.6835755424184945e-06,0.010994390126708513
uwb-imu-pl/gate-d-diagnostics/v16,109,5450000000,109,109,109,80,1,109,5450000000,"BASE",105,0.0080540250115590274,0.0010426229658857262,0.011000627083006606,1.170649162299013e-05,1.6835762402082781e-06,0.013673635859988528
uwb-imu-pl/gate-d-diagnostics/v16,109,5450000000,109,109,109,80,1,109,5450000000,"BASE",106,0.0088021519658568054,0.00060106653329062025,0.015589884417464929,1.1706467264610848e-05,1.6835758982509692e-06,0.01791322964273049
uwb-imu-pl/gate-d-diagnostics/v16,109,5450000000,109,109,109,80,1,109,5450000000,"BASE",107,0.0097507360469631203,0.00090595356357087251,0.020881705927757784,1.1706459420715317e-05,1.6835744426407782e-06,0.023063897928274447
uwb-imu-pl/gate-d-diagnostics/v16,109,5450000000,109,109,109,80,1,109,5450000000,"BASE",108,0.010430722010685508,0.0019154052915038237,0.026550319711213494,1.1706458575322378e-05,1.6835723032621917e-06,0.028590004472510314
uwb-imu-pl/gate-d-diagnostics/v16,109,5450000000,109,109,109,80,1,109,5450000000,"BASE",109,0.013853115812711793,0.0031260720623011041,0.023322892378987076,1.1706458568830951e-05,1.6835712698994892e-06,0.027306383741837782
uwb-imu-pl/gate-d-diagnostics/v16,110,5500000000,110,110,110,81,1,110,5500000000,"BASE",100,0.0029068582894830534,0.00080776071315955661,0.0021972970723998192,8.1616768829802867e-05,1.780160413261578e-06,0.0037332400639608627
uwb-imu-pl/gate-d-diagnostics/v16,110,5500000000,110,110,110,81,1,110,5500000000,"BASE",101,0.0028014551250854741,0.00073266520060244337,0.0030162980241229828,8.1617175735734451e-05,1.7801625467466019e-06,0.0041820649704091724
uwb-imu-pl/gate-d-diagnostics/v16,110,5500000000,110,110,110,81,1,110,5500000000,"BASE",102,0.0026750506742640144,0.00070035281340433912,0.003921578095081325,8.1617545405606178e-05,1.7801644718130624e-06,0.0047991488330378944
uwb-imu-pl/gate-d-diagnostics/v16,110,5500000000,110,110,110,81,1,110,5500000000,"BASE",103,0.0026192352465278491,0.00066586305224313478,0.0048866724245934861,8.1617874241497108e-05,1.7801660355032367e-06,0.0055848007048296304
uwb-imu-pl/gate-d-diagnostics/v16,110,5500000000,110,110,110,81,1,110,5500000000,"BASE",104,0.0028073310041615411,0.00076102167643880088,0.0058161547712225281,8.1618158563469257e-05,1.7801671685873107e-06,0.0065034285092213781
uwb-imu-pl/gate-d-diagnostics/v16,110,5500000000,110,110,110,81,1,110,5500000000,"BASE",105,0.0035278454170100731,0.00095344834327935608,0.0068391672384247124,8.1618396193526896e-05,1.7801679709135252e-06,0.0077547166470708804
uwb-imu-pl/gate-d-diagnostics/v16,110,5500000000,110,110,110,81,1,110,5500000000,"BASE",106,0.0041136658956168826,0.0012095727423346086,0.0083051764153436927,8.1618582814497391e-05,1.7801683917283741e-06,0.0093470815430166006
uwb-imu-pl/gate-d-diagnostics/v16,110,5500000000,110,110,110,81,1,110,5500000000,"BASE",107,0.0048163857792465712,0.0015480424482280694,0.010316659772220689,8.1618716338222643e-05,1.7801683414959034e-06,0.011490610994880005
uwb-imu-pl/gate-d-diagnostics/v16,110,5500000000,110,110,110,81,1,110,5500000000,"BASE",108,0.0049009140036533755,0.0017977618622079261,0.012012386485680074,8.1618797739712399e-05,1.7801678603391785e-06,0.013097900582265327
uwb-imu-pl/gate-d-diagnostics/v16,110,5500000000,110,110,110,81,1,110,5500000000,"BASE",109,0.0044298272590522552,0.0023797873950325015,0.01459736137883459,8.1618831602935565e-05,1.780167148693167e-06,0.015439442399826394
uwb-imu-pl/gate-d-diagnostics/v16,110,5500000000,110,110,110,81,1,110,5500000000,"BASE",110,0.0062600733741018334,0.0029766472364370303,0.010889959283357082,8.1618835647376969e-05,1.7801668116066845e-06,0.012909176016145581
uwb-imu-pl/gate-d-diagnostics/v16,111,5550000000,111,111,111,82,1,111,5550000000,"BASE",101,0.0011477001506490633,0.0001670105352610649,0.0015318388163898199,5.3405303595438368e-05,1.7119843498670889e-06,0.0019221064932591974
uwb-imu-pl/gate-d-diagnostics/v16,111,5550000000,111,111,111,82,1,111,5550000000,"BASE",102,0.0011660192056415482,0.00011564574749317511,0.0018218926257140802,5.3405234359824435e-05,1.7119842620425835e-06,0.0021668231391640362
uwb-imu-pl/gate-d-diagnostics/v16,111,5550000000,111,111,111,82,1,111,5550000000,"BASE",103,0.0012832930584084324,0.00013795401683032365,0.0018429746809453542,5.34051643816119e-05,1.7119840294253688e-06,0.0022506183820444692
uwb-imu-pl/gate-d-diagnostics/v16,111,5550000000,111,111,111,82,1,111,5550000000,"BASE",104,0.0018668091597899815,0.00015696194182877773,0.0007974742759623483,5.3405096003632806e-05,1.7119837009417861e-06,0.0020367704206040154
uwb-imu-pl/gate-d-diagnostics/v16,111,5550000000,111,111,111,82,1,111,5550000000,"BASE",105,0.0022536198147444313,0.00016658947338528467,0.00065278688403900317,5.3405032697754302e-05,1.7119835088019174e-06,0.002352772846330441
uwb-imu-pl/gate-d-diagnostics/v16,111,5550000000,111,111,111,82,1,111,5550000000,"BASE",106,0.0027231645525804008,0.00020037908917273442,0.0016169669587100944,5.340497528421584e-05,1.7119835372253298e-06,0.0031738327189127381
uwb-imu-pl/gate-d-diagnostics/v16,111,5550000000,111,111,111,82,1,111,5550000000,"BASE",107,0.0031273674759314972,0.00015239559245805364,0.0031145379862572526,5.3404926415963086e-05,1.7119837822979611e-06,0.0044166563858883262
uwb-imu-pl/gate-d-diagnostics/v16,111,5550000000,111,111,111,82,1,111,5550000000,"BASE",108,0.0036358194739711564,0.00046983222172172046,0.0053908563837438703,5.3404889523851237e-05,1.7119843176190359e-06,0.0065195178600218028
uwb-imu-pl/gate-d-diagnostics/v16,111,5550000000,111,111,111,82,1,111,5550000000,"BASE",109,0.0040027603540507533,0.00071423102665538315,0.0072917023947719744,5.3404864940918569e-05,1.7119851579724247e-06,0.0083488918567564165
uwb-imu-pl/gate-d-diagnostics/v16,111,5550000000,111,111,111,82,1,111,5550000000,"BASE",110,0.0040822203747622075,0.0010819778554351761,0.0094242975632557839,5.3404854018796598e-05,1.7119861349830431e-06,0.010327412010658526
uwb-imu-pl/gate-d-diagnostics/v16,111,5550000000,111,111,111,82,1,111,5550000000,"BASE",111,0.0063218773041467963,0.0016296066205201134,0.015541539568159781,5.340485269407221e-05,1.7119865782218651e-06,0.016857166355713372
uwb-imu-pl/gate-d-diagnostics/v16,112,5600000000,112,112,112,83,1,112,5600000000,"BASE",102,0.0099007128502290043,0.0028485853830437116,0.0041804065329444128,0.00016285624287942733,1.8494989491918213e-06,0.011119391979076713
uwb-imu-pl/gate-d-diagnostics/v16,112,5600000000,112,112,112,83,1,112,5600000000,"BASE",103,0.010875156068757818,0.0030529578918681161,0.0051936381368989414,0.00016285711546147057,1.8495006580534563e-06,0.012433421667711587
uwb-imu-pl/gate-d-diagnostics/v16,112,5600000000,112,112,112,83,1,112,5600000000,"BASE",104,0.011634306032693078,0.0031623502858201778,0.0057583878511136425,0.00016285792112014118,1.8495020989002455e-06,0.013362001832044787
uwb-imu-pl/gate-d-diagnostics/v16,112,5600000000,112,112,112,83,1,112,5600000000,"BASE",105,0.011973135257261226,0.0032467221110071666,0.0071469510712395181,0.00016285864645689758,1.8495035808958285e-06,0.014317912149781325
uwb-imu-pl/gate-d-diagnostics/v16,112,5600000000,112,112,112,83,1,112,5600000000,"BASE",106,0.012525562561293986,0.0033525505460478382,0.0095171702379827708,0.00016285928062666013,1.8495053400285322e-06,0.01608515988560252
uwb-imu-pl/gate-d-diagnostics/v16,112,5600000000,112,112,112,83,1,112,5600000000,"BASE",107,0.013139977745679021,0.0033579168473086046,0.013156735669578751,0.00016285981200307156,1.8495075291388219e-06,0.01889605358080328
uwb-imu-pl/gate-d-diagnostics/v16,112,5600000000,112,112,112,83,1,112,5600000000,"BASE",108,0.01357768757875443,0.0035222803336998247,0.018525392692113056,0.00016286022951943964,1.8495103883449811e-06,0.023237400026841958
uwb-imu-pl/gate-d-diagnostics/v16,112,5600000000,112,112,112,83,1,112,5600000000,"BASE",109,0.013626121311353507,0.0037511250746877322,0.024133595768149097,0.0001628605282072183,1.8495141647984439e-06,0.027967822457074624
uwb-imu-pl/gate-d-diagnostics/v16,112,5600000000,112,112,112,83,1,112,5600000000,"BASE",110,0.013002372842324514,0.0043040389896128713,0.030909385093682268,0.0001628607076266245,1.8495188224903928e-06,0.03380832833866948
uwb-imu-pl/gate-d-diagnostics/v16,112,5600000000,112,112,112,83,1,112,5600000000,"BASE",111,0.01193001763408439,0.0052886308798548564,0.037809867405940688,0.00016286078247310722,1.8495235918526799e-06,0.039998844203838438
uwb-imu-pl/gate-d-diagnostics/v16,112,5600000000,112,112,112,83,1,112,5600000000,"BASE",112,0.013591229036666182,0.0068136100997199496,0.04849473242043921,0.0001628607914040457,1.8495256477924963e-06,0.050822361111092069
uwb-imu-pl/gate-d-diagnostics/v16,113,5650000000,113,113,113,84,1,113,5650000000,"BASE",103,0.0045612083175730969,0.0012611399642349587,0.0046197012948400633,2.1755837761927892e-05,1.5724125088880946e-06,0.0066134114621875248
uwb-imu-pl/gate-d-diagnostics/v16,113,5650000000,113,113,113,84,1,113,5650000000,"BASE",104,0.004844095325115874,0.001325486738109904,0.0059983985613061026,2.1755295194054833e-05,1.5724137044805672e-06,0.0078232624701813271
uwb-imu-pl/gate-d-diagnostics/v16,113,5650000000,113,113,113,84,1,113,5650000000,"BASE",105,0.0050670515093745551,0.0014900493679477279,0.0072246705191042577,2.1754831728040622e-05,1.5724145748416792e-06,0.0089493909274532026
uwb-imu-pl/gate-d-diagnostics/v16,113,5650000000,113,113,113,84,1,113,5650000000,"BASE",106,0.0056505351075142396,0.0017825084095801505,0.0085972742165449159,2.175445534341085e-05,1.5724150325629767e-06,0.010441239529613294
uwb-imu-pl/gate-d-diagnostics/v16,113,5650000000,113,113,113,84,1,113,5650000000,"BASE",107,0.0066798078214535643,0.00201102407777349,0.0090834824547562851,2.1754168981175151e-05,1.5724149262860391e-06,0.011453129685599434
uwb-imu-pl/gate-d-diagnostics/v16,113,5650000000,113,113,113,84,1,113,5650000000,"BASE",108,0.0078002984892886216,0.0022762005696526037,0.009770195560677283,2.1753966903747891e-05,1.5724142112152425e-06,0.012707593893287817
uwb-imu-pl/gate-d-diagnostics/v16,113,5650000000,113,113,113,84,1,113,5650000000,"BASE",109,0.00883445381817838,0.0026624396684008251,0.011684467634477546,2.1753840021656963e-05,1.5724129523506894e-06,0.014888365217732681
uwb-imu-pl/gate-d-diagnostics/v16,113,5650000000,113,113,113,84,1,113,5650000000,"BASE",110,0.0096366557592013277,0.0031164835333202224,0.014662044411553724,2.1753771739154772e-05,1.5724112483336542e-06,0.017820034395596436
uwb-imu-pl/gate-d-diagnostics/v16,113,5650000000,113,113,113,84,1,113,5650000000,"BASE",111,0.0097130270256839783,0.0037300142549270047,0.018956724913357526,2.1753743153381355e-05,1.5724093318868895e-06,0.02162437965542938
uwb-imu-pl/gate-d-diagnostics/v16,113,5650000000,113,113,113,84,1,113,5650000000,"BASE",112,0.0086254130496571015,0.0045517621703377751,0.023552306182806935,2.1753735299487371e-05,1.5724076751997231e-06,0.025491722016346096
uwb-imu-pl/gate-d-diagnostics/v16,113,5650000000,113,113,113,84,1,113,5650000000,"BASE",113,0.003396574208931235,0.0054722579772404894,0.025500140036258664,2.17537345329081e-05,1.5724070362198809e-06,0.026300949437092207
uwb-imu-pl/gate-d-diagnostics/v16,114,5700000000,114,114,114,85,1,114,5700000000,"BASE",104,0.010033854509798157,0.0026574984602840846,0.0041559513525510549,0.00010355108610306967,1.732557430434203e-06,0.01118137701109163
uwb-imu-pl/gate-d-diagnostics/v16,114,5700000000,114,114,114,85,1,114,5700000000,"BASE",105,0.010342193144238142,0.002790323311607491,0.0049592709814020508,0.00010355120658571713,1.732559876603435e-06,0.011804743018683303
uwb-imu-pl/gate-d-diagnostics/v16,114,5700000000,114,114,114,85,1,114,5700000000,"BASE",106,0.01109904604096911,0.0030295368562055316,0.0056049064730740641,0.0001035512919570713,1.7325621134957741e-06,0.012798149046889742
uwb-imu-pl/gate-d-diagnostics/v16,114,5700000000,114,114,114,85,1,114,5700000000,"BASE",107,0.012403906005807498,0.0032838491998070326,0.0073052995635790961,0.00010355134429152981,1.7325639679695946e-06,0.014765455542051251
uwb-imu-pl/gate-d-diagnostics/v16,114,5700000000,114,114,114,85,1,114,5700000000,"BASE",108,0.013934849380474198,0.0036651703683077534,0.0084173646966694115,0.00010355136591442741,1.73256533922531e-06,0.016687607839625345
uwb-imu-pl/gate-d-diagnostics/v16,114,5700000000,114,114,114,85,1,114,5700000000,"BASE",109,0.015729821960296844,0.0040695865924486839,0.0096469685011871618,0.00010355136483349113,1.732566173510602e-06,0.018896125557529418
uwb-imu-pl/gate-d-diagnostics/v16,114,5700000000,114,114,114,85,1,114,5700000000,"BASE",110,0.017766436912749452,0.0045736860508744327,0.012506668416782774,0.00010355134862255007,1.7325663706098814e-06,0.022203431388810358
uwb-imu-pl/gate-d-diagnostics/v16,114,5700000000,114,114,114,85,1,114,5700000000,"BASE",111,0.019847014206276627,0.0051659957256558709,0.017366788936919071,0.00010355132763391282,1.7325658243053385e-06,0.026873919859231082
uwb-imu-pl/gate-d-diagnostics/v16,114,5700000000,114,114,114,85,1,114,5700000000,"BASE",112,0.021570102852392165,0.0059281862663306531,0.024413983001864169,0.00010355131062801349,1.7325645305841281e-06,0.033112928311493581
uwb-imu-pl/gate-d-diagnostics/v16,114,5700000000,114,114,114,85,1,114,5700000000,"BASE",113,0.022421745401645307,0.0070622891563104674,0.033236322851760217,0.00010355130193913474,1.7325628048801813e-06,0.040709636175774014
uwb-imu-pl/gate-d-diagnostics/v16,114,5700000000,114,114,114,85,1,114,5700000000,"BASE",114,0.017624588498109727,0.0083824157950561466,0.038567232361914595,0.00010355130083643882,1.732561982103023e-06,0.043224219509674165
uwb-imu-pl/gate-d-diagnostics/v16,115,5750000000,115,115,115,86,1,115,5750000000,"BASE",105,0.0065982214230635231,0.0018604040786052709,0.0045406100670839326,1.123379654471001e-05,1.7016752596798376e-06,0.0082228278687233262
uwb-imu-pl/gate-d-diagnostics/v16,115,5750000000,115,115,115,86,1,115,5750000000,"BASE",106,0.00697022512362294,0.0020683939682833359,0.0054292809516519143,1.123348532742223e-05,1.7016771205922221e-06,0.0090741122221891929
uwb-imu-pl/gate-d-diagnostics/v16,115,5750000000,115,115,115,86,1,115,5750000000,"BASE",107,0.0075612915752314288,0.0021626394819016185,0.0055551182619172504,1.1233237902513526e-05,1.7016786057785403e-06,0.0096285828552064648
uwb-imu-pl/gate-d-diagnostics/v16,115,5750000000,115,115,115,86,1,115,5750000000,"BASE",108,0.0080334798825792975,0.0022316417635483243,0.0056882822073148634,1.123305660877468e-05,1.7016797030357239e-06,0.010093250592943227
uwb-imu-pl/gate-d-diagnostics/v16,115,5750000000,115,115,115,86,1,115,5750000000,"BASE",109,0.0084851192341687878,0.002294532763493421,0.0066726110577509214,1.1232940891956051e-05,1.7016804938223045e-06,0.011035669278458072
uwb-imu-pl/gate-d-diagnostics/v16,115,5750000000,115,115,115,86,1,115,5750000000,"BASE",110,0.0090666898368995472,0.0023227498967183032,0.0081130718480290406,1.1232882815988239e-05,1.7016810372442914e-06,0.012386367327263408
uwb-imu-pl/gate-d-diagnostics/v16,115,5750000000,115,115,115,86,1,115,5750000000,"BASE",111,0.0096511337162749813,0.0023363104037228159,0.010793989158814285,1.1232869421643715e-05,1.7016814278829954e-06,0.014666733083602451
uwb-imu-pl/gate-d-diagnostics/v16,115,5750000000,115,115,115,86,1,115,5750000000,"BASE",112,0.010142656446057496,0.0023837799012513088,0.014913123096883533,1.1232882088232657e-05,1.7016818382091957e-06,0.018192230648728141
uwb-imu-pl/gate-d-diagnostics/v16,115,5750000000,115,115,115,86,1,115,5750000000,"BASE",113,0.010454235439191502,0.0025762106685160453,0.019712979796314475,1.1232901414182336e-05,1.7016824617784114e-06,0.022461736387695486
uwb-imu-pl/gate-d-diagnostics/v16,115,5750000000,115,115,115,86,1,115,5750000000,"BASE",114,0.010237778120574107,0.0030669691709385516,0.025525349881297888,1.1232913919421378e-05,1.7016833978299068e-06,0.027672405323324337
uwb-imu-pl/gate-d-diagnostics/v16,115,5750000000,115,115,115,86,1,115,5750000000,"BASE",115,0.0095029486868210139,0.0039568237876949934,0.031461321149754098,1.1232915613818758e-05,1.701683887468213e-06,0.033102527785552997
uwb-imu-pl/gate-d-diagnostics/v16,116,5800000000,116,116,116,87,1,116,5800000000,"BASE",106,0.0081603478553972705,0.0023471433147846874,0.0021410126725906831,0.00015031101892913772,1.5627612007689515e-06,0.0087582469690031736
uwb-imu-pl/gate-d-diagnostics/v16,116,5800000000,116,116,116,87,1,116,5800000000,"BASE",107,0.0085791991762082971,0.0024049389922150459,0.0020556936541055604,0.00015031176065001325,1.5627602998004899e-06,0.0091452098132557228
uwb-imu-pl/gate-d-diagnostics/v16,116,5800000000,116,116,116,87,1,116,5800000000,"BASE",108,0.0088520826168139478,0.0024907583374116533,0.0021545314344342818,0.00015031245513779406,1.5627592004785e-06,0.0094460492126939855
uwb-imu-pl/gate-d-diagnostics/v16,116,5800000000,116,116,116,87,1,116,5800000000,"BASE",109,0.0089767743735487144,0.0025297661919145373,0.0031108142495508834,0.00015031308992397851,1.5627579725673352e-06,0.0098326983530350655
uwb-imu-pl/gate-d-diagnostics/v16,116,5800000000,116,116,116,87,1,116,5800000000,"BASE",110,0.0090584182833045625,0.0025557937646259123,0.0042923189885529988,0.00015031365353643361,1.5627566461789596e-06,0.010345705509956655
uwb-imu-pl/gate-d-diagnostics/v16,116,5800000000,116,116,116,87,1,116,5800000000,"BASE",111,0.0091097792613718323,0.0025618175120626823,0.0059988563782067952,0.00015031413206578582,1.5627552382440981e-06,0.011205349694805885
uwb-imu-pl/gate-d-diagnostics/v16,116,5800000000,116,116,116,87,1,116,5800000000,"BASE",112,0.0089840507823699001,0.0025547781388309855,0.0082883757592863046,0.00015031451331099844,1.5627538006046496e-06,0.012488387783100192
uwb-imu-pl/gate-d-diagnostics/v16,116,5800000000,116,116,116,87,1,116,5800000000,"BASE",113,0.0088076364138176075,0.0026175512098415097,0.010877569782014436,0.00015031478924792225,1.5627524560541218e-06,0.014239738581687662
uwb-imu-pl/gate-d-diagnostics/v16,116,5800000000,116,116,116,87,1,116,5800000000,"BASE",114,0.0086944336196561871,0.0027400039000392367,0.01352712851419737,0.00015031495700062729,1.5627513800535976e-06,0.016312774141970444
uwb-imu-pl/gate-d-diagnostics/v16,116,5800000000,116,116,116,87,1,116,5800000000,"BASE",115,0.010464960612721477,0.0029734949631851138,0.016341408435706764,0.00015031502791027071,1.5627507339448676e-06,0.019632149643742349
uwb-imu-pl/gate-d-diagnostics/v16,116,5800000000,116,116,116,87,1,116,5800000000,"BASE",116,0.016171788489776344,0.0033675577803395046,0.028175208462204272,0.00015031503639164351,1.5627505402854144e-06,0.032660865838232307
uwb-imu-pl/gate-d-diagnostics/v16,117,5850000000,117,117,117,88,1,117,5850000000,"BASE",107,0.0011650944323877066,0.00054784099372336679,0.0018994760055120754,8.7228520280392728e-05,1.773295333306542e-06,0.0022963440172647028
uwb-imu-pl/gate-d-diagnostics/v16,117,5850000000,117,117,117,88,1,117,5850000000,"BASE",108,0.0013969916195198358,0.00048208262924813905,0.0014244320459401879,8.7228091419441704e-05,1.7733009878554892e-06,0.0020544117855147426
uwb-imu-pl/gate-d-diagnostics/v16,117,5850000000,117,117,117,88,1,117,5850000000,"BASE",109,0.0017200397613496825,0.00050284954194313358,0.0012375695599694519,8.7227675107889321e-05,1.773306609758565e-06,0.0021795836001723664
uwb-imu-pl/gate-d-diagnostics/v16,117,5850000000,117,117,117,88,1,117,5850000000,"BASE",110,0.0022453444701473111,0.00049025625055328624,0.00094217531197701503,8.7227283366196186e-05,1.7733121578225734e-06,0.0024854031952434028
uwb-imu-pl/gate-d-diagnostics/v16,117,5850000000,117,117,117,88,1,117,5850000000,"BASE",111,0.0029047018066309434,0.00048960691450123577,0.001782685413409582,8.7226927365069835e-05,1.7733175441323789e-06,0.0034442105744086618
uwb-imu-pl/gate-d-diagnostics/v16,117,5850000000,117,117,117,88,1,117,5850000000,"BASE",112,0.0036917970081068179,0.00048238866601399329,0.0032603518636678142,8.7226619537856219e-05,1.7733226952761595e-06,0.0049497040191224346
uwb-imu-pl/gate-d-diagnostics/v16,117,5850000000,117,117,117,88,1,117,5850000000,"BASE",113,0.0045758924498973822,0.00055923463562576646,0.0054518790532510301,8.7226372190845805e-05,1.7733275129886428e-06,0.0071401773007877568
uwb-imu-pl/gate-d-diagnostics/v16,117,5850000000,117,117,117,88,1,117,5850000000,"BASE",114,0.0056306300308890849,0.00075245162851825655,0.0086386390786431823,8.7226192447765766e-05,1.7733318856590001e-06,0.010339432996176619
uwb-imu-pl/gate-d-diagnostics/v16,117,5850000000,117,117,117,88,1,117,5850000000,"BASE",115,0.0070565910930374736,0.0011915510875038376,0.0125190776588143,8.7226082470136522e-05,1.7733356051823348e-06,0.014420478106154213
uwb-imu-pl/gate-d-diagnostics/v16,117,5850000000,117,117,117,88,1,117,5850000000,"BASE",116,0.0093956106457066466,0.0018920857539096556,0.017266739488868556,8.7226035841958492e-05,1.7733382767271517e-06,0.019748554175138343
uwb-imu-pl/gate-d-diagnostics/v16,117,5850000000,117,117,117,88,1,117,5850000000,"BASE",117,0.015646594270330237,0.0025068584980618104,0.010554656128137791,8.7226030251474267e-05,1.7733392146185663e-06,0.01903965937977772
uwb-imu-pl/gate-d-diagnostics/v16,118,5900000000,118,118,118,89,1,118,5900000000,"BASE",108,0.0071255812189178515,0.0019822144180168546,0.0057385415981614099,6.2311153890062294e-05,1.8478083333144029e-06,0.0093615077564734393
uwb-imu-pl/gate-d-diagnostics/v16,118,5900000000,118,118,118,89,1,118,5900000000,"BASE",109,0.00751466842429966,0.0021255557827518788,0.007125764159751578,6.231163422382967e-05,1.8478118388373652e-06,0.010572068384536898
uwb-imu-pl/gate-d-diagnostics/v16,118,5900000000,118,118,118,89,1,118,5900000000,"BASE",110,0.0082074867887247261,0.0023663321493430098,0.0088084246511337377,6.2312045518604804e-05,1.8478148899210219e-06,0.012270069203889697
uwb-imu-pl/gate-d-diagnostics/v16,118,5900000000,118,118,118,89,1,118,5900000000,"BASE",111,0.0093529150912400327,0.0026871087422584558,0.010112269778865779,6.231238436922961e-05,1.8478173723273641e-06,0.01403422461074727
uwb-imu-pl/gate-d-diagnostics/v16,118,5900000000,118,118,118,89,1,118,5900000000,"BASE",112,0.010862577195323844,0.0030817930681232893,0.0109709987277489,6.2312650637206908e-05,1.8478191639104485e-06,0.015743561579396052
uwb-imu-pl/gate-d-diagnostics/v16,118,5900000000,118,118,118,89,1,118,5900000000,"BASE",113,0.012734921374554543,0.0035751246142008363,0.012273447386152329,6.2312847750789431e-05,1.8478202182214796e-06,0.018044421173017289
uwb-imu-pl/gate-d-diagnostics/v16,118,5900000000,118,118,118,89,1,118,5900000000,"BASE",114,0.014604348266366625,0.0041215554201641238,0.015006381223674165,6.2312983227609216e-05,1.8478205331773992e-06,0.021341733086124238
uwb-imu-pl/gate-d-diagnostics/v16,118,5900000000,118,118,118,89,1,118,5900000000,"BASE",115,0.016294898481296522,0.004775195870737479,0.020217613790382859,6.2313066091499716e-05,1.8478201695376975e-06,0.026402310615349412
uwb-imu-pl/gate-d-diagnostics/v16,118,5900000000,118,118,118,89,1,118,5900000000,"BASE",116,0.017148585105082912,0.0055789649209179899,0.027886124036386323,6.2313108605491094e-05,1.8478193466893201e-06,0.033209014149862513
uwb-imu-pl/gate-d-diagnostics/v16,118,5900000000,118,118,118,89,1,118,5900000000,"BASE",117,0.016939722864475239,0.0067155841292052126,0.036917658074111639,6.2313124424338506e-05,1.8478184473501537e-06,0.041170021191864678
uwb-imu-pl/gate-d-diagnostics/v16,118,5900000000,118,118,118,89,1,118,5900000000,"BASE",118,0.01374089080776238,0.0082829008290017919,0.049980820036231936,6.2313126232543201e-05,1.8478180680513073e-06,0.05249290222657025
uwb-imu-pl/gate-d-diagnostics/v16,119,5950000000,119,119,119,90,1,119,5950000000,"BASE",109,0.0021014689616173209,0.0006223989950301707,0.0021440068133918382,8.8553578320306551e-05,3.0602899139914172e-06,0.00306727380961235
uwb-imu-pl/gate-d-diagnostics/v16,119,5950000000,119,119,119,90,1,119,5950000000,"BASE",110,0.0024276643486142273,0.00074261793454396641,0.002636510054507009,8.8553544668640326e-05,3.0602940131507523e-06,0.0036611571872057426
uwb-imu-pl/gate-d-diagnostics/v16,119,5950000000,119,119,119,90,1,119,5950000000,"BASE",111,0.0028662855831079587,0.00086358130195681284,0.0030306140059029635,8.8553503509874247e-05,3.0602978724708259e-06,0.0042607321026091405
uwb-imu-pl/gate-d-diagnostics/v16,119,5950000000,119,119,119,90,1,119,5950000000,"BASE",112,0.0033613599308368646,0.00099317781252692707,0.0029892491547562935,8.8553455761115023e-05,3.060301436712186e-06,0.0046074509591654605
uwb-imu-pl/gate-d-diagnostics/v16,119,5950000000,119,119,119,90,1,119,5950000000,"BASE",113,0.0040485329040231806,0.0011571011575858632,0.0026632970328378403,8.855340354329362e-05,3.060304701207397e-06,0.0049830215652465048
uwb-imu-pl/gate-d-diagnostics/v16,119,5950000000,119,119,119,90,1,119,5950000000,"BASE",114,0.0047209238070020938,0.0013084207001420971,0.002954794519718547,8.8553350783445454e-05,3.06030756764082e-06,0.0057216910118649033
uwb-imu-pl/gate-d-diagnostics/v16,119,5950000000,119,119,119,90,1,119,5950000000,"BASE",115,0.0053349035189631635,0.0014268250686746663,0.0034277028417950156,8.8553302031532668e-05,3.0603100084190916e-06,0.0065003094663017135
uwb-imu-pl/gate-d-diagnostics/v16,119,5950000000,119,119,119,90,1,119,5950000000,"BASE",116,0.0061532942887587662,0.0015613841864296773,0.0057388400152118928,8.8553261883786945e-05,3.0603120246396256e-06,0.0085582175099492008
uwb-imu-pl/gate-d-diagnostics/v16,119,5950000000,119,119,119,90,1,119,5950000000,"BASE",117,0.0068991469851567939,0.0017254507891391838,0.0091568270189350837,8.8553237720600085e-05,3.0603136075852986e-06,0.011594427180532415
uwb-imu-pl/gate-d-diagnostics/v16,119,5950000000,119,119,119,90,1,119,5950000000,"BASE",118,0.0077623685189292073,0.0019810767778316116,0.013182212925435236,8.855322663197598e-05,3.0603147208934095e-06,0.015425874979213069
uwb-imu-pl/gate-d-diagnostics/v16,119,5950000000,119,119,119,90,1,119,5950000000,"BASE",119,0.0095207607478949418,0.0026337130612625595,0.030367400905085471,8.8553225299009311e-05,3.0603151185772603e-06,0.031933809958680899
uwb-imu-pl/gate-d-diagnostics/v16,120,6000000000,120,120,120,91,1,120,6000000000,"BASE",110,0.0012381110433811093,0.00053604998862217938,0.0029956901214351246,0.00014885562761186627,1.1784678493941828e-06,0.0032888580444230611
uwb-imu-pl/gate-d-diagnostics/v16,120,6000000000,120,120,120,91,1,120,6000000000,"BASE",111,0.0016626963044628781,0.00067424045869592987,0.0030641233019884128,0.00014885595008732946,1.1784615065607849e-06,0.0035538950870071147
uwb-imu-pl/gate-d-diagnostics/v16,120,6000000000,120,120,120,91,1,120,6000000000,"BASE",112,0.0023428413638858611,0.00081968372338541958,0.00322615377955389,0.00014885628116487499,1.1784553220850109e-06,0.0040732069494744038
uwb-imu-pl/gate-d-diagnostics/v16,120,6000000000,120,120,120,91,1,120,6000000000,"BASE",113,0.0031712868524081199,0.00097113828323957564,0.0035101547376777827,0.00014885660864232981,1.1784493945254163e-06,0.0048315127886151112
uwb-imu-pl/gate-d-diagnostics/v16,120,6000000000,120,120,120,91,1,120,6000000000,"BASE",114,0.0038359633780761311,0.0010327962643490263,0.002131749782937278,0.00014885691957523825,1.1784436853837699e-06,0.0045108535855071406
uwb-imu-pl/gate-d-diagnostics/v16,120,6000000000,120,120,120,91,1,120,6000000000,"BASE",115,0.0050428850157881516,0.0011164934694349164,0.0026747108387508186,0.00014885719944712162,1.1784382198310563e-06,0.00581837476235645
uwb-imu-pl/gate-d-diagnostics/v16,120,6000000000,120,120,120,91,1,120,6000000000,"BASE",116,0.0059122927066987095,0.0010523384796146257,0.0049151556215231724,0.00014885743353383463,1.1784329915868771e-06,0.0077616709562679746
uwb-imu-pl/gate-d-diagnostics/v16,120,6000000000,120,120,120,91,1,120,6000000000,"BASE",117,0.0071983205197844466,0.0010215563527157026,0.0093486863062522668,0.00014885761293528455,1.1784279862913608e-06,0.011843964341285968
uwb-imu-pl/gate-d-diagnostics/v16,120,6000000000,120,120,120,91,1,120,6000000000,"BASE",118,0.0086064198690882759,0.0011865174785486352,0.015181818671946908,0.00014885772519054785,1.1784233331237827e-06,0.017492514538763292
uwb-imu-pl/gate-d-diagnostics/v16,120,6000000000,120,120,120,91,1,120,6000000000,"BASE",119,0.011427568150302212,0.0018299010628193731,0.022087245209597643,0.00014885777427547814,1.1784195529060866e-06,0.024936046452957172
uwb-imu-pl/gate-d-diagnostics/v16,120,6000000000,120,120,120,91,1,120,6000000000,"BASE",120,0.018333514281659802,0.0025757640027265546,0.013738979999998503,0.0001488577802064436,1.1784181009126177e-06,0.023055021960113633
