schema_version,input_attempt_id,input_timestamp_ns,transaction_id,window_id,graph_version,ordering_version,noise_model_version,linpoint_version,output_timestamp_ns,frozen_group_ids,backend_epoch_before,backend_epoch_after,pending_duration_s,state_age_s,raw_imu_samples,consecutive_rejections,marginalization_count,factor_block_cache_hits,factor_block_cache_misses,factor_block_cache_invalidations,statistical_cache_hits,statistical_cache_misses,cache_entries,cache_bytes,cache_invalidation_reason,base_step_norm,selected_step_norm,risk_nominal,risk_p_nm,risk_bridge,risk_history,risk_model,risk_hypotheses,risk_total,risk_upper_bound,risk_margin,risk_ledger_charged_total,risk_ledger_declared_total,risk_ledger_closes,risk_ledger_all_validated,risk_ledger_validated_terms,risk_ledger_unvalidated_terms,risk_ledger_not_implemented_terms,risk_ledger_terms,coverage_status,coverage_exact_leaves,coverage_enveloped_leaves,coverage_uncovered_leaves,coverage_envelope_count,coverage_accepted_envelope_count,coverage_proof_count,coverage_envelope_online,hypothesis_count,single_uwb_hypotheses,single_accel_hypotheses,single_gyro_hypotheses,double_uwb_accel_hypotheses,double_uwb_gyro_hypotheses,effective_fault_cardinality,generated_actions,kernel_evaluated_actions,post_passed_actions,pl_evaluated_actions,selected_actions,base_svd,base_llt,base_state_solves,llt_state_solve_calls,svd_state_solve_calls,detector_reference_qr,candidate_reference_svd,candidate_inner_llt,fault_gram_eigen,fault_gram_svd,fault_gram_ldlt,low_dim_fault_gram,generic_fault_gram_fallback,hypothesis_parallel_blocks,hypothesis_shared_hits,hypothesis_shared_misses,covariance_rhs_solves,covariance_rhs_columns,spectral_rhs_solves,spectral_rhs_columns,numerical_contract_mismatches,imu_oracle_reintegrations,analytic_input_valid,analytic_computation_valid,oracle_executed,oracle_relative_error,oracle_verified,primary_failure,all_failures,not_evaluated_checks,oracle_sweep_executed,oracle_sweep_verified,oracle_sweep_worst_relative_error,oracle_sweep_reintegrations,oracle_sweep_epsilons,oracle_sweep_relative_errors,selection_event_class_ids,selection_risk_proof_id,publication_gate_executed,publication_identity_check,publication_identity_reason,publication_state_before,publication_state_after,publication_transition,publication_transition_accepted,publication_protected,publication_unprotected,publication_refusal,publication_missing_identity_fields,publication_snapshot_id,publication_state_solution_id,publication_history_summary_id,publication_manifest_digest,publication_health_state,publication_detector_ids,publication_risk_proof_id,publication_certificate_id,transaction_opened,watchdog_valid,watchdog_wall_elapsed_ns,watchdog_sensor_elapsed_ns,watchdog_sensor_delta_ns,watchdog_sensor_lag_ns,watchdog_sensor_stale,watchdog_wall_timeout,watchdog_replay_jump,watchdog_clock_refused,watchdog_reason,status,reason
uwb-imu-pl/gate-d-diagnostics/v16,1,50000000,1,1,1,1,1,1,50000000,"1000;1001;1002",0,1,0.050000000000000003,0,11,0,0,1,3,0,1048,5,8,22608,"",0.021804724322607022,inf,3.0000000000000004e-05,9.9999999999999995e-08,0,0,0,9.9000000000000001e-06,4.0000000000000003e-05,4.0000000000000003e-05,nan,4.1034482758620698e-05,nan,0,0,5,3,2,"nominal=0.000030:VALIDATED;p_nm=0.000000:VALIDATED;hypotheses=0.000010:VALIDATED;hypotheses_miss_channel=0.000001:VALIDATED;bridge=UNKNOWN:ASSUMED_UNVALIDATED;history=UNKNOWN:ASSUMED_UNVALIDATED;model=UNKNOWN:ASSUMED_UNVALIDATED;omitted=UNKNOWN:NOT_IMPLEMENTED;envelope=UNKNOWN:NOT_IMPLEMENTED;selection=0.000000:VALIDATED","COMPLETE",30,0,0,0,0,0,0,174,24,3,3,72,72,2,1,1,1,1,0,1,1,2,1,1,0,3,3,174,0,0,174,0,4,1,0,0,0,0,0,0,0,1,1,0,inf,0,"UNKNOWN_TEXT","UNKNOWN_TEXT","POST_FDE_DETECTOR_AND_PL;ATOMIC_CERTIFIED_PUBLISH",0,0,inf,0,"","","1",1092561012902804045,1,"REFUSED","no publication certificate was issued for this attempt; missing identity: pl_detector_certificate_id;protection_level_m","EVALUATING","UNAVAILABLE","UNAVAILABLE -> UNAVAILABLE",1,0,1,"no publication certificate was issued for this attempt; missing identity: pl_detector_certificate_id;protection_level_m","pl_detector_certificate_id;protection_level_m",5496345802878101081,1,1616120987084239359,9056656343633310150,13276243065478317808,"dual_channel_v1;all_in_graph_residual_diagnostic",1092561012902804045,0,1,1,0,0,0,0,0,0,0,0,"","EXECUTED",""
uwb-imu-pl/gate-d-diagnostics/v16,2,100000000,2,2,2,1,1,2,100000000,"1001;1002;2000;2001;2002",1,2,0.050000000000000003,0,11,0,0,2,8,1,4869,9,14,39184,"new frozen transaction/version",0.043571753836062842,inf,3.0000000000000004e-05,9.9999999999999995e-08,0,0,0,9.8999999999999984e-06,4.0000000000000003e-05,4.0000000000000003e-05,nan,4.4052830188679247e-05,nan,0,0,5,3,2,"nominal=0.000030:VALIDATED;p_nm=0.000000:VALIDATED;hypotheses=0.000010:VALIDATED;hypotheses_miss_channel=0.000004:VALIDATED;bridge=UNKNOWN:ASSUMED_UNVALIDATED;history=UNKNOWN:ASSUMED_UNVALIDATED;model=UNKNOWN:ASSUMED_UNVALIDATED;omitted=UNKNOWN:NOT_IMPLEMENTED;envelope=UNKNOWN:NOT_IMPLEMENTED;selection=0.000000:VALIDATED","COMPLETE",60,0,0,0,0,0,0,636,48,6,6,288,288,2,1,1,1,1,0,1,1,2,1,1,0,4,3,1272,0,0,636,0,4,0,0,0,0,0,0,0,0,1,1,0,inf,0,"UNKNOWN_TEXT","UNKNOWN_TEXT","POST_FDE_DETECTOR_AND_PL;ATOMIC_CERTIFIED_PUBLISH",0,0,inf,0,"","","1",11145912355943696468,1,"REFUSED","no publication certificate was issued for this attempt; missing identity: pl_detector_certificate_id;protection_level_m","FDE_EVALUATING","UNAVAILABLE","UNAVAILABLE -> UNAVAILABLE",1,0,1,"FINISH_DEADLINE_MISSED","pl_detector_certificate_id;protection_level_m",588938850052923397,2,17618683870490891971,9056656343633310150,13276243065478317808,"dual_channel_v1;all_in_graph_residual_diagnostic",11145912355943696468,0,1,1,10533629,50000000,50000000,0,0,1,0,0,"","EXECUTED",""
uwb-imu-pl/gate-d-diagnostics/v16,3,150000000,3,3,3,1,1,3,150000000,"1001;1002;2001;2002;3000;3001;3002",2,3,0.050000000000000017,0,11,0,0,3,15,2,13190,13,20,55760,"new frozen transaction/version",0.025073749522441485,inf,3.0000000000000004e-05,9.9999999999999995e-08,0,0,0,9.9000000000000001e-06,4.0000000000000003e-05,4.0000000000000003e-05,nan,5.0440000000000012e-05,nan,0,0,5,3,2,"nominal=0.000030:VALIDATED;p_nm=0.000000:VALIDATED;hypotheses=0.000010:VALIDATED;hypotheses_miss_channel=0.000010:VALIDATED;bridge=UNKNOWN:ASSUMED_UNVALIDATED;history=UNKNOWN:ASSUMED_UNVALIDATED;model=UNKNOWN:ASSUMED_UNVALIDATED;omitted=UNKNOWN:NOT_IMPLEMENTED;envelope=UNKNOWN:NOT_IMPLEMENTED;selection=0.000000:VALIDATED","COMPLETE",90,0,0,0,0,0,0,1386,72,9,9,648,648,2,1,1,1,1,0,1,1,2,1,1,0,4,3,1386,0,0,1386,0,4,1,0,0,0,0,0,0,0,1,1,0,inf,0,"UNKNOWN_TEXT","UNKNOWN_TEXT","POST_FDE_DETECTOR_AND_PL;ATOMIC_CERTIFIED_PUBLISH",0,0,inf,0,"","","1",1092561012902804045,1,"REFUSED","no publication certificate was issued for this attempt; missing identity: pl_detector_certificate_id;protection_level_m","FDE_EVALUATING","UNAVAILABLE","UNAVAILABLE -> UNAVAILABLE",1,0,1,"FINISH_DEADLINE_MISSED","pl_detector_certificate_id;protection_level_m",10472411477799398633,3,5863529157445111256,9056656343633310150,13276243065478317808,"dual_channel_v1;all_in_graph_residual_diagnostic",1092561012902804045,0,1,1,220713799,100000000,50000000,160180170,0,1,0,0,"","EXECUTED",""
uwb-imu-pl/gate-d-diagnostics/v16,4,200000000,4,4,4,1,1,4,200000000,"1001;1002;2001;2002;3001;3002;4000;4001;4002",3,4,0.049999999999999989,0,11,0,0,4,24,3,27739,17,26,72336,"new frozen transaction/version",0.039017151384870975,inf,3.0000000000000004e-05,9.9999999999999995e-08,0,0,0,9.9000000000000001e-06,4.0000000000000003e-05,4.0000000000000003e-05,nan,6.298000000000001e-05,nan,0,0,5,3,2,"nominal=0.000030:VALIDATED;p_nm=0.000000:VALIDATED;hypotheses=0.000010:VALIDATED;hypotheses_miss_channel=0.000023:VALIDATED;bridge=UNKNOWN:ASSUMED_UNVALIDATED;history=UNKNOWN:ASSUMED_UNVALIDATED;model=UNKNOWN:ASSUMED_UNVALIDATED;omitted=UNKNOWN:NOT_IMPLEMENTED;envelope=UNKNOWN:NOT_IMPLEMENTED;selection=0.000000:VALIDATED","COMPLETE",120,0,0,0,0,0,0,2424,96,12,12,1152,1152,2,1,1,1,1,0,1,1,2,1,1,0,4,3,2424,0,0,2424,0,4,1,0,0,0,0,0,0,0,1,1,0,inf,0,"UNKNOWN_TEXT","UNKNOWN_TEXT","POST_FDE_DETECTOR_AND_PL;ATOMIC_CERTIFIED_PUBLISH",0,0,inf,0,"","","1",1092561012902804045,1,"REFUSED","no publication certificate was issued for this attempt; missing identity: pl_detector_certificate_id;protection_level_m","FDE_EVALUATING","UNAVAILABLE","UNAVAILABLE -> UNAVAILABLE",1,0,1,"FINISH_DEADLINE_MISSED","pl_detector_certificate_id;protection_level_m",9973515429989627493,4,12286352885785231301,9056656343633310150,13276243065478317808,"dual_channel_v1;all_in_graph_residual_diagnostic",1092561012902804045,0,1,1,295228976,150000000,50000000,184695347,0,1,0,0,"","EXECUTED",""
uwb-imu-pl/gate-d-diagnostics/v16,5,250000000,5,5,5,1,1,5,250000000,"1001;1002;2001;2002;3001;3002;4001;4002;5000;5001;5002",4,5,0.049999999999999989,0,11,0,0,5,35,4,50244,21,32,88912,"new frozen transaction/version",0.029539195605857396,inf,3.0000000000000004e-05,9.9999999999999995e-08,0,0,0,9.9000000000000001e-06,4.0000000000000003e-05,4.0000000000000003e-05,nan,7.8400000000000008e-05,nan,0,0,5,3,2,"nominal=0.000030:VALIDATED;p_nm=0.000000:VALIDATED;hypotheses=0.000010:VALIDATED;hypotheses_miss_channel=0.000038:VALIDATED;bridge=UNKNOWN:ASSUMED_UNVALIDATED;history=UNKNOWN:ASSUMED_UNVALIDATED;model=UNKNOWN:ASSUMED_UNVALIDATED;omitted=UNKNOWN:NOT_IMPLEMENTED;envelope=UNKNOWN:NOT_IMPLEMENTED;selection=0.000000:VALIDATED","COMPLETE",150,0,0,0,0,0,0,3750,120,15,15,1800,1800,2,1,1,1,1,0,1,1,2,1,1,0,3,3,3750,0,0,3750,0,4,1,0,0,0,0,0,0,0,1,1,0,inf,0,"UNKNOWN_TEXT","UNKNOWN_TEXT","POST_FDE_DETECTOR_AND_PL;ATOMIC_CERTIFIED_PUBLISH",0,0,inf,0,"","","1",1092561012902804045,1,"REFUSED","no publication certificate was issued for this attempt; missing identity: pl_detector_certificate_id;protection_level_m","FDE_EVALUATING","UNAVAILABLE","UNAVAILABLE -> UNAVAILABLE",1,0,1,"FINISH_DEADLINE_MISSED","pl_detector_certificate_id;protection_level_m",12856835508738089057,5,13562259329916814375,9056656343633310150,13276243065478317808,"dual_channel_v1;all_in_graph_residual_diagnostic",1092561012902804045,0,1,1,438905864,200000000,50000000,278372235,0,1,0,0,"","EXECUTED",""
uwb-imu-pl/gate-d-diagnostics/v16,6,300000000,6,6,6,1,1,6,300000000,"1001;1002;2001;2002;3001;3002;4001;4002;5001;5002;6000;6001;6002",5,6,0.050000000000000044,0,11,0,0,6,48,5,82433,25,38,105488,"new frozen transaction/version",0.047241131612301493,inf,3.0000000000000004e-05,9.9999999999999995e-08,0,0,0,9.9000000000000001e-06,4.0000000000000003e-05,4.0000000000000003e-05,nan,9.6700000000000019e-05,nan,0,0,5,3,2,"nominal=0.000030:VALIDATED;p_nm=0.000000:VALIDATED;hypotheses=0.000010:VALIDATED;hypotheses_miss_channel=0.000057:VALIDATED;bridge=UNKNOWN:ASSUMED_UNVALIDATED;history=UNKNOWN:ASSUMED_UNVALIDATED;model=UNKNOWN:ASSUMED_UNVALIDATED;omitted=UNKNOWN:NOT_IMPLEMENTED;envelope=UNKNOWN:NOT_IMPLEMENTED;selection=0.000000:VALIDATED","COMPLETE",180,0,0,0,0,0,0,5364,144,18,18,2592,2592,2,1,1,1,1,0,1,1,2,1,1,0,4,3,5364,0,0,5364,0,4,1,0,0,0,0,0,0,0,1,1,0,inf,0,"UNKNOWN_TEXT","UNKNOWN_TEXT","POST_FDE_DETECTOR_AND_PL;ATOMIC_CERTIFIED_PUBLISH",0,0,inf,0,"","","1",1092561012902804045,1,"REFUSED","no publication certificate was issued for this attempt; missing identity: pl_detector_certificate_id;protection_level_m","FDE_EVALUATING","UNAVAILABLE","UNAVAILABLE -> UNAVAILABLE",1,0,1,"FINISH_DEADLINE_MISSED","pl_detector_certificate_id;protection_level_m",12669596196177164789,6,10483438098872264371,9056656343633310150,13276243065478317808,"dual_channel_v1;all_in_graph_residual_diagnostic",1092561012902804045,0,1,1,662982804,250000000,50000000,452449175,0,1,0,0,"","EXECUTED",""
uwb-imu-pl/gate-d-diagnostics/v16,7,350000000,7,7,7,1,1,7,350000000,"1001;1002;2001;2002;3001;3002;4001;4002;5001;5002;6001;6002;7000;7001;7002",6,7,0.049999999999999989,0,11,0,0,7,63,6,126034,29,44,122064,"new frozen transaction/version",0.03712535741055991,inf,3.0000000000000004e-05,9.9999999999999995e-08,0,0,0,9.9000000000000001e-06,4.0000000000000003e-05,4.0000000000000003e-05,nan,0.00011788000000000002,nan,0,0,5,3,2,"nominal=0.000030:VALIDATED;p_nm=0.000000:VALIDATED;hypotheses=0.000010:VALIDATED;hypotheses_miss_channel=0.000078:VALIDATED;bridge=UNKNOWN:ASSUMED_UNVALIDATED;history=UNKNOWN:ASSUMED_UNVALIDATED;model=UNKNOWN:ASSUMED_UNVALIDATED;omitted=UNKNOWN:NOT_IMPLEMENTED;envelope=UNKNOWN:NOT_IMPLEMENTED;selection=0.000000:VALIDATED","COMPLETE",210,0,0,0,0,0,0,7266,168,21,21,3528,3528,2,1,1,1,1,0,1,1,2,1,1,0,4,3,7266,0,0,7266,0,4,1,0,0,0,0,0,0,0,1,1,0,inf,0,"UNKNOWN_TEXT","UNKNOWN_TEXT","POST_FDE_DETECTOR_AND_PL;ATOMIC_CERTIFIED_PUBLISH",0,0,inf,0,"","","1",1092561012902804045,1,"REFUSED","no publication certificate was issued for this attempt; missing identity: pl_detector_certificate_id;protection_level_m","FDE_EVALUATING","UNAVAILABLE","UNAVAILABLE -> UNAVAILABLE",1,0,1,"FINISH_DEADLINE_MISSED","pl_detector_certificate_id;protection_level_m",18301142644834556193,7,16268342725013596589,9056656343633310150,13276243065478317808,"dual_channel_v1;all_in_graph_residual_diagnostic",1092561012902804045,0,1,1,1017747319,300000000,50000000,757213690,0,1,0,0,"","EXECUTED",""
uwb-imu-pl/gate-d-diagnostics/v16,8,400000000,8,8,8,1,1,8,400000000,"1001;1002;2001;2002;3001;3002;4001;4002;5001;5002;6001;6002;7001;7002;8000;8001;8002",7,8,0.049999999999999989,0,11,0,0,8,80,7,182775,33,50,138640,"new frozen transaction/version",0.027207145094241717,inf,3.0000000000000004e-05,9.9999999999999995e-08,0,0,0,9.9000000000000001e-06,4.0000000000000003e-05,4.0000000000000003e-05,nan,0.00014194000000000004,nan,0,0,5,3,2,"nominal=0.000030:VALIDATED;p_nm=0.000000:VALIDATED;hypotheses=0.000010:VALIDATED;hypotheses_miss_channel=0.000102:VALIDATED;bridge=UNKNOWN:ASSUMED_UNVALIDATED;history=UNKNOWN:ASSUMED_UNVALIDATED;model=UNKNOWN:ASSUMED_UNVALIDATED;omitted=UNKNOWN:NOT_IMPLEMENTED;envelope=UNKNOWN:NOT_IMPLEMENTED;selection=0.000000:VALIDATED","COMPLETE",240,0,0,0,0,0,0,9456,192,24,24,4608,4608,2,1,1,1,1,0,1,1,2,1,1,0,4,3,9456,0,0,9456,0,4,1,0,0,0,0,0,0,0,1,1,0,inf,0,"UNKNOWN_TEXT","UNKNOWN_TEXT","POST_FDE_DETECTOR_AND_PL;ATOMIC_CERTIFIED_PUBLISH",0,0,inf,0,"","","1",1092561012902804045,1,"REFUSED","no publication certificate was issued for this attempt; missing identity: pl_detector_certificate_id;protection_level_m","FDE_EVALUATING","UNAVAILABLE","UNAVAILABLE -> UNAVAILABLE",1,0,1,"FINISH_DEADLINE_MISSED","pl_detector_certificate_id;protection_level_m",12635171733144832309,8,3467257643830880530,9056656343633310150,13276243065478317808,"dual_channel_v1;all_in_graph_residual_diagnostic",1092561012902804045,0,1,1,1545276104,350000000,50000000,1234742475,0,1,0,0,"","EXECUTED",""
uwb-imu-pl/gate-d-diagnostics/v16,9,450000000,9,9,9,1,1,9,450000000,"1001;1002;2001;2002;3001;3002;4001;4002;5001;5002;6001;6002;7001;7002;8001;8002;9000;9001;9002",8,9,0.049999999999999989,0,11,0,0,9,99,8,254384,37,56,155216,"new frozen transaction/version",0.073313742954425998,inf,3.0000000000000004e-05,9.9999999999999995e-08,0,0,0,9.9000000000000001e-06,4.0000000000000003e-05,4.0000000000000003e-05,nan,0.00016888000000000002,nan,0,0,5,3,2,"nominal=0.000030:VALIDATED;p_nm=0.000000:VALIDATED;hypotheses=0.000010:VALIDATED;hypotheses_miss_channel=0.000129:VALIDATED;bridge=UNKNOWN:ASSUMED_UNVALIDATED;history=UNKNOWN:ASSUMED_UNVALIDATED;model=UNKNOWN:ASSUMED_UNVALIDATED;omitted=UNKNOWN:NOT_IMPLEMENTED;envelope=UNKNOWN:NOT_IMPLEMENTED;selection=0.000000:VALIDATED","COMPLETE",270,0,0,0,0,0,0,11934,216,27,27,5832,5832,2,1,1,1,1,0,1,1,2,1,1,0,4,3,11934,0,0,11934,0,4,1,0,0,0,0,0,0,0,1,1,0,inf,0,"UNKNOWN_TEXT","UNKNOWN_TEXT","POST_FDE_DETECTOR_AND_PL;ATOMIC_CERTIFIED_PUBLISH",0,0,inf,0,"","","1",1092561012902804045,1,"REFUSED","no publication certificate was issued for this attempt; missing identity: pl_detector_certificate_id;protection_level_m","FDE_EVALUATING","UNAVAILABLE","UNAVAILABLE -> UNAVAILABLE",1,0,1,"FINISH_DEADLINE_MISSED","pl_detector_certificate_id;protection_level_m",730750713018560953,9,14565998366999211329,9056656343633310150,13276243065478317808,"dual_channel_v1;all_in_graph_residual_diagnostic",1092561012902804045,0,1,1,2287893895,400000000,50000000,1927360266,0,1,0,0,"","EXECUTED",""
uwb-imu-pl/gate-d-diagnostics/v16,10,500000000,10,10,10,1,1,10,500000000,"1001;1002;2001;2002;3001;3002;4001;4002;5001;5002;6001;6002;7001;7002;8001;8002;9001;9002;10000;10001;10002",9,10,0.049999999999999989,0,11,0,0,10,120,9,342589,41,62,171792,"new frozen transaction/version",0.0173204775308827,inf,3.0000000000000004e-05,9.9999999999999995e-08,0,0,0,9.9000000000000001e-06,4.0000000000000003e-05,4.0000000000000003e-05,nan,0.00019870000000000003,nan,0,0,5,3,2,"nominal=0.000030:VALIDATED;p_nm=0.000000:VALIDATED;hypotheses=0.000010:VALIDATED;hypotheses_miss_channel=0.000159:VALIDATED;bridge=UNKNOWN:ASSUMED_UNVALIDATED;history=UNKNOWN:ASSUMED_UNVALIDATED;model=UNKNOWN:ASSUMED_UNVALIDATED;omitted=UNKNOWN:NOT_IMPLEMENTED;envelope=UNKNOWN:NOT_IMPLEMENTED;selection=0.000000:VALIDATED","COMPLETE",300,0,0,0,0,0,0,14700,240,30,30,7200,7200,2,1,1,1,1,0,1,1,2,1,1,0,4,3,14700,0,0,14700,0,4,1,0,0,0,0,0,0,0,1,1,0,inf,0,"UNKNOWN_TEXT","UNKNOWN_TEXT","POST_FDE_DETECTOR_AND_PL;ATOMIC_CERTIFIED_PUBLISH",0,0,inf,0,"","","1",1092561012902804045,1,"REFUSED","no publication certificate was issued for this attempt; missing identity: pl_detector_certificate_id;protection_level_m","FDE_EVALUATING","UNAVAILABLE","UNAVAILABLE -> UNAVAILABLE",1,0,1,"FINISH_DEADLINE_MISSED","pl_detector_certificate_id;protection_level_m",14387648347329103767,10,12912650112229422956,9056656343633310150,13276243065478317808,"dual_channel_v1;all_in_graph_residual_diagnostic",1092561012902804045,0,1,1,3282002848,450000000,50000000,2871469219,1,1,0,0,"data is stale by the sensor timestamp","EXECUTED",""
uwb-imu-pl/gate-d-diagnostics/v16,11,550000000,11,11,11,1,1,11,550000000,"1002;2001;2002;3001;3002;4001;4002;5001;5002;6001;6002;7001;7002;8001;8002;9001;9002;10001;10002;11000;11001;11002",10,11,0.050000000000000044,0,11,0,0,11,142,10,439578,45,67,177056,"new frozen transaction/version",0.013118757168914095,inf,3.0000000000000004e-05,9.9999999999999995e-08,0,0,0,9.9000000000000001e-06,4.0000000000000003e-05,4.0000000000000003e-05,nan,0.00021550000000000003,nan,0,0,5,3,2,"nominal=0.000030:VALIDATED;p_nm=0.000000:VALIDATED;hypotheses=0.000010:VALIDATED;hypotheses_miss_channel=0.000176:VALIDATED;bridge=UNKNOWN:ASSUMED_UNVALIDATED;history=UNKNOWN:ASSUMED_UNVALIDATED;model=UNKNOWN:ASSUMED_UNVALIDATED;omitted=UNKNOWN:NOT_IMPLEMENTED;envelope=UNKNOWN:NOT_IMPLEMENTED;selection=0.000000:VALIDATED","COMPLETE",324,0,0,0,0,0,0,16164,264,30,30,7920,7920,2,1,1,1,1,0,1,1,2,1,1,0,4,3,16164,0,0,16164,0,4,1,0,0,0,0,0,0,0,1,1,0,inf,0,"UNKNOWN_TEXT","UNKNOWN_TEXT","POST_FDE_DETECTOR_AND_PL;ATOMIC_CERTIFIED_PUBLISH",0,0,inf,0,"","","1",1092561012902804045,1,"REFUSED","no publication certificate was issued for this attempt; missing identity: pl_detector_certificate_id;protection_level_m","FDE_EVALUATING","UNAVAILABLE","UNAVAILABLE -> UNAVAILABLE",1,0,1,"FINISH_DEADLINE_MISSED","pl_detector_certificate_id;protection_level_m",3574042210143134373,11,11030644271114119338,9056656343633310150,13276243065478317808,"dual_channel_v1;all_in_graph_residual_diagnostic",1092561012902804045,0,1,1,4574549681,500000000,50000000,4114016052,1,1,0,0,"data is stale by the sensor timestamp","EXECUTED",""
uwb-imu-pl/gate-d-diagnostics/v16,12,600000000,12,12,12,1,1,12,600000000,"2002;3001;3002;4001;4002;5001;5002;6001;6002;7001;7002;8001;8002;9001;9002;10001;10002;11001;11002;12000;12001;12002",11,12,0.050000000000000044,0,11,0,0,12,164,11,439591,49,71,177056,"new frozen transaction/version",0.023898071110169825,inf,3.0000000000000004e-05,9.9999999999999995e-08,0,0,0,9.9000000000000001e-06,4.0000000000000003e-05,4.0000000000000003e-05,nan,nan,nan,0,0,0,0,0,"complete risk ledger unavailable before selection closure","COMPLETE",354,0,0,0,0,0,0,19362,288,33,33,9504,9504,2,1,1,1,1,0,1,1,2,1,1,0,4,3,19362,0,0,19362,0,4,1,0,0,0,0,0,0,0,1,1,0,inf,0,"NUMERICAL_CERTIFICATE_UNRESOLVED","NUMERICAL_CERTIFICATE_UNRESOLVED;UNKNOWN_TEXT","POST_FDE_DETECTOR_AND_PL;ATOMIC_CERTIFIED_PUBLISH",0,0,inf,0,"","","",0,1,"REFUSED","no publication certificate was issued for this attempt; missing identity: risk_proof_id;pl_detector_certificate_id;protection_level_m","FDE_EVALUATING","UNAVAILABLE","UNAVAILABLE -> UNAVAILABLE",1,0,1,"FINISH_DEADLINE_MISSED","risk_proof_id;pl_detector_certificate_id;protection_level_m",6670073543340541855,12,1668204601344561976,9056656343633310150,13276243065478317808,"dual_channel_v1;all_in_graph_residual_diagnostic",0,0,1,1,6047323824,550000000,50000000,5536790195,1,1,0,0,"data is stale by the sensor timestamp","EXECUTED",""
uwb-imu-pl/gate-d-diagnostics/v16,13,650000000,13,13,13,1,1,13,650000000,"3002;4001;4002;5001;5002;6001;6002;7001;7002;8001;8002;9001;9002;10001;10002;11001;11002;12001;12002;13000;13001;13002",12,13,0.049999999999999933,0,11,0,0,13,186,12,439615,51,73,177056,"new frozen transaction/version",0.055949285880029558,inf,3.0000000000000004e-05,9.9999999999999995e-08,0,0,0,9.9000000000000001e-06,4.0000000000000003e-05,4.0000000000000003e-05,nan,nan,nan,0,0,0,0,0,"complete risk ledger unavailable before selection closure","COMPLETE",384,0,0,0,0,0,0,22848,312,36,36,11232,11232,2,1,1,1,1,0,1,1,2,1,1,0,4,3,22848,0,0,22848,0,4,1,0,0,0,0,0,0,0,1,1,0,inf,0,"NUMERICAL_CERTIFICATE_UNRESOLVED","NUMERICAL_CERTIFICATE_UNRESOLVED;UNKNOWN_TEXT","POST_FDE_DETECTOR_AND_PL;ATOMIC_CERTIFIED_PUBLISH",0,0,inf,0,"","","",0,1,"REFUSED","no publication certificate was issued for this attempt; missing identity: risk_proof_id;pl_detector_certificate_id;protection_level_m","FDE_EVALUATING","UNAVAILABLE","UNAVAILABLE -> UNAVAILABLE",1,0,1,"FINISH_DEADLINE_MISSED","risk_proof_id;pl_detector_certificate_id;protection_level_m",86951623561808777,13,7750193792930614952,9056656343633310150,13276243065478317808,"dual_channel_v1;all_in_graph_residual_diagnostic",0,0,1,1,6765289382,600000000,50000000,6204755753,1,1,0,0,"data is stale by the sensor timestamp","EXECUTED",""
uwb-imu-pl/gate-d-diagnostics/v16,14,700000000,14,14,14,1,1,14,700000000,"4002;5001;5002;6001;6002;7001;7002;8001;8002;9001;9002;10001;10002;11001;11002;12001;12002;13001;13002;14000;14001;14002",13,14,0.050000000000000044,0,11,0,0,14,208,13,439647,54,76,177056,"new frozen transaction/version",0.032353671839756626,inf,3.0000000000000004e-05,9.9999999999999995e-08,0,0,0,9.9000000000000001e-06,4.0000000000000003e-05,4.0000000000000003e-05,nan,nan,nan,0,0,0,0,0,"complete risk ledger unavailable before selection closure","COMPLETE",414,0,0,0,0,0,0,26622,336,39,39,13104,13104,2,1,1,1,1,0,1,1,2,1,1,0,4,3,26622,0,0,26622,0,4,1,0,0,0,0,0,0,0,1,1,0,inf,0,"NUMERICAL_CERTIFICATE_UNRESOLVED","NUMERICAL_CERTIFICATE_UNRESOLVED;UNKNOWN_TEXT","POST_FDE_DETECTOR_AND_PL;ATOMIC_CERTIFIED_PUBLISH",0,0,inf,0,"","","",0,1,"REFUSED","no publication certificate was issued for this attempt; missing identity: risk_proof_id;pl_detector_certificate_id;protection_level_m","FDE_EVALUATING","UNAVAILABLE","UNAVAILABLE -> UNAVAILABLE",1,0,1,"FINISH_DEADLINE_MISSED","risk_proof_id;pl_detector_certificate_id;protection_level_m",9803052643670544391,14,10493874188089982455,9056656343633310150,13276243065478317808,"dual_channel_v1;all_in_graph_residual_diagnostic",0,0,1,1,7651739179,650000000,50000000,7041205550,1,1,0,0,"data is stale by the sensor timestamp","EXECUTED",""
uwb-imu-pl/gate-d-diagnostics/v16,15,750000000,15,15,15,1,1,15,750000000,"5002;6001;6002;7001;7002;8001;8002;9001;9002;10001;10002;11001;11002;12001;12002;13001;13002;14001;14002;15000;15001;15002",14,15,0.049999999999999933,0,11,0,0,15,230,14,439688,57,79,177056,"new frozen transaction/version",0.040351851846535419,inf,3.0000000000000004e-05,9.9999999999999995e-08,0,0,0,9.9000000000000001e-06,4.0000000000000003e-05,4.0000000000000003e-05,nan,nan,nan,0,0,0,0,0,"complete risk ledger unavailable before selection closure","COMPLETE",444,0,0,0,0,0,0,30684,360,42,42,15120,15120,2,1,1,1,1,0,1,1,2,1,1,0,4,3,30684,0,0,30684,0,4,1,0,0,0,0,0,0,0,1,1,0,inf,0,"NUMERICAL_CERTIFICATE_UNRESOLVED","NUMERICAL_CERTIFICATE_UNRESOLVED;UNKNOWN_TEXT","POST_FDE_DETECTOR_AND_PL;ATOMIC_CERTIFIED_PUBLISH",0,0,inf,0,"","","",0,1,"REFUSED","no publication certificate was issued for this attempt; missing identity: risk_proof_id;pl_detector_certificate_id;protection_level_m","FDE_EVALUATING","UNAVAILABLE","UNAVAILABLE -> UNAVAILABLE",1,0,1,"FINISH_DEADLINE_MISSED","risk_proof_id;pl_detector_certificate_id;protection_level_m",641852240949757125,15,7179758202508784779,9056656343633310150,13276243065478317808,"dual_channel_v1;all_in_graph_residual_diagnostic",0,0,1,1,8666482055,700000000,50000000,8005948426,1,1,0,0,"data is stale by the sensor timestamp","EXECUTED",""
uwb-imu-pl/gate-d-diagnostics/v16,16,800000000,16,16,16,1,1,16,800000000,"6002;7001;7002;8001;8002;9001;9002;10001;10002;11001;11002;12001;12002;13001;13002;14001;14002;15001;15002;16000;16001;16002",15,16,0.050000000000000044,0,11,0,0,16,252,15,439739,59,81,177056,"new frozen transaction/version",0.016388107989962358,inf,3.0000000000000004e-05,9.9999999999999995e-08,0,0,0,9.9000000000000001e-06,4.0000000000000003e-05,4.0000000000000003e-05,nan,nan,nan,0,0,0,0,0,"complete risk ledger unavailable before selection closure","COMPLETE",474,0,0,0,0,0,0,35034,384,45,45,17280,17280,2,1,1,1,1,0,1,1,2,1,1,0,4,3,35034,0,0,35034,0,4,1,0,0,0,0,0,0,0,1,1,0,inf,0,"NUMERICAL_CERTIFICATE_UNRESOLVED","NUMERICAL_CERTIFICATE_UNRESOLVED;UNKNOWN_TEXT","POST_FDE_DETECTOR_AND_PL;ATOMIC_CERTIFIED_PUBLISH",0,0,inf,0,"","","",0,1,"REFUSED","no publication certificate was issued for this attempt; missing identity: risk_proof_id;pl_detector_certificate_id;protection_level_m","FDE_EVALUATING","UNAVAILABLE","UNAVAILABLE -> UNAVAILABLE",1,0,1,"FINISH_DEADLINE_MISSED","risk_proof_id;pl_detector_certificate_id;protection_level_m",1978934208162848479,16,15357755226667432704,9056656343633310150,13276243065478317808,"dual_channel_v1;all_in_graph_residual_diagnostic",0,0,1,1,9870858730,750000000,50000000,9160325101,1,1,0,0,"data is stale by the sensor timestamp","EXECUTED",""
uwb-imu-pl/gate-d-diagnostics/v16,17,850000000,17,17,17,1,1,17,850000000,"7002;8001;8002;9001;9002;10001;10002;11001;11002;12001;12002;13001;13002;14001;14002;15001;15002;16001;16002;17000;17001;17002",16,17,0.050000000000000044,0,11,0,0,17,274,16,439799,61,83,177056,"new frozen transaction/version",0.04875048465124962,inf,3.0000000000000004e-05,9.9999999999999995e-08,0,0,0,9.9000000000000001e-06,4.0000000000000003e-05,4.0000000000000003e-05,nan,nan,nan,0,0,0,0,0,"complete risk ledger unavailable before selection closure","COMPLETE",504,0,0,0,0,0,0,39672,408,48,48,19584,19584,2,1,1,1,1,0,1,1,2,1,1,0,4,3,39672,0,0,39672,0,4,1,0,0,0,0,0,0,0,1,1,0,inf,0,"NUMERICAL_CERTIFICATE_UNRESOLVED","NUMERICAL_CERTIFICATE_UNRESOLVED;UNKNOWN_TEXT","POST_FDE_DETECTOR_AND_PL;ATOMIC_CERTIFIED_PUBLISH",0,0,inf,0,"","","",0,1,"REFUSED","no publication certificate was issued for this attempt; missing identity: risk_proof_id;pl_detector_certificate_id;protection_level_m","FDE_EVALUATING","UNAVAILABLE","UNAVAILABLE -> UNAVAILABLE",1,0,1,"FINISH_DEADLINE_MISSED","risk_proof_id;pl_detector_certificate_id;protection_level_m",13650905149153104625,17,2923661273206682671,9056656343633310150,13276243065478317808,"dual_channel_v1;all_in_graph_residual_diagnostic",0,0,1,1,11317544909,800000000,50000000,10557011280,1,1,0,0,"data is stale by the sensor timestamp","EXECUTED",""
uwb-imu-pl/gate-d-diagnostics/v16,18,900000000,18,18,18,1,1,18,900000000,"8002;9001;9002;10001;10002;11001;11002;12001;12002;13001;13002;14001;14002;15001;15002;16001;16002;17001;17002;18000;18001;18002",17,18,0.049999999999999933,0,11,0,0,18,296,17,439867,64,86,177056,"new frozen transaction/version",0.039931863090495991,inf,3.0000000000000004e-05,9.9999999999999995e-08,0,0,0,9.9000000000000001e-06,4.0000000000000003e-05,4.0000000000000003e-05,nan,nan,nan,0,0,0,0,0,"complete risk ledger unavailable before selection closure","COMPLETE",534,0,0,0,0,0,0,44598,432,51,51,22032,22032,2,1,1,1,1,0,1,1,2,1,1,0,4,3,44598,0,0,44598,0,4,1,0,0,0,0,0,0,0,1,1,0,inf,0,"NUMERICAL_CERTIFICATE_UNRESOLVED","NUMERICAL_CERTIFICATE_UNRESOLVED;UNKNOWN_TEXT","POST_FDE_DETECTOR_AND_PL;ATOMIC_CERTIFIED_PUBLISH",0,0,inf,0,"","","",0,1,"REFUSED","no publication certificate was issued for this attempt; missing identity: risk_proof_id;pl_detector_certificate_id;protection_level_m","FDE_EVALUATING","UNAVAILABLE","UNAVAILABLE -> UNAVAILABLE",1,0,1,"FINISH_DEADLINE_MISSED","risk_proof_id;pl_detector_certificate_id;protection_level_m",5226176208444227511,18,7230935819099039268,9056656343633310150,13276243065478317808,"dual_channel_v1;all_in_graph_residual_diagnostic",0,0,1,1,13030450424,850000000,50000000,12219916795,1,1,0,0,"data is stale by the sensor timestamp","EXECUTED",""
uwb-imu-pl/gate-d-diagnostics/v16,19,950000000,19,19,19,1,1,19,950000000,"9002;10001;10002;11001;11002;12001;12002;13001;13002;14001;14002;15001;15002;16001;16002;17001;17002;18001;18002;19000;19001;19002",18,19,0.050000000000000044,0,11,0,0,19,318,18,439945,66,88,177056,"new frozen transaction/version",0.055564000368595691,inf,3.0000000000000004e-05,9.9999999999999995e-08,0,0,0,9.9000000000000001e-06,4.0000000000000003e-05,4.0000000000000003e-05,nan,nan,nan,0,0,0,0,0,"complete risk ledger unavailable before selection closure","COMPLETE",564,0,0,0,0,0,0,49812,456,54,54,24624,24624,2,1,1,1,1,0,1,1,2,1,1,0,4,3,49812,0,0,49812,0,4,1,0,0,0,0,0,0,0,1,1,0,inf,0,"NUMERICAL_CERTIFICATE_UNRESOLVED","NUMERICAL_CERTIFICATE_UNRESOLVED;UNKNOWN_TEXT","POST_FDE_DETECTOR_AND_PL;ATOMIC_CERTIFIED_PUBLISH",0,0,inf,0,"","","",0,1,"REFUSED","no publication certificate was issued for this attempt; missing identity: risk_proof_id;pl_detector_certificate_id;protection_level_m","FDE_EVALUATING","UNAVAILABLE","UNAVAILABLE -> UNAVAILABLE",1,0,1,"FINISH_DEADLINE_MISSED","risk_proof_id;pl_detector_certificate_id;protection_level_m",16276199269934313717,19,16885878319772370663,9056656343633310150,13276243065478317808,"dual_channel_v1;all_in_graph_residual_diagnostic",0,0,1,1,15038637447,900000000,50000000,14178103818,1,1,0,0,"data is stale by the sensor timestamp","EXECUTED",""
uwb-imu-pl/gate-d-diagnostics/v16,20,1000000000,20,20,20,1,1,20,1000000000,"10002;11001;11002;12001;12002;13001;13002;14001;14002;15001;15002;16001;16002;17001;17002;18001;18002;19001;19002;20000;20001;20002",19,20,0.049999999999999933,0,11,0,0,20,340,19,440032,68,90,177056,"new frozen transaction/version",0.071083839470947555,inf,3.0000000000000004e-05,9.9999999999999995e-08,0,0,0,9.9000000000000001e-06,4.0000000000000003e-05,4.0000000000000003e-05,nan,nan,nan,0,0,0,0,0,"complete risk ledger unavailable before selection closure","COMPLETE",594,0,0,0,0,0,0,55314,480,57,57,27360,27360,2,1,1,1,1,0,1,1,2,1,1,0,4,3,55314,0,0,55314,0,4,1,0,0,0,0,0,0,0,1,1,0,inf,0,"NUMERICAL_CERTIFICATE_UNRESOLVED","NUMERICAL_CERTIFICATE_UNRESOLVED;UNKNOWN_TEXT","POST_FDE_DETECTOR_AND_PL;ATOMIC_CERTIFIED_PUBLISH",0,0,inf,0,"","","",0,1,"REFUSED","no publication certificate was issued for this attempt; missing identity: risk_proof_id;pl_detector_certificate_id;protection_level_m","FDE_EVALUATING","UNAVAILABLE","UNAVAILABLE -> UNAVAILABLE",1,0,1,"FINISH_DEADLINE_MISSED","risk_proof_id;pl_detector_certificate_id;protection_level_m",13869446938537030733,20,14743753363409897357,9056656343633310150,13276243065478317808,"dual_channel_v1;all_in_graph_residual_diagnostic",0,0,1,1,17514694858,950000000,50000000,16604161229,1,1,0,0,"data is stale by the sensor timestamp","EXECUTED",""
uwb-imu-pl/gate-d-diagnostics/v16,21,1050000000,21,21,21,1,1,21,1050000000,"11002;12001;12002;13001;13002;14001;14002;15001;15002;16001;16002;17001;17002;18001;18002;19001;19002;20001;20002;21000;21001;21002",20,21,0.050000000000000044,0,11,0,0,21,362,20,440127,71,93,177056,"new frozen transaction/version",0.096591351354171059,inf,3.0000000000000004e-05,9.9999999999999995e-08,0,0,0,9.9000000000000001e-06,4.0000000000000003e-05,4.0000000000000003e-05,nan,nan,nan,0,0,0,0,0,"complete risk ledger unavailable before selection closure","COMPLETE",624,0,0,0,0,0,0,61104,504,60,60,30240,30240,2,1,1,1,1,0,1,1,2,1,1,0,4,3,61104,0,0,61104,0,4,1,0,0,0,0,0,0,0,1,1,0,inf,0,"NUMERICAL_CERTIFICATE_UNRESOLVED","NUMERICAL_CERTIFICATE_UNRESOLVED;UNKNOWN_TEXT","POST_FDE_DETECTOR_AND_PL;ATOMIC_CERTIFIED_PUBLISH",0,0,inf,0,"","","",0,1,"REFUSED","no publication certificate was issued for this attempt; missing identity: risk_proof_id;pl_detector_certificate_id;protection_level_m","FDE_EVALUATING","UNAVAILABLE","UNAVAILABLE -> UNAVAILABLE",1,0,1,"FINISH_DEADLINE_MISSED","risk_proof_id;pl_detector_certificate_id;protection_level_m",15704874108895970307,21,451259521702538451,9056656343633310150,13276243065478317808,"dual_channel_v1;all_in_graph_residual_diagnostic",0,0,1,1,20279811686,1000000000,50000000,19319278057,1,1,0,0,"data is stale by the sensor timestamp","EXECUTED",""
uwb-imu-pl/gate-d-diagnostics/v16,22,1100000000,22,22,22,1,1,22,1100000000,"12002;13001;13002;14001;14002;15001;15002;16001;16002;17001;17002;18001;18002;19001;19002;20001;20002;21001;21002;22000;22001;22002",21,22,0.050000000000000044,0,11,0,0,22,384,21,440222,74,96,177056,"new frozen transaction/version",0.033212208890181075,inf,3.0000000000000004e-05,9.9999999999999995e-08,0,0,0,9.9000000000000001e-06,4.0000000000000003e-05,4.0000000000000003e-05,nan,nan,nan,0,0,0,0,0,"complete risk ledger unavailable before selection closure","COMPLETE",624,0,0,0,0,0,0,61104,504,60,60,30240,30240,2,1,1,1,1,0,1,1,2,1,1,0,4,3,61104,0,0,61104,0,4,1,0,0,0,0,0,0,0,1,1,0,inf,0,"NUMERICAL_CERTIFICATE_UNRESOLVED","NUMERICAL_CERTIFICATE_UNRESOLVED;UNKNOWN_TEXT","POST_FDE_DETECTOR_AND_PL;ATOMIC_CERTIFIED_PUBLISH",0,0,inf,0,"","","",0,1,"REFUSED","no publication certificate was issued for this attempt; missing identity: risk_proof_id;pl_detector_certificate_id;protection_level_m","FDE_EVALUATING","UNAVAILABLE","UNAVAILABLE -> UNAVAILABLE",1,0,1,"FINISH_DEADLINE_MISSED","risk_proof_id;pl_detector_certificate_id;protection_level_m",12933959647631732341,22,16726875772226872306,9056656343633310150,13276243065478317808,"dual_channel_v1;all_in_graph_residual_diagnostic",0,0,1,1,23488469480,1050000000,50000000,22477935851,1,1,0,0,"data is stale by the sensor timestamp","EXECUTED",""
uwb-imu-pl/gate-d-diagnostics/v16,23,1150000000,23,23,23,1,1,23,1150000000,"13002;14001;14002;15001;15002;16001;16002;17001;17002;18001;18002;19001;19002;20001;20002;21001;21002;22001;22002;23000;23001;23002",22,23,0.050000000000000044,0,11,0,0,23,406,22,440320,74,96,177056,"new frozen transaction/version",0.091152899031780213,inf,3.0000000000000004e-05,9.9999999999999995e-08,0,0,0,9.9000000000000001e-06,4.0000000000000003e-05,4.0000000000000003e-05,nan,nan,nan,0,0,0,0,0,"complete risk ledger unavailable before selection closure","COMPLETE",624,0,0,0,0,0,0,61104,504,60,60,30240,30240,2,1,1,1,1,0,1,1,2,1,1,0,4,3,61104,0,0,61104,0,4,1,0,0,0,0,0,0,0,1,1,0,inf,0,"NUMERICAL_CERTIFICATE_UNRESOLVED","NUMERICAL_CERTIFICATE_UNRESOLVED;UNKNOWN_TEXT","POST_FDE_DETECTOR_AND_PL;ATOMIC_CERTIFIED_PUBLISH",0,0,inf,0,"","","",0,1,"REFUSED","no publication certificate was issued for this attempt; missing identity: risk_proof_id;pl_detector_certificate_id;protection_level_m","FDE_EVALUATING","UNAVAILABLE","UNAVAILABLE -> UNAVAILABLE",1,0,1,"FINISH_DEADLINE_MISSED","risk_proof_id;pl_detector_certificate_id;protection_level_m",16461589513840740991,23,8175098158820548497,9056656343633310150,13276243065478317808,"dual_channel_v1;all_in_graph_residual_diagnostic",0,0,1,1,26835424145,1100000000,50000000,25774890516,1,1,0,0,"data is stale by the sensor timestamp","EXECUTED",""
uwb-imu-pl/gate-d-diagnostics/v16,24,1200000000,24,24,24,1,1,24,1200000000,"14002;15001;15002;16001;16002;17001;17002;18001;18002;19001;19002;20001;20002;21001;21002;22001;22002;23001;23002;24000;24001;24002",23,24,0.050000000000000044,0,11,0,0,24,428,23,440418,74,96,177056,"new frozen transaction/version",0.089710716063458124,inf,3.0000000000000004e-05,9.9999999999999995e-08,0,0,0,9.9000000000000001e-06,4.0000000000000003e-05,4.0000000000000003e-05,nan,nan,nan,0,0,0,0,0,"complete risk ledger unavailable before selection closure","COMPLETE",624,0,0,0,0,0,0,61104,504,60,60,30240,30240,2,1,1,1,1,0,1,1,2,1,1,0,4,3,61104,0,0,61104,0,4,1,0,0,0,0,0,0,0,1,1,0,inf,0,"NUMERICAL_CERTIFICATE_UNRESOLVED","NUMERICAL_CERTIFICATE_UNRESOLVED;UNKNOWN_TEXT","POST_FDE_DETECTOR_AND_PL;ATOMIC_CERTIFIED_PUBLISH",0,0,inf,0,"","","",0,1,"REFUSED","no publication certificate was issued for this attempt; missing identity: risk_proof_id;pl_detector_certificate_id;protection_level_m","FDE_EVALUATING","UNAVAILABLE","UNAVAILABLE -> UNAVAILABLE",1,0,1,"FINISH_DEADLINE_MISSED","risk_proof_id;pl_detector_certificate_id;protection_level_m",10694552273494130917,24,7931716420409951521,9056656343633310150,13276243065478317808,"dual_channel_v1;all_in_graph_residual_diagnostic",0,0,1,1,30432353238,1150000000,50000000,29321819609,1,1,0,0,"data is stale by the sensor timestamp","EXECUTED",""
uwb-imu-pl/gate-d-diagnostics/v16,25,1250000000,25,25,25,1,1,25,1250000000,"15002;16001;16002;17001;17002;18001;18002;19001;19002;20001;20002;21001;21002;22001;22002;23001;23002;24001;24002;25000;25001;25002",24,25,0.049999999999999822,0,11,0,0,25,450,24,440516,74,96,177056,"new frozen transaction/version",0.089745777230881674,inf,3.0000000000000004e-05,9.9999999999999995e-08,0,0,0,9.9000000000000001e-06,4.0000000000000003e-05,4.0000000000000003e-05,nan,nan,nan,0,0,0,0,0,"complete risk ledger unavailable before selection closure","COMPLETE",624,0,0,0,0,0,0,61104,504,60,60,30240,30240,2,1,1,1,1,0,1,1,2,1,1,0,4,3,61104,0,0,61104,0,4,1,0,0,0,0,0,0,0,1,1,0,inf,0,"NUMERICAL_CERTIFICATE_UNRESOLVED","NUMERICAL_CERTIFICATE_UNRESOLVED;UNKNOWN_TEXT","POST_FDE_DETECTOR_AND_PL;ATOMIC_CERTIFIED_PUBLISH",0,0,inf,0,"","","",0,1,"REFUSED","no publication certificate was issued for this attempt; missing identity: risk_proof_id;pl_detector_certificate_id;protection_level_m","FDE_EVALUATING","UNAVAILABLE","UNAVAILABLE -> UNAVAILABLE",1,0,1,"FINISH_DEADLINE_MISSED","risk_proof_id;pl_detector_certificate_id;protection_level_m",2328171248435277587,25,8576982657082501029,9056656343633310150,13276243065478317808,"dual_channel_v1;all_in_graph_residual_diagnostic",0,0,1,1,34195336440,1200000000,50000000,33034802811,1,1,0,0,"data is stale by the sensor timestamp","EXECUTED",""
uwb-imu-pl/gate-d-diagnostics/v16,26,1300000000,26,26,26,1,1,26,1300000000,"16002;17001;17002;18001;18002;19001;19002;20001;20002;21001;21002;22001;22002;23001;23002;24001;24002;25001;25002;26000;26001;26002",25,26,0.050000000000000044,0,11,0,0,26,472,25,440614,74,96,177056,"new frozen transaction/version",0.053523376157464435,inf,3.0000000000000004e-05,9.9999999999999995e-08,0,0,0,9.9000000000000001e-06,4.0000000000000003e-05,4.0000000000000003e-05,nan,nan,nan,0,0,0,0,0,"complete risk ledger unavailable before selection closure","COMPLETE",624,0,0,0,0,0,0,61104,504,60,60,30240,30240,2,1,1,1,1,0,1,1,2,1,1,0,4,3,61104,0,0,61104,0,4,1,0,0,0,0,0,0,0,1,1,0,inf,0,"NUMERICAL_CERTIFICATE_UNRESOLVED","NUMERICAL_CERTIFICATE_UNRESOLVED;UNKNOWN_TEXT","POST_FDE_DETECTOR_AND_PL;ATOMIC_CERTIFIED_PUBLISH",0,0,inf,0,"","","",0,1,"REFUSED","no publication certificate was issued for this attempt; missing identity: risk_proof_id;pl_detector_certificate_id;protection_level_m","FDE_EVALUATING","UNAVAILABLE","UNAVAILABLE -> UNAVAILABLE",1,0,1,"FINISH_DEADLINE_MISSED","risk_proof_id;pl_detector_certificate_id;protection_level_m",9746489569497304749,26,9507093284648901258,9056656343633310150,13276243065478317808,"dual_channel_v1;all_in_graph_residual_diagnostic",0,0,1,1,38580835050,1250000000,50000000,37370301421,1,1,0,0,"data is stale by the sensor timestamp","EXECUTED",""
uwb-imu-pl/gate-d-diagnostics/v16,27,1350000000,27,27,27,1,1,27,1350000000,"17002;18001;18002;19001;19002;20001;20002;21001;21002;22001;22002;23001;23002;24001;24002;25001;25002;26001;26002;27000;27001;27002",26,27,0.050000000000000044,0,11,0,0,27,494,26,440712,74,96,177056,"new frozen transaction/version",0.052463738395059037,inf,3.0000000000000004e-05,9.9999999999999995e-08,0,0,0,9.9000000000000001e-06,4.0000000000000003e-05,4.0000000000000003e-05,nan,nan,nan,0,0,0,0,0,"complete risk ledger unavailable before selection closure","COMPLETE",624,0,0,0,0,0,0,61104,504,60,60,30240,30240,2,1,1,1,1,0,1,1,2,1,1,0,4,3,61104,0,0,61104,0,4,1,0,0,0,0,0,0,0,1,1,0,inf,0,"NUMERICAL_CERTIFICATE_UNRESOLVED","NUMERICAL_CERTIFICATE_UNRESOLVED;UNKNOWN_TEXT","POST_FDE_DETECTOR_AND_PL;ATOMIC_CERTIFIED_PUBLISH",0,0,inf,0,"","","",0,1,"REFUSED","no publication certificate was issued for this attempt; missing identity: risk_proof_id;pl_detector_certificate_id;protection_level_m","FDE_EVALUATING","UNAVAILABLE","UNAVAILABLE -> UNAVAILABLE",1,0,1,"FINISH_DEADLINE_MISSED","risk_proof_id;pl_detector_certificate_id;protection_level_m",12264617665051148567,27,16777910421501621315,9056656343633310150,13276243065478317808,"dual_channel_v1;all_in_graph_residual_diagnostic",0,0,1,1,43211647300,1300000000,50000000,41951113671,1,1,0,0,"data is stale by the sensor timestamp","EXECUTED",""
uwb-imu-pl/gate-d-diagnostics/v16,28,1400000000,28,28,28,1,1,28,1400000000,"18002;19001;19002;20001;20002;21001;21002;22001;22002;23001;23002;24001;24002;25001;25002;26001;26002;27001;27002;28000;28001;28002",27,28,0.050000000000000044,0,11,0,0,28,516,27,440810,74,96,177056,"new frozen transaction/version",0.046940095525565453,inf,3.0000000000000004e-05,9.9999999999999995e-08,0,0,0,9.9000000000000001e-06,4.0000000000000003e-05,4.0000000000000003e-05,nan,nan,nan,0,0,0,0,0,"complete risk ledger unavailable before selection closure","COMPLETE",624,0,0,0,0,0,0,61104,504,60,60,30240,30240,2,1,1,1,1,0,1,1,2,1,1,0,4,3,61104,0,0,61104,0,4,1,0,0,0,0,0,0,0,1,1,0,inf,0,"NUMERICAL_CERTIFICATE_UNRESOLVED","NUMERICAL_CERTIFICATE_UNRESOLVED;UNKNOWN_TEXT","POST_FDE_DETECTOR_AND_PL;ATOMIC_CERTIFIED_PUBLISH",0,0,inf,0,"","","",0,1,"REFUSED","no publication certificate was issued for this attempt; missing identity: risk_proof_id;pl_detector_certificate_id;protection_level_m","FDE_EVALUATING","UNAVAILABLE","UNAVAILABLE -> UNAVAILABLE",1,0,1,"FINISH_DEADLINE_MISSED","risk_proof_id;pl_detector_certificate_id;protection_level_m",1685223223145913197,28,14823077443860963275,9056656343633310150,13276243065478317808,"dual_channel_v1;all_in_graph_residual_diagnostic",0,0,1,1,47947339130,1350000000,50000000,46636805501,1,1,0,0,"data is stale by the sensor timestamp","EXECUTED",""
uwb-imu-pl/gate-d-diagnostics/v16,29,1450000000,29,29,29,1,1,29,1450000000,"19002;20001;20002;21001;21002;22001;22002;23001;23002;24001;24002;25001;25002;26001;26002;27001;27002;28001;28002;29000;29001;29002",28,29,0.050000000000000044,0,11,0,0,29,538,28,440908,74,96,177056,"new frozen transaction/version",0.055063018228317488,inf,3.0000000000000004e-05,9.9999999999999995e-08,0,0,0,9.9000000000000001e-06,4.0000000000000003e-05,4.0000000000000003e-05,nan,nan,nan,0,0,0,0,0,"complete risk ledger unavailable before selection closure","COMPLETE",624,0,0,0,0,0,0,61104,504,60,60,30240,30240,2,1,1,1,1,0,1,1,2,1,1,0,4,3,61104,0,0,61104,0,4,1,0,0,0,0,0,0,0,1,1,0,inf,0,"NUMERICAL_CERTIFICATE_UNRESOLVED","NUMERICAL_CERTIFICATE_UNRESOLVED;UNKNOWN_TEXT","POST_FDE_DETECTOR_AND_PL;ATOMIC_CERTIFIED_PUBLISH",0,0,inf,0,"","","",0,1,"REFUSED","no publication certificate was issued for this attempt; missing identity: risk_proof_id;pl_detector_certificate_id;protection_level_m","FDE_EVALUATING","UNAVAILABLE","UNAVAILABLE -> UNAVAILABLE",1,0,1,"FINISH_DEADLINE_MISSED","risk_proof_id;pl_detector_certificate_id;protection_level_m",898837351932199091,29,6115801752477813902,9056656343633310150,13276243065478317808,"dual_channel_v1;all_in_graph_residual_diagnostic",0,0,1,1,52943567071,1400000000,50000000,51583033442,1,1,0,0,"data is stale by the sensor timestamp","EXECUTED",""
uwb-imu-pl/gate-d-diagnostics/v16,30,1500000000,30,30,30,1,1,30,1500000000,"20002;21001;21002;22001;22002;23001;23002;24001;24002;25001;25002;26001;26002;27001;27002;28001;28002;29001;29002;30000;30001;30002",29,30,0.049999999999999822,0,11,0,1,30,560,29,441006,74,96,177056,"new frozen transaction/version",0.088535850858353582,inf,3.0000000000000004e-05,9.9999999999999995e-08,0,0,0,9.9000000000000001e-06,4.0000000000000003e-05,4.0000000000000003e-05,nan,nan,nan,0,0,0,0,0,"complete risk ledger unavailable before selection closure","COMPLETE",624,0,0,0,0,0,0,61104,504,60,60,30240,30240,2,1,1,1,1,0,1,1,2,1,1,0,4,3,61104,0,0,61104,0,4,1,0,0,0,0,0,0,0,1,1,0,inf,0,"NUMERICAL_CERTIFICATE_UNRESOLVED","NUMERICAL_CERTIFICATE_UNRESOLVED;UNKNOWN_TEXT","POST_FDE_DETECTOR_AND_PL;ATOMIC_CERTIFIED_PUBLISH",0,0,inf,0,"","","",0,1,"REFUSED","no publication certificate was issued for this attempt; missing identity: risk_proof_id;pl_detector_certificate_id;protection_level_m","FDE_EVALUATING","UNAVAILABLE","UNAVAILABLE -> UNAVAILABLE",1,0,1,"FINISH_DEADLINE_MISSED","risk_proof_id;pl_detector_certificate_id;protection_level_m",3109083717321472555,30,44517169930282505,9056656343633310150,13276243065478317808,"dual_channel_v1;all_in_graph_residual_diagnostic",0,0,1,1,58244464831,1450000000,50000000,56833931202,1,1,0,0,"data is stale by the sensor timestamp","EXECUTED",""
uwb-imu-pl/gate-d-diagnostics/v16,31,1550000000,31,31,31,2,1,31,1550000000,"21002;22001;22002;23001;23002;24001;24002;25001;25002;26001;26002;27001;27002;28001;28002;29001;29002;30001;30002;31000;31001;31002",30,31,0.050000000000000044,0,11,0,2,31,582,30,441104,74,96,177056,"new frozen transaction/version",0.054916793444977359,inf,3.0000000000000004e-05,9.9999999999999995e-08,0,0,0,9.9000000000000001e-06,4.0000000000000003e-05,4.0000000000000003e-05,nan,nan,nan,0,0,0,0,0,"complete risk ledger unavailable before selection closure","COMPLETE",624,0,0,0,0,0,0,61104,504,60,60,30240,30240,2,1,1,1,1,0,1,1,2,1,1,0,4,3,61104,0,0,61104,0,4,1,0,0,0,0,0,0,0,1,1,0,inf,0,"NUMERICAL_CERTIFICATE_UNRESOLVED","NUMERICAL_CERTIFICATE_UNRESOLVED;UNKNOWN_TEXT","POST_FDE_DETECTOR_AND_PL;ATOMIC_CERTIFIED_PUBLISH",0,0,inf,0,"","","",0,1,"REFUSED","no publication certificate was issued for this attempt; missing identity: risk_proof_id;pl_detector_certificate_id;protection_level_m","FDE_EVALUATING","UNAVAILABLE","UNAVAILABLE -> UNAVAILABLE",1,0,1,"FINISH_DEADLINE_MISSED","risk_proof_id;pl_detector_certificate_id;protection_level_m",3644653636935690281,31,9952197080313974771,9056656343633310150,13276243065478317808,"dual_channel_v1;all_in_graph_residual_diagnostic",0,0,1,1,64034177721,1500000000,50000000,62573644092,1,1,0,0,"data is stale by the sensor timestamp","EXECUTED",""
uwb-imu-pl/gate-d-diagnostics/v16,32,1600000000,32,32,32,3,1,32,1600000000,"22002;23001;23002;24001;24002;25001;25002;26001;26002;27001;27002;28001;28002;29001;29002;30001;30002;31001;31002;32000;32001;32002",31,32,0.050000000000000044,0,11,0,3,32,604,31,441202,74,96,177056,"new frozen transaction/version",0.057466509045088876,inf,3.0000000000000004e-05,9.9999999999999995e-08,0,0,0,9.9000000000000001e-06,4.0000000000000003e-05,4.0000000000000003e-05,nan,nan,nan,0,0,0,0,0,"complete risk ledger unavailable before selection closure","COMPLETE",624,0,0,0,0,0,0,61104,504,60,60,30240,30240,2,1,1,1,1,0,1,1,2,1,1,0,4,3,61104,0,0,61104,0,4,1,0,0,0,0,0,0,0,1,1,0,inf,0,"NUMERICAL_CERTIFICATE_UNRESOLVED","NUMERICAL_CERTIFICATE_UNRESOLVED;UNKNOWN_TEXT","POST_FDE_DETECTOR_AND_PL;ATOMIC_CERTIFIED_PUBLISH",0,0,inf,0,"","","",0,1,"REFUSED","no publication certificate was issued for this attempt; missing identity: risk_proof_id;pl_detector_certificate_id;protection_level_m","FDE_EVALUATING","UNAVAILABLE","UNAVAILABLE -> UNAVAILABLE",1,0,1,"FINISH_DEADLINE_MISSED","risk_proof_id;pl_detector_certificate_id;protection_level_m",11542146068198742371,32,11173593214915828214,9056656343633310150,13276243065478317808,"dual_channel_v1;all_in_graph_residual_diagnostic",0,0,1,1,67167374565,1550000000,50000000,65656840936,1,1,0,0,"data is stale by the sensor timestamp","EXECUTED",""
uwb-imu-pl/gate-d-diagnostics/v16,33,1650000000,33,33,33,4,1,33,1650000000,"23002;24001;24002;25001;25002;26001;26002;27001;27002;28001;28002;29001;29002;30001;30002;31001;31002;32001;32002;33000;33001;33002",32,33,0.050000000000000044,0,11,0,4,33,626,32,441300,74,96,177056,"new frozen transaction/version",0.028284022314244813,inf,3.0000000000000004e-05,9.9999999999999995e-08,0,0,0,9.9000000000000001e-06,4.0000000000000003e-05,4.0000000000000003e-05,nan,nan,nan,0,0,0,0,0,"complete risk ledger unavailable before selection closure","COMPLETE",624,0,0,0,0,0,0,61104,504,60,60,30240,30240,2,1,1,1,1,0,1,1,2,1,1,0,4,3,61104,0,0,61104,0,4,1,0,0,0,0,0,0,0,1,1,0,inf,0,"NUMERICAL_CERTIFICATE_UNRESOLVED","NUMERICAL_CERTIFICATE_UNRESOLVED;UNKNOWN_TEXT","POST_FDE_DETECTOR_AND_PL;ATOMIC_CERTIFIED_PUBLISH",0,0,inf,0,"","","",0,1,"REFUSED","no publication certificate was issued for this attempt; missing identity: risk_proof_id;pl_detector_certificate_id;protection_level_m","FDE_EVALUATING","UNAVAILABLE","UNAVAILABLE -> UNAVAILABLE",1,0,1,"FINISH_DEADLINE_MISSED","risk_proof_id;pl_detector_certificate_id;protection_level_m",11577414835924288717,33,7591966664489312411,9056656343633310150,13276243065478317808,"dual_channel_v1;all_in_graph_residual_diagnostic",0,0,1,1,70264502571,1600000000,50000000,68703968942,1,1,0,0,"data is stale by the sensor timestamp","EXECUTED",""
uwb-imu-pl/gate-d-diagnostics/v16,34,1700000000,34,34,34,5,1,34,1700000000,"24002;25001;25002;26001;26002;27001;27002;28001;28002;29001;29002;30001;30002;31001;31002;32001;32002;33001;33002;34000;34001;34002",33,34,0.050000000000000044,0,11,0,5,34,648,33,441398,74,96,177056,"new frozen transaction/version",0.035854948192044003,inf,3.0000000000000004e-05,9.9999999999999995e-08,0,0,0,9.9000000000000001e-06,4.0000000000000003e-05,4.0000000000000003e-05,nan,nan,nan,0,0,0,0,0,"complete risk ledger unavailable before selection closure","COMPLETE",624,0,0,0,0,0,0,61104,504,60,60,30240,30240,2,1,1,1,1,0,1,1,2,1,1,0,4,3,61104,0,0,61104,0,4,1,0,0,0,0,0,0,0,1,1,0,inf,0,"NUMERICAL_CERTIFICATE_UNRESOLVED","NUMERICAL_CERTIFICATE_UNRESOLVED;UNKNOWN_TEXT","POST_FDE_DETECTOR_AND_PL;ATOMIC_CERTIFIED_PUBLISH",0,0,inf,0,"","","",0,1,"REFUSED","no publication certificate was issued for this attempt; missing identity: risk_proof_id;pl_detector_certificate_id;protection_level_m","FDE_EVALUATING","UNAVAILABLE","UNAVAILABLE -> UNAVAILABLE",1,0,1,"FINISH_DEADLINE_MISSED","risk_proof_id;pl_detector_certificate_id;protection_level_m",4139310185809883627,34,16644773512291851137,9056656343633310150,13276243065478317808,"dual_channel_v1;all_in_graph_residual_diagnostic",0,0,1,1,73369864700,1650000000,50000000,71759331071,1,1,0,0,"data is stale by the sensor timestamp","EXECUTED",""
uwb-imu-pl/gate-d-diagnostics/v16,35,1750000000,35,35,35,6,1,35,1750000000,"25002;26001;26002;27001;27002;28001;28002;29001;29002;30001;30002;31001;31002;32001;32002;33001;33002;34001;34002;35000;35001;35002",34,35,0.049999999999999822,0,11,0,6,35,670,34,441496,74,96,177056,"new frozen transaction/version",0.095278028834995088,inf,3.0000000000000004e-05,9.9999999999999995e-08,0,0,0,9.9000000000000001e-06,4.0000000000000003e-05,4.0000000000000003e-05,nan,nan,nan,0,0,0,0,0,"complete risk ledger unavailable before selection closure","COMPLETE",624,0,0,0,0,0,0,61104,504,60,60,30240,30240,2,1,1,1,1,0,1,1,2,1,1,0,4,3,61104,0,0,61104,0,4,1,0,0,0,0,0,0,0,1,1,0,inf,0,"NUMERICAL_CERTIFICATE_UNRESOLVED","NUMERICAL_CERTIFICATE_UNRESOLVED;UNKNOWN_TEXT","POST_FDE_DETECTOR_AND_PL;ATOMIC_CERTIFIED_PUBLISH",0,0,inf,0,"","","",0,1,"REFUSED","no publication certificate was issued for this attempt; missing identity: risk_proof_id;pl_detector_certificate_id;protection_level_m","FDE_EVALUATING","UNAVAILABLE","UNAVAILABLE -> UNAVAILABLE",1,0,1,"FINISH_DEADLINE_MISSED","risk_proof_id;pl_detector_certificate_id;protection_level_m",11702124045747353609,35,3533785260542797043,9056656343633310150,13276243065478317808,"dual_channel_v1;all_in_graph_residual_diagnostic",0,0,1,1,76442388072,1700000000,50000000,74781854443,1,1,0,0,"data is stale by the sensor timestamp","EXECUTED",""
uwb-imu-pl/gate-d-diagnostics/v16,36,1800000000,36,36,36,7,1,36,1800000000,"26002;27001;27002;28001;28002;29001;29002;30001;30002;31001;31002;32001;32002;33001;33002;34001;34002;35001;35002;36000;36001;36002",35,36,0.050000000000000044,0,11,0,7,36,692,35,441594,74,96,177056,"new frozen transaction/version",0.082425310735540713,inf,3.0000000000000004e-05,9.9999999999999995e-08,0,0,0,9.9000000000000001e-06,4.0000000000000003e-05,4.0000000000000003e-05,nan,nan,nan,0,0,0,0,0,"complete risk ledger unavailable before selection closure","COMPLETE",624,0,0,0,0,0,0,61104,504,60,60,30240,30240,2,1,1,1,1,0,1,1,2,1,1,0,4,3,61104,0,0,61104,0,4,1,0,0,0,0,0,0,0,1,1,0,inf,0,"NUMERICAL_CERTIFICATE_UNRESOLVED","NUMERICAL_CERTIFICATE_UNRESOLVED;UNKNOWN_TEXT","POST_FDE_DETECTOR_AND_PL;ATOMIC_CERTIFIED_PUBLISH",0,0,inf,0,"","","",0,1,"REFUSED","no publication certificate was issued for this attempt; missing identity: risk_proof_id;pl_detector_certificate_id;protection_level_m","FDE_EVALUATING","UNAVAILABLE","UNAVAILABLE -> UNAVAILABLE",1,0,1,"FINISH_DEADLINE_MISSED","risk_proof_id;pl_detector_certificate_id;protection_level_m",12040751785529382771,36,11379278119909379024,9056656343633310150,13276243065478317808,"dual_channel_v1;all_in_graph_residual_diagnostic",0,0,1,1,79537186106,1750000000,50000000,77826652477,1,1,0,0,"data is stale by the sensor timestamp","EXECUTED",""
uwb-imu-pl/gate-d-diagnostics/v16,37,1850000000,37,37,37,8,1,37,1850000000,"27002;28001;28002;29001;29002;30001;30002;31001;31002;32001;32002;33001;33002;34001;34002;35001;35002;36001;36002;37000;37001;37002",36,37,0.050000000000000044,0,11,0,8,37,714,36,441692,74,96,177056,"new frozen transaction/version",0.075585415812736534,inf,3.0000000000000004e-05,9.9999999999999995e-08,0,0,0,9.9000000000000001e-06,4.0000000000000003e-05,4.0000000000000003e-05,nan,nan,nan,0,0,0,0,0,"complete risk ledger unavailable before selection closure","COMPLETE",624,0,0,0,0,0,0,61104,504,60,60,30240,30240,2,1,1,1,1,0,1,1,2,1,1,0,4,3,61104,0,0,61104,0,4,1,0,0,0,0,0,0,0,1,1,0,inf,0,"NUMERICAL_CERTIFICATE_UNRESOLVED","NUMERICAL_CERTIFICATE_UNRESOLVED;UNKNOWN_TEXT","POST_FDE_DETECTOR_AND_PL;ATOMIC_CERTIFIED_PUBLISH",0,0,inf,0,"","","",0,1,"REFUSED","no publication certificate was issued for this attempt; missing identity: risk_proof_id;pl_detector_certificate_id;protection_level_m","FDE_EVALUATING","UNAVAILABLE","UNAVAILABLE -> UNAVAILABLE",1,0,1,"FINISH_DEADLINE_MISSED","risk_proof_id;pl_detector_certificate_id;protection_level_m",7502846078191054693,37,3562547147044141773,9056656343633310150,13276243065478317808,"dual_channel_v1;all_in_graph_residual_diagnostic",0,0,1,1,82695930905,1800000000,50000000,80935397276,1,1,0,0,"data is stale by the sensor timestamp","EXECUTED",""
uwb-imu-pl/gate-d-diagnostics/v16,38,1900000000,38,38,38,9,1,38,1900000000,"28002;29001;29002;30001;30002;31001;31002;32001;32002;33001;33002;34001;34002;35001;35002;36001;36002;37001;37002;38000;38001;38002",37,38,0.050000000000000044,0,11,0,9,38,736,37,441790,74,96,177056,"new frozen transaction/version",0.072460890452275217,inf,3.0000000000000004e-05,9.9999999999999995e-08,0,0,0,9.9000000000000001e-06,4.0000000000000003e-05,4.0000000000000003e-05,nan,nan,nan,0,0,0,0,0,"complete risk ledger unavailable before selection closure","COMPLETE",624,0,0,0,0,0,0,61104,504,60,60,30240,30240,2,1,1,1,1,0,1,1,2,1,1,0,4,3,61104,0,0,61104,0,4,1,0,0,0,0,0,0,0,1,1,0,inf,0,"NUMERICAL_CERTIFICATE_UNRESOLVED","NUMERICAL_CERTIFICATE_UNRESOLVED;UNKNOWN_TEXT","POST_FDE_DETECTOR_AND_PL;ATOMIC_CERTIFIED_PUBLISH",0,0,inf,0,"","","",0,1,"REFUSED","no publication certificate was issued for this attempt; missing identity: risk_proof_id;pl_detector_certificate_id;protection_level_m","FDE_EVALUATING","UNAVAILABLE","UNAVAILABLE -> UNAVAILABLE",1,0,1,"FINISH_DEADLINE_MISSED","risk_proof_id;pl_detector_certificate_id;protection_level_m",9469237824190333739,38,1828268734397488962,9056656343633310150,13276243065478317808,"dual_channel_v1;all_in_graph_residual_diagnostic",0,0,1,1,85873360196,1850000000,50000000,84062826567,1,1,0,0,"data is stale by the sensor timestamp","EXECUTED",""
uwb-imu-pl/gate-d-diagnostics/v16,39,1950000000,39,39,39,10,1,39,1950000000,"29002;30001;30002;31001;31002;32001;32002;33001;33002;34001;34002;35001;35002;36001;36002;37001;37002;38001;38002;39000;39001;39002",38,39,0.050000000000000044,0,11,0,10,39,758,38,441888,74,96,177056,"new frozen transaction/version",0.069368472671063511,inf,3.0000000000000004e-05,9.9999999999999995e-08,0,0,0,9.9000000000000001e-06,4.0000000000000003e-05,4.0000000000000003e-05,nan,nan,nan,0,0,0,0,0,"complete risk ledger unavailable before selection closure","COMPLETE",624,0,0,0,0,0,0,61104,504,60,60,30240,30240,2,1,1,1,1,0,1,1,2,1,1,0,4,3,61104,0,0,61104,0,4,1,0,0,0,0,0,0,0,1,1,0,inf,0,"NUMERICAL_CERTIFICATE_UNRESOLVED","NUMERICAL_CERTIFICATE_UNRESOLVED;UNKNOWN_TEXT","POST_FDE_DETECTOR_AND_PL;ATOMIC_CERTIFIED_PUBLISH",0,0,inf,0,"","","",0,1,"REFUSED","no publication certificate was issued for this attempt; missing identity: risk_proof_id;pl_detector_certificate_id;protection_level_m","FDE_EVALUATING","UNAVAILABLE","UNAVAILABLE -> UNAVAILABLE",1,0,1,"FINISH_DEADLINE_MISSED","risk_proof_id;pl_detector_certificate_id;protection_level_m",12953493384365545049,39,7354227289555061194,9056656343633310150,13276243065478317808,"dual_channel_v1;all_in_graph_residual_diagnostic",0,0,1,1,89080397058,1900000000,50000000,87219863429,1,1,0,0,"data is stale by the sensor timestamp","EXECUTED",""
uwb-imu-pl/gate-d-diagnostics/v16,40,2000000000,40,40,40,11,1,40,2000000000,"30002;31001;31002;32001;32002;33001;33002;34001;34002;35001;35002;36001;36002;37001;37002;38001;38002;39001;39002;40000;40001;40002",39,40,0.049999999999999822,0,11,0,11,40,780,39,441986,74,96,177056,"new frozen transaction/version",0.061419630515150626,inf,3.0000000000000004e-05,9.9999999999999995e-08,0,0,0,9.9000000000000001e-06,4.0000000000000003e-05,4.0000000000000003e-05,nan,nan,nan,0,0,0,0,0,"complete risk ledger unavailable before selection closure","COMPLETE",624,0,0,0,0,0,0,61104,504,60,60,30240,30240,2,1,1,1,1,0,1,1,2,1,1,0,4,3,61104,0,0,61104,0,4,1,0,0,0,0,0,0,0,1,1,0,inf,0,"NUMERICAL_CERTIFICATE_UNRESOLVED","NUMERICAL_CERTIFICATE_UNRESOLVED;UNKNOWN_TEXT","POST_FDE_DETECTOR_AND_PL;ATOMIC_CERTIFIED_PUBLISH",0,0,inf,0,"","","",0,1,"REFUSED","no publication certificate was issued for this attempt; missing identity: risk_proof_id;pl_detector_certificate_id;protection_level_m","FDE_EVALUATING","UNAVAILABLE","UNAVAILABLE -> UNAVAILABLE",1,0,1,"FINISH_DEADLINE_MISSED","risk_proof_id;pl_detector_certificate_id;protection_level_m",15742454185413072157,40,2028125611642362392,9056656343633310150,13276243065478317808,"dual_channel_v1;all_in_graph_residual_diagnostic",0,0,1,1,92320588320,1950000000,50000000,90410054691,1,1,0,0,"data is stale by the sensor timestamp","EXECUTED",""
uwb-imu-pl/gate-d-diagnostics/v16,41,2050000000,41,41,41,12,1,41,2050000000,"31002;32001;32002;33001;33002;34001;34002;35001;35002;36001;36002;37001;37002;38001;38002;39001;39002;40001;40002;41000;41001;41002",40,41,0.050000000000000266,0,11,0,12,41,802,40,442084,74,96,177056,"new frozen transaction/version",0.044976237279310764,inf,3.0000000000000004e-05,9.9999999999999995e-08,0,0,0,9.9000000000000001e-06,4.0000000000000003e-05,4.0000000000000003e-05,nan,nan,nan,0,0,0,0,0,"complete risk ledger unavailable before selection closure","COMPLETE",624,0,0,0,0,0,0,61104,504,60,60,30240,30240,2,1,1,1,1,0,1,1,2,1,1,0,4,3,61104,0,0,61104,0,4,1,0,0,0,0,0,0,0,1,1,0,inf,0,"NUMERICAL_CERTIFICATE_UNRESOLVED","NUMERICAL_CERTIFICATE_UNRESOLVED;UNKNOWN_TEXT","POST_FDE_DETECTOR_AND_PL;ATOMIC_CERTIFIED_PUBLISH",0,0,inf,0,"","","",0,1,"REFUSED","no publication certificate was issued for this attempt; missing identity: risk_proof_id;pl_detector_certificate_id;protection_level_m","FDE_EVALUATING","UNAVAILABLE","UNAVAILABLE -> UNAVAILABLE",1,0,1,"FINISH_DEADLINE_MISSED","risk_proof_id;pl_detector_certificate_id;protection_level_m",3869237693016376683,41,9058038981883649865,9056656343633310150,13276243065478317808,"dual_channel_v1;all_in_graph_residual_diagnostic",0,0,1,1,95581614891,2000000000,50000000,93621081262,1,1,0,0,"data is stale by the sensor timestamp","EXECUTED",""
uwb-imu-pl/gate-d-diagnostics/v16,42,2100000000,42,42,42,13,1,42,2100000000,"32002;33001;33002;34001;34002;35001;35002;36001;36002;37001;37002;38001;38002;39001;39002;40001;40002;41001;41002;42000;42001;42002",41,42,0.049999999999999822,0,11,0,13,42,824,41,442182,74,96,177056,"new frozen transaction/version",0.061111953404345262,inf,3.0000000000000004e-05,9.9999999999999995e-08,0,0,0,9.9000000000000001e-06,4.0000000000000003e-05,4.0000000000000003e-05,nan,nan,nan,0,0,0,0,0,"complete risk ledger unavailable before selection closure","COMPLETE",624,0,0,0,0,0,0,61104,504,60,60,30240,30240,2,1,1,1,1,0,1,1,2,1,1,0,4,3,61104,0,0,61104,0,4,1,0,0,0,0,0,0,0,1,1,0,inf,0,"NUMERICAL_CERTIFICATE_UNRESOLVED","NUMERICAL_CERTIFICATE_UNRESOLVED;UNKNOWN_TEXT","POST_FDE_DETECTOR_AND_PL;ATOMIC_CERTIFIED_PUBLISH",0,0,inf,0,"","","",0,1,"REFUSED","no publication certificate was issued for this attempt; missing identity: risk_proof_id;pl_detector_certificate_id;protection_level_m","FDE_EVALUATING","UNAVAILABLE","UNAVAILABLE -> UNAVAILABLE",1,0,1,"FINISH_DEADLINE_MISSED","risk_proof_id;pl_detector_certificate_id;protection_level_m",782769911959256229,42,1742672976107157029,9056656343633310150,13276243065478317808,"dual_channel_v1;all_in_graph_residual_diagnostic",0,0,1,1,98815962893,2050000000,50000000,96805429264,1,1,0,0,"data is stale by the sensor timestamp","EXECUTED",""
uwb-imu-pl/gate-d-diagnostics/v16,43,2150000000,43,43,43,14,1,43,2150000000,"33002;34001;34002;35001;35002;36001;36002;37001;37002;38001;38002;39001;39002;40001;40002;41001;41002;42001;42002;43000;43001;43002",42,43,0.050000000000000266,0,11,0,14,43,846,42,442280,74,96,177056,"new frozen transaction/version",0.03019988964311739,inf,3.0000000000000004e-05,9.9999999999999995e-08,0,0,0,9.9000000000000001e-06,4.0000000000000003e-05,4.0000000000000003e-05,nan,nan,nan,0,0,0,0,0,"complete risk ledger unavailable before selection closure","COMPLETE",624,0,0,0,0,0,0,61104,504,60,60,30240,30240,2,1,1,1,1,0,1,1,2,1,1,0,4,3,61104,0,0,61104,0,4,1,0,0,0,0,0,0,0,1,1,0,inf,0,"NUMERICAL_CERTIFICATE_UNRESOLVED","NUMERICAL_CERTIFICATE_UNRESOLVED;UNKNOWN_TEXT","POST_FDE_DETECTOR_AND_PL;ATOMIC_CERTIFIED_PUBLISH",0,0,inf,0,"","","",0,1,"REFUSED","no publication certificate was issued for this attempt; missing identity: risk_proof_id;pl_detector_certificate_id;protection_level_m","FDE_EVALUATING","UNAVAILABLE","UNAVAILABLE -> UNAVAILABLE",1,0,1,"FINISH_DEADLINE_MISSED","risk_proof_id;pl_detector_certificate_id;protection_level_m",11586808098958425751,43,16193054901010036025,9056656343633310150,13276243065478317808,"dual_channel_v1;all_in_graph_residual_diagnostic",0,0,1,1,102102016173,2100000000,50000000,100041482544,1,1,0,0,"data is stale by the sensor timestamp","EXECUTED",""
uwb-imu-pl/gate-d-diagnostics/v16,44,2200000000,44,44,44,15,1,44,2200000000,"34002;35001;35002;36001;36002;37001;37002;38001;38002;39001;39002;40001;40002;41001;41002;42001;42002;43001;43002;44000;44001;44002",43,44,0.049999999999999822,0,11,0,15,44,868,43,442378,74,96,177056,"new frozen transaction/version",0.052779063091779675,inf,3.0000000000000004e-05,9.9999999999999995e-08,0,0,0,9.9000000000000001e-06,4.0000000000000003e-05,4.0000000000000003e-05,nan,nan,nan,0,0,0,0,0,"complete risk ledger unavailable before selection closure","COMPLETE",624,0,0,0,0,0,0,61104,504,60,60,30240,30240,2,1,1,1,1,0,1,1,2,1,1,0,4,3,61104,0,0,61104,0,4,1,0,0,0,0,0,0,0,1,1,0,inf,0,"NUMERICAL_CERTIFICATE_UNRESOLVED","NUMERICAL_CERTIFICATE_UNRESOLVED;UNKNOWN_TEXT","POST_FDE_DETECTOR_AND_PL;ATOMIC_CERTIFIED_PUBLISH",0,0,inf,0,"","","",0,1,"REFUSED","no publication certificate was issued for this attempt; missing identity: risk_proof_id;pl_detector_certificate_id;protection_level_m","FDE_EVALUATING","UNAVAILABLE","UNAVAILABLE -> UNAVAILABLE",1,0,1,"FINISH_DEADLINE_MISSED","risk_proof_id;pl_detector_certificate_id;protection_level_m",10852019832457007317,44,14442885045848754276,9056656343633310150,13276243065478317808,"dual_channel_v1;all_in_graph_residual_diagnostic",0,0,1,1,105466725021,2150000000,50000000,103356191392,1,1,0,0,"data is stale by the sensor timestamp","EXECUTED",""
uwb-imu-pl/gate-d-diagnostics/v16,45,2250000000,45,45,45,16,1,45,2250000000,"35002;36001;36002;37001;37002;38001;38002;39001;39002;40001;40002;41001;41002;42001;42002;43001;43002;44001;44002;45000;45001;45002",44,45,0.049999999999999822,0,11,0,16,45,890,44,442476,74,96,177056,"new frozen transaction/version",0.025411485585421063,inf,3.0000000000000004e-05,9.9999999999999995e-08,0,0,0,9.9000000000000001e-06,4.0000000000000003e-05,4.0000000000000003e-05,nan,nan,nan,0,0,0,0,0,"complete risk ledger unavailable before selection closure","COMPLETE",624,0,0,0,0,0,0,61104,504,60,60,30240,30240,2,1,1,1,1,0,1,1,2,1,1,0,4,3,61104,0,0,61104,0,4,1,0,0,0,0,0,0,0,1,1,0,inf,0,"NUMERICAL_CERTIFICATE_UNRESOLVED","NUMERICAL_CERTIFICATE_UNRESOLVED;UNKNOWN_TEXT","POST_FDE_DETECTOR_AND_PL;ATOMIC_CERTIFIED_PUBLISH",0,0,inf,0,"","","",0,1,"REFUSED","no publication certificate was issued for this attempt; missing identity: risk_proof_id;pl_detector_certificate_id;protection_level_m","FDE_EVALUATING","UNAVAILABLE","UNAVAILABLE -> UNAVAILABLE",1,0,1,"FINISH_DEADLINE_MISSED","risk_proof_id;pl_detector_certificate_id;protection_level_m",17632451052013941243,45,1332392862347595626,9056656343633310150,13276243065478317808,"dual_channel_v1;all_in_graph_residual_diagnostic",0,0,1,1,108665245419,2200000000,50000000,106504711790,1,1,0,0,"data is stale by the sensor timestamp","EXECUTED",""
uwb-imu-pl/gate-d-diagnostics/v16,46,2300000000,46,46,46,17,1,46,2300000000,"36002;37001;37002;38001;38002;39001;39002;40001;40002;41001;41002;42001;42002;43001;43002;44001;44002;45001;45002;46000;46001;46002",45,46,0.050000000000000266,0,11,0,17,46,912,45,442574,74,96,177056,"new frozen transaction/version",0.074053385122382076,inf,3.0000000000000004e-05,9.9999999999999995e-08,0,0,0,9.9000000000000001e-06,4.0000000000000003e-05,4.0000000000000003e-05,nan,nan,nan,0,0,0,0,0,"complete risk ledger unavailable before selection closure","COMPLETE",624,0,0,0,0,0,0,61104,504,60,60,30240,30240,2,1,1,1,1,0,1,1,2,1,1,0,4,3,61104,0,0,61104,0,4,1,0,0,0,0,0,0,0,1,1,0,inf,0,"NUMERICAL_CERTIFICATE_UNRESOLVED","NUMERICAL_CERTIFICATE_UNRESOLVED;UNKNOWN_TEXT","POST_FDE_DETECTOR_AND_PL;ATOMIC_CERTIFIED_PUBLISH",0,0,inf,0,"","","",0,1,"REFUSED","no publication certificate was issued for this attempt; missing identity: risk_proof_id;pl_detector_certificate_id;protection_level_m","FDE_EVALUATING","UNAVAILABLE","UNAVAILABLE -> UNAVAILABLE",1,0,1,"FINISH_DEADLINE_MISSED","risk_proof_id;pl_detector_certificate_id;protection_level_m",16289601046800390333,46,15068786818827030348,9056656343633310150,13276243065478317808,"dual_channel_v1;all_in_graph_residual_diagnostic",0,0,1,1,111851406014,2250000000,50000000,109640872385,1,1,0,0,"data is stale by the sensor timestamp","EXECUTED",""
uwb-imu-pl/gate-d-diagnostics/v16,47,2350000000,47,47,47,18,1,47,2350000000,"37002;38001;38002;39001;39002;40001;40002;41001;41002;42001;42002;43001;43002;44001;44002;45001;45002;46001;46002;47000;47001;47002",46,47,0.049999999999999822,0,11,0,18,47,934,46,442672,74,96,177056,"new frozen transaction/version",0.046932164255953965,inf,3.0000000000000004e-05,9.9999999999999995e-08,0,0,0,9.9000000000000001e-06,4.0000000000000003e-05,4.0000000000000003e-05,nan,nan,nan,0,0,0,0,0,"complete risk ledger unavailable before selection closure","COMPLETE",624,0,0,0,0,0,0,61104,504,60,60,30240,30240,2,1,1,1,1,0,1,1,2,1,1,0,4,3,61104,0,0,61104,0,4,1,0,0,0,0,0,0,0,1,1,0,inf,0,"NUMERICAL_CERTIFICATE_UNRESOLVED","NUMERICAL_CERTIFICATE_UNRESOLVED;UNKNOWN_TEXT","POST_FDE_DETECTOR_AND_PL;ATOMIC_CERTIFIED_PUBLISH",0,0,inf,0,"","","",0,1,"REFUSED","no publication certificate was issued for this attempt; missing identity: risk_proof_id;pl_detector_certificate_id;protection_level_m","FDE_EVALUATING","UNAVAILABLE","UNAVAILABLE -> UNAVAILABLE",1,0,1,"FINISH_DEADLINE_MISSED","risk_proof_id;pl_detector_certificate_id;protection_level_m",7009935364974906639,47,12792744456141290884,9056656343633310150,13276243065478317808,"dual_channel_v1;all_in_graph_residual_diagnostic",0,0,1,1,115081895606,2300000000,50000000,112821361977,1,1,0,0,"data is stale by the sensor timestamp","EXECUTED",""
uwb-imu-pl/gate-d-diagnostics/v16,48,2400000000,48,48,48,19,1,48,2400000000,"38002;39001;39002;40001;40002;41001;41002;42001;42002;43001;43002;44001;44002;45001;45002;46001;46002;47001;47002;48000;48001;48002",47,48,0.050000000000000266,0,11,0,19,48,956,47,442770,74,96,177056,"new frozen transaction/version",0.046505460679775019,inf,3.0000000000000004e-05,9.9999999999999995e-08,0,0,0,9.9000000000000001e-06,4.0000000000000003e-05,4.0000000000000003e-05,nan,nan,nan,0,0,0,0,0,"complete risk ledger unavailable before selection closure","COMPLETE",624,0,0,0,0,0,0,61104,504,60,60,30240,30240,2,1,1,1,1,0,1,1,2,1,1,0,4,3,61104,0,0,61104,0,4,1,0,0,0,0,0,0,0,1,1,0,inf,0,"NUMERICAL_CERTIFICATE_UNRESOLVED","NUMERICAL_CERTIFICATE_UNRESOLVED;UNKNOWN_TEXT","POST_FDE_DETECTOR_AND_PL;ATOMIC_CERTIFIED_PUBLISH",0,0,inf,0,"","","",0,1,"REFUSED","no publication certificate was issued for this attempt; missing identity: risk_proof_id;pl_detector_certificate_id;protection_level_m","FDE_EVALUATING","UNAVAILABLE","UNAVAILABLE -> UNAVAILABLE",1,0,1,"FINISH_DEADLINE_MISSED","risk_proof_id;pl_detector_certificate_id;protection_level_m",14329586197965800701,48,10319815594080604716,9056656343633310150,13276243065478317808,"dual_channel_v1;all_in_graph_residual_diagnostic",0,0,1,1,118385420044,2350000000,50000000,116074886415,1,1,0,0,"data is stale by the sensor timestamp","EXECUTED",""
uwb-imu-pl/gate-d-diagnostics/v16,49,2450000000,49,49,49,20,1,49,2450000000,"39002;40001;40002;41001;41002;42001;42002;43001;43002;44001;44002;45001;45002;46001;46002;47001;47002;48001;48002;49000;49001;49002",48,49,0.049999999999999822,0,11,0,20,49,978,48,442868,74,96,177056,"new frozen transaction/version",0.10289111295473306,inf,3.0000000000000004e-05,9.9999999999999995e-08,0,0,0,9.9000000000000001e-06,4.0000000000000003e-05,4.0000000000000003e-05,nan,nan,nan,0,0,0,0,0,"complete risk ledger unavailable before selection closure","COMPLETE",624,0,0,0,0,0,0,61104,504,60,60,30240,30240,2,1,1,1,1,0,1,1,2,1,1,0,4,3,61104,0,0,61104,0,4,1,0,0,0,0,0,0,0,1,1,0,inf,0,"NUMERICAL_CERTIFICATE_UNRESOLVED","NUMERICAL_CERTIFICATE_UNRESOLVED;UNKNOWN_TEXT","POST_FDE_DETECTOR_AND_PL;ATOMIC_CERTIFIED_PUBLISH",0,0,inf,0,"","","",0,1,"REFUSED","no publication certificate was issued for this attempt; missing identity: risk_proof_id;pl_detector_certificate_id;protection_level_m","FDE_EVALUATING","UNAVAILABLE","UNAVAILABLE -> UNAVAILABLE",1,0,1,"FINISH_DEADLINE_MISSED","risk_proof_id;pl_detector_certificate_id;protection_level_m",3482093906239756843,49,5690924079149528235,9056656343633310150,13276243065478317808,"dual_channel_v1;all_in_graph_residual_diagnostic",0,0,1,1,121725248798,2400000000,50000000,119364715169,1,1,0,0,"data is stale by the sensor timestamp","EXECUTED",""
uwb-imu-pl/gate-d-diagnostics/v16,50,2500000000,50,50,50,21,1,50,2500000000,"40002;41001;41002;42001;42002;43001;43002;44001;44002;45001;45002;46001;46002;47001;47002;48001;48002;49001;49002;50000;50001;50002",49,50,0.049999999999999822,0,11,0,21,50,1000,49,442966,74,96,177056,"new frozen transaction/version",0.104532813300714,inf,3.0000000000000004e-05,9.9999999999999995e-08,0,0,0,9.9000000000000001e-06,4.0000000000000003e-05,4.0000000000000003e-05,nan,nan,nan,0,0,0,0,0,"complete risk ledger unavailable before selection closure","COMPLETE",624,0,0,0,0,0,0,61104,504,60,60,30240,30240,2,1,1,1,1,0,1,1,2,1,1,0,4,3,61104,0,0,61104,0,4,1,0,0,0,0,0,0,0,1,1,0,inf,0,"NUMERICAL_CERTIFICATE_UNRESOLVED","NUMERICAL_CERTIFICATE_UNRESOLVED;UNKNOWN_TEXT","POST_FDE_DETECTOR_AND_PL;ATOMIC_CERTIFIED_PUBLISH",0,0,inf,0,"","","",0,1,"REFUSED","no publication certificate was issued for this attempt; missing identity: risk_proof_id;pl_detector_certificate_id;protection_level_m","FDE_EVALUATING","UNAVAILABLE","UNAVAILABLE -> UNAVAILABLE",1,0,1,"FINISH_DEADLINE_MISSED","risk_proof_id;pl_detector_certificate_id;protection_level_m",12915442393177338927,50,16520248454226957292,9056656343633310150,13276243065478317808,"dual_channel_v1;all_in_graph_residual_diagnostic",0,0,1,1,125111058706,2450000000,50000000,122700525077,1,1,0,0,"data is stale by the sensor timestamp","EXECUTED",""
uwb-imu-pl/gate-d-diagnostics/v16,51,2550000000,51,51,51,22,1,51,2550000000,"41002;42001;42002;43001;43002;44001;44002;45001;45002;46001;46002;47001;47002;48001;48002;49001;49002;50001;50002;51000;51001;51002",50,51,0.050000000000000266,0,11,0,22,51,1022,50,443064,74,96,177056,"new frozen transaction/version",0.11615425442884486,inf,3.0000000000000004e-05,9.9999999999999995e-08,0,0,0,9.9000000000000001e-06,4.0000000000000003e-05,4.0000000000000003e-05,nan,nan,nan,0,0,0,0,0,"complete risk ledger unavailable before selection closure","COMPLETE",624,0,0,0,0,0,0,61104,504,60,60,30240,30240,2,1,1,1,1,0,1,1,2,1,1,0,4,3,61104,0,0,61104,0,4,1,0,0,0,0,0,0,0,1,1,0,inf,0,"NUMERICAL_CERTIFICATE_UNRESOLVED","NUMERICAL_CERTIFICATE_UNRESOLVED;UNKNOWN_TEXT","POST_FDE_DETECTOR_AND_PL;ATOMIC_CERTIFIED_PUBLISH",0,0,inf,0,"","","",0,1,"REFUSED","no publication certificate was issued for this attempt; missing identity: risk_proof_id;pl_detector_certificate_id;protection_level_m","FDE_EVALUATING","UNAVAILABLE","UNAVAILABLE -> UNAVAILABLE",1,0,1,"FINISH_DEADLINE_MISSED","risk_proof_id;pl_detector_certificate_id;protection_level_m",11070416486306009573,51,5920916683505919948,9056656343633310150,13276243065478317808,"dual_channel_v1;all_in_graph_residual_diagnostic",0,0,1,1,128531906506,2500000000,50000000,126071372877,1,1,0,0,"data is stale by the sensor timestamp","EXECUTED",""
uwb-imu-pl/gate-d-diagnostics/v16,52,2600000000,52,52,52,23,1,52,2600000000,"42002;43001;43002;44001;44002;45001;45002;46001;46002;47001;47002;48001;48002;49001;49002;50001;50002;51001;51002;52000;52001;52002",51,52,0.049999999999999822,0,11,0,23,52,1044,51,443162,74,96,177056,"new frozen transaction/version",0.064052310456674935,inf,3.0000000000000004e-05,9.9999999999999995e-08,0,0,0,9.9000000000000001e-06,4.0000000000000003e-05,4.0000000000000003e-05,nan,nan,nan,0,0,0,0,0,"complete risk ledger unavailable before selection closure","COMPLETE",624,0,0,0,0,0,0,61104,504,60,60,30240,30240,2,1,1,1,1,0,1,1,2,1,1,0,4,3,61104,0,0,61104,0,4,1,0,0,0,0,0,0,0,1,1,0,inf,0,"NUMERICAL_CERTIFICATE_UNRESOLVED","NUMERICAL_CERTIFICATE_UNRESOLVED;UNKNOWN_TEXT","POST_FDE_DETECTOR_AND_PL;ATOMIC_CERTIFIED_PUBLISH",0,0,inf,0,"","","",0,1,"REFUSED","no publication certificate was issued for this attempt; missing identity: risk_proof_id;pl_detector_certificate_id;protection_level_m","FDE_EVALUATING","UNAVAILABLE","UNAVAILABLE -> UNAVAILABLE",1,0,1,"FINISH_DEADLINE_MISSED","risk_proof_id;pl_detector_certificate_id;protection_level_m",13668507419517205991,52,13938107607498379134,9056656343633310150,13276243065478317808,"dual_channel_v1;all_in_graph_residual_diagnostic",0,0,1,1,131758295078,2550000000,50000000,129247761449,1,1,0,0,"data is stale by the sensor timestamp","EXECUTED",""
uwb-imu-pl/gate-d-diagnostics/v16,53,2650000000,53,53,53,24,1,53,2650000000,"43002;44001;44002;45001;45002;46001;46002;47001;47002;48001;48002;49001;49002;50001;50002;51001;51002;52001;52002;53000;53001;53002",52,53,0.050000000000000266,0,11,0,24,53,1066,52,443260,74,96,177056,"new frozen transaction/version",0.043486595414195438,inf,3.0000000000000004e-05,9.9999999999999995e-08,0,0,0,9.9000000000000001e-06,4.0000000000000003e-05,4.0000000000000003e-05,nan,nan,nan,0,0,0,0,0,"complete risk ledger unavailable before selection closure","COMPLETE",624,0,0,0,0,0,0,61104,504,60,60,30240,30240,2,1,1,1,1,0,1,1,2,1,1,0,4,3,61104,0,0,61104,0,4,1,0,0,0,0,0,0,0,1,1,0,inf,0,"NUMERICAL_CERTIFICATE_UNRESOLVED","NUMERICAL_CERTIFICATE_UNRESOLVED;UNKNOWN_TEXT","POST_FDE_DETECTOR_AND_PL;ATOMIC_CERTIFIED_PUBLISH",0,0,inf,0,"","","",0,1,"REFUSED","no publication certificate was issued for this attempt; missing identity: risk_proof_id;pl_detector_certificate_id;protection_level_m","FDE_EVALUATING","UNAVAILABLE","UNAVAILABLE -> UNAVAILABLE",1,0,1,"FINISH_DEADLINE_MISSED","risk_proof_id;pl_detector_certificate_id;protection_level_m",10131138079307396553,53,9454558977430174547,9056656343633310150,13276243065478317808,"dual_channel_v1;all_in_graph_residual_diagnostic",0,0,1,1,134997400676,2600000000,50000000,132436867047,1,1,0,0,"data is stale by the sensor timestamp","EXECUTED",""
uwb-imu-pl/gate-d-diagnostics/v16,54,2700000000,54,54,54,25,1,54,2700000000,"44002;45001;45002;46001;46002;47001;47002;48001;48002;49001;49002;50001;50002;51001;51002;52001;52002;53001;53002;54000;54001;54002",53,54,0.049999999999999822,0,11,0,25,54,1088,53,443358,74,96,177056,"new frozen transaction/version",0.071495829495347052,inf,3.0000000000000004e-05,9.9999999999999995e-08,0,0,0,9.9000000000000001e-06,4.0000000000000003e-05,4.0000000000000003e-05,nan,nan,nan,0,0,0,0,0,"complete risk ledger unavailable before selection closure","COMPLETE",624,0,0,0,0,0,0,61104,504,60,60,30240,30240,2,1,1,1,1,0,1,1,2,1,1,0,3,3,61104,0,0,61104,0,4,1,0,0,0,0,0,0,0,1,1,0,inf,0,"NUMERICAL_CERTIFICATE_UNRESOLVED","NUMERICAL_CERTIFICATE_UNRESOLVED;UNKNOWN_TEXT","POST_FDE_DETECTOR_AND_PL;ATOMIC_CERTIFIED_PUBLISH",0,0,inf,0,"","","",0,1,"REFUSED","no publication certificate was issued for this attempt; missing identity: risk_proof_id;pl_detector_certificate_id;protection_level_m","FDE_EVALUATING","UNAVAILABLE","UNAVAILABLE -> UNAVAILABLE",1,0,1,"FINISH_DEADLINE_MISSED","risk_proof_id;pl_detector_certificate_id;protection_level_m",17977874985960491503,54,6327941960057034731,9056656343633310150,13276243065478317808,"dual_channel_v1;all_in_graph_residual_diagnostic",0,0,1,1,138313916466,2650000000,50000000,135703382837,1,1,0,0,"data is stale by the sensor timestamp","EXECUTED",""
uwb-imu-pl/gate-d-diagnostics/v16,55,2750000000,55,55,55,26,1,55,2750000000,"45002;46001;46002;47001;47002;48001;48002;49001;49002;50001;50002;51001;51002;52001;52002;53001;53002;54001;54002;55000;55001;55002",54,55,0.049999999999999822,0,11,0,26,55,1110,54,443456,74,96,177056,"new frozen transaction/version",0.089611019453078797,inf,3.0000000000000004e-05,9.9999999999999995e-08,0,0,0,9.9000000000000001e-06,4.0000000000000003e-05,4.0000000000000003e-05,nan,nan,nan,0,0,0,0,0,"complete risk ledger unavailable before selection closure","COMPLETE",624,0,0,0,0,0,0,61104,504,60,60,30240,30240,2,1,1,1,1,0,1,1,2,1,1,0,4,3,61104,0,0,61104,0,4,1,0,0,0,0,0,0,0,1,1,0,inf,0,"NUMERICAL_CERTIFICATE_UNRESOLVED","NUMERICAL_CERTIFICATE_UNRESOLVED;UNKNOWN_TEXT","POST_FDE_DETECTOR_AND_PL;ATOMIC_CERTIFIED_PUBLISH",0,0,inf,0,"","","",0,1,"REFUSED","no publication certificate was issued for this attempt; missing identity: risk_proof_id;pl_detector_certificate_id;protection_level_m","FDE_EVALUATING","UNAVAILABLE","UNAVAILABLE -> UNAVAILABLE",1,0,1,"FINISH_DEADLINE_MISSED","risk_proof_id;pl_detector_certificate_id;protection_level_m",7903279975310252773,55,13345513425584380750,9056656343633310150,13276243065478317808,"dual_channel_v1;all_in_graph_residual_diagnostic",0,0,1,1,141593755782,2700000000,50000000,138933222153,1,1,0,0,"data is stale by the sensor timestamp","EXECUTED",""
uwb-imu-pl/gate-d-diagnostics/v16,56,2800000000,56,56,56,27,1,56,2800000000,"46002;47001;47002;48001;48002;49001;49002;50001;50002;51001;51002;52001;52002;53001;53002;54001;54002;55001;55002;56000;56001;56002",55,56,0.050000000000000266,0,11,0,27,56,1132,55,443554,74,96,177056,"new frozen transaction/version",0.072590223060432377,inf,3.0000000000000004e-05,9.9999999999999995e-08,0,0,0,9.9000000000000001e-06,4.0000000000000003e-05,4.0000000000000003e-05,nan,nan,nan,0,0,0,0,0,"complete risk ledger unavailable before selection closure","COMPLETE",624,0,0,0,0,0,0,61104,504,60,60,30240,30240,2,1,1,1,1,0,1,1,2,1,1,0,4,3,61104,0,0,61104,0,4,1,0,0,0,0,0,0,0,1,1,0,inf,0,"NUMERICAL_CERTIFICATE_UNRESOLVED","NUMERICAL_CERTIFICATE_UNRESOLVED;UNKNOWN_TEXT","POST_FDE_DETECTOR_AND_PL;ATOMIC_CERTIFIED_PUBLISH",0,0,inf,0,"","","",0,1,"REFUSED","no publication certificate was issued for this attempt; missing identity: risk_proof_id;pl_detector_certificate_id;protection_level_m","FDE_EVALUATING","UNAVAILABLE","UNAVAILABLE -> UNAVAILABLE",1,0,1,"FINISH_DEADLINE_MISSED","risk_proof_id;pl_detector_certificate_id;protection_level_m",9463777416680470551,56,16646085016442640697,9056656343633310150,13276243065478317808,"dual_channel_v1;all_in_graph_residual_diagnostic",0,0,1,1,144894538596,2750000000,50000000,142184004967,1,1,0,0,"data is stale by the sensor timestamp","EXECUTED",""
uwb-imu-pl/gate-d-diagnostics/v16,57,2850000000,57,57,57,28,1,57,2850000000,"47002;48001;48002;49001;49002;50001;50002;51001;51002;52001;52002;53001;53002;54001;54002;55001;55002;56001;56002;57000;57001;57002",56,57,0.049999999999999822,0,11,0,28,57,1154,56,443652,74,96,177056,"new frozen transaction/version",0.075698414650518991,inf,3.0000000000000004e-05,9.9999999999999995e-08,0,0,0,9.9000000000000001e-06,4.0000000000000003e-05,4.0000000000000003e-05,nan,nan,nan,0,0,0,0,0,"complete risk ledger unavailable before selection closure","COMPLETE",624,0,0,0,0,0,0,61104,504,60,60,30240,30240,2,1,1,1,1,0,1,1,2,1,1,0,4,3,61104,0,0,61104,0,4,1,0,0,0,0,0,0,0,1,1,0,inf,0,"NUMERICAL_CERTIFICATE_UNRESOLVED","NUMERICAL_CERTIFICATE_UNRESOLVED;UNKNOWN_TEXT","POST_FDE_DETECTOR_AND_PL;ATOMIC_CERTIFIED_PUBLISH",0,0,inf,0,"","","",0,1,"REFUSED","no publication certificate was issued for this attempt; missing identity: risk_proof_id;pl_detector_certificate_id;protection_level_m","FDE_EVALUATING","UNAVAILABLE","UNAVAILABLE -> UNAVAILABLE",1,0,1,"FINISH_DEADLINE_MISSED","risk_proof_id;pl_detector_certificate_id;protection_level_m",6951417359127086289,57,11688766493527227410,9056656343633310150,13276243065478317808,"dual_channel_v1;all_in_graph_residual_diagnostic",0,0,1,1,148147002113,2800000000,50000000,145386468484,1,1,0,0,"data is stale by the sensor timestamp","EXECUTED",""
uwb-imu-pl/gate-d-diagnostics/v16,58,2900000000,58,58,58,29,1,58,2900000000,"48002;49001;49002;50001;50002;51001;51002;52001;52002;53001;53002;54001;54002;55001;55002;56001;56002;57001;57002;58000;58001;58002",57,58,0.050000000000000266,0,11,0,29,58,1176,57,443750,74,96,177056,"new frozen transaction/version",0.03365171757295448,inf,3.0000000000000004e-05,9.9999999999999995e-08,0,0,0,9.9000000000000001e-06,4.0000000000000003e-05,4.0000000000000003e-05,nan,nan,nan,0,0,0,0,0,"complete risk ledger unavailable before selection closure","COMPLETE",624,0,0,0,0,0,0,61104,504,60,60,30240,30240,2,1,1,1,1,0,1,1,2,1,1,0,4,3,61104,0,0,61104,0,4,1,0,0,0,0,0,0,0,1,1,0,inf,0,"NUMERICAL_CERTIFICATE_UNRESOLVED","NUMERICAL_CERTIFICATE_UNRESOLVED;UNKNOWN_TEXT","POST_FDE_DETECTOR_AND_PL;ATOMIC_CERTIFIED_PUBLISH",0,0,inf,0,"","","",0,1,"REFUSED","no publication certificate was issued for this attempt; missing identity: risk_proof_id;pl_detector_certificate_id;protection_level_m","FDE_EVALUATING","UNAVAILABLE","UNAVAILABLE -> UNAVAILABLE",1,0,1,"FINISH_DEADLINE_MISSED","risk_proof_id;pl_detector_certificate_id;protection_level_m",16556290447411530335,58,6268336990159395934,9056656343633310150,13276243065478317808,"dual_channel_v1;all_in_graph_residual_diagnostic",0,0,1,1,151374693297,2850000000,50000000,148564159668,1,1,0,0,"data is stale by the sensor timestamp","EXECUTED",""
uwb-imu-pl/gate-d-diagnostics/v16,59,2950000000,59,59,59,30,1,59,2950000000,"49002;50001;50002;51001;51002;52001;52002;53001;53002;54001;54002;55001;55002;56001;56002;57001;57002;58001;58002;59000;59001;59002",58,59,0.049999999999999822,0,11,0,30,59,1198,58,443848,74,96,177056,"new frozen transaction/version",0.038174965595033028,inf,3.0000000000000004e-05,9.9999999999999995e-08,0,0,0,9.9000000000000001e-06,4.0000000000000003e-05,4.0000000000000003e-05,nan,nan,nan,0,0,0,0,0,"complete risk ledger unavailable before selection closure","COMPLETE",624,0,0,0,0,0,0,61104,504,60,60,30240,30240,2,1,1,1,1,0,1,1,2,1,1,0,4,3,61104,0,0,61104,0,4,1,0,0,0,0,0,0,0,1,1,0,inf,0,"NUMERICAL_CERTIFICATE_UNRESOLVED","NUMERICAL_CERTIFICATE_UNRESOLVED;UNKNOWN_TEXT","POST_FDE_DETECTOR_AND_PL;ATOMIC_CERTIFIED_PUBLISH",0,0,inf,0,"","","",0,1,"REFUSED","no publication certificate was issued for this attempt; missing identity: risk_proof_id;pl_detector_certificate_id;protection_level_m","FDE_EVALUATING","UNAVAILABLE","UNAVAILABLE -> UNAVAILABLE",1,0,1,"FINISH_DEADLINE_MISSED","risk_proof_id;pl_detector_certificate_id;protection_level_m",17333095174298906037,59,7937671431819470736,9056656343633310150,13276243065478317808,"dual_channel_v1;all_in_graph_residual_diagnostic",0,0,1,1,154599907439,2900000000,50000000,151739373810,1,1,0,0,"data is stale by the sensor timestamp","EXECUTED",""
uwb-imu-pl/gate-d-diagnostics/v16,60,3000000000,60,60,60,31,1,60,3000000000,"50002;51001;51002;52001;52002;53001;53002;54001;54002;55001;55002;56001;56002;57001;57002;58001;58002;59001;59002;60000;60001;60002",59,60,0.049999999999999822,0,11,0,31,60,1220,59,443946,74,96,177056,"new frozen transaction/version",0.092825088869339503,inf,3.0000000000000004e-05,9.9999999999999995e-08,0,0,0,9.9000000000000001e-06,4.0000000000000003e-05,4.0000000000000003e-05,nan,nan,nan,0,0,0,0,0,"complete risk ledger unavailable before selection closure","COMPLETE",624,0,0,0,0,0,0,61104,504,60,60,30240,30240,2,1,1,1,1,0,1,1,2,1,1,0,4,3,61104,0,0,61104,0,4,1,0,0,0,0,0,0,0,1,1,0,inf,0,"NUMERICAL_CERTIFICATE_UNRESOLVED","NUMERICAL_CERTIFICATE_UNRESOLVED;UNKNOWN_TEXT","POST_FDE_DETECTOR_AND_PL;ATOMIC_CERTIFIED_PUBLISH",0,0,inf,0,"","","",0,1,"REFUSED","no publication certificate was issued for this attempt; missing identity: risk_proof_id;pl_detector_certificate_id;protection_level_m","FDE_EVALUATING","UNAVAILABLE","UNAVAILABLE -> UNAVAILABLE",1,0,1,"FINISH_DEADLINE_MISSED","risk_proof_id;pl_detector_certificate_id;protection_level_m",14334654652191195077,60,13624675998607196348,9056656343633310150,13276243065478317808,"dual_channel_v1;all_in_graph_residual_diagnostic",0,0,1,1,157818769146,2950000000,50000000,154908235517,1,1,0,0,"data is stale by the sensor timestamp","EXECUTED",""
uwb-imu-pl/gate-d-diagnostics/v16,61,3050000000,61,61,61,32,1,61,3050000000,"51002;52001;52002;53001;53002;54001;54002;55001;55002;56001;56002;57001;57002;58001;58002;59001;59002;60001;60002;61000;61001;61002",60,61,0.050000000000000266,0,11,0,32,61,1242,60,444044,74,96,177056,"new frozen transaction/version",0.073566376431933075,inf,3.0000000000000004e-05,9.9999999999999995e-08,0,0,0,9.9000000000000001e-06,4.0000000000000003e-05,4.0000000000000003e-05,nan,nan,nan,0,0,0,0,0,"complete risk ledger unavailable before selection closure","COMPLETE",624,0,0,0,0,0,0,61104,504,60,60,30240,30240,2,1,1,1,1,0,1,1,2,1,1,0,4,3,61104,0,0,61104,0,4,1,0,0,0,0,0,0,0,1,1,0,inf,0,"NUMERICAL_CERTIFICATE_UNRESOLVED","NUMERICAL_CERTIFICATE_UNRESOLVED;UNKNOWN_TEXT","POST_FDE_DETECTOR_AND_PL;ATOMIC_CERTIFIED_PUBLISH",0,0,inf,0,"","","",0,1,"REFUSED","no publication certificate was issued for this attempt; missing identity: risk_proof_id;pl_detector_certificate_id;protection_level_m","FDE_EVALUATING","UNAVAILABLE","UNAVAILABLE -> UNAVAILABLE",1,0,1,"FINISH_DEADLINE_MISSED","risk_proof_id;pl_detector_certificate_id;protection_level_m",10216147451229376099,61,13720349451586777406,9056656343633310150,13276243065478317808,"dual_channel_v1;all_in_graph_residual_diagnostic",0,0,1,1,161039226770,3000000000,50000000,158078693141,1,1,0,0,"data is stale by the sensor timestamp","EXECUTED",""
uwb-imu-pl/gate-d-diagnostics/v16,62,3100000000,62,62,62,33,1,62,3100000000,"52002;53001;53002;54001;54002;55001;55002;56001;56002;57001;57002;58001;58002;59001;59002;60001;60002;61001;61002;62000;62001;62002",61,62,0.049999999999999822,0,11,0,33,62,1264,61,444142,74,96,177056,"new frozen transaction/version",0.037184939024595055,inf,3.0000000000000004e-05,9.9999999999999995e-08,0,0,0,9.9000000000000001e-06,4.0000000000000003e-05,4.0000000000000003e-05,nan,nan,nan,0,0,0,0,0,"complete risk ledger unavailable before selection closure","COMPLETE",624,0,0,0,0,0,0,61104,504,60,60,30240,30240,2,1,1,1,1,0,1,1,2,1,1,0,4,3,61104,0,0,61104,0,4,1,0,0,0,0,0,0,0,1,1,0,inf,0,"NUMERICAL_CERTIFICATE_UNRESOLVED","NUMERICAL_CERTIFICATE_UNRESOLVED;UNKNOWN_TEXT","POST_FDE_DETECTOR_AND_PL;ATOMIC_CERTIFIED_PUBLISH",0,0,inf,0,"","","",0,1,"REFUSED","no publication certificate was issued for this attempt; missing identity: risk_proof_id;pl_detector_certificate_id;protection_level_m","FDE_EVALUATING","UNAVAILABLE","UNAVAILABLE -> UNAVAILABLE",1,0,1,"FINISH_DEADLINE_MISSED","risk_proof_id;pl_detector_certificate_id;protection_level_m",12605548562310124877,62,722111886913743268,9056656343633310150,13276243065478317808,"dual_channel_v1;all_in_graph_residual_diagnostic",0,0,1,1,164173956561,3050000000,50000000,161163422932,1,1,0,0,"data is stale by the sensor timestamp","EXECUTED",""
uwb-imu-pl/gate-d-diagnostics/v16,63,3150000000,63,63,63,34,1,63,3150000000,"53002;54001;54002;55001;55002;56001;56002;57001;57002;58001;58002;59001;59002;60001;60002;61001;61002;62001;62002;63000;63001;63002",62,63,0.050000000000000266,0,11,0,34,63,1286,62,444240,74,96,177056,"new frozen transaction/version",0.046881647738775276,inf,3.0000000000000004e-05,9.9999999999999995e-08,0,0,0,9.9000000000000001e-06,4.0000000000000003e-05,4.0000000000000003e-05,nan,nan,nan,0,0,0,0,0,"complete risk ledger unavailable before selection closure","COMPLETE",624,0,0,0,0,0,0,61104,504,60,60,30240,30240,2,1,1,1,1,0,1,1,2,1,1,0,4,3,61104,0,0,61104,0,4,1,0,0,0,0,0,0,0,1,1,0,inf,0,"NUMERICAL_CERTIFICATE_UNRESOLVED","NUMERICAL_CERTIFICATE_UNRESOLVED;UNKNOWN_TEXT","POST_FDE_DETECTOR_AND_PL;ATOMIC_CERTIFIED_PUBLISH",0,0,inf,0,"","","",0,1,"REFUSED","no publication certificate was issued for this attempt; missing identity: risk_proof_id;pl_detector_certificate_id;protection_level_m","FDE_EVALUATING","UNAVAILABLE","UNAVAILABLE -> UNAVAILABLE",1,0,1,"FINISH_DEADLINE_MISSED","risk_proof_id;pl_detector_certificate_id;protection_level_m",10503234493410079983,63,3686677726584651759,9056656343633310150,13276243065478317808,"dual_channel_v1;all_in_graph_residual_diagnostic",0,0,1,1,167272758382,3100000000,50000000,164212224753,1,1,0,0,"data is stale by the sensor timestamp","EXECUTED",""
uwb-imu-pl/gate-d-diagnostics/v16,64,3200000000,64,64,64,35,1,64,3200000000,"54002;55001;55002;56001;56002;57001;57002;58001;58002;59001;59002;60001;60002;61001;61002;62001;62002;63001;63002;64000;64001;64002",63,64,0.049999999999999822,0,11,0,35,64,1308,63,444338,74,96,177056,"new frozen transaction/version",0.045308355990756867,inf,3.0000000000000004e-05,9.9999999999999995e-08,0,0,0,9.9000000000000001e-06,4.0000000000000003e-05,4.0000000000000003e-05,nan,nan,nan,0,0,0,0,0,"complete risk ledger unavailable before selection closure","COMPLETE",624,0,0,0,0,0,0,61104,504,60,60,30240,30240,2,1,1,1,1,0,1,1,2,1,1,0,4,3,61104,0,0,61104,0,4,1,0,0,0,0,0,0,0,1,1,0,inf,0,"NUMERICAL_CERTIFICATE_UNRESOLVED","NUMERICAL_CERTIFICATE_UNRESOLVED;UNKNOWN_TEXT","POST_FDE_DETECTOR_AND_PL;ATOMIC_CERTIFIED_PUBLISH",0,0,inf,0,"","","",0,1,"REFUSED","no publication certificate was issued for this attempt; missing identity: risk_proof_id;pl_detector_certificate_id;protection_level_m","FDE_EVALUATING","UNAVAILABLE","UNAVAILABLE -> UNAVAILABLE",1,0,1,"FINISH_DEADLINE_MISSED","risk_proof_id;pl_detector_certificate_id;protection_level_m",7804198370530735773,64,13193919514932465948,9056656343633310150,13276243065478317808,"dual_channel_v1;all_in_graph_residual_diagnostic",0,0,1,1,170360761389,3150000000,50000000,167250227760,1,1,0,0,"data is stale by the sensor timestamp","EXECUTED",""
uwb-imu-pl/gate-d-diagnostics/v16,65,3250000000,65,65,65,36,1,65,3250000000,"55002;56001;56002;57001;57002;58001;58002;59001;59002;60001;60002;61001;61002;62001;62002;63001;63002;64001;64002;65000;65001;65002",64,65,0.049999999999999822,0,11,0,36,65,1330,64,444436,74,96,177056,"new frozen transaction/version",0.076353286603708007,inf,3.0000000000000004e-05,9.9999999999999995e-08,0,0,0,9.9000000000000001e-06,4.0000000000000003e-05,4.0000000000000003e-05,nan,nan,nan,0,0,0,0,0,"complete risk ledger unavailable before selection closure","COMPLETE",624,0,0,0,0,0,0,61104,504,60,60,30240,30240,2,1,1,1,1,0,1,1,2,1,1,0,4,3,61104,0,0,61104,0,4,1,0,0,0,0,0,0,0,1,1,0,inf,0,"NUMERICAL_CERTIFICATE_UNRESOLVED","NUMERICAL_CERTIFICATE_UNRESOLVED;UNKNOWN_TEXT","POST_FDE_DETECTOR_AND_PL;ATOMIC_CERTIFIED_PUBLISH",0,0,inf,0,"","","",0,1,"REFUSED","no publication certificate was issued for this attempt; missing identity: risk_proof_id;pl_detector_certificate_id;protection_level_m","FDE_EVALUATING","UNAVAILABLE","UNAVAILABLE -> UNAVAILABLE",1,0,1,"FINISH_DEADLINE_MISSED","risk_proof_id;pl_detector_certificate_id;protection_level_m",13812635346575513219,65,13967334068478099753,9056656343633310150,13276243065478317808,"dual_channel_v1;all_in_graph_residual_diagnostic",0,0,1,1,173452038985,3200000000,50000000,170291505356,1,1,0,0,"data is stale by the sensor timestamp","EXECUTED",""
uwb-imu-pl/gate-d-diagnostics/v16,66,3300000000,66,66,66,37,1,66,3300000000,"56002;57001;57002;58001;58002;59001;59002;60001;60002;61001;61002;62001;62002;63001;63002;64001;64002;65001;65002;66000;66001;66002",65,66,0.050000000000000266,0,11,0,37,66,1352,65,444534,74,96,177056,"new frozen transaction/version",0.038579218501949585,inf,3.0000000000000004e-05,9.9999999999999995e-08,0,0,0,9.9000000000000001e-06,4.0000000000000003e-05,4.0000000000000003e-05,nan,nan,nan,0,0,0,0,0,"complete risk ledger unavailable before selection closure","COMPLETE",624,0,0,0,0,0,0,61104,504,60,60,30240,30240,2,1,1,1,1,0,1,1,2,1,1,0,4,3,61104,0,0,61104,0,4,1,0,0,0,0,0,0,0,1,1,0,inf,0,"NUMERICAL_CERTIFICATE_UNRESOLVED","NUMERICAL_CERTIFICATE_UNRESOLVED;UNKNOWN_TEXT","POST_FDE_DETECTOR_AND_PL;ATOMIC_CERTIFIED_PUBLISH",0,0,inf,0,"","","",0,1,"REFUSED","no publication certificate was issued for this attempt; missing identity: risk_proof_id;pl_detector_certificate_id;protection_level_m","FDE_EVALUATING","UNAVAILABLE","UNAVAILABLE -> UNAVAILABLE",1,0,1,"FINISH_DEADLINE_MISSED","risk_proof_id;pl_detector_certificate_id;protection_level_m",3266796320083555301,66,4043285720189606363,9056656343633310150,13276243065478317808,"dual_channel_v1;all_in_graph_residual_diagnostic",0,0,1,1,176573499476,3250000000,50000000,173362965847,1,1,0,0,"data is stale by the sensor timestamp","EXECUTED",""
uwb-imu-pl/gate-d-diagnostics/v16,67,3350000000,67,67,67,38,1,67,3350000000,"57002;58001;58002;59001;59002;60001;60002;61001;61002;62001;62002;63001;63002;64001;64002;65001;65002;66001;66002;67000;67001;67002",66,67,0.049999999999999822,0,11,0,38,67,1374,66,444632,74,96,177056,"new frozen transaction/version",0.051383185854705811,inf,3.0000000000000004e-05,9.9999999999999995e-08,0,0,0,9.9000000000000001e-06,4.0000000000000003e-05,4.0000000000000003e-05,nan,nan,nan,0,0,0,0,0,"complete risk ledger unavailable before selection closure","COMPLETE",624,0,0,0,0,0,0,61104,504,60,60,30240,30240,2,1,1,1,1,0,1,1,2,1,1,0,4,3,61104,0,0,61104,0,4,1,0,0,0,0,0,0,0,1,1,0,inf,0,"NUMERICAL_CERTIFICATE_UNRESOLVED","NUMERICAL_CERTIFICATE_UNRESOLVED;UNKNOWN_TEXT","POST_FDE_DETECTOR_AND_PL;ATOMIC_CERTIFIED_PUBLISH",0,0,inf,0,"","","",0,1,"REFUSED","no publication certificate was issued for this attempt; missing identity: risk_proof_id;pl_detector_certificate_id;protection_level_m","FDE_EVALUATING","UNAVAILABLE","UNAVAILABLE -> UNAVAILABLE",1,0,1,"FINISH_DEADLINE_MISSED","risk_proof_id;pl_detector_certificate_id;protection_level_m",3520134796437719511,67,7800414898722960250,9056656343633310150,13276243065478317808,"dual_channel_v1;all_in_graph_residual_diagnostic",0,0,1,1,179697181405,3300000000,50000000,176436647776,1,1,0,0,"data is stale by the sensor timestamp","EXECUTED",""
uwb-imu-pl/gate-d-diagnostics/v16,68,3400000000,68,68,68,39,1,68,3400000000,"58002;59001;59002;60001;60002;61001;61002;62001;62002;63001;63002;64001;64002;65001;65002;66001;66002;67001;67002;68000;68001;68002",67,68,0.050000000000000266,0,11,0,39,68,1396,67,444730,74,96,177056,"new frozen transaction/version",0.064456736562004208,inf,3.0000000000000004e-05,9.9999999999999995e-08,0,0,0,9.9000000000000001e-06,4.0000000000000003e-05,4.0000000000000003e-05,nan,nan,nan,0,0,0,0,0,"complete risk ledger unavailable before selection closure","COMPLETE",624,0,0,0,0,0,0,61104,504,60,60,30240,30240,2,1,1,1,1,0,1,1,2,1,1,0,4,3,61104,0,0,61104,0,4,1,0,0,0,0,0,0,0,1,1,0,inf,0,"NUMERICAL_CERTIFICATE_UNRESOLVED","NUMERICAL_CERTIFICATE_UNRESOLVED;UNKNOWN_TEXT","POST_FDE_DETECTOR_AND_PL;ATOMIC_CERTIFIED_PUBLISH",0,0,inf,0,"","","",0,1,"REFUSED","no publication certificate was issued for this attempt; missing identity: risk_proof_id;pl_detector_certificate_id;protection_level_m","FDE_EVALUATING","UNAVAILABLE","UNAVAILABLE -> UNAVAILABLE",1,0,1,"FINISH_DEADLINE_MISSED","risk_proof_id;pl_detector_certificate_id;protection_level_m",12102035149937163877,68,4943098353493230582,9056656343633310150,13276243065478317808,"dual_channel_v1;all_in_graph_residual_diagnostic",0,0,1,1,182855202432,3350000000,50000000,179544668803,1,1,0,0,"data is stale by the sensor timestamp","EXECUTED",""
uwb-imu-pl/gate-d-diagnostics/v16,69,3450000000,69,69,69,40,1,69,3450000000,"59002;60001;60002;61001;61002;62001;62002;63001;63002;64001;64002;65001;65002;66001;66002;67001;67002;68001;68002;69000;69001;69002",68,69,0.049999999999999822,0,11,0,40,69,1418,68,444828,74,96,177056,"new frozen transaction/version",0.086900178715462642,inf,3.0000000000000004e-05,9.9999999999999995e-08,0,0,0,9.9000000000000001e-06,4.0000000000000003e-05,4.0000000000000003e-05,nan,nan,nan,0,0,0,0,0,"complete risk ledger unavailable before selection closure","COMPLETE",624,0,0,0,0,0,0,61104,504,60,60,30240,30240,2,1,1,1,1,0,1,1,2,1,1,0,4,3,61104,0,0,61104,0,4,1,0,0,0,0,0,0,0,1,1,0,inf,0,"NUMERICAL_CERTIFICATE_UNRESOLVED","NUMERICAL_CERTIFICATE_UNRESOLVED;UNKNOWN_TEXT","POST_FDE_DETECTOR_AND_PL;ATOMIC_CERTIFIED_PUBLISH",0,0,inf,0,"","","",0,1,"REFUSED","no publication certificate was issued for this attempt; missing identity: risk_proof_id;pl_detector_certificate_id;protection_level_m","FDE_EVALUATING","UNAVAILABLE","UNAVAILABLE -> UNAVAILABLE",1,0,1,"FINISH_DEADLINE_MISSED","risk_proof_id;pl_detector_certificate_id;protection_level_m",11707298763232389187,69,11144828317335216911,9056656343633310150,13276243065478317808,"dual_channel_v1;all_in_graph_residual_diagnostic",0,0,1,1,186040834367,3400000000,50000000,182680300738,1,1,0,0,"data is stale by the sensor timestamp","EXECUTED",""
uwb-imu-pl/gate-d-diagnostics/v16,70,3500000000,70,70,70,41,1,70,3500000000,"60002;61001;61002;62001;62002;63001;63002;64001;64002;65001;65002;66001;66002;67001;67002;68001;68002;69001;69002;70000;70001;70002",69,70,0.049999999999999822,0,11,0,41,70,1440,69,444926,74,96,177056,"new frozen transaction/version",0.07490369451239505,inf,3.0000000000000004e-05,9.9999999999999995e-08,0,0,0,9.9000000000000001e-06,4.0000000000000003e-05,4.0000000000000003e-05,nan,nan,nan,0,0,0,0,0,"complete risk ledger unavailable before selection closure","COMPLETE",624,0,0,0,0,0,0,61104,504,60,60,30240,30240,2,1,1,1,1,0,1,1,2,1,1,0,4,3,61104,0,0,61104,0,4,1,0,0,0,0,0,0,0,1,1,0,inf,0,"NUMERICAL_CERTIFICATE_UNRESOLVED","NUMERICAL_CERTIFICATE_UNRESOLVED;UNKNOWN_TEXT","POST_FDE_DETECTOR_AND_PL;ATOMIC_CERTIFIED_PUBLISH",0,0,inf,0,"","","",0,1,"REFUSED","no publication certificate was issued for this attempt; missing identity: risk_proof_id;pl_detector_certificate_id;protection_level_m","FDE_EVALUATING","UNAVAILABLE","UNAVAILABLE -> UNAVAILABLE",1,0,1,"FINISH_DEADLINE_MISSED","risk_proof_id;pl_detector_certificate_id;protection_level_m",14978331335728314459,70,1039669397773737489,9056656343633310150,13276243065478317808,"dual_channel_v1;all_in_graph_residual_diagnostic",0,0,1,1,189283434878,3450000000,50000000,185872901249,1,1,0,0,"data is stale by the sensor timestamp","EXECUTED",""
uwb-imu-pl/gate-d-diagnostics/v16,71,3550000000,71,71,71,42,1,71,3550000000,"61002;62001;62002;63001;63002;64001;64002;65001;65002;66001;66002;67001;67002;68001;68002;69001;69002;70001;70002;71000;71001;71002",70,71,0.050000000000000266,0,11,0,42,71,1462,70,445024,74,96,177056,"new frozen transaction/version",0.068347505179535833,inf,3.0000000000000004e-05,9.9999999999999995e-08,0,0,0,9.9000000000000001e-06,4.0000000000000003e-05,4.0000000000000003e-05,nan,nan,nan,0,0,0,0,0,"complete risk ledger unavailable before selection closure","COMPLETE",624,0,0,0,0,0,0,61104,504,60,60,30240,30240,2,1,1,1,1,0,1,1,2,1,1,0,4,3,61104,0,0,61104,0,4,1,0,0,0,0,0,0,0,1,1,0,inf,0,"NUMERICAL_CERTIFICATE_UNRESOLVED","NUMERICAL_CERTIFICATE_UNRESOLVED;UNKNOWN_TEXT","POST_FDE_DETECTOR_AND_PL;ATOMIC_CERTIFIED_PUBLISH",0,0,inf,0,"","","",0,1,"REFUSED","no publication certificate was issued for this attempt; missing identity: risk_proof_id;pl_detector_certificate_id;protection_level_m","FDE_EVALUATING","UNAVAILABLE","UNAVAILABLE -> UNAVAILABLE",1,0,1,"FINISH_DEADLINE_MISSED","risk_proof_id;pl_detector_certificate_id;protection_level_m",13156571143386589057,71,6858452619840254991,9056656343633310150,13276243065478317808,"dual_channel_v1;all_in_graph_residual_diagnostic",0,0,1,1,192540848916,3500000000,50000000,189080315287,1,1,0,0,"data is stale by the sensor timestamp","EXECUTED",""
uwb-imu-pl/gate-d-diagnostics/v16,72,3600000000,72,72,72,43,1,72,3600000000,"62002;63001;63002;64001;64002;65001;65002;66001;66002;67001;67002;68001;68002;69001;69002;70001;70002;71001;71002;72000;72001;72002",71,72,0.049999999999999822,0,11,0,43,72,1484,71,445122,74,96,177056,"new frozen transaction/version",0.068199428056026787,inf,3.0000000000000004e-05,9.9999999999999995e-08,0,0,0,9.9000000000000001e-06,4.0000000000000003e-05,4.0000000000000003e-05,nan,nan,nan,0,0,0,0,0,"complete risk ledger unavailable before selection closure","COMPLETE",624,0,0,0,0,0,0,61104,504,60,60,30240,30240,2,1,1,1,1,0,1,1,2,1,1,0,4,3,61104,0,0,61104,0,4,1,0,0,0,0,0,0,0,1,1,0,inf,0,"NUMERICAL_CERTIFICATE_UNRESOLVED","NUMERICAL_CERTIFICATE_UNRESOLVED;UNKNOWN_TEXT","POST_FDE_DETECTOR_AND_PL;ATOMIC_CERTIFIED_PUBLISH",0,0,inf,0,"","","",0,1,"REFUSED","no publication certificate was issued for this attempt; missing identity: risk_proof_id;pl_detector_certificate_id;protection_level_m","FDE_EVALUATING","UNAVAILABLE","UNAVAILABLE -> UNAVAILABLE",1,0,1,"FINISH_DEADLINE_MISSED","risk_proof_id;pl_detector_certificate_id;protection_level_m",415787499252622531,72,3662203890781866012,9056656343633310150,13276243065478317808,"dual_channel_v1;all_in_graph_residual_diagnostic",0,0,1,1,195796230996,3550000000,50000000,192285697367,1,1,0,0,"data is stale by the sensor timestamp","EXECUTED",""
uwb-imu-pl/gate-d-diagnostics/v16,73,3650000000,73,73,73,44,1,73,3650000000,"63002;64001;64002;65001;65002;66001;66002;67001;67002;68001;68002;69001;69002;70001;70002;71001;71002;72001;72002;73000;73001;73002",72,73,0.050000000000000266,0,11,0,44,73,1506,72,445220,74,96,177056,"new frozen transaction/version",0.063105261802584481,inf,3.0000000000000004e-05,9.9999999999999995e-08,0,0,0,9.9000000000000001e-06,4.0000000000000003e-05,4.0000000000000003e-05,nan,nan,nan,0,0,0,0,0,"complete risk ledger unavailable before selection closure","COMPLETE",624,0,0,0,0,0,0,61104,504,60,60,30240,30240,2,1,1,1,1,0,1,1,2,1,1,0,4,3,61104,0,0,61104,0,4,1,0,0,0,0,0,0,0,1,1,0,inf,0,"NUMERICAL_CERTIFICATE_UNRESOLVED","NUMERICAL_CERTIFICATE_UNRESOLVED;UNKNOWN_TEXT","POST_FDE_DETECTOR_AND_PL;ATOMIC_CERTIFIED_PUBLISH",0,0,inf,0,"","","",0,1,"REFUSED","no publication certificate was issued for this attempt; missing identity: risk_proof_id;pl_detector_certificate_id;protection_level_m","FDE_EVALUATING","UNAVAILABLE","UNAVAILABLE -> UNAVAILABLE",1,0,1,"FINISH_DEADLINE_MISSED","risk_proof_id;pl_detector_certificate_id;protection_level_m",9411154866022227461,73,8319341585396912858,9056656343633310150,13276243065478317808,"dual_channel_v1;all_in_graph_residual_diagnostic",0,0,1,1,199076475846,3600000000,50000000,195515942217,1,1,0,0,"data is stale by the sensor timestamp","EXECUTED",""
uwb-imu-pl/gate-d-diagnostics/v16,74,3700000000,74,74,74,45,1,74,3700000000,"64002;65001;65002;66001;66002;67001;67002;68001;68002;69001;69002;70001;70002;71001;71002;72001;72002;73001;73002;74000;74001;74002",73,74,0.049999999999999822,0,11,0,45,74,1528,73,445318,74,96,177056,"new frozen transaction/version",0.057516976154246072,inf,3.0000000000000004e-05,9.9999999999999995e-08,0,0,0,9.9000000000000001e-06,4.0000000000000003e-05,4.0000000000000003e-05,nan,nan,nan,0,0,0,0,0,"complete risk ledger unavailable before selection closure","COMPLETE",624,0,0,0,0,0,0,61104,504,60,60,30240,30240,2,1,1,1,1,0,1,1,2,1,1,0,4,3,61104,0,0,61104,0,4,1,0,0,0,0,0,0,0,1,1,0,inf,0,"NUMERICAL_CERTIFICATE_UNRESOLVED","NUMERICAL_CERTIFICATE_UNRESOLVED;UNKNOWN_TEXT","POST_FDE_DETECTOR_AND_PL;ATOMIC_CERTIFIED_PUBLISH",0,0,inf,0,"","","",0,1,"REFUSED","no publication certificate was issued for this attempt; missing identity: risk_proof_id;pl_detector_certificate_id;protection_level_m","FDE_EVALUATING","UNAVAILABLE","UNAVAILABLE -> UNAVAILABLE",1,0,1,"FINISH_DEADLINE_MISSED","risk_proof_id;pl_detector_certificate_id;protection_level_m",8915874283401243051,74,8566171973323675897,9056656343633310150,13276243065478317808,"dual_channel_v1;all_in_graph_residual_diagnostic",0,0,1,1,202319363983,3650000000,50000000,198708830354,1,1,0,0,"data is stale by the sensor timestamp","EXECUTED",""
uwb-imu-pl/gate-d-diagnostics/v16,75,3750000000,75,75,75,46,1,75,3750000000,"65002;66001;66002;67001;67002;68001;68002;69001;69002;70001;70002;71001;71002;72001;72002;73001;73002;74001;74002;75000;75001;75002",74,75,0.050000000000000266,0,11,0,46,75,1550,74,445416,74,96,177056,"new frozen transaction/version",0.12770648627440481,inf,3.0000000000000004e-05,9.9999999999999995e-08,0,0,0,9.9000000000000001e-06,4.0000000000000003e-05,4.0000000000000003e-05,nan,nan,nan,0,0,0,0,0,"complete risk ledger unavailable before selection closure","COMPLETE",624,0,0,0,0,0,0,61104,504,60,60,30240,30240,2,1,1,1,1,0,1,1,2,1,1,0,3,3,61104,0,0,61104,0,4,1,0,0,0,0,0,0,0,1,1,0,inf,0,"NUMERICAL_CERTIFICATE_UNRESOLVED","NUMERICAL_CERTIFICATE_UNRESOLVED;UNKNOWN_TEXT","POST_FDE_DETECTOR_AND_PL;ATOMIC_CERTIFIED_PUBLISH",0,0,inf,0,"","","",0,1,"REFUSED","no publication certificate was issued for this attempt; missing identity: risk_proof_id;pl_detector_certificate_id;protection_level_m","FDE_EVALUATING","UNAVAILABLE","UNAVAILABLE -> UNAVAILABLE",1,0,1,"FINISH_DEADLINE_MISSED","risk_proof_id;pl_detector_certificate_id;protection_level_m",6842190007222715169,75,12412531028969388126,9056656343633310150,13276243065478317808,"dual_channel_v1;all_in_graph_residual_diagnostic",0,0,1,1,205622757734,3700000000,50000000,201962224105,1,1,0,0,"data is stale by the sensor timestamp","EXECUTED",""
uwb-imu-pl/gate-d-diagnostics/v16,76,3800000000,76,76,76,47,1,76,3800000000,"66002;67001;67002;68001;68002;69001;69002;70001;70002;71001;71002;72001;72002;73001;73002;74001;74002;75001;75002;76000;76001;76002",75,76,0.049999999999999822,0,11,0,47,76,1572,75,445514,74,96,177056,"new frozen transaction/version",0.11938288806368384,inf,3.0000000000000004e-05,9.9999999999999995e-08,0,0,0,9.9000000000000001e-06,4.0000000000000003e-05,4.0000000000000003e-05,nan,nan,nan,0,0,0,0,0,"complete risk ledger unavailable before selection closure","COMPLETE",624,0,0,0,0,0,0,61104,504,60,60,30240,30240,2,1,1,1,1,0,1,1,2,1,1,0,4,3,61104,0,0,61104,0,4,1,0,0,0,0,0,0,0,1,1,0,inf,0,"NUMERICAL_CERTIFICATE_UNRESOLVED","NUMERICAL_CERTIFICATE_UNRESOLVED;UNKNOWN_TEXT","POST_FDE_DETECTOR_AND_PL;ATOMIC_CERTIFIED_PUBLISH",0,0,inf,0,"","","",0,1,"REFUSED","no publication certificate was issued for this attempt; missing identity: risk_proof_id;pl_detector_certificate_id;protection_level_m","FDE_EVALUATING","UNAVAILABLE","UNAVAILABLE -> UNAVAILABLE",1,0,1,"FINISH_DEADLINE_MISSED","risk_proof_id;pl_detector_certificate_id;protection_level_m",799614747042797731,76,12394885904619118615,9056656343633310150,13276243065478317808,"dual_channel_v1;all_in_graph_residual_diagnostic",0,0,1,1,208970691321,3750000000,50000000,205260157692,1,1,0,0,"data is stale by the sensor timestamp","EXECUTED",""
uwb-imu-pl/gate-d-diagnostics/v16,77,3850000000,77,77,77,48,1,77,3850000000,"67002;68001;68002;69001;69002;70001;70002;71001;71002;72001;72002;73001;73002;74001;74002;75001;75002;76001;76002;77000;77001;77002",76,77,0.049999999999999822,0,11,0,48,77,1594,76,445612,74,96,177056,"new frozen transaction/version",0.15247524915330132,inf,3.0000000000000004e-05,9.9999999999999995e-08,0,0,0,9.9000000000000001e-06,4.0000000000000003e-05,4.0000000000000003e-05,nan,nan,nan,0,0,0,0,0,"complete risk ledger unavailable before selection closure","COMPLETE",624,0,0,0,0,0,0,61104,504,60,60,30240,30240,2,1,1,1,1,0,1,1,2,1,1,0,3,3,61104,0,0,61104,0,4,1,0,0,0,0,0,0,0,1,1,0,inf,0,"NUMERICAL_CERTIFICATE_UNRESOLVED","NUMERICAL_CERTIFICATE_UNRESOLVED;UNKNOWN_TEXT","POST_FDE_DETECTOR_AND_PL;ATOMIC_CERTIFIED_PUBLISH",0,0,inf,0,"","","",0,1,"REFUSED","no publication certificate was issued for this attempt; missing identity: risk_proof_id;pl_detector_certificate_id;protection_level_m","FDE_EVALUATING","UNAVAILABLE","UNAVAILABLE -> UNAVAILABLE",1,0,1,"FINISH_DEADLINE_MISSED","risk_proof_id;pl_detector_certificate_id;protection_level_m",2375044649928028957,77,8721983696336757255,9056656343633310150,13276243065478317808,"dual_channel_v1;all_in_graph_residual_diagnostic",0,0,1,1,212085125362,3800000000,50000000,208324591733,1,1,0,0,"data is stale by the sensor timestamp","EXECUTED",""
uwb-imu-pl/gate-d-diagnostics/v16,78,3900000000,78,78,78,49,1,78,3900000000,"68002;69001;69002;70001;70002;71001;71002;72001;72002;73001;73002;74001;74002;75001;75002;76001;76002;77001;77002;78000;78001;78002",77,78,0.050000000000000266,0,11,0,49,78,1616,77,445710,74,96,177056,"new frozen transaction/version",0.17569731602876618,inf,3.0000000000000004e-05,9.9999999999999995e-08,0,0,0,9.9000000000000001e-06,4.0000000000000003e-05,4.0000000000000003e-05,nan,nan,nan,0,0,0,0,0,"complete risk ledger unavailable before selection closure","COMPLETE",624,0,0,0,0,0,0,61104,504,60,60,30240,30240,2,1,1,1,1,0,1,1,2,1,1,0,3,3,61104,0,0,61104,0,4,1,0,0,0,0,0,0,0,1,1,0,inf,0,"NUMERICAL_CERTIFICATE_UNRESOLVED","NUMERICAL_CERTIFICATE_UNRESOLVED;UNKNOWN_TEXT","POST_FDE_DETECTOR_AND_PL;ATOMIC_CERTIFIED_PUBLISH",0,0,inf,0,"","","",0,1,"REFUSED","no publication certificate was issued for this attempt; missing identity: risk_proof_id;pl_detector_certificate_id;protection_level_m","FDE_EVALUATING","UNAVAILABLE","UNAVAILABLE -> UNAVAILABLE",1,0,1,"FINISH_DEADLINE_MISSED","risk_proof_id;pl_detector_certificate_id;protection_level_m",8333208820327847147,78,440841454792602776,9056656343633310150,13276243065478317808,"dual_channel_v1;all_in_graph_residual_diagnostic",0,0,1,1,215175283572,3850000000,50000000,211364749943,1,1,0,0,"data is stale by the sensor timestamp","EXECUTED",""
uwb-imu-pl/gate-d-diagnostics/v16,79,3950000000,79,79,79,50,1,79,3950000000,"69002;70001;70002;71001;71002;72001;72002;73001;73002;74001;74002;75001;75002;76001;76002;77001;77002;78001;78002;79000;79001;79002",78,79,0.049999999999999822,0,11,0,50,79,1638,78,445808,74,96,177056,"new frozen transaction/version",0.16934322781683331,inf,3.0000000000000004e-05,9.9999999999999995e-08,0,0,0,9.9000000000000001e-06,4.0000000000000003e-05,4.0000000000000003e-05,nan,nan,nan,0,0,0,0,0,"complete risk ledger unavailable before selection closure","COMPLETE",624,0,0,0,0,0,0,61104,504,60,60,30240,30240,2,1,1,1,1,0,1,1,2,1,1,0,3,3,61104,0,0,61104,0,4,1,0,0,0,0,0,0,0,1,1,0,inf,0,"NUMERICAL_CERTIFICATE_UNRESOLVED","NUMERICAL_CERTIFICATE_UNRESOLVED;UNKNOWN_TEXT","POST_FDE_DETECTOR_AND_PL;ATOMIC_CERTIFIED_PUBLISH",0,0,inf,0,"","","",0,1,"REFUSED","no publication certificate was issued for this attempt; missing identity: risk_proof_id;pl_detector_certificate_id;protection_level_m","FDE_EVALUATING","UNAVAILABLE","UNAVAILABLE -> UNAVAILABLE",1,0,1,"FINISH_DEADLINE_MISSED","risk_proof_id;pl_detector_certificate_id;protection_level_m",14859245943991098865,79,16481020811780941729,9056656343633310150,13276243065478317808,"dual_channel_v1;all_in_graph_residual_diagnostic",0,0,1,1,218290136055,3900000000,50000000,214429602426,1,1,0,0,"data is stale by the sensor timestamp","EXECUTED",""
uwb-imu-pl/gate-d-diagnostics/v16,80,4000000000,80,80,80,51,1,80,4000000000,"70002;71001;71002;72001;72002;73001;73002;74001;74002;75001;75002;76001;76002;77001;77002;78001;78002;79001;79002;80000;80001;80002",79,80,0.049999999999999822,0,11,0,51,80,1660,79,445906,74,96,177056,"new frozen transaction/version",0.11551439579385232,inf,3.0000000000000004e-05,9.9999999999999995e-08,0,0,0,9.9000000000000001e-06,4.0000000000000003e-05,4.0000000000000003e-05,nan,nan,nan,0,0,0,0,0,"complete risk ledger unavailable before selection closure","COMPLETE",624,0,0,0,0,0,0,61104,504,60,60,30240,30240,2,1,1,1,1,0,1,1,2,1,1,0,4,3,61104,0,0,61104,0,4,1,0,0,0,0,0,0,0,1,1,0,inf,0,"NUMERICAL_CERTIFICATE_UNRESOLVED","NUMERICAL_CERTIFICATE_UNRESOLVED;UNKNOWN_TEXT","POST_FDE_DETECTOR_AND_PL;ATOMIC_CERTIFIED_PUBLISH",0,0,inf,0,"","","",0,1,"REFUSED","no publication certificate was issued for this attempt; missing identity: risk_proof_id;pl_detector_certificate_id;protection_level_m","FDE_EVALUATING","UNAVAILABLE","UNAVAILABLE -> UNAVAILABLE",1,0,1,"FINISH_DEADLINE_MISSED","risk_proof_id;pl_detector_certificate_id;protection_level_m",7347478799635737573,80,5191425450776364198,9056656343633310150,13276243065478317808,"dual_channel_v1;all_in_graph_residual_diagnostic",0,0,1,1,221459424806,3950000000,50000000,217548891177,1,1,0,0,"data is stale by the sensor timestamp","EXECUTED",""
uwb-imu-pl/gate-d-diagnostics/v16,81,4050000000,81,81,81,52,1,81,4050000000,"71002;72001;72002;73001;73002;74001;74002;75001;75002;76001;76002;77001;77002;78001;78002;79001;79002;80001;80002;81000;81001;81002",80,81,0.049999999999999822,0,11,0,52,81,1682,80,446004,74,96,177056,"new frozen transaction/version",0.10692341613813926,inf,3.0000000000000004e-05,9.9999999999999995e-08,0,0,0,9.9000000000000001e-06,4.0000000000000003e-05,4.0000000000000003e-05,nan,nan,nan,0,0,0,0,0,"complete risk ledger unavailable before selection closure","COMPLETE",624,0,0,0,0,0,0,61104,504,60,60,30240,30240,2,1,1,1,1,0,1,1,2,1,1,0,4,3,61104,0,0,61104,0,4,1,0,0,0,0,0,0,0,1,1,0,inf,0,"NUMERICAL_CERTIFICATE_UNRESOLVED","NUMERICAL_CERTIFICATE_UNRESOLVED;UNKNOWN_TEXT","POST_FDE_DETECTOR_AND_PL;ATOMIC_CERTIFIED_PUBLISH",0,0,inf,0,"","","",0,1,"REFUSED","no publication certificate was issued for this attempt; missing identity: risk_proof_id;pl_detector_certificate_id;protection_level_m","FDE_EVALUATING","UNAVAILABLE","UNAVAILABLE -> UNAVAILABLE",1,0,1,"FINISH_DEADLINE_MISSED","risk_proof_id;pl_detector_certificate_id;protection_level_m",10875253801379670075,81,5176767586688335519,9056656343633310150,13276243065478317808,"dual_channel_v1;all_in_graph_residual_diagnostic",0,0,1,1,224675710996,4000000000,50000000,220715177367,1,1,0,0,"data is stale by the sensor timestamp","EXECUTED",""
uwb-imu-pl/gate-d-diagnostics/v16,82,4100000000,82,82,82,53,1,82,4100000000,"72002;73001;73002;74001;74002;75001;75002;76001;76002;77001;77002;78001;78002;79001;79002;80001;80002;81001;81002;82000;82001;82002",81,82,0.050000000000000711,0,11,0,53,82,1704,81,446102,74,96,177056,"new frozen transaction/version",0.14807218151314372,inf,3.0000000000000004e-05,9.9999999999999995e-08,0,0,0,9.9000000000000001e-06,4.0000000000000003e-05,4.0000000000000003e-05,nan,nan,nan,0,0,0,0,0,"complete risk ledger unavailable before selection closure","COMPLETE",624,0,0,0,0,0,0,61104,504,60,60,30240,30240,2,1,1,1,1,0,1,1,2,1,1,0,3,3,61104,0,0,61104,0,4,1,0,0,0,0,0,0,0,1,1,0,inf,0,"NUMERICAL_CERTIFICATE_UNRESOLVED","NUMERICAL_CERTIFICATE_UNRESOLVED;UNKNOWN_TEXT","POST_FDE_DETECTOR_AND_PL;ATOMIC_CERTIFIED_PUBLISH",0,0,inf,0,"","","",0,1,"REFUSED","no publication certificate was issued for this attempt; missing identity: risk_proof_id;pl_detector_certificate_id;protection_level_m","FDE_EVALUATING","UNAVAILABLE","UNAVAILABLE -> UNAVAILABLE",1,0,1,"FINISH_DEADLINE_MISSED","risk_proof_id;pl_detector_certificate_id;protection_level_m",8286902342169274445,82,3242670430760300746,9056656343633310150,13276243065478317808,"dual_channel_v1;all_in_graph_residual_diagnostic",0,0,1,1,227977584391,4050000000,50000000,223967050762,1,1,0,0,"data is stale by the sensor timestamp","EXECUTED",""
uwb-imu-pl/gate-d-diagnostics/v16,83,4150000000,83,83,83,54,1,83,4150000000,"73002;74001;74002;75001;75002;76001;76002;77001;77002;78001;78002;79001;79002;80001;80002;81001;81002;82001;82002;83000;83001;83002",82,83,0.049999999999999822,0,11,0,54,83,1726,82,446200,74,96,177056,"new frozen transaction/version",0.12500909800068291,inf,3.0000000000000004e-05,9.9999999999999995e-08,0,0,0,9.9000000000000001e-06,4.0000000000000003e-05,4.0000000000000003e-05,nan,nan,nan,0,0,0,0,0,"complete risk ledger unavailable before selection closure","COMPLETE",624,0,0,0,0,0,0,61104,504,60,60,30240,30240,2,1,1,1,1,0,1,1,2,1,1,0,3,3,61104,0,0,61104,0,4,1,0,0,0,0,0,0,0,1,1,0,inf,0,"NUMERICAL_CERTIFICATE_UNRESOLVED","NUMERICAL_CERTIFICATE_UNRESOLVED;UNKNOWN_TEXT","POST_FDE_DETECTOR_AND_PL;ATOMIC_CERTIFIED_PUBLISH",0,0,inf,0,"","","",0,1,"REFUSED","no publication certificate was issued for this attempt; missing identity: risk_proof_id;pl_detector_certificate_id;protection_level_m","FDE_EVALUATING","UNAVAILABLE","UNAVAILABLE -> UNAVAILABLE",1,0,1,"FINISH_DEADLINE_MISSED","risk_proof_id;pl_detector_certificate_id;protection_level_m",10122219561365392919,83,8168189803810952584,9056656343633310150,13276243065478317808,"dual_channel_v1;all_in_graph_residual_diagnostic",0,0,1,1,231388919008,4100000000,50000000,227328385379,1,1,0,0,"data is stale by the sensor timestamp","EXECUTED",""
uwb-imu-pl/gate-d-diagnostics/v16,84,4200000000,84,84,84,55,1,84,4200000000,"74002;75001;75002;76001;76002;77001;77002;78001;78002;79001;79002;80001;80002;81001;81002;82001;82002;83001;83002;84000;84001;84002",83,84,0.049999999999999822,0,11,0,55,84,1748,83,446298,74,96,177056,"new frozen transaction/version",0.12230349145321247,inf,3.0000000000000004e-05,9.9999999999999995e-08,0,0,0,9.9000000000000001e-06,4.0000000000000003e-05,4.0000000000000003e-05,nan,nan,nan,0,0,0,0,0,"complete risk ledger unavailable before selection closure","COMPLETE",624,0,0,0,0,0,0,61104,504,60,60,30240,30240,2,1,1,1,1,0,1,1,2,1,1,0,4,3,61104,0,0,61104,0,4,1,0,0,0,0,0,0,0,1,1,0,inf,0,"NUMERICAL_CERTIFICATE_UNRESOLVED","NUMERICAL_CERTIFICATE_UNRESOLVED;UNKNOWN_TEXT","POST_FDE_DETECTOR_AND_PL;ATOMIC_CERTIFIED_PUBLISH",0,0,inf,0,"","","",0,1,"REFUSED","no publication certificate was issued for this attempt; missing identity: risk_proof_id;pl_detector_certificate_id;protection_level_m","FDE_EVALUATING","UNAVAILABLE","UNAVAILABLE -> UNAVAILABLE",1,0,1,"FINISH_DEADLINE_MISSED","risk_proof_id;pl_detector_certificate_id;protection_level_m",4160149458989720989,84,4474882905075708570,9056656343633310150,13276243065478317808,"dual_channel_v1;all_in_graph_residual_diagnostic",0,0,1,1,234823079480,4150000000,50000000,230712545851,1,1,0,0,"data is stale by the sensor timestamp","EXECUTED",""
uwb-imu-pl/gate-d-diagnostics/v16,85,4250000000,85,85,85,56,1,85,4250000000,"75002;76001;76002;77001;77002;78001;78002;79001;79002;80001;80002;81001;81002;82001;82002;83001;83002;84001;84002;85000;85001;85002",84,85,0.049999999999999822,0,11,0,56,85,1770,84,446396,74,96,177056,"new frozen transaction/version",0.056972345731111117,inf,3.0000000000000004e-05,9.9999999999999995e-08,0,0,0,9.9000000000000001e-06,4.0000000000000003e-05,4.0000000000000003e-05,nan,nan,nan,0,0,0,0,0,"complete risk ledger unavailable before selection closure","COMPLETE",624,0,0,0,0,0,0,61104,504,60,60,30240,30240,2,1,1,1,1,0,1,1,2,1,1,0,4,3,61104,0,0,61104,0,4,1,0,0,0,0,0,0,0,1,1,0,inf,0,"NUMERICAL_CERTIFICATE_UNRESOLVED","NUMERICAL_CERTIFICATE_UNRESOLVED;UNKNOWN_TEXT","POST_FDE_DETECTOR_AND_PL;ATOMIC_CERTIFIED_PUBLISH",0,0,inf,0,"","","",0,1,"REFUSED","no publication certificate was issued for this attempt; missing identity: risk_proof_id;pl_detector_certificate_id;protection_level_m","FDE_EVALUATING","UNAVAILABLE","UNAVAILABLE -> UNAVAILABLE",1,0,1,"FINISH_DEADLINE_MISSED","risk_proof_id;pl_detector_certificate_id;protection_level_m",6662932770263279691,85,14268846859807606453,9056656343633310150,13276243065478317808,"dual_channel_v1;all_in_graph_residual_diagnostic",0,0,1,1,238236044329,4200000000,50000000,234075510700,1,1,0,0,"data is stale by the sensor timestamp","EXECUTED",""
uwb-imu-pl/gate-d-diagnostics/v16,86,4300000000,86,86,86,57,1,86,4300000000,"76002;77001;77002;78001;78002;79001;79002;80001;80002;81001;81002;82001;82002;83001;83002;84001;84002;85001;85002;86000;86001;86002",85,86,0.050000000000000711,0,11,0,57,86,1792,85,446494,74,96,177056,"new frozen transaction/version",0.078002787493556852,inf,3.0000000000000004e-05,9.9999999999999995e-08,0,0,0,9.9000000000000001e-06,4.0000000000000003e-05,4.0000000000000003e-05,nan,nan,nan,0,0,0,0,0,"complete risk ledger unavailable before selection closure","COMPLETE",624,0,0,0,0,0,0,61104,504,60,60,30240,30240,2,1,1,1,1,0,1,1,2,1,1,0,4,3,61104,0,0,61104,0,4,1,0,0,0,0,0,0,0,1,1,0,inf,0,"NUMERICAL_CERTIFICATE_UNRESOLVED","NUMERICAL_CERTIFICATE_UNRESOLVED;UNKNOWN_TEXT","POST_FDE_DETECTOR_AND_PL;ATOMIC_CERTIFIED_PUBLISH",0,0,inf,0,"","","",0,1,"REFUSED","no publication certificate was issued for this attempt; missing identity: risk_proof_id;pl_detector_certificate_id;protection_level_m","FDE_EVALUATING","UNAVAILABLE","UNAVAILABLE -> UNAVAILABLE",1,0,1,"FINISH_DEADLINE_MISSED","risk_proof_id;pl_detector_certificate_id;protection_level_m",5112007677126374629,86,8240242085133318790,9056656343633310150,13276243065478317808,"dual_channel_v1;all_in_graph_residual_diagnostic",0,0,1,1,241640249358,4250000000,50000000,237429715729,1,1,0,0,"data is stale by the sensor timestamp","EXECUTED",""
uwb-imu-pl/gate-d-diagnostics/v16,87,4350000000,87,87,87,58,1,87,4350000000,"77002;78001;78002;79001;79002;80001;80002;81001;81002;82001;82002;83001;83002;84001;84002;85001;85002;86001;86002;87000;87001;87002",86,87,0.049999999999999822,0,11,0,58,87,1814,86,446592,74,96,177056,"new frozen transaction/version",0.085719867933171517,inf,3.0000000000000004e-05,9.9999999999999995e-08,0,0,0,9.9000000000000001e-06,4.0000000000000003e-05,4.0000000000000003e-05,nan,nan,nan,0,0,0,0,0,"complete risk ledger unavailable before selection closure","COMPLETE",624,0,0,0,0,0,0,61104,504,60,60,30240,30240,2,1,1,1,1,0,1,1,2,1,1,0,4,3,61104,0,0,61104,0,4,1,0,0,0,0,0,0,0,1,1,0,inf,0,"NUMERICAL_CERTIFICATE_UNRESOLVED","NUMERICAL_CERTIFICATE_UNRESOLVED;UNKNOWN_TEXT","POST_FDE_DETECTOR_AND_PL;ATOMIC_CERTIFIED_PUBLISH",0,0,inf,0,"","","",0,1,"REFUSED","no publication certificate was issued for this attempt; missing identity: risk_proof_id;pl_detector_certificate_id;protection_level_m","FDE_EVALUATING","UNAVAILABLE","UNAVAILABLE -> UNAVAILABLE",1,0,1,"FINISH_DEADLINE_MISSED","risk_proof_id;pl_detector_certificate_id;protection_level_m",15177034737589813487,87,15243619045351714811,9056656343633310150,13276243065478317808,"dual_channel_v1;all_in_graph_residual_diagnostic",0,0,1,1,245059245658,4300000000,50000000,240798712029,1,1,0,0,"data is stale by the sensor timestamp","EXECUTED",""
uwb-imu-pl/gate-d-diagnostics/v16,88,4400000000,88,88,88,59,1,88,4400000000,"78002;79001;79002;80001;80002;81001;81002;82001;82002;83001;83002;84001;84002;85001;85002;86001;86002;87001;87002;88000;88001;88002",87,88,0.049999999999999822,0,11,0,59,88,1836,87,446690,74,96,177056,"new frozen transaction/version",0.094678971206023879,inf,3.0000000000000004e-05,9.9999999999999995e-08,0,0,0,9.9000000000000001e-06,4.0000000000000003e-05,4.0000000000000003e-05,nan,nan,nan,0,0,0,0,0,"complete risk ledger unavailable before selection closure","COMPLETE",624,0,0,0,0,0,0,61104,504,60,60,30240,30240,2,1,1,1,1,0,1,1,2,1,1,0,4,3,61104,0,0,61104,0,4,1,0,0,0,0,0,0,0,1,1,0,inf,0,"NUMERICAL_CERTIFICATE_UNRESOLVED","NUMERICAL_CERTIFICATE_UNRESOLVED;UNKNOWN_TEXT","POST_FDE_DETECTOR_AND_PL;ATOMIC_CERTIFIED_PUBLISH",0,0,inf,0,"","","",0,1,"REFUSED","no publication certificate was issued for this attempt; missing identity: risk_proof_id;pl_detector_certificate_id;protection_level_m","FDE_EVALUATING","UNAVAILABLE","UNAVAILABLE -> UNAVAILABLE",1,0,1,"FINISH_DEADLINE_MISSED","risk_proof_id;pl_detector_certificate_id;protection_level_m",15375657613014700517,88,11618688711708638066,9056656343633310150,13276243065478317808,"dual_channel_v1;all_in_graph_residual_diagnostic",0,0,1,1,248426817702,4350000000,50000000,244116284073,1,1,0,0,"data is stale by the sensor timestamp","EXECUTED",""
uwb-imu-pl/gate-d-diagnostics/v16,89,4450000000,89,89,89,60,1,89,4450000000,"79002;80001;80002;81001;81002;82001;82002;83001;83002;84001;84002;85001;85002;86001;86002;87001;87002;88001;88002;89000;89001;89002",88,89,0.049999999999999822,0,11,0,60,89,1858,88,446788,74,96,177056,"new frozen transaction/version",0.11462109489394821,inf,3.0000000000000004e-05,9.9999999999999995e-08,0,0,0,9.9000000000000001e-06,4.0000000000000003e-05,4.0000000000000003e-05,nan,nan,nan,0,0,0,0,0,"complete risk ledger unavailable before selection closure","COMPLETE",624,0,0,0,0,0,0,61104,504,60,60,30240,30240,2,1,1,1,1,0,1,1,2,1,1,0,4,3,61104,0,0,61104,0,4,1,0,0,0,0,0,0,0,1,1,0,inf,0,"NUMERICAL_CERTIFICATE_UNRESOLVED","NUMERICAL_CERTIFICATE_UNRESOLVED;UNKNOWN_TEXT","POST_FDE_DETECTOR_AND_PL;ATOMIC_CERTIFIED_PUBLISH",0,0,inf,0,"","","",0,1,"REFUSED","no publication certificate was issued for this attempt; missing identity: risk_proof_id;pl_detector_certificate_id;protection_level_m","FDE_EVALUATING","UNAVAILABLE","UNAVAILABLE -> UNAVAILABLE",1,0,1,"FINISH_DEADLINE_MISSED","risk_proof_id;pl_detector_certificate_id;protection_level_m",16403586752892334731,89,13936536881291457501,9056656343633310150,13276243065478317808,"dual_channel_v1;all_in_graph_residual_diagnostic",0,0,1,1,251713840051,4400000000,50000000,247353306422,1,1,0,0,"data is stale by the sensor timestamp","EXECUTED",""
uwb-imu-pl/gate-d-diagnostics/v16,90,4500000000,90,90,90,61,1,90,4500000000,"80002;81001;81002;82001;82002;83001;83002;84001;84002;85001;85002;86001;86002;87001;87002;88001;88002;89001;89002;90000;90001;90002",89,90,0.049999999999999822,0,11,0,61,90,1880,89,446886,74,96,177056,"new frozen transaction/version",0.027834597119789153,inf,3.0000000000000004e-05,9.9999999999999995e-08,0,0,0,9.9000000000000001e-06,4.0000000000000003e-05,4.0000000000000003e-05,nan,nan,nan,0,0,0,0,0,"complete risk ledger unavailable before selection closure","COMPLETE",624,0,0,0,0,0,0,61104,504,60,60,30240,30240,2,1,1,1,1,0,1,1,2,1,1,0,4,3,61104,0,0,61104,0,4,1,0,0,0,0,0,0,0,1,1,0,inf,0,"NUMERICAL_CERTIFICATE_UNRESOLVED","NUMERICAL_CERTIFICATE_UNRESOLVED;UNKNOWN_TEXT","POST_FDE_DETECTOR_AND_PL;ATOMIC_CERTIFIED_PUBLISH",0,0,inf,0,"","","",0,1,"REFUSED","no publication certificate was issued for this attempt; missing identity: risk_proof_id;pl_detector_certificate_id;protection_level_m","FDE_EVALUATING","UNAVAILABLE","UNAVAILABLE -> UNAVAILABLE",1,0,1,"FINISH_DEADLINE_MISSED","risk_proof_id;pl_detector_certificate_id;protection_level_m",7434473889557887735,90,1333418854111768910,9056656343633310150,13276243065478317808,"dual_channel_v1;all_in_graph_residual_diagnostic",0,0,1,1,254974965474,4450000000,50000000,250564431845,1,1,0,0,"data is stale by the sensor timestamp","EXECUTED",""
uwb-imu-pl/gate-d-diagnostics/v16,91,4550000000,91,91,91,62,1,91,4550000000,"81002;82001;82002;83001;83002;84001;84002;85001;85002;86001;86002;87001;87002;88001;88002;89001;89002;90001;90002;91000;91001;91002",90,91,0.050000000000000711,0,11,0,62,91,1902,90,446984,74,96,177056,"new frozen transaction/version",0.056641628333466393,inf,3.0000000000000004e-05,9.9999999999999995e-08,0,0,0,9.9000000000000001e-06,4.0000000000000003e-05,4.0000000000000003e-05,nan,nan,nan,0,0,0,0,0,"complete risk ledger unavailable before selection closure","COMPLETE",624,0,0,0,0,0,0,61104,504,60,60,30240,30240,2,1,1,1,1,0,1,1,2,1,1,0,4,3,61104,0,0,61104,0,4,1,0,0,0,0,0,0,0,1,1,0,inf,0,"NUMERICAL_CERTIFICATE_UNRESOLVED","NUMERICAL_CERTIFICATE_UNRESOLVED;UNKNOWN_TEXT","POST_FDE_DETECTOR_AND_PL;ATOMIC_CERTIFIED_PUBLISH",0,0,inf,0,"","","",0,1,"REFUSED","no publication certificate was issued for this attempt; missing identity: risk_proof_id;pl_detector_certificate_id;protection_level_m","FDE_EVALUATING","UNAVAILABLE","UNAVAILABLE -> UNAVAILABLE",1,0,1,"FINISH_DEADLINE_MISSED","risk_proof_id;pl_detector_certificate_id;protection_level_m",11528041967773544661,91,16120056994203380859,9056656343633310150,13276243065478317808,"dual_channel_v1;all_in_graph_residual_diagnostic",0,0,1,1,258172720826,4500000000,50000000,253712187197,1,1,0,0,"data is stale by the sensor timestamp","EXECUTED",""
uwb-imu-pl/gate-d-diagnostics/v16,92,4600000000,92,92,92,63,1,92,4600000000,"82002;83001;83002;84001;84002;85001;85002;86001;86002;87001;87002;88001;88002;89001;89002;90001;90002;91001;91002;92000;92001;92002",91,92,0.049999999999999822,0,11,0,63,92,1924,91,447082,74,96,177056,"new frozen transaction/version",0.051399182079072389,inf,3.0000000000000004e-05,9.9999999999999995e-08,0,0,0,9.9000000000000001e-06,4.0000000000000003e-05,4.0000000000000003e-05,nan,nan,nan,0,0,0,0,0,"complete risk ledger unavailable before selection closure","COMPLETE",624,0,0,0,0,0,0,61104,504,60,60,30240,30240,2,1,1,1,1,0,1,1,2,1,1,0,4,3,61104,0,0,61104,0,4,1,0,0,0,0,0,0,0,1,1,0,inf,0,"NUMERICAL_CERTIFICATE_UNRESOLVED","NUMERICAL_CERTIFICATE_UNRESOLVED;UNKNOWN_TEXT","POST_FDE_DETECTOR_AND_PL;ATOMIC_CERTIFIED_PUBLISH",0,0,inf,0,"","","",0,1,"REFUSED","no publication certificate was issued for this attempt; missing identity: risk_proof_id;pl_detector_certificate_id;protection_level_m","FDE_EVALUATING","UNAVAILABLE","UNAVAILABLE -> UNAVAILABLE",1,0,1,"FINISH_DEADLINE_MISSED","risk_proof_id;pl_detector_certificate_id;protection_level_m",7717734631273174239,92,6392255989398504872,9056656343633310150,13276243065478317808,"dual_channel_v1;all_in_graph_residual_diagnostic",0,0,1,1,261346305421,4550000000,50000000,256835771792,1,1,0,0,"data is stale by the sensor timestamp","EXECUTED",""
uwb-imu-pl/gate-d-diagnostics/v16,93,4650000000,93,93,93,64,1,93,4650000000,"83002;84001;84002;85001;85002;86001;86002;87001;87002;88001;88002;89001;89002;90001;90002;91001;91002;92001;92002;93000;93001;93002",92,93,0.049999999999999822,0,11,0,64,93,1946,92,447180,74,96,177056,"new frozen transaction/version",0.067949730981375203,inf,3.0000000000000004e-05,9.9999999999999995e-08,0,0,0,9.9000000000000001e-06,4.0000000000000003e-05,4.0000000000000003e-05,nan,nan,nan,0,0,0,0,0,"complete risk ledger unavailable before selection closure","COMPLETE",624,0,0,0,0,0,0,61104,504,60,60,30240,30240,2,1,1,1,1,0,1,1,2,1,1,0,4,3,61104,0,0,61104,0,4,1,0,0,0,0,0,0,0,1,1,0,inf,0,"NUMERICAL_CERTIFICATE_UNRESOLVED","NUMERICAL_CERTIFICATE_UNRESOLVED;UNKNOWN_TEXT","POST_FDE_DETECTOR_AND_PL;ATOMIC_CERTIFIED_PUBLISH",0,0,inf,0,"","","",0,1,"REFUSED","no publication certificate was issued for this attempt; missing identity: risk_proof_id;pl_detector_certificate_id;protection_level_m","FDE_EVALUATING","UNAVAILABLE","UNAVAILABLE -> UNAVAILABLE",1,0,1,"FINISH_DEADLINE_MISSED","risk_proof_id;pl_detector_certificate_id;protection_level_m",9795109577427057081,93,17065692713287016797,9056656343633310150,13276243065478317808,"dual_channel_v1;all_in_graph_residual_diagnostic",0,0,1,1,264499725249,4600000000,50000000,259939191620,1,1,0,0,"data is stale by the sensor timestamp","EXECUTED",""
uwb-imu-pl/gate-d-diagnostics/v16,94,4700000000,94,94,94,65,1,94,4700000000,"84002;85001;85002;86001;86002;87001;87002;88001;88002;89001;89002;90001;90002;91001;91002;92001;92002;93001;93002;94000;94001;94002",93,94,0.049999999999999822,0,11,0,65,94,1968,93,447278,74,96,177056,"new frozen transaction/version",0.059083494952087506,inf,3.0000000000000004e-05,9.9999999999999995e-08,0,0,0,9.9000000000000001e-06,4.0000000000000003e-05,4.0000000000000003e-05,nan,nan,nan,0,0,0,0,0,"complete risk ledger unavailable before selection closure","COMPLETE",624,0,0,0,0,0,0,61104,504,60,60,30240,30240,2,1,1,1,1,0,1,1,2,1,1,0,4,3,61104,0,0,61104,0,4,1,0,0,0,0,0,0,0,1,1,0,inf,0,"NUMERICAL_CERTIFICATE_UNRESOLVED","NUMERICAL_CERTIFICATE_UNRESOLVED;UNKNOWN_TEXT","POST_FDE_DETECTOR_AND_PL;ATOMIC_CERTIFIED_PUBLISH",0,0,inf,0,"","","",0,1,"REFUSED","no publication certificate was issued for this attempt; missing identity: risk_proof_id;pl_detector_certificate_id;protection_level_m","FDE_EVALUATING","UNAVAILABLE","UNAVAILABLE -> UNAVAILABLE",1,0,1,"FINISH_DEADLINE_MISSED","risk_proof_id;pl_detector_certificate_id;protection_level_m",11007872040716135255,94,17593759590380872814,9056656343633310150,13276243065478317808,"dual_channel_v1;all_in_graph_residual_diagnostic",0,0,1,1,267681394920,4650000000,50000000,263070861291,1,1,0,0,"data is stale by the sensor timestamp","EXECUTED",""
uwb-imu-pl/gate-d-diagnostics/v16,95,4750000000,95,95,95,66,1,95,4750000000,"85002;86001;86002;87001;87002;88001;88002;89001;89002;90001;90002;91001;91002;92001;92002;93001;93002;94001;94002;95000;95001;95002",94,95,0.049999999999999822,0,11,0,66,95,1990,94,447376,74,96,177056,"new frozen transaction/version",0.073283674076267818,inf,3.0000000000000004e-05,9.9999999999999995e-08,0,0,0,9.9000000000000001e-06,4.0000000000000003e-05,4.0000000000000003e-05,nan,nan,nan,0,0,0,0,0,"complete risk ledger unavailable before selection closure","COMPLETE",624,0,0,0,0,0,0,61104,504,60,60,30240,30240,2,1,1,1,1,0,1,1,2,1,1,0,4,3,61104,0,0,61104,0,4,1,0,0,0,0,0,0,0,1,1,0,inf,0,"NUMERICAL_CERTIFICATE_UNRESOLVED","NUMERICAL_CERTIFICATE_UNRESOLVED;UNKNOWN_TEXT","POST_FDE_DETECTOR_AND_PL;ATOMIC_CERTIFIED_PUBLISH",0,0,inf,0,"","","",0,1,"REFUSED","no publication certificate was issued for this attempt; missing identity: risk_proof_id;pl_detector_certificate_id;protection_level_m","FDE_EVALUATING","UNAVAILABLE","UNAVAILABLE -> UNAVAILABLE",1,0,1,"FINISH_DEADLINE_MISSED","risk_proof_id;pl_detector_certificate_id;protection_level_m",5005308655788125621,95,798760322506371680,9056656343633310150,13276243065478317808,"dual_channel_v1;all_in_graph_residual_diagnostic",0,0,1,1,270792507965,4700000000,50000000,266131974336,1,1,0,0,"data is stale by the sensor timestamp","EXECUTED",""
uwb-imu-pl/gate-d-diagnostics/v16,96,4800000000,96,96,96,67,1,96,4800000000,"86002;87001;87002;88001;88002;89001;89002;90001;90002;91001;91002;92001;92002;93001;93002;94001;94002;95001;95002;96000;96001;96002",95,96,0.050000000000000711,0,11,0,67,96,2012,95,447474,74,96,177056,"new frozen transaction/version",0.11147975112218778,inf,3.0000000000000004e-05,9.9999999999999995e-08,0,0,0,9.9000000000000001e-06,4.0000000000000003e-05,4.0000000000000003e-05,nan,nan,nan,0,0,0,0,0,"complete risk ledger unavailable before selection closure","COMPLETE",624,0,0,0,0,0,0,61104,504,60,60,30240,30240,2,1,1,1,1,0,1,1,2,1,1,0,4,3,61104,0,0,61104,0,4,1,0,0,0,0,0,0,0,1,1,0,inf,0,"NUMERICAL_CERTIFICATE_UNRESOLVED","NUMERICAL_CERTIFICATE_UNRESOLVED;UNKNOWN_TEXT","POST_FDE_DETECTOR_AND_PL;ATOMIC_CERTIFIED_PUBLISH",0,0,inf,0,"","","",0,1,"REFUSED","no publication certificate was issued for this attempt; missing identity: risk_proof_id;pl_detector_certificate_id;protection_level_m","FDE_EVALUATING","UNAVAILABLE","UNAVAILABLE -> UNAVAILABLE",1,0,1,"FINISH_DEADLINE_MISSED","risk_proof_id;pl_detector_certificate_id;protection_level_m",711677131508309487,96,10892830382654258528,9056656343633310150,13276243065478317808,"dual_channel_v1;all_in_graph_residual_diagnostic",0,0,1,1,273961398767,4750000000,50000000,269250865138,1,1,0,0,"data is stale by the sensor timestamp","EXECUTED",""
uwb-imu-pl/gate-d-diagnostics/v16,97,4850000000,97,97,97,68,1,97,4850000000,"87002;88001;88002;89001;89002;90001;90002;91001;91002;92001;92002;93001;93002;94001;94002;95001;95002;96001;96002;97000;97001;97002",96,97,0.049999999999999822,0,11,0,68,97,2034,96,447572,74,96,177056,"new frozen transaction/version",0.058604831653917756,inf,3.0000000000000004e-05,9.9999999999999995e-08,0,0,0,9.9000000000000001e-06,4.0000000000000003e-05,4.0000000000000003e-05,nan,nan,nan,0,0,0,0,0,"complete risk ledger unavailable before selection closure","COMPLETE",624,0,0,0,0,0,0,61104,504,60,60,30240,30240,2,1,1,1,1,0,1,1,2,1,1,0,4,3,61104,0,0,61104,0,4,1,0,0,0,0,0,0,0,1,1,0,inf,0,"NUMERICAL_CERTIFICATE_UNRESOLVED","NUMERICAL_CERTIFICATE_UNRESOLVED;UNKNOWN_TEXT","POST_FDE_DETECTOR_AND_PL;ATOMIC_CERTIFIED_PUBLISH",0,0,inf,0,"","","",0,1,"REFUSED","no publication certificate was issued for this attempt; missing identity: risk_proof_id;pl_detector_certificate_id;protection_level_m","FDE_EVALUATING","UNAVAILABLE","UNAVAILABLE -> UNAVAILABLE",1,0,1,"FINISH_DEADLINE_MISSED","risk_proof_id;pl_detector_certificate_id;protection_level_m",464141877526707585,97,3627531055825514929,9056656343633310150,13276243065478317808,"dual_channel_v1;all_in_graph_residual_diagnostic",0,0,1,1,277114607299,4800000000,50000000,272354073670,1,1,0,0,"data is stale by the sensor timestamp","EXECUTED",""
uwb-imu-pl/gate-d-diagnostics/v16,98,4900000000,98,98,98,69,1,98,4900000000,"88002;89001;89002;90001;90002;91001;91002;92001;92002;93001;93002;94001;94002;95001;95002;96001;96002;97001;97002;98000;98001;98002",97,98,0.049999999999999822,0,11,0,69,98,2056,97,447670,74,96,177056,"new frozen transaction/version",0.087110374058695525,inf,3.0000000000000004e-05,9.9999999999999995e-08,0,0,0,9.9000000000000001e-06,4.0000000000000003e-05,4.0000000000000003e-05,nan,nan,nan,0,0,0,0,0,"complete risk ledger unavailable before selection closure","COMPLETE",624,0,0,0,0,0,0,61104,504,60,60,30240,30240,2,1,1,1,1,0,1,1,2,1,1,0,4,3,61104,0,0,61104,0,4,1,0,0,0,0,0,0,0,1,1,0,inf,0,"NUMERICAL_CERTIFICATE_UNRESOLVED","NUMERICAL_CERTIFICATE_UNRESOLVED;UNKNOWN_TEXT","POST_FDE_DETECTOR_AND_PL;ATOMIC_CERTIFIED_PUBLISH",0,0,inf,0,"","","",0,1,"REFUSED","no publication certificate was issued for this attempt; missing identity: risk_proof_id;pl_detector_certificate_id;protection_level_m","FDE_EVALUATING","UNAVAILABLE","UNAVAILABLE -> UNAVAILABLE",1,0,1,"FINISH_DEADLINE_MISSED","risk_proof_id;pl_detector_certificate_id;protection_level_m",8910267223141077175,98,16853175474697843408,9056656343633310150,13276243065478317808,"dual_channel_v1;all_in_graph_residual_diagnostic",0,0,1,1,280273388165,4850000000,50000000,275462854536,1,1,0,0,"data is stale by the sensor timestamp","EXECUTED",""
uwb-imu-pl/gate-d-diagnostics/v16,99,4950000000,99,99,99,70,1,99,4950000000,"89002;90001;90002;91001;91002;92001;92002;93001;93002;94001;94002;95001;95002;96001;96002;97001;97002;98001;98002;99000;99001;99002",98,99,0.049999999999999822,0,11,0,70,99,2078,98,447768,74,96,177056,"new frozen transaction/version",0.078638567456599084,inf,3.0000000000000004e-05,9.9999999999999995e-08,0,0,0,9.9000000000000001e-06,4.0000000000000003e-05,4.0000000000000003e-05,nan,nan,nan,0,0,0,0,0,"complete risk ledger unavailable before selection closure","COMPLETE",624,0,0,0,0,0,0,61104,504,60,60,30240,30240,2,1,1,1,1,0,1,1,2,1,1,0,4,3,61104,0,0,61104,0,4,1,0,0,0,0,0,0,0,1,1,0,inf,0,"NUMERICAL_CERTIFICATE_UNRESOLVED","NUMERICAL_CERTIFICATE_UNRESOLVED;UNKNOWN_TEXT","POST_FDE_DETECTOR_AND_PL;ATOMIC_CERTIFIED_PUBLISH",0,0,inf,0,"","","",0,1,"REFUSED","no publication certificate was issued for this attempt; missing identity: risk_proof_id;pl_detector_certificate_id;protection_level_m","FDE_EVALUATING","UNAVAILABLE","UNAVAILABLE -> UNAVAILABLE",1,0,1,"FINISH_DEADLINE_MISSED","risk_proof_id;pl_detector_certificate_id;protection_level_m",9310762851753285733,99,16493695101491340760,9056656343633310150,13276243065478317808,"dual_channel_v1;all_in_graph_residual_diagnostic",0,0,1,1,283377301821,4900000000,50000000,278516768192,1,1,0,0,"data is stale by the sensor timestamp","EXECUTED",""
uwb-imu-pl/gate-d-diagnostics/v16,100,5000000000,100,100,100,71,1,100,5000000000,"90002;91001;91002;92001;92002;93001;93002;94001;94002;95001;95002;96001;96002;97001;97002;98001;98002;99001;99002;100000;100001;100002",99,100,0.049999999999999822,0,11,0,71,100,2100,99,447866,74,96,177056,"new frozen transaction/version",0.085118346375538681,inf,3.0000000000000004e-05,9.9999999999999995e-08,0,0,0,9.9000000000000001e-06,4.0000000000000003e-05,4.0000000000000003e-05,nan,nan,nan,0,0,0,0,0,"complete risk ledger unavailable before selection closure","COMPLETE",624,0,0,0,0,0,0,61104,504,60,60,30240,30240,2,1,1,1,1,0,1,1,2,1,1,0,4,3,61104,0,0,61104,0,4,1,0,0,0,0,0,0,0,1,1,0,inf,0,"NUMERICAL_CERTIFICATE_UNRESOLVED","NUMERICAL_CERTIFICATE_UNRESOLVED;UNKNOWN_TEXT","POST_FDE_DETECTOR_AND_PL;ATOMIC_CERTIFIED_PUBLISH",0,0,inf,0,"","","",0,1,"REFUSED","no publication certificate was issued for this attempt; missing identity: risk_proof_id;pl_detector_certificate_id;protection_level_m","FDE_EVALUATING","UNAVAILABLE","UNAVAILABLE -> UNAVAILABLE",1,0,1,"FINISH_DEADLINE_MISSED","risk_proof_id;pl_detector_certificate_id;protection_level_m",9459640037950465777,100,15223416300536306967,9056656343633310150,13276243065478317808,"dual_channel_v1;all_in_graph_residual_diagnostic",0,0,1,1,286461778828,4950000000,50000000,281551245199,1,1,0,0,"data is stale by the sensor timestamp","EXECUTED",""
uwb-imu-pl/gate-d-diagnostics/v16,101,5050000000,101,101,101,72,1,101,5050000000,"91002;92001;92002;93001;93002;94001;94002;95001;95002;96001;96002;97001;97002;98001;98002;99001;99002;100001;100002;101000;101001;101002",100,101,0.050000000000000711,0,11,0,72,101,2122,100,447964,74,96,177056,"new frozen transaction/version",0.060781014509072182,inf,3.0000000000000004e-05,9.9999999999999995e-08,0,0,0,9.9000000000000001e-06,4.0000000000000003e-05,4.0000000000000003e-05,nan,nan,nan,0,0,0,0,0,"complete risk ledger unavailable before selection closure","COMPLETE",624,0,0,0,0,0,0,61104,504,60,60,30240,30240,2,1,1,1,1,0,1,1,2,1,1,0,4,3,61104,0,0,61104,0,4,1,0,0,0,0,0,0,0,1,1,0,inf,0,"NUMERICAL_CERTIFICATE_UNRESOLVED","NUMERICAL_CERTIFICATE_UNRESOLVED;UNKNOWN_TEXT","POST_FDE_DETECTOR_AND_PL;ATOMIC_CERTIFIED_PUBLISH",0,0,inf,0,"","","",0,1,"REFUSED","no publication certificate was issued for this attempt; missing identity: risk_proof_id;pl_detector_certificate_id;protection_level_m","FDE_EVALUATING","UNAVAILABLE","UNAVAILABLE -> UNAVAILABLE",1,0,1,"FINISH_DEADLINE_MISSED","risk_proof_id;pl_detector_certificate_id;protection_level_m",16193078505923633525,101,18155884289727152832,9056656343633310150,13276243065478317808,"dual_channel_v1;all_in_graph_residual_diagnostic",0,0,1,1,289584200907,5000000000,50000000,284623667278,1,1,0,0,"data is stale by the sensor timestamp","EXECUTED",""
uwb-imu-pl/gate-d-diagnostics/v16,102,5100000000,102,102,102,73,1,102,5100000000,"92002;93001;93002;94001;94002;95001;95002;96001;96002;97001;97002;98001;98002;99001;99002;100001;100002;101001;101002;102000;102001;102002",101,102,0.049999999999999822,0,11,0,73,102,2144,101,448062,74,96,177056,"new frozen transaction/version",0.071381110050574154,inf,3.0000000000000004e-05,9.9999999999999995e-08,0,0,0,9.9000000000000001e-06,4.0000000000000003e-05,4.0000000000000003e-05,nan,nan,nan,0,0,0,0,0,"complete risk ledger unavailable before selection closure","COMPLETE",624,0,0,0,0,0,0,61104,504,60,60,30240,30240,2,1,1,1,1,0,1,1,2,1,1,0,4,3,61104,0,0,61104,0,4,1,0,0,0,0,0,0,0,1,1,0,inf,0,"NUMERICAL_CERTIFICATE_UNRESOLVED","NUMERICAL_CERTIFICATE_UNRESOLVED;UNKNOWN_TEXT","POST_FDE_DETECTOR_AND_PL;ATOMIC_CERTIFIED_PUBLISH",0,0,inf,0,"","","",0,1,"REFUSED","no publication certificate was issued for this attempt; missing identity: risk_proof_id;pl_detector_certificate_id;protection_level_m","FDE_EVALUATING","UNAVAILABLE","UNAVAILABLE -> UNAVAILABLE",1,0,1,"FINISH_DEADLINE_MISSED","risk_proof_id;pl_detector_certificate_id;protection_level_m",17886478632384234161,102,9824515189472229875,9056656343633310150,13276243065478317808,"dual_channel_v1;all_in_graph_residual_diagnostic",0,0,1,1,292719318002,5050000000,50000000,287708784373,1,1,0,0,"data is stale by the sensor timestamp","EXECUTED",""
uwb-imu-pl/gate-d-diagnostics/v16,103,5150000000,103,103,103,74,1,103,5150000000,"93002;94001;94002;95001;95002;96001;96002;97001;97002;98001;98002;99001;99002;100001;100002;101001;101002;102001;102002;103000;103001;103002",102,103,0.049999999999999822,0,11,0,74,103,2166,102,448160,74,96,177056,"new frozen transaction/version",0.083044856268233713,inf,3.0000000000000004e-05,9.9999999999999995e-08,0,0,0,9.9000000000000001e-06,4.0000000000000003e-05,4.0000000000000003e-05,nan,nan,nan,0,0,0,0,0,"complete risk ledger unavailable before selection closure","COMPLETE",624,0,0,0,0,0,0,61104,504,60,60,30240,30240,2,1,1,1,1,0,1,1,2,1,1,0,4,3,61104,0,0,61104,0,4,1,0,0,0,0,0,0,0,1,1,0,inf,0,"NUMERICAL_CERTIFICATE_UNRESOLVED","NUMERICAL_CERTIFICATE_UNRESOLVED;UNKNOWN_TEXT","POST_FDE_DETECTOR_AND_PL;ATOMIC_CERTIFIED_PUBLISH",0,0,inf,0,"","","",0,1,"REFUSED","no publication certificate was issued for this attempt; missing identity: risk_proof_id;pl_detector_certificate_id;protection_level_m","FDE_EVALUATING","UNAVAILABLE","UNAVAILABLE -> UNAVAILABLE",1,0,1,"FINISH_DEADLINE_MISSED","risk_proof_id;pl_detector_certificate_id;protection_level_m",10100770839021191381,103,193944887777411164,9056656343633310150,13276243065478317808,"dual_channel_v1;all_in_graph_residual_diagnostic",0,0,1,1,295893403032,5100000000,50000000,290832869403,1,1,0,0,"data is stale by the sensor timestamp","EXECUTED",""
uwb-imu-pl/gate-d-diagnostics/v16,104,5200000000,104,104,104,75,1,104,5200000000,"94002;95001;95002;96001;96002;97001;97002;98001;98002;99001;99002;100001;100002;101001;101002;102001;102002;103001;103002;104000;104001;104002",103,104,0.049999999999999822,0,11,0,75,104,2188,103,448258,74,96,177056,"new frozen transaction/version",0.099922877382356654,inf,3.0000000000000004e-05,9.9999999999999995e-08,0,0,0,9.9000000000000001e-06,4.0000000000000003e-05,4.0000000000000003e-05,nan,nan,nan,0,0,0,0,0,"complete risk ledger unavailable before selection closure","COMPLETE",624,0,0,0,0,0,0,61104,504,60,60,30240,30240,2,1,1,1,1,0,1,1,2,1,1,0,4,3,61104,0,0,61104,0,4,1,0,0,0,0,0,0,0,1,1,0,inf,0,"NUMERICAL_CERTIFICATE_UNRESOLVED","NUMERICAL_CERTIFICATE_UNRESOLVED;UNKNOWN_TEXT","POST_FDE_DETECTOR_AND_PL;ATOMIC_CERTIFIED_PUBLISH",0,0,inf,0,"","","",0,1,"REFUSED","no publication certificate was issued for this attempt; missing identity: risk_proof_id;pl_detector_certificate_id;protection_level_m","FDE_EVALUATING","UNAVAILABLE","UNAVAILABLE -> UNAVAILABLE",1,0,1,"FINISH_DEADLINE_MISSED","risk_proof_id;pl_detector_certificate_id;protection_level_m",17873007833777446713,104,13635518391340320178,9056656343633310150,13276243065478317808,"dual_channel_v1;all_in_graph_residual_diagnostic",0,0,1,1,299138665607,5150000000,50000000,294028131978,1,1,0,0,"data is stale by the sensor timestamp","EXECUTED",""
uwb-imu-pl/gate-d-diagnostics/v16,105,5250000000,105,105,105,76,1,105,5250000000,"95002;96001;96002;97001;97002;98001;98002;99001;99002;100001;100002;101001;101002;102001;102002;103001;103002;104001;104002;105000;105001;105002",104,105,0.049999999999999822,0,11,0,76,105,2210,104,448356,74,96,177056,"new frozen transaction/version",0.063045160604457473,inf,3.0000000000000004e-05,9.9999999999999995e-08,0,0,0,9.9000000000000001e-06,4.0000000000000003e-05,4.0000000000000003e-05,nan,nan,nan,0,0,0,0,0,"complete risk ledger unavailable before selection closure","COMPLETE",624,0,0,0,0,0,0,61104,504,60,60,30240,30240,2,1,1,1,1,0,1,1,2,1,1,0,4,3,61104,0,0,61104,0,4,1,0,0,0,0,0,0,0,1,1,0,inf,0,"NUMERICAL_CERTIFICATE_UNRESOLVED","NUMERICAL_CERTIFICATE_UNRESOLVED;UNKNOWN_TEXT","POST_FDE_DETECTOR_AND_PL;ATOMIC_CERTIFIED_PUBLISH",0,0,inf,0,"","","",0,1,"REFUSED","no publication certificate was issued for this attempt; missing identity: risk_proof_id;pl_detector_certificate_id;protection_level_m","FDE_EVALUATING","UNAVAILABLE","UNAVAILABLE -> UNAVAILABLE",1,0,1,"FINISH_DEADLINE_MISSED","risk_proof_id;pl_detector_certificate_id;protection_level_m",4443106187501582437,105,6082948039062011296,9056656343633310150,13276243065478317808,"dual_channel_v1;all_in_graph_residual_diagnostic",0,0,1,1,302430947669,5200000000,50000000,297270414040,1,1,0,0,"data is stale by the sensor timestamp","EXECUTED",""
uwb-imu-pl/gate-d-diagnostics/v16,106,5300000000,106,106,106,77,1,106,5300000000,"96002;97001;97002;98001;98002;99001;99002;100001;100002;101001;101002;102001;102002;103001;103002;104001;104002;105001;105002;106000;106001;106002",105,106,0.050000000000000711,0,11,0,77,106,2232,105,448454,74,96,177056,"new frozen transaction/version",0.10065949867901669,inf,3.0000000000000004e-05,9.9999999999999995e-08,0,0,0,9.9000000000000001e-06,4.0000000000000003e-05,4.0000000000000003e-05,nan,nan,nan,0,0,0,0,0,"complete risk ledger unavailable before selection closure","COMPLETE",624,0,0,0,0,0,0,61104,504,60,60,30240,30240,2,1,1,1,1,0,1,1,2,1,1,0,4,3,61104,0,0,61104,0,4,1,0,0,0,0,0,0,0,1,1,0,inf,0,"NUMERICAL_CERTIFICATE_UNRESOLVED","NUMERICAL_CERTIFICATE_UNRESOLVED;UNKNOWN_TEXT","POST_FDE_DETECTOR_AND_PL;ATOMIC_CERTIFIED_PUBLISH",0,0,inf,0,"","","",0,1,"REFUSED","no publication certificate was issued for this attempt; missing identity: risk_proof_id;pl_detector_certificate_id;protection_level_m","FDE_EVALUATING","UNAVAILABLE","UNAVAILABLE -> UNAVAILABLE",1,0,1,"FINISH_DEADLINE_MISSED","risk_proof_id;pl_detector_certificate_id;protection_level_m",814179255671069673,106,12128944839986017111,9056656343633310150,13276243065478317808,"dual_channel_v1;all_in_graph_residual_diagnostic",0,0,1,1,305772237775,5250000000,50000000,300561704146,1,1,0,0,"data is stale by the sensor timestamp","EXECUTED",""
uwb-imu-pl/gate-d-diagnostics/v16,107,5350000000,107,107,107,78,1,107,5350000000,"97002;98001;98002;99001;99002;100001;100002;101001;101002;102001;102002;103001;103002;104001;104002;105001;105002;106001;106002;107000;107001;107002",106,107,0.049999999999999822,0,11,0,78,107,2254,106,448552,74,96,177056,"new frozen transaction/version",0.11347715827034342,inf,3.0000000000000004e-05,9.9999999999999995e-08,0,0,0,9.9000000000000001e-06,4.0000000000000003e-05,4.0000000000000003e-05,nan,nan,nan,0,0,0,0,0,"complete risk ledger unavailable before selection closure","COMPLETE",624,0,0,0,0,0,0,61104,504,60,60,30240,30240,2,1,1,1,1,0,1,1,2,1,1,0,4,3,61104,0,0,61104,0,4,1,0,0,0,0,0,0,0,1,1,0,inf,0,"NUMERICAL_CERTIFICATE_UNRESOLVED","NUMERICAL_CERTIFICATE_UNRESOLVED;UNKNOWN_TEXT","POST_FDE_DETECTOR_AND_PL;ATOMIC_CERTIFIED_PUBLISH",0,0,inf,0,"","","",0,1,"REFUSED","no publication certificate was issued for this attempt; missing identity: risk_proof_id;pl_detector_certificate_id;protection_level_m","FDE_EVALUATING","UNAVAILABLE","UNAVAILABLE -> UNAVAILABLE",1,0,1,"FINISH_DEADLINE_MISSED","risk_proof_id;pl_detector_certificate_id;protection_level_m",94742404330943717,107,10634838336986369376,9056656343633310150,13276243065478317808,"dual_channel_v1;all_in_graph_residual_diagnostic",0,0,1,1,309133887204,5300000000,50000000,303873353575,1,1,0,0,"data is stale by the sensor timestamp","EXECUTED",""
uwb-imu-pl/gate-d-diagnostics/v16,108,5400000000,108,108,108,79,1,108,5400000000,"98002;99001;99002;100001;100002;101001;101002;102001;102002;103001;103002;104001;104002;105001;105002;106001;106002;107001;107002;108000;108001;108002",107,108,0.049999999999999822,0,11,0,79,108,2276,107,448650,74,96,177056,"new frozen transaction/version",0.049438896523949387,inf,3.0000000000000004e-05,9.9999999999999995e-08,0,0,0,9.9000000000000001e-06,4.0000000000000003e-05,4.0000000000000003e-05,nan,nan,nan,0,0,0,0,0,"complete risk ledger unavailable before selection closure","COMPLETE",624,0,0,0,0,0,0,61104,504,60,60,30240,30240,2,1,1,1,1,0,1,1,2,1,1,0,4,3,61104,0,0,61104,0,4,1,0,0,0,0,0,0,0,1,1,0,inf,0,"NUMERICAL_CERTIFICATE_UNRESOLVED","NUMERICAL_CERTIFICATE_UNRESOLVED;UNKNOWN_TEXT","POST_FDE_DETECTOR_AND_PL;ATOMIC_CERTIFIED_PUBLISH",0,0,inf,0,"","","",0,1,"REFUSED","no publication certificate was issued for this attempt; missing identity: risk_proof_id;pl_detector_certificate_id;protection_level_m","FDE_EVALUATING","UNAVAILABLE","UNAVAILABLE -> UNAVAILABLE",1,0,1,"FINISH_DEADLINE_MISSED","risk_proof_id;pl_detector_certificate_id;protection_level_m",7883934216074792929,108,6979289571119125915,9056656343633310150,13276243065478317808,"dual_channel_v1;all_in_graph_residual_diagnostic",0,0,1,1,312521821632,5350000000,50000000,307211288003,1,1,0,0,"data is stale by the sensor timestamp","EXECUTED",""
uwb-imu-pl/gate-d-diagnostics/v16,109,5450000000,109,109,109,80,1,109,5450000000,"99002;100001;100002;101001;101002;102001;102002;103001;103002;104001;104002;105001;105002;106001;106002;107001;107002;108001;108002;109000;109001;109002",108,109,0.049999999999999822,0,11,0,80,109,2298,108,448748,74,96,177056,"new frozen transaction/version",0.05535451521674787,inf,3.0000000000000004e-05,9.9999999999999995e-08,0,0,0,9.9000000000000001e-06,4.0000000000000003e-05,4.0000000000000003e-05,nan,nan,nan,0,0,0,0,0,"complete risk ledger unavailable before selection closure","COMPLETE",624,0,0,0,0,0,0,61104,504,60,60,30240,30240,2,1,1,1,1,0,1,1,2,1,1,0,4,3,61104,0,0,61104,0,4,1,0,0,0,0,0,0,0,1,1,0,inf,0,"NUMERICAL_CERTIFICATE_UNRESOLVED","NUMERICAL_CERTIFICATE_UNRESOLVED;UNKNOWN_TEXT","POST_FDE_DETECTOR_AND_PL;ATOMIC_CERTIFIED_PUBLISH",0,0,inf,0,"","","",0,1,"REFUSED","no publication certificate was issued for this attempt; missing identity: risk_proof_id;pl_detector_certificate_id;protection_level_m","FDE_EVALUATING","UNAVAILABLE","UNAVAILABLE -> UNAVAILABLE",1,0,1,"FINISH_DEADLINE_MISSED","risk_proof_id;pl_detector_certificate_id;protection_level_m",255835206172489557,109,5706417791636851974,9056656343633310150,13276243065478317808,"dual_channel_v1;all_in_graph_residual_diagnostic",0,0,1,1,315972706852,5400000000,50000000,310612173223,1,1,0,0,"data is stale by the sensor timestamp","EXECUTED",""
uwb-imu-pl/gate-d-diagnostics/v16,110,5500000000,110,110,110,81,1,110,5500000000,"100002;101001;101002;102001;102002;103001;103002;104001;104002;105001;105002;106001;106002;107001;107002;108001;108002;109001;109002;110000;110001;110002",109,110,0.049999999999999822,0,11,0,81,110,2320,109,448846,74,96,177056,"new frozen transaction/version",0.031369715825631292,inf,3.0000000000000004e-05,9.9999999999999995e-08,0,0,0,9.9000000000000001e-06,4.0000000000000003e-05,4.0000000000000003e-05,nan,nan,nan,0,0,0,0,0,"complete risk ledger unavailable before selection closure","COMPLETE",624,0,0,0,0,0,0,61104,504,60,60,30240,30240,2,1,1,1,1,0,1,1,2,1,1,0,4,3,61104,0,0,61104,0,4,1,0,0,0,0,0,0,0,1,1,0,inf,0,"NUMERICAL_CERTIFICATE_UNRESOLVED","NUMERICAL_CERTIFICATE_UNRESOLVED;UNKNOWN_TEXT","POST_FDE_DETECTOR_AND_PL;ATOMIC_CERTIFIED_PUBLISH",0,0,inf,0,"","","",0,1,"REFUSED","no publication certificate was issued for this attempt; missing identity: risk_proof_id;pl_detector_certificate_id;protection_level_m","FDE_EVALUATING","UNAVAILABLE","UNAVAILABLE -> UNAVAILABLE",1,0,1,"FINISH_DEADLINE_MISSED","risk_proof_id;pl_detector_certificate_id;protection_level_m",7497046384455551641,110,7231303019545730845,9056656343633310150,13276243065478317808,"dual_channel_v1;all_in_graph_residual_diagnostic",0,0,1,1,319405901995,5450000000,50000000,313995368366,1,1,0,0,"data is stale by the sensor timestamp","EXECUTED",""
uwb-imu-pl/gate-d-diagnostics/v16,111,5550000000,111,111,111,82,1,111,5550000000,"101002;102001;102002;103001;103002;104001;104002;105001;105002;106001;106002;107001;107002;108001;108002;109001;109002;110001;110002;111000;111001;111002",110,111,0.050000000000000711,0,11,0,82,111,2342,110,448944,74,96,177056,"new frozen transaction/version",0.023574277195829659,inf,3.0000000000000004e-05,9.9999999999999995e-08,0,0,0,9.9000000000000001e-06,4.0000000000000003e-05,4.0000000000000003e-05,nan,nan,nan,0,0,0,0,0,"complete risk ledger unavailable before selection closure","COMPLETE",624,0,0,0,0,0,0,61104,504,60,60,30240,30240,2,1,1,1,1,0,1,1,2,1,1,0,4,3,61104,0,0,61104,0,4,1,0,0,0,0,0,0,0,1,1,0,inf,0,"NUMERICAL_CERTIFICATE_UNRESOLVED","NUMERICAL_CERTIFICATE_UNRESOLVED;UNKNOWN_TEXT","POST_FDE_DETECTOR_AND_PL;ATOMIC_CERTIFIED_PUBLISH",0,0,inf,0,"","","",0,1,"REFUSED","no publication certificate was issued for this attempt; missing identity: risk_proof_id;pl_detector_certificate_id;protection_level_m","FDE_EVALUATING","UNAVAILABLE","UNAVAILABLE -> UNAVAILABLE",1,0,1,"FINISH_DEADLINE_MISSED","risk_proof_id;pl_detector_certificate_id;protection_level_m",9064496767274600073,111,9395790905191923008,9056656343633310150,13276243065478317808,"dual_channel_v1;all_in_graph_residual_diagnostic",0,0,1,1,322945699977,5500000000,50000000,317485166348,1,1,0,0,"data is stale by the sensor timestamp","EXECUTED",""
uwb-imu-pl/gate-d-diagnostics/v16,112,5600000000,112,112,112,83,1,112,5600000000,"102002;103001;103002;104001;104002;105001;105002;106001;106002;107001;107002;108001;108002;109001;109002;110001;110002;111001;111002;112000;112001;112002",111,112,0.049999999999999822,0,11,0,83,112,2364,111,449042,74,96,177056,"new frozen transaction/version",0.089025662635648331,inf,3.0000000000000004e-05,9.9999999999999995e-08,0,0,0,9.9000000000000001e-06,4.0000000000000003e-05,4.0000000000000003e-05,nan,nan,nan,0,0,0,0,0,"complete risk ledger unavailable before selection closure","COMPLETE",624,0,0,0,0,0,0,61104,504,60,60,30240,30240,2,1,1,1,1,0,1,1,2,1,1,0,4,3,61104,0,0,61104,0,4,1,0,0,0,0,0,0,0,1,1,0,inf,0,"NUMERICAL_CERTIFICATE_UNRESOLVED","NUMERICAL_CERTIFICATE_UNRESOLVED;UNKNOWN_TEXT","POST_FDE_DETECTOR_AND_PL;ATOMIC_CERTIFIED_PUBLISH",0,0,inf,0,"","","",0,1,"REFUSED","no publication certificate was issued for this attempt; missing identity: risk_proof_id;pl_detector_certificate_id;protection_level_m","FDE_EVALUATING","UNAVAILABLE","UNAVAILABLE -> UNAVAILABLE",1,0,1,"FINISH_DEADLINE_MISSED","risk_proof_id;pl_detector_certificate_id;protection_level_m",14358083699747068325,112,16407805503977308643,9056656343633310150,13276243065478317808,"dual_channel_v1;all_in_graph_residual_diagnostic",0,0,1,1,326258285223,5550000000,50000000,320747751594,1,1,0,0,"data is stale by the sensor timestamp","EXECUTED",""
uwb-imu-pl/gate-d-diagnostics/v16,113,5650000000,113,113,113,84,1,113,5650000000,"103002;104001;104002;105001;105002;106001;106002;107001;107002;108001;108002;109001;109002;110001;110002;111001;111002;112001;112002;113000;113001;113002",112,113,0.049999999999999822,0,11,0,84,113,2386,112,449140,74,96,177056,"new frozen transaction/version",0.054176632626388777,inf,3.0000000000000004e-05,9.9999999999999995e-08,0,0,0,9.9000000000000001e-06,4.0000000000000003e-05,4.0000000000000003e-05,nan,nan,nan,0,0,0,0,0,"complete risk ledger unavailable before selection closure","COMPLETE",624,0,0,0,0,0,0,61104,504,60,60,30240,30240,2,1,1,1,1,0,1,1,2,1,1,0,4,3,61104,0,0,61104,0,4,1,0,0,0,0,0,0,0,1,1,0,inf,0,"NUMERICAL_CERTIFICATE_UNRESOLVED","NUMERICAL_CERTIFICATE_UNRESOLVED;UNKNOWN_TEXT","POST_FDE_DETECTOR_AND_PL;ATOMIC_CERTIFIED_PUBLISH",0,0,inf,0,"","","",0,1,"REFUSED","no publication certificate was issued for this attempt; missing identity: risk_proof_id;pl_detector_certificate_id;protection_level_m","FDE_EVALUATING","UNAVAILABLE","UNAVAILABLE -> UNAVAILABLE",1,0,1,"FINISH_DEADLINE_MISSED","risk_proof_id;pl_detector_certificate_id;protection_level_m",17879688804392722021,113,4720090171326423565,9056656343633310150,13276243065478317808,"dual_channel_v1;all_in_graph_residual_diagnostic",0,0,1,1,329359173080,5600000000,50000000,323798639451,1,1,0,0,"data is stale by the sensor timestamp","EXECUTED",""
uwb-imu-pl/gate-d-diagnostics/v16,114,5700000000,114,114,114,85,1,114,5700000000,"104002;105001;105002;106001;106002;107001;107002;108001;108002;109001;109002;110001;110002;111001;111002;112001;112002;113001;113002;114000;114001;114002",113,114,0.049999999999999822,0,11,0,85,114,2408,113,449238,74,96,177056,"new frozen transaction/version",0.084374165759855319,inf,3.0000000000000004e-05,9.9999999999999995e-08,0,0,0,9.9000000000000001e-06,4.0000000000000003e-05,4.0000000000000003e-05,nan,nan,nan,0,0,0,0,0,"complete risk ledger unavailable before selection closure","COMPLETE",624,0,0,0,0,0,0,61104,504,60,60,30240,30240,2,1,1,1,1,0,1,1,2,1,1,0,4,3,61104,0,0,61104,0,4,1,0,0,0,0,0,0,0,1,1,0,inf,0,"NUMERICAL_CERTIFICATE_UNRESOLVED","NUMERICAL_CERTIFICATE_UNRESOLVED;UNKNOWN_TEXT","POST_FDE_DETECTOR_AND_PL;ATOMIC_CERTIFIED_PUBLISH",0,0,inf,0,"","","",0,1,"REFUSED","no publication certificate was issued for this attempt; missing identity: risk_proof_id;pl_detector_certificate_id;protection_level_m","FDE_EVALUATING","UNAVAILABLE","UNAVAILABLE -> UNAVAILABLE",1,0,1,"FINISH_DEADLINE_MISSED","risk_proof_id;pl_detector_certificate_id;protection_level_m",4090128877212230729,114,796578195012405082,9056656343633310150,13276243065478317808,"dual_channel_v1;all_in_graph_residual_diagnostic",0,0,1,1,332516445879,5650000000,50000000,326905912250,1,1,0,0,"data is stale by the sensor timestamp","EXECUTED",""
uwb-imu-pl/gate-d-diagnostics/v16,115,5750000000,115,115,115,86,1,115,5750000000,"105002;106001;106002;107001;107002;108001;108002;109001;109002;110001;110002;111001;111002;112001;112002;113001;113002;114001;114002;115000;115001;115002",114,115,0.049999999999999822,0,11,0,86,115,2430,114,449336,74,96,177056,"new frozen transaction/version",0.059429665127313361,inf,3.0000000000000004e-05,9.9999999999999995e-08,0,0,0,9.9000000000000001e-06,4.0000000000000003e-05,4.0000000000000003e-05,nan,nan,nan,0,0,0,0,0,"complete risk ledger unavailable before selection closure","COMPLETE",624,0,0,0,0,0,0,61104,504,60,60,30240,30240,2,1,1,1,1,0,1,1,2,1,1,0,4,3,61104,0,0,61104,0,4,1,0,0,0,0,0,0,0,1,1,0,inf,0,"NUMERICAL_CERTIFICATE_UNRESOLVED","NUMERICAL_CERTIFICATE_UNRESOLVED;UNKNOWN_TEXT","POST_FDE_DETECTOR_AND_PL;ATOMIC_CERTIFIED_PUBLISH",0,0,inf,0,"","","",0,1,"REFUSED","no publication certificate was issued for this attempt; missing identity: risk_proof_id;pl_detector_certificate_id;protection_level_m","FDE_EVALUATING","UNAVAILABLE","UNAVAILABLE -> UNAVAILABLE",1,0,1,"FINISH_DEADLINE_MISSED","risk_proof_id;pl_detector_certificate_id;protection_level_m",8958243358258693497,115,16170521018091002794,9056656343633310150,13276243065478317808,"dual_channel_v1;all_in_graph_residual_diagnostic",0,0,1,1,335704000183,5700000000,50000000,330043466554,1,1,0,0,"data is stale by the sensor timestamp","EXECUTED",""
uwb-imu-pl/gate-d-diagnostics/v16,116,5800000000,116,116,116,87,1,116,5800000000,"106002;107001;107002;108001;108002;109001;109002;110001;110002;111001;111002;112001;112002;113001;113002;114001;114002;115001;115002;116000;116001;116002",115,116,0.050000000000000711,0,11,0,87,116,2452,115,449434,74,96,177056,"new frozen transaction/version",0.051534794856006788,inf,3.0000000000000004e-05,9.9999999999999995e-08,0,0,0,9.9000000000000001e-06,4.0000000000000003e-05,4.0000000000000003e-05,nan,nan,nan,0,0,0,0,0,"complete risk ledger unavailable before selection closure","COMPLETE",624,0,0,0,0,0,0,61104,504,60,60,30240,30240,2,1,1,1,1,0,1,1,2,1,1,0,4,3,61104,0,0,61104,0,4,1,0,0,0,0,0,0,0,1,1,0,inf,0,"NUMERICAL_CERTIFICATE_UNRESOLVED","NUMERICAL_CERTIFICATE_UNRESOLVED;UNKNOWN_TEXT","POST_FDE_DETECTOR_AND_PL;ATOMIC_CERTIFIED_PUBLISH",0,0,inf,0,"","","",0,1,"REFUSED","no publication certificate was issued for this attempt; missing identity: risk_proof_id;pl_detector_certificate_id;protection_level_m","FDE_EVALUATING","UNAVAILABLE","UNAVAILABLE -> UNAVAILABLE",1,0,1,"FINISH_DEADLINE_MISSED","risk_proof_id;pl_detector_certificate_id;protection_level_m",13772754635372364877,116,14223748818772311587,9056656343633310150,13276243065478317808,"dual_channel_v1;all_in_graph_residual_diagnostic",0,0,1,1,338893975408,5750000000,50000000,333183441779,1,1,0,0,"data is stale by the sensor timestamp","EXECUTED",""
uwb-imu-pl/gate-d-diagnostics/v16,117,5850000000,117,117,117,88,1,117,5850000000,"107002;108001;108002;109001;109002;110001;110002;111001;111002;112001;112002;113001;113002;114001;114002;115001;115002;116001;116002;117000;117001;117002",116,117,0.049999999999999822,0,11,0,88,117,2474,116,449532,74,96,177056,"new frozen transaction/version",0.034280227396947881,inf,3.0000000000000004e-05,9.9999999999999995e-08,0,0,0,9.9000000000000001e-06,4.0000000000000003e-05,4.0000000000000003e-05,nan,nan,nan,0,0,0,0,0,"complete risk ledger unavailable before selection closure","COMPLETE",624,0,0,0,0,0,0,61104,504,60,60,30240,30240,2,1,1,1,1,0,1,1,2,1,1,0,4,3,61104,0,0,61104,0,4,1,0,0,0,0,0,0,0,1,1,0,inf,0,"NUMERICAL_CERTIFICATE_UNRESOLVED","NUMERICAL_CERTIFICATE_UNRESOLVED;UNKNOWN_TEXT","POST_FDE_DETECTOR_AND_PL;ATOMIC_CERTIFIED_PUBLISH",0,0,inf,0,"","","",0,1,"REFUSED","no publication certificate was issued for this attempt; missing identity: risk_proof_id;pl_detector_certificate_id;protection_level_m","FDE_EVALUATING","UNAVAILABLE","UNAVAILABLE -> UNAVAILABLE",1,0,1,"FINISH_DEADLINE_MISSED","risk_proof_id;pl_detector_certificate_id;protection_level_m",2025292232100604829,117,17496436171682367775,9056656343633310150,13276243065478317808,"dual_channel_v1;all_in_graph_residual_diagnostic",0,0,1,1,342141001866,5800000000,50000000,336380468237,1,1,0,0,"data is stale by the sensor timestamp","EXECUTED",""
uwb-imu-pl/gate-d-diagnostics/v16,118,5900000000,118,118,118,89,1,118,5900000000,"108002;109001;109002;110001;110002;111001;111002;112001;112002;113001;113002;114001;114002;115001;115002;116001;116002;117001;117002;118000;118001;118002",117,118,0.049999999999999822,0,11,0,89,118,2496,117,449630,74,96,177056,"new frozen transaction/version",0.088466078299141507,inf,3.0000000000000004e-05,9.9999999999999995e-08,0,0,0,9.9000000000000001e-06,4.0000000000000003e-05,4.0000000000000003e-05,nan,nan,nan,0,0,0,0,0,"complete risk ledger unavailable before selection closure","COMPLETE",624,0,0,0,0,0,0,61104,504,60,60,30240,30240,2,1,1,1,1,0,1,1,2,1,1,0,4,3,61104,0,0,61104,0,4,1,0,0,0,0,0,0,0,1,1,0,inf,0,"NUMERICAL_CERTIFICATE_UNRESOLVED","NUMERICAL_CERTIFICATE_UNRESOLVED;UNKNOWN_TEXT","POST_FDE_DETECTOR_AND_PL;ATOMIC_CERTIFIED_PUBLISH",0,0,inf,0,"","","",0,1,"REFUSED","no publication certificate was issued for this attempt; missing identity: risk_proof_id;pl_detector_certificate_id;protection_level_m","FDE_EVALUATING","UNAVAILABLE","UNAVAILABLE -> UNAVAILABLE",1,0,1,"FINISH_DEADLINE_MISSED","risk_proof_id;pl_detector_certificate_id;protection_level_m",9724571266100194041,118,13043216080008074101,9056656343633310150,13276243065478317808,"dual_channel_v1;all_in_graph_residual_diagnostic",0,0,1,1,345310070288,5850000000,50000000,339499536659,1,1,0,0,"data is stale by the sensor timestamp","EXECUTED",""
uwb-imu-pl/gate-d-diagnostics/v16,119,5950000000,119,119,119,90,1,119,5950000000,"109002;110001;110002;111001;111002;112001;112002;113001;113002;114001;114002;115001;115002;116001;116002;117001;117002;118001;118002;119000;119001;119002",118,119,0.049999999999999822,0,11,0,90,119,2518,118,449728,74,96,177056,"new frozen transaction/version",0.04034125213748662,inf,3.0000000000000004e-05,9.9999999999999995e-08,0,0,0,9.9000000000000001e-06,4.0000000000000003e-05,4.0000000000000003e-05,nan,nan,nan,0,0,0,0,0,"complete risk ledger unavailable before selection closure","COMPLETE",624,0,0,0,0,0,0,61104,504,60,60,30240,30240,2,1,1,1,1,0,1,1,2,1,1,0,4,3,61104,0,0,61104,0,4,1,0,0,0,0,0,0,0,1,1,0,inf,0,"NUMERICAL_CERTIFICATE_UNRESOLVED","NUMERICAL_CERTIFICATE_UNRESOLVED;UNKNOWN_TEXT","POST_FDE_DETECTOR_AND_PL;ATOMIC_CERTIFIED_PUBLISH",0,0,inf,0,"","","",0,1,"REFUSED","no publication certificate was issued for this attempt; missing identity: risk_proof_id;pl_detector_certificate_id;protection_level_m","FDE_EVALUATING","UNAVAILABLE","UNAVAILABLE -> UNAVAILABLE",1,0,1,"FINISH_DEADLINE_MISSED","risk_proof_id;pl_detector_certificate_id;protection_level_m",12946535547774517257,119,12559435437092674119,9056656343633310150,13276243065478317808,"dual_channel_v1;all_in_graph_residual_diagnostic",0,0,1,1,348515562067,5900000000,50000000,342655028438,1,1,0,0,"data is stale by the sensor timestamp","EXECUTED",""
uwb-imu-pl/gate-d-diagnostics/v16,120,6000000000,120,120,120,91,1,120,6000000000,"110002;111001;111002;112001;112002;113001;113002;114001;114002;115001;115002;116001;116002;117001;117002;118001;118002;119001;119002;120000;120001;120002",119,120,0.049999999999999822,0,11,0,91,120,2540,119,449826,74,96,177056,"new frozen transaction/version",0.042159626607406749,inf,3.0000000000000004e-05,9.9999999999999995e-08,0,0,0,9.9000000000000001e-06,4.0000000000000003e-05,4.0000000000000003e-05,nan,nan,nan,0,0,0,0,0,"complete risk ledger unavailable before selection closure","COMPLETE",624,0,0,0,0,0,0,61104,504,60,60,30240,30240,2,1,1,1,1,0,1,1,2,1,1,0,4,3,61104,0,0,61104,0,4,1,0,0,0,0,0,0,0,1,1,0,inf,0,"NUMERICAL_CERTIFICATE_UNRESOLVED","NUMERICAL_CERTIFICATE_UNRESOLVED;UNKNOWN_TEXT","POST_FDE_DETECTOR_AND_PL;ATOMIC_CERTIFIED_PUBLISH",0,0,inf,0,"","","",0,1,"REFUSED","no publication certificate was issued for this attempt; missing identity: risk_proof_id;pl_detector_certificate_id;protection_level_m","FDE_EVALUATING","UNAVAILABLE","UNAVAILABLE -> UNAVAILABLE",1,0,1,"FINISH_DEADLINE_MISSED","risk_proof_id;pl_detector_certificate_id;protection_level_m",5650154408412748485,120,47706500712959010,9056656343633310150,13276243065478317808,"dual_channel_v1;all_in_graph_residual_diagnostic",0,0,1,1,351750740792,5950000000,50000000,345840207163,1,1,0,0,"data is stale by the sensor timestamp","EXECUTED",""
