timestamp_ns,attempted_timestamp_ns,state_timestamp_ns,fde_profile,scope_digest,detector_contract_id,pl_status,within_alert_limits,state_valid,fresh,deadline_missed,reason_codes,publication_protected,publication_certificate_id,final_packet_protocol_version,final_packet_digest,final_packet_authoritative,protected_frame_id,protected_position_reference,protection_packet_id,group_size,measurement_model_valid,global_statistic,global_threshold,global_dof,global_passed,postfit_statistic,postfit_threshold,postfit_dof,postfit_passed,conditional_statistic,conditional_threshold,conditional_dof,conditional_passed,conditional_formal,pl_x,pl_y,pl_z,hpl_m,vpl_m,availability,label,formal_eligible,risk_budget_valid,allocated_hmi_risk,hmi_risk_requirement,batch_committed,transaction_id,window_id,base_graph_version,linearization_version,selected_action_id,selected_action_type,fde_status,bridge_pl_x,bridge_pl_y,bridge_pl_z,history_provenance_valid,backend_updates,stale_state,controlled_reinitialization_required,historical_groups_removed,historical_groups_added,recovery_epoch_begin,recovery_epoch_end,reinitialization_request_id,reinitialization_phase,reinitialization_reason,reason
50000000,50000000,50000000,"joint_order2","fbbf232a0a941ee9","dual_channel_v1",UNBOUNDED,0,1,1,0,"ACTION_SEARCH_CERTIFICATE_V1:generated=1;planned_evaluations=1;actual_candidate_evaluations=1;actual_post_evaluations=1;actual_pl_evaluations=1;omitted=0;lifecycle=READY_FOR_EVALUATION;cap=1;trusted_snapshot=GENERATED_ACTION_SNAPSHOT_V1|1;137:414354494f4e5f53454d414e544943535f56317c34323a3431343335343439346634653566346635303435353234313534343934663465356635363331376333303362333033623330336233303362333033623330336233303362333033613362333033613362333033623b313b383a346234353435353035663431346334633b303b303b303b303b;42:414354494f4e5f4f5045524154494f4e5f56317c303b303b303b303b303b303b303b303a3b303a3b303b;;generator_identity=censusAndCapActionsV1/raw-generator-output;terminal_reason=COMPLETE;validation=VALID;validation_valid=1;validation_exhaustive=1;IMU_MODEL_UNQUALIFIED",0,0,2,0,0,"","","",8,1,nan,nan,0,0,inf,0,0,0,0.022197153337149608,42.700913926544274,8,1,0,inf,inf,inf,inf,inf,UNAVAILABLE,IMPLEMENTED_UNVERIFIED,0,0,inf,0,1,1,1,1,1,0,"KEEP_ALL_BEST_EFFORT","RISK_BUDGET_INVALID",0,0,0,1,1,0,0,"","",0,0,0,"RUNNING","","IMU_MODEL_UNQUALIFIED: no authenticated V1 calibration artifact is bound to the complete model/config digest; profile declarations and calibration identifiers are not qualification evidence;"
100000000,100000000,100000000,"joint_order2","fbbf232a0a941ee9","dual_channel_v1",UNBOUNDED,0,1,1,1,"ACTION_SEARCH_CERTIFICATE_V1:generated=1;planned_evaluations=1;actual_candidate_evaluations=1;actual_post_evaluations=1;actual_pl_evaluations=1;omitted=0;lifecycle=READY_FOR_EVALUATION;cap=1;trusted_snapshot=GENERATED_ACTION_SNAPSHOT_V1|1;137:414354494f4e5f53454d414e544943535f56317c34323a3431343335343439346634653566346635303435353234313534343934663465356635363331376333303362333033623330336233303362333033623330336233303362333033613362333033613362333033623b313b383a346234353435353035663431346334633b303b303b303b303b;42:414354494f4e5f4f5045524154494f4e5f56317c303b303b303b303b303b303b303b303a3b303a3b303b;;generator_identity=censusAndCapActionsV1/raw-generator-output;terminal_reason=COMPLETE;validation=VALID;validation_valid=1;validation_exhaustive=1;IMU_MODEL_UNQUALIFIED;FINISH_DEADLINE_MISSED",0,0,2,0,0,"","","",8,1,nan,nan,0,0,inf,0,0,0,0.051008174662323859,58.324390014388904,16,1,0,inf,inf,inf,inf,inf,UNAVAILABLE,IMPLEMENTED_UNVERIFIED,0,0,inf,0,1,2,2,2,2,0,"KEEP_ALL_BEST_EFFORT","RISK_BUDGET_INVALID",0,0,0,1,1,0,0,"","",0,0,0,"RUNNING","","FINISH_DEADLINE_MISSED after 209.508396 ms; upstream=IMU_MODEL_UNQUALIFIED: no authenticated V1 calibration artifact is bound to the complete model/config digest; profile declarations and calibration identifiers are not qualification evidence;"
150000000,150000000,150000000,"joint_order2","fbbf232a0a941ee9","dual_channel_v1",UNBOUNDED,0,1,1,1,"ACTION_SEARCH_CERTIFICATE_V1:generated=1;planned_evaluations=1;actual_candidate_evaluations=1;actual_post_evaluations=1;actual_pl_evaluations=1;omitted=0;lifecycle=READY_FOR_EVALUATION;cap=1;trusted_snapshot=GENERATED_ACTION_SNAPSHOT_V1|1;137:414354494f4e5f53454d414e544943535f56317c34323a3431343335343439346634653566346635303435353234313534343934663465356635363331376333303362333033623330336233303362333033623330336233303362333033613362333033613362333033623b313b383a346234353435353035663431346334633b303b303b303b303b;42:414354494f4e5f4f5045524154494f4e5f56317c303b303b303b303b303b303b303b303a3b303a3b303b;;generator_identity=censusAndCapActionsV1/raw-generator-output;terminal_reason=COMPLETE;validation=VALID;validation_valid=1;validation_exhaustive=1;IMU_MODEL_UNQUALIFIED;FINISH_DEADLINE_MISSED",0,0,2,0,0,"","","",8,1,nan,nan,0,0,inf,0,0,0,0.062734939044488847,72.228853820144309,24,1,0,inf,inf,inf,inf,inf,UNAVAILABLE,IMPLEMENTED_UNVERIFIED,0,0,inf,0,1,3,3,3,3,0,"KEEP_ALL_BEST_EFFORT","RISK_BUDGET_INVALID",0,0,0,1,1,0,0,"","",0,0,0,"RUNNING","","FINISH_DEADLINE_MISSED after 73.025313 ms; upstream=IMU_MODEL_UNQUALIFIED: no authenticated V1 calibration artifact is bound to the complete model/config digest; profile declarations and calibration identifiers are not qualification evidence;"
200000000,200000000,200000000,"joint_order2","fbbf232a0a941ee9","dual_channel_v1",UNBOUNDED,0,1,1,1,"ACTION_SEARCH_CERTIFICATE_V1:generated=1;planned_evaluations=1;actual_candidate_evaluations=1;actual_post_evaluations=1;actual_pl_evaluations=1;omitted=0;lifecycle=READY_FOR_EVALUATION;cap=1;trusted_snapshot=GENERATED_ACTION_SNAPSHOT_V1|1;137:414354494f4e5f53454d414e544943535f56317c34323a3431343335343439346634653566346635303435353234313534343934663465356635363331376333303362333033623330336233303362333033623330336233303362333033613362333033613362333033623b313b383a346234353435353035663431346334633b303b303b303b303b;42:414354494f4e5f4f5045524154494f4e5f56317c303b303b303b303b303b303b303b303a3b303a3b303b;;generator_identity=censusAndCapActionsV1/raw-generator-output;terminal_reason=COMPLETE;validation=VALID;validation_valid=1;validation_exhaustive=1;IMU_MODEL_UNQUALIFIED;FINISH_DEADLINE_MISSED",0,0,2,0,0,"","","",8,1,nan,nan,0,0,inf,0,0,0,0.079758906920383218,85.231550717098969,32,1,0,inf,inf,inf,inf,inf,UNAVAILABLE,IMPLEMENTED_UNVERIFIED,0,0,inf,0,1,4,4,4,4,0,"KEEP_ALL_BEST_EFFORT","RISK_BUDGET_INVALID",0,0,0,1,1,0,0,"","",0,0,0,"RUNNING","","FINISH_DEADLINE_MISSED after 141.080165 ms; upstream=IMU_MODEL_UNQUALIFIED: no authenticated V1 calibration artifact is bound to the complete model/config digest; profile declarations and calibration identifiers are not qualification evidence;"
250000000,250000000,250000000,"joint_order2","fbbf232a0a941ee9","dual_channel_v1",UNBOUNDED,0,1,1,1,"ACTION_SEARCH_CERTIFICATE_V1:generated=1;planned_evaluations=1;actual_candidate_evaluations=1;actual_post_evaluations=1;actual_pl_evaluations=1;omitted=0;lifecycle=READY_FOR_EVALUATION;cap=1;trusted_snapshot=GENERATED_ACTION_SNAPSHOT_V1|1;137:414354494f4e5f53454d414e544943535f56317c34323a3431343335343439346634653566346635303435353234313534343934663465356635363331376333303362333033623330336233303362333033623330336233303362333033613362333033613362333033623b313b383a346234353435353035663431346334633b303b303b303b303b;42:414354494f4e5f4f5045524154494f4e5f56317c303b303b303b303b303b303b303b303a3b303a3b303b;;generator_identity=censusAndCapActionsV1/raw-generator-output;terminal_reason=COMPLETE;validation=VALID;validation_valid=1;validation_exhaustive=1;IMU_MODEL_UNQUALIFIED;FINISH_DEADLINE_MISSED",0,0,2,0,0,"","","",8,1,nan,nan,0,0,inf,0,0,0,0.093718225730886895,97.652957415063028,40,1,0,inf,inf,inf,inf,inf,UNAVAILABLE,IMPLEMENTED_UNVERIFIED,0,0,inf,0,1,5,5,5,5,0,"KEEP_ALL_BEST_EFFORT","RISK_BUDGET_INVALID",0,0,0,1,1,0,0,"","",0,0,0,"RUNNING","","FINISH_DEADLINE_MISSED after 219.909777 ms; upstream=IMU_MODEL_UNQUALIFIED: no authenticated V1 calibration artifact is bound to the complete model/config digest; profile declarations and calibration identifiers are not qualification evidence;"
300000000,300000000,300000000,"joint_order2","fbbf232a0a941ee9","dual_channel_v1",UNBOUNDED,0,1,1,1,"ACTION_SEARCH_CERTIFICATE_V1:generated=1;planned_evaluations=1;actual_candidate_evaluations=1;actual_post_evaluations=1;actual_pl_evaluations=1;omitted=0;lifecycle=READY_FOR_EVALUATION;cap=1;trusted_snapshot=GENERATED_ACTION_SNAPSHOT_V1|1;137:414354494f4e5f53454d414e544943535f56317c34323a3431343335343439346634653566346635303435353234313534343934663465356635363331376333303362333033623330336233303362333033623330336233303362333033613362333033613362333033623b313b383a346234353435353035663431346334633b303b303b303b303b;42:414354494f4e5f4f5045524154494f4e5f56317c303b303b303b303b303b303b303b303a3b303a3b303b;;generator_identity=censusAndCapActionsV1/raw-generator-output;terminal_reason=COMPLETE;validation=VALID;validation_valid=1;validation_exhaustive=1;IMU_MODEL_UNQUALIFIED;FINISH_DEADLINE_MISSED",0,0,2,0,0,"","","",8,1,nan,nan,0,0,inf,0,0,0,0.10108735345733884,109.65896637531097,48,1,0,inf,inf,inf,inf,inf,UNAVAILABLE,IMPLEMENTED_UNVERIFIED,0,0,inf,0,1,6,6,6,6,0,"KEEP_ALL_BEST_EFFORT","RISK_BUDGET_INVALID",0,0,0,1,1,0,0,"","",0,0,0,"RUNNING","","FINISH_DEADLINE_MISSED after 348.516560 ms; upstream=IMU_MODEL_UNQUALIFIED: no authenticated V1 calibration artifact is bound to the complete model/config digest; profile declarations and calibration identifiers are not qualification evidence;"
350000000,350000000,350000000,"joint_order2","fbbf232a0a941ee9","dual_channel_v1",UNBOUNDED,0,1,1,1,"ACTION_SEARCH_CERTIFICATE_V1:generated=1;planned_evaluations=1;actual_candidate_evaluations=1;actual_post_evaluations=1;actual_pl_evaluations=1;omitted=0;lifecycle=READY_FOR_EVALUATION;cap=1;trusted_snapshot=GENERATED_ACTION_SNAPSHOT_V1|1;137:414354494f4e5f53454d414e544943535f56317c34323a3431343335343439346634653566346635303435353234313534343934663465356635363331376333303362333033623330336233303362333033623330336233303362333033613362333033613362333033623b313b383a346234353435353035663431346334633b303b303b303b303b;42:414354494f4e5f4f5045524154494f4e5f56317c303b303b303b303b303b303b303b303a3b303a3b303b;;generator_identity=censusAndCapActionsV1/raw-generator-output;terminal_reason=COMPLETE;validation=VALID;validation_valid=1;validation_exhaustive=1;IMU_MODEL_UNQUALIFIED;FINISH_DEADLINE_MISSED",0,0,2,0,0,"","","",8,1,nan,nan,0,0,inf,0,0,0,0.10686129317427231,121.34881015252451,56,1,0,inf,inf,inf,inf,inf,UNAVAILABLE,IMPLEMENTED_UNVERIFIED,0,0,inf,0,1,7,7,7,7,0,"KEEP_ALL_BEST_EFFORT","RISK_BUDGET_INVALID",0,0,0,1,1,0,0,"","",0,0,0,"RUNNING","","FINISH_DEADLINE_MISSED after 517.554756 ms; upstream=IMU_MODEL_UNQUALIFIED: no authenticated V1 calibration artifact is bound to the complete model/config digest; profile declarations and calibration identifiers are not qualification evidence;"
400000000,400000000,400000000,"joint_order2","fbbf232a0a941ee9","dual_channel_v1",UNBOUNDED,0,1,1,1,"ACTION_SEARCH_CERTIFICATE_V1:generated=1;planned_evaluations=1;actual_candidate_evaluations=1;actual_post_evaluations=1;actual_pl_evaluations=1;omitted=0;lifecycle=READY_FOR_EVALUATION;cap=1;trusted_snapshot=GENERATED_ACTION_SNAPSHOT_V1|1;137:414354494f4e5f53454d414e544943535f56317c34323a3431343335343439346634653566346635303435353234313534343934663465356635363331376333303362333033623330336233303362333033623330336233303362333033613362333033613362333033623b313b383a346234353435353035663431346334633b303b303b303b303b;42:414354494f4e5f4f5045524154494f4e5f56317c303b303b303b303b303b303b303b303a3b303a3b303b;;generator_identity=censusAndCapActionsV1/raw-generator-output;terminal_reason=COMPLETE;validation=VALID;validation_valid=1;validation_exhaustive=1;IMU_MODEL_UNQUALIFIED;FINISH_DEADLINE_MISSED",0,0,2,0,0,"","","",8,1,nan,nan,0,0,inf,0,0,0,0.1182666301862506,132.78749090314236,64,1,0,inf,inf,inf,inf,inf,UNAVAILABLE,IMPLEMENTED_UNVERIFIED,0,0,inf,0,1,8,8,8,8,0,"KEEP_ALL_BEST_EFFORT","RISK_BUDGET_INVALID",0,0,0,1,1,0,0,"","",0,0,0,"RUNNING","","FINISH_DEADLINE_MISSED after 732.120762 ms; upstream=IMU_MODEL_UNQUALIFIED: no authenticated V1 calibration artifact is bound to the complete model/config digest; profile declarations and calibration identifiers are not qualification evidence;"
450000000,450000000,450000000,"joint_order2","fbbf232a0a941ee9","dual_channel_v1",UNBOUNDED,0,1,1,1,"ACTION_SEARCH_CERTIFICATE_V1:generated=1;planned_evaluations=1;actual_candidate_evaluations=1;actual_post_evaluations=1;actual_pl_evaluations=1;omitted=0;lifecycle=READY_FOR_EVALUATION;cap=1;trusted_snapshot=GENERATED_ACTION_SNAPSHOT_V1|1;137:414354494f4e5f53454d414e544943535f56317c34323a3431343335343439346634653566346635303435353234313534343934663465356635363331376333303362333033623330336233303362333033623330336233303362333033613362333033613362333033623b313b383a346234353435353035663431346334633b303b303b303b303b;42:414354494f4e5f4f5045524154494f4e5f56317c303b303b303b303b303b303b303b303a3b303a3b303b;;generator_identity=censusAndCapActionsV1/raw-generator-output;terminal_reason=COMPLETE;validation=VALID;validation_valid=1;validation_exhaustive=1;IMU_MODEL_UNQUALIFIED;FINISH_DEADLINE_MISSED",0,0,2,0,0,"","","",8,1,nan,nan,0,0,inf,0,0,0,0.13790896485787457,144.02035191949273,72,1,0,inf,inf,inf,inf,inf,UNAVAILABLE,IMPLEMENTED_UNVERIFIED,0,0,inf,0,1,9,9,9,9,0,"KEEP_ALL_BEST_EFFORT","RISK_BUDGET_INVALID",0,0,0,1,1,0,0,"","",0,0,0,"RUNNING","","FINISH_DEADLINE_MISSED after 978.783444 ms; upstream=IMU_MODEL_UNQUALIFIED: no authenticated V1 calibration artifact is bound to the complete model/config digest; profile declarations and calibration identifiers are not qualification evidence;"
500000000,500000000,500000000,"joint_order2","fbbf232a0a941ee9","dual_channel_v1",UNBOUNDED,0,1,1,1,"ACTION_SEARCH_CERTIFICATE_V1:generated=1;planned_evaluations=1;actual_candidate_evaluations=1;actual_post_evaluations=1;actual_pl_evaluations=1;omitted=0;lifecycle=READY_FOR_EVALUATION;cap=1;trusted_snapshot=GENERATED_ACTION_SNAPSHOT_V1|1;137:414354494f4e5f53454d414e544943535f56317c34323a3431343335343439346634653566346635303435353234313534343934663465356635363331376333303362333033623330336233303362333033623330336233303362333033613362333033613362333033623b313b383a346234353435353035663431346334633b303b303b303b303b;42:414354494f4e5f4f5045524154494f4e5f56317c303b303b303b303b303b303b303b303a3b303a3b303b;;generator_identity=censusAndCapActionsV1/raw-generator-output;terminal_reason=COMPLETE;validation=VALID;validation_valid=1;validation_exhaustive=1;IMU_MODEL_UNQUALIFIED;FINISH_DEADLINE_MISSED",0,0,2,0,0,"","","",8,1,nan,nan,0,0,inf,0,0,0,0.1491005260516374,155.08052230817057,80,1,0,inf,inf,inf,inf,inf,UNAVAILABLE,IMPLEMENTED_UNVERIFIED,0,0,inf,0,1,10,10,10,10,0,"KEEP_ALL_BEST_EFFORT","RISK_BUDGET_INVALID",0,0,0,1,1,0,0,"","",0,0,0,"RUNNING","","FINISH_DEADLINE_MISSED after 1270.473565 ms; upstream=IMU_MODEL_UNQUALIFIED: no authenticated V1 calibration artifact is bound to the complete model/config digest; profile declarations and calibration identifiers are not qualification evidence;"
550000000,550000000,550000000,"joint_order2","fbbf232a0a941ee9","dual_channel_v1",UNBOUNDED,0,1,1,1,"ACTION_SEARCH_CERTIFICATE_V1:generated=1;planned_evaluations=1;actual_candidate_evaluations=1;actual_post_evaluations=1;actual_pl_evaluations=1;omitted=0;lifecycle=READY_FOR_EVALUATION;cap=1;trusted_snapshot=GENERATED_ACTION_SNAPSHOT_V1|1;137:414354494f4e5f53454d414e544943535f56317c34323a3431343335343439346634653566346635303435353234313534343934663465356635363331376333303362333033623330336233303362333033623330336233303362333033613362333033613362333033623b313b383a346234353435353035663431346334633b303b303b303b303b;42:414354494f4e5f4f5045524154494f4e5f56317c303b303b303b303b303b303b303b303a3b303a3b303b;;generator_identity=censusAndCapActionsV1/raw-generator-output;terminal_reason=COMPLETE;validation=VALID;validation_valid=1;validation_exhaustive=1;IMU_MODEL_UNQUALIFIED;FINISH_DEADLINE_MISSED",0,0,2,0,0,"","","",8,1,nan,nan,0,0,inf,0,0,0,0.15486382825277265,165.99308436134967,88,1,0,inf,inf,inf,inf,inf,UNAVAILABLE,IMPLEMENTED_UNVERIFIED,0,0,inf,0,1,11,11,11,11,0,"KEEP_ALL_BEST_EFFORT","RISK_BUDGET_INVALID",0,0,0,1,1,0,0,"","",0,0,0,"RUNNING","","FINISH_DEADLINE_MISSED after 1450.071270 ms; upstream=IMU_MODEL_UNQUALIFIED: no authenticated V1 calibration artifact is bound to the complete model/config digest; profile declarations and calibration identifiers are not qualification evidence;"
600000000,600000000,600000000,"joint_order2","fbbf232a0a941ee9","dual_channel_v1",UNBOUNDED,0,1,1,1,"ACTION_SEARCH_CERTIFICATE_V1:generated=1;planned_evaluations=1;actual_candidate_evaluations=1;actual_post_evaluations=1;actual_pl_evaluations=1;omitted=0;lifecycle=READY_FOR_EVALUATION;cap=1;trusted_snapshot=GENERATED_ACTION_SNAPSHOT_V1|1;137:414354494f4e5f53454d414e544943535f56317c34323a3431343335343439346634653566346635303435353234313534343934663465356635363331376333303362333033623330336233303362333033623330336233303362333033613362333033613362333033623b313b383a346234353435353035663431346334633b303b303b303b303b;42:414354494f4e5f4f5045524154494f4e5f56317c303b303b303b303b303b303b303b303a3b303a3b303b;;generator_identity=censusAndCapActionsV1/raw-generator-output;terminal_reason=COMPLETE;validation=VALID;validation_valid=1;validation_exhaustive=1;IMU_MODEL_UNQUALIFIED;FINISH_DEADLINE_MISSED",0,0,2,0,0,"","","",8,1,nan,nan,0,0,inf,0,0,0,0.17358407605220527,176.77757234093806,96,1,0,inf,inf,inf,inf,inf,UNAVAILABLE,IMPLEMENTED_UNVERIFIED,0,0,inf,0,1,12,12,12,12,0,"KEEP_ALL_BEST_EFFORT","NO_VALID_CANDIDATE",0,0,0,1,1,0,0,"","",0,0,0,"RUNNING","","FINISH_DEADLINE_MISSED after 698.643514 ms; upstream=IMU_MODEL_UNQUALIFIED: no authenticated V1 calibration artifact is bound to the complete model/config digest; profile declarations and calibration identifiers are not qualification evidence;"
650000000,650000000,650000000,"joint_order2","fbbf232a0a941ee9","dual_channel_v1",UNBOUNDED,0,1,1,1,"ACTION_SEARCH_CERTIFICATE_V1:generated=1;planned_evaluations=1;actual_candidate_evaluations=1;actual_post_evaluations=1;actual_pl_evaluations=1;omitted=0;lifecycle=READY_FOR_EVALUATION;cap=1;trusted_snapshot=GENERATED_ACTION_SNAPSHOT_V1|1;137:414354494f4e5f53454d414e544943535f56317c34323a3431343335343439346634653566346635303435353234313534343934663465356635363331376333303362333033623330336233303362333033623330336233303362333033613362333033613362333033623b313b383a346234353435353035663431346334633b303b303b303b303b;42:414354494f4e5f4f5045524154494f4e5f56317c303b303b303b303b303b303b303b303a3b303a3b303b;;generator_identity=censusAndCapActionsV1/raw-generator-output;terminal_reason=COMPLETE;validation=VALID;validation_valid=1;validation_exhaustive=1;IMU_MODEL_UNQUALIFIED;FINISH_DEADLINE_MISSED",0,0,2,0,0,"","","",8,1,nan,nan,0,0,inf,0,0,0,0.19768405355128735,187.4495535390318,104,1,0,inf,inf,inf,inf,inf,UNAVAILABLE,IMPLEMENTED_UNVERIFIED,0,0,inf,0,1,13,13,13,13,0,"KEEP_ALL_BEST_EFFORT","NO_VALID_CANDIDATE",0,0,0,1,1,0,0,"","",0,0,0,"RUNNING","","FINISH_DEADLINE_MISSED after 860.704809 ms; upstream=IMU_MODEL_UNQUALIFIED: no authenticated V1 calibration artifact is bound to the complete model/config digest; profile declarations and calibration identifiers are not qualification evidence;"
700000000,700000000,700000000,"joint_order2","fbbf232a0a941ee9","dual_channel_v1",UNBOUNDED,0,1,1,1,"ACTION_SEARCH_CERTIFICATE_V1:generated=1;planned_evaluations=1;actual_candidate_evaluations=1;actual_post_evaluations=1;actual_pl_evaluations=1;omitted=0;lifecycle=READY_FOR_EVALUATION;cap=1;trusted_snapshot=GENERATED_ACTION_SNAPSHOT_V1|1;137:414354494f4e5f53454d414e544943535f56317c34323a3431343335343439346634653566346635303435353234313534343934663465356635363331376333303362333033623330336233303362333033623330336233303362333033613362333033613362333033623b313b383a346234353435353035663431346334633b303b303b303b303b;42:414354494f4e5f4f5045524154494f4e5f56317c303b303b303b303b303b303b303b303a3b303a3b303b;;generator_identity=censusAndCapActionsV1/raw-generator-output;terminal_reason=COMPLETE;validation=VALID;validation_valid=1;validation_exhaustive=1;IMU_MODEL_UNQUALIFIED;FINISH_DEADLINE_MISSED",0,0,2,0,0,"","","",8,1,nan,nan,0,0,inf,0,0,0,0.2227378746526755,198.02167294306923,112,1,0,inf,inf,inf,inf,inf,UNAVAILABLE,IMPLEMENTED_UNVERIFIED,0,0,inf,0,1,14,14,14,14,0,"KEEP_ALL_BEST_EFFORT","NO_VALID_CANDIDATE",0,0,0,1,1,0,0,"","",0,0,0,"RUNNING","","FINISH_DEADLINE_MISSED after 983.596743 ms; upstream=IMU_MODEL_UNQUALIFIED: no authenticated V1 calibration artifact is bound to the complete model/config digest; profile declarations and calibration identifiers are not qualification evidence;"
750000000,750000000,750000000,"joint_order2","fbbf232a0a941ee9","dual_channel_v1",UNBOUNDED,0,1,1,1,"ACTION_SEARCH_CERTIFICATE_V1:generated=1;planned_evaluations=1;actual_candidate_evaluations=1;actual_post_evaluations=1;actual_pl_evaluations=1;omitted=0;lifecycle=READY_FOR_EVALUATION;cap=1;trusted_snapshot=GENERATED_ACTION_SNAPSHOT_V1|1;137:414354494f4e5f53454d414e544943535f56317c34323a3431343335343439346634653566346635303435353234313534343934663465356635363331376333303362333033623330336233303362333033623330336233303362333033613362333033613362333033623b313b383a346234353435353035663431346334633b303b303b303b303b;42:414354494f4e5f4f5045524154494f4e5f56317c303b303b303b303b303b303b303b303a3b303a3b303b;;generator_identity=censusAndCapActionsV1/raw-generator-output;terminal_reason=COMPLETE;validation=VALID;validation_valid=1;validation_exhaustive=1;IMU_MODEL_UNQUALIFIED;FINISH_DEADLINE_MISSED",0,0,2,0,0,"","","",8,1,nan,nan,0,0,inf,0,0,0,0.25308950179128492,208.5043685560909,120,1,0,inf,inf,inf,inf,inf,UNAVAILABLE,IMPLEMENTED_UNVERIFIED,0,0,inf,0,1,15,15,15,15,0,"KEEP_ALL_BEST_EFFORT","NO_VALID_CANDIDATE",0,0,0,1,1,0,0,"","",0,0,0,"RUNNING","","FINISH_DEADLINE_MISSED after 1169.431092 ms; upstream=IMU_MODEL_UNQUALIFIED: no authenticated V1 calibration artifact is bound to the complete model/config digest; profile declarations and calibration identifiers are not qualification evidence;"
800000000,800000000,800000000,"joint_order2","fbbf232a0a941ee9","dual_channel_v1",UNBOUNDED,0,1,1,1,"ACTION_SEARCH_CERTIFICATE_V1:generated=1;planned_evaluations=1;actual_candidate_evaluations=1;actual_post_evaluations=1;actual_pl_evaluations=1;omitted=0;lifecycle=READY_FOR_EVALUATION;cap=1;trusted_snapshot=GENERATED_ACTION_SNAPSHOT_V1|1;137:414354494f4e5f53454d414e544943535f56317c34323a3431343335343439346634653566346635303435353234313534343934663465356635363331376333303362333033623330336233303362333033623330336233303362333033613362333033613362333033623b313b383a346234353435353035663431346334633b303b303b303b303b;42:414354494f4e5f4f5045524154494f4e5f56317c303b303b303b303b303b303b303b303a3b303a3b303b;;generator_identity=censusAndCapActionsV1/raw-generator-output;terminal_reason=COMPLETE;validation=VALID;validation_valid=1;validation_exhaustive=1;IMU_MODEL_UNQUALIFIED;FINISH_DEADLINE_MISSED",0,0,2,0,0,"","","",8,1,nan,nan,0,0,inf,0,0,0,0.27487837055915865,218.90637608343386,128,1,0,inf,inf,inf,inf,inf,UNAVAILABLE,IMPLEMENTED_UNVERIFIED,0,0,inf,0,1,16,16,16,16,0,"KEEP_ALL_BEST_EFFORT","NO_VALID_CANDIDATE",0,0,0,1,1,0,0,"","",0,0,0,"RUNNING","","FINISH_DEADLINE_MISSED after 1407.745634 ms; upstream=IMU_MODEL_UNQUALIFIED: no authenticated V1 calibration artifact is bound to the complete model/config digest; profile declarations and calibration identifiers are not qualification evidence;"
850000000,850000000,850000000,"joint_order2","fbbf232a0a941ee9","dual_channel_v1",UNBOUNDED,0,1,1,1,"ACTION_SEARCH_CERTIFICATE_V1:generated=1;planned_evaluations=1;actual_candidate_evaluations=1;actual_post_evaluations=1;actual_pl_evaluations=1;omitted=0;lifecycle=READY_FOR_EVALUATION;cap=1;trusted_snapshot=GENERATED_ACTION_SNAPSHOT_V1|1;137:414354494f4e5f53454d414e544943535f56317c34323a3431343335343439346634653566346635303435353234313534343934663465356635363331376333303362333033623330336233303362333033623330336233303362333033613362333033613362333033623b313b383a346234353435353035663431346334633b303b303b303b303b;42:414354494f4e5f4f5045524154494f4e5f56317c303b303b303b303b303b303b303b303a3b303a3b303b;;generator_identity=censusAndCapActionsV1/raw-generator-output;terminal_reason=COMPLETE;validation=VALID;validation_valid=1;validation_exhaustive=1;IMU_MODEL_UNQUALIFIED;FINISH_DEADLINE_MISSED",0,0,2,0,0,"","","",8,1,nan,nan,0,0,inf,0,0,0,0.29627553922668631,229.23509419948442,136,1,0,inf,inf,inf,inf,inf,UNAVAILABLE,IMPLEMENTED_UNVERIFIED,0,0,inf,0,1,17,17,17,17,0,"KEEP_ALL_BEST_EFFORT","NO_VALID_CANDIDATE",0,0,0,1,1,0,0,"","",0,0,0,"RUNNING","","FINISH_DEADLINE_MISSED after 1668.200083 ms; upstream=IMU_MODEL_UNQUALIFIED: no authenticated V1 calibration artifact is bound to the complete model/config digest; profile declarations and calibration identifiers are not qualification evidence;"
900000000,900000000,900000000,"joint_order2","fbbf232a0a941ee9","dual_channel_v1",UNBOUNDED,0,1,1,1,"ACTION_SEARCH_CERTIFICATE_V1:generated=1;planned_evaluations=1;actual_candidate_evaluations=1;actual_post_evaluations=1;actual_pl_evaluations=1;omitted=0;lifecycle=READY_FOR_EVALUATION;cap=1;trusted_snapshot=GENERATED_ACTION_SNAPSHOT_V1|1;137:414354494f4e5f53454d414e544943535f56317c34323a3431343335343439346634653566346635303435353234313534343934663465356635363331376333303362333033623330336233303362333033623330336233303362333033613362333033613362333033623b313b383a346234353435353035663431346334633b303b303b303b303b;42:414354494f4e5f4f5045524154494f4e5f56317c303b303b303b303b303b303b303b303a3b303a3b303b;;generator_identity=censusAndCapActionsV1/raw-generator-output;terminal_reason=COMPLETE;validation=VALID;validation_valid=1;validation_exhaustive=1;IMU_MODEL_UNQUALIFIED;FINISH_DEADLINE_MISSED",0,0,2,0,0,"","","",8,1,nan,nan,0,0,inf,0,0,0,0.31331677019271897,239.49685478145489,144,1,0,inf,inf,inf,inf,inf,UNAVAILABLE,IMPLEMENTED_UNVERIFIED,0,0,inf,0,1,18,18,18,18,0,"KEEP_ALL_BEST_EFFORT","NO_VALID_CANDIDATE",0,0,0,1,1,0,0,"","",0,0,0,"RUNNING","","FINISH_DEADLINE_MISSED after 1950.961651 ms; upstream=IMU_MODEL_UNQUALIFIED: no authenticated V1 calibration artifact is bound to the complete model/config digest; profile declarations and calibration identifiers are not qualification evidence;"
950000000,950000000,950000000,"joint_order2","fbbf232a0a941ee9","dual_channel_v1",UNBOUNDED,0,1,1,1,"ACTION_SEARCH_CERTIFICATE_V1:generated=1;planned_evaluations=1;actual_candidate_evaluations=1;actual_post_evaluations=1;actual_pl_evaluations=1;omitted=0;lifecycle=READY_FOR_EVALUATION;cap=1;trusted_snapshot=GENERATED_ACTION_SNAPSHOT_V1|1;137:414354494f4e5f53454d414e544943535f56317c34323a3431343335343439346634653566346635303435353234313534343934663465356635363331376333303362333033623330336233303362333033623330336233303362333033613362333033613362333033623b313b383a346234353435353035663431346334633b303b303b303b303b;42:414354494f4e5f4f5045524154494f4e5f56317c303b303b303b303b303b303b303b303a3b303a3b303b;;generator_identity=censusAndCapActionsV1/raw-generator-output;terminal_reason=COMPLETE;validation=VALID;validation_valid=1;validation_exhaustive=1;IMU_MODEL_UNQUALIFIED;FINISH_DEADLINE_MISSED",0,0,2,0,0,"","","",8,1,nan,nan,0,0,inf,0,0,0,0.3374957423786526,249.69712669933801,152,1,0,inf,inf,inf,inf,inf,UNAVAILABLE,IMPLEMENTED_UNVERIFIED,0,0,inf,0,1,19,19,19,19,0,"KEEP_ALL_BEST_EFFORT","NO_VALID_CANDIDATE",0,0,0,1,1,0,0,"","",0,0,0,"RUNNING","","FINISH_DEADLINE_MISSED after 2414.931590 ms; upstream=IMU_MODEL_UNQUALIFIED: no authenticated V1 calibration artifact is bound to the complete model/config digest; profile declarations and calibration identifiers are not qualification evidence;"
1000000000,1000000000,1000000000,"joint_order2","fbbf232a0a941ee9","dual_channel_v1",UNBOUNDED,0,1,1,1,"ACTION_SEARCH_CERTIFICATE_V1:generated=1;planned_evaluations=1;actual_candidate_evaluations=1;actual_post_evaluations=1;actual_pl_evaluations=1;omitted=0;lifecycle=READY_FOR_EVALUATION;cap=1;trusted_snapshot=GENERATED_ACTION_SNAPSHOT_V1|1;137:414354494f4e5f53454d414e544943535f56317c34323a3431343335343439346634653566346635303435353234313534343934663465356635363331376333303362333033623330336233303362333033623330336233303362333033613362333033613362333033623b313b383a346234353435353035663431346334633b303b303b303b303b;42:414354494f4e5f4f5045524154494f4e5f56317c303b303b303b303b303b303b303b303a3b303a3b303b;;generator_identity=censusAndCapActionsV1/raw-generator-output;terminal_reason=COMPLETE;validation=VALID;validation_valid=1;validation_exhaustive=1;IMU_MODEL_UNQUALIFIED;FINISH_DEADLINE_MISSED",0,0,2,0,0,"","","",8,1,nan,nan,0,0,inf,0,0,0,0.35924526860203754,259.84067210787128,160,1,0,inf,inf,inf,inf,inf,UNAVAILABLE,IMPLEMENTED_UNVERIFIED,0,0,inf,0,1,20,20,20,20,0,"KEEP_ALL_BEST_EFFORT","NO_VALID_CANDIDATE",0,0,0,1,1,0,0,"","",0,0,0,"RUNNING","","FINISH_DEADLINE_MISSED after 2704.334143 ms; upstream=IMU_MODEL_UNQUALIFIED: no authenticated V1 calibration artifact is bound to the complete model/config digest; profile declarations and calibration identifiers are not qualification evidence;"
1050000000,1050000000,1050000000,"joint_order2","fbbf232a0a941ee9","dual_channel_v1",UNBOUNDED,0,1,1,1,"ACTION_SEARCH_CERTIFICATE_V1:generated=1;planned_evaluations=1;actual_candidate_evaluations=1;actual_post_evaluations=1;actual_pl_evaluations=1;omitted=0;lifecycle=READY_FOR_EVALUATION;cap=1;trusted_snapshot=GENERATED_ACTION_SNAPSHOT_V1|1;137:414354494f4e5f53454d414e544943535f56317c34323a3431343335343439346634653566346635303435353234313534343934663465356635363331376333303362333033623330336233303362333033623330336233303362333033613362333033613362333033623b313b383a346234353435353035663431346334633b303b303b303b303b;42:414354494f4e5f4f5045524154494f4e5f56317c303b303b303b303b303b303b303b303a3b303a3b303b;;generator_identity=censusAndCapActionsV1/raw-generator-output;terminal_reason=COMPLETE;validation=VALID;validation_valid=1;validation_exhaustive=1;IMU_MODEL_UNQUALIFIED;FINISH_DEADLINE_MISSED",0,0,2,0,0,"","","",8,1,nan,nan,0,0,inf,0,0,0,0.37878602135483092,269.93166811300756,168,1,0,inf,inf,inf,inf,inf,UNAVAILABLE,IMPLEMENTED_UNVERIFIED,0,0,inf,0,1,21,21,21,21,0,"KEEP_ALL_BEST_EFFORT","NO_VALID_CANDIDATE",0,0,0,1,1,0,0,"","",0,0,0,"RUNNING","","FINISH_DEADLINE_MISSED after 3138.437557 ms; upstream=IMU_MODEL_UNQUALIFIED: no authenticated V1 calibration artifact is bound to the complete model/config digest; profile declarations and calibration identifiers are not qualification evidence;"
1100000000,1100000000,1100000000,"joint_order2","fbbf232a0a941ee9","dual_channel_v1",UNBOUNDED,0,1,1,1,"ACTION_SEARCH_CERTIFICATE_V1:generated=1;planned_evaluations=1;actual_candidate_evaluations=1;actual_post_evaluations=1;actual_pl_evaluations=1;omitted=0;lifecycle=READY_FOR_EVALUATION;cap=1;trusted_snapshot=GENERATED_ACTION_SNAPSHOT_V1|1;137:414354494f4e5f53454d414e544943535f56317c34323a3431343335343439346634653566346635303435353234313534343934663465356635363331376333303362333033623330336233303362333033623330336233303362333033613362333033613362333033623b313b383a346234353435353035663431346334633b303b303b303b303b;42:414354494f4e5f4f5045524154494f4e5f56317c303b303b303b303b303b303b303b303a3b303a3b303b;;generator_identity=censusAndCapActionsV1/raw-generator-output;terminal_reason=COMPLETE;validation=VALID;validation_valid=1;validation_exhaustive=1;IMU_MODEL_UNQUALIFIED;FINISH_DEADLINE_MISSED",0,0,2,0,0,"","","",8,1,nan,nan,0,0,inf,0,0,0,0.38800639521048708,271.18953618702051,169,1,0,inf,inf,inf,inf,inf,UNAVAILABLE,IMPLEMENTED_UNVERIFIED,0,0,inf,0,1,22,22,22,22,0,"KEEP_ALL_BEST_EFFORT","NO_VALID_CANDIDATE",0,0,0,1,1,0,0,"","",0,0,0,"RUNNING","","FINISH_DEADLINE_MISSED after 3273.033746 ms; upstream=IMU_MODEL_UNQUALIFIED: no authenticated V1 calibration artifact is bound to the complete model/config digest; profile declarations and calibration identifiers are not qualification evidence;"
1150000000,1150000000,1150000000,"joint_order2","fbbf232a0a941ee9","dual_channel_v1",UNBOUNDED,0,1,1,1,"ACTION_SEARCH_CERTIFICATE_V1:generated=1;planned_evaluations=1;actual_candidate_evaluations=1;actual_post_evaluations=1;actual_pl_evaluations=1;omitted=0;lifecycle=READY_FOR_EVALUATION;cap=1;trusted_snapshot=GENERATED_ACTION_SNAPSHOT_V1|1;137:414354494f4e5f53454d414e544943535f56317c34323a3431343335343439346634653566346635303435353234313534343934663465356635363331376333303362333033623330336233303362333033623330336233303362333033613362333033613362333033623b313b383a346234353435353035663431346334633b303b303b303b303b;42:414354494f4e5f4f5045524154494f4e5f56317c303b303b303b303b303b303b303b303a3b303a3b303b;;generator_identity=censusAndCapActionsV1/raw-generator-output;terminal_reason=COMPLETE;validation=VALID;validation_valid=1;validation_exhaustive=1;IMU_MODEL_UNQUALIFIED;FINISH_DEADLINE_MISSED",0,0,2,0,0,"","","",8,1,nan,nan,0,0,inf,0,0,0,0.40216169354425879,271.18953618702051,169,1,0,inf,inf,inf,inf,inf,UNAVAILABLE,IMPLEMENTED_UNVERIFIED,0,0,inf,0,1,23,23,23,23,0,"KEEP_ALL_BEST_EFFORT","NO_VALID_CANDIDATE",0,0,0,1,1,0,0,"","",0,0,0,"RUNNING","","FINISH_DEADLINE_MISSED after 3514.844685 ms; upstream=IMU_MODEL_UNQUALIFIED: no authenticated V1 calibration artifact is bound to the complete model/config digest; profile declarations and calibration identifiers are not qualification evidence;"
1200000000,1200000000,1200000000,"joint_order2","fbbf232a0a941ee9","dual_channel_v1",UNBOUNDED,0,1,1,1,"ACTION_SEARCH_CERTIFICATE_V1:generated=1;planned_evaluations=1;actual_candidate_evaluations=1;actual_post_evaluations=1;actual_pl_evaluations=1;omitted=0;lifecycle=READY_FOR_EVALUATION;cap=1;trusted_snapshot=GENERATED_ACTION_SNAPSHOT_V1|1;137:414354494f4e5f53454d414e544943535f56317c34323a3431343335343439346634653566346635303435353234313534343934663465356635363331376333303362333033623330336233303362333033623330336233303362333033613362333033613362333033623b313b383a346234353435353035663431346334633b303b303b303b303b;42:414354494f4e5f4f5045524154494f4e5f56317c303b303b303b303b303b303b303b303a3b303a3b303b;;generator_identity=censusAndCapActionsV1/raw-generator-output;terminal_reason=COMPLETE;validation=VALID;validation_valid=1;validation_exhaustive=1;IMU_MODEL_UNQUALIFIED;FINISH_DEADLINE_MISSED",0,0,2,0,0,"","","",8,1,nan,nan,0,0,inf,0,0,0,0.4257747563531622,271.18953618702051,169,1,0,inf,inf,inf,inf,inf,UNAVAILABLE,IMPLEMENTED_UNVERIFIED,0,0,inf,0,1,24,24,24,24,0,"KEEP_ALL_BEST_EFFORT","NO_VALID_CANDIDATE",0,0,0,1,1,0,0,"","",0,0,0,"RUNNING","","FINISH_DEADLINE_MISSED after 3691.988752 ms; upstream=IMU_MODEL_UNQUALIFIED: no authenticated V1 calibration artifact is bound to the complete model/config digest; profile declarations and calibration identifiers are not qualification evidence;"
1250000000,1250000000,1250000000,"joint_order2","fbbf232a0a941ee9","dual_channel_v1",UNBOUNDED,0,1,1,1,"ACTION_SEARCH_CERTIFICATE_V1:generated=1;planned_evaluations=1;actual_candidate_evaluations=1;actual_post_evaluations=1;actual_pl_evaluations=1;omitted=0;lifecycle=READY_FOR_EVALUATION;cap=1;trusted_snapshot=GENERATED_ACTION_SNAPSHOT_V1|1;137:414354494f4e5f53454d414e544943535f56317c34323a3431343335343439346634653566346635303435353234313534343934663465356635363331376333303362333033623330336233303362333033623330336233303362333033613362333033613362333033623b313b383a346234353435353035663431346334633b303b303b303b303b;42:414354494f4e5f4f5045524154494f4e5f56317c303b303b303b303b303b303b303b303a3b303a3b303b;;generator_identity=censusAndCapActionsV1/raw-generator-output;terminal_reason=COMPLETE;validation=VALID;validation_valid=1;validation_exhaustive=1;IMU_MODEL_UNQUALIFIED;FINISH_DEADLINE_MISSED",0,0,2,0,0,"","","",8,1,nan,nan,0,0,inf,0,0,0,0.43886281784989872,271.18953618702051,169,1,0,inf,inf,inf,inf,inf,UNAVAILABLE,IMPLEMENTED_UNVERIFIED,0,0,inf,0,1,25,25,25,25,0,"KEEP_ALL_BEST_EFFORT","NO_VALID_CANDIDATE",0,0,0,1,1,0,0,"","",0,0,0,"RUNNING","","FINISH_DEADLINE_MISSED after 4317.933047 ms; upstream=IMU_MODEL_UNQUALIFIED: no authenticated V1 calibration artifact is bound to the complete model/config digest; profile declarations and calibration identifiers are not qualification evidence;"
1300000000,1300000000,1300000000,"joint_order2","fbbf232a0a941ee9","dual_channel_v1",UNBOUNDED,0,1,1,1,"ACTION_SEARCH_CERTIFICATE_V1:generated=1;planned_evaluations=1;actual_candidate_evaluations=1;actual_post_evaluations=1;actual_pl_evaluations=1;omitted=0;lifecycle=READY_FOR_EVALUATION;cap=1;trusted_snapshot=GENERATED_ACTION_SNAPSHOT_V1|1;137:414354494f4e5f53454d414e544943535f56317c34323a3431343335343439346634653566346635303435353234313534343934663465356635363331376333303362333033623330336233303362333033623330336233303362333033613362333033613362333033623b313b383a346234353435353035663431346334633b303b303b303b303b;42:414354494f4e5f4f5045524154494f4e5f56317c303b303b303b303b303b303b303b303a3b303a3b303b;;generator_identity=censusAndCapActionsV1/raw-generator-output;terminal_reason=COMPLETE;validation=VALID;validation_valid=1;validation_exhaustive=1;IMU_MODEL_UNQUALIFIED;FINISH_DEADLINE_MISSED",0,0,2,0,0,"","","",8,1,nan,nan,0,0,inf,0,0,0,0.44485253137182412,271.18953618702051,169,1,0,inf,inf,inf,inf,inf,UNAVAILABLE,IMPLEMENTED_UNVERIFIED,0,0,inf,0,1,26,26,26,26,0,"KEEP_ALL_BEST_EFFORT","NO_VALID_CANDIDATE",0,0,0,1,1,0,0,"","",0,0,0,"RUNNING","","FINISH_DEADLINE_MISSED after 4561.854854 ms; upstream=IMU_MODEL_UNQUALIFIED: no authenticated V1 calibration artifact is bound to the complete model/config digest; profile declarations and calibration identifiers are not qualification evidence;"
1350000000,1350000000,1350000000,"joint_order2","fbbf232a0a941ee9","dual_channel_v1",UNBOUNDED,0,1,1,1,"ACTION_SEARCH_CERTIFICATE_V1:generated=1;planned_evaluations=1;actual_candidate_evaluations=1;actual_post_evaluations=1;actual_pl_evaluations=1;omitted=0;lifecycle=READY_FOR_EVALUATION;cap=1;trusted_snapshot=GENERATED_ACTION_SNAPSHOT_V1|1;137:414354494f4e5f53454d414e544943535f56317c34323a3431343335343439346634653566346635303435353234313534343934663465356635363331376333303362333033623330336233303362333033623330336233303362333033613362333033613362333033623b313b383a346234353435353035663431346334633b303b303b303b303b;42:414354494f4e5f4f5045524154494f4e5f56317c303b303b303b303b303b303b303b303a3b303a3b303b;;generator_identity=censusAndCapActionsV1/raw-generator-output;terminal_reason=COMPLETE;validation=VALID;validation_valid=1;validation_exhaustive=1;IMU_MODEL_UNQUALIFIED;FINISH_DEADLINE_MISSED",0,0,2,0,0,"","","",8,1,nan,nan,0,0,inf,0,0,0,0.45290641553180472,271.18953618702051,169,1,0,inf,inf,inf,inf,inf,UNAVAILABLE,IMPLEMENTED_UNVERIFIED,0,0,inf,0,1,27,27,27,27,0,"KEEP_ALL_BEST_EFFORT","NO_VALID_CANDIDATE",0,0,0,1,1,0,0,"","",0,0,0,"RUNNING","","FINISH_DEADLINE_MISSED after 4654.727822 ms; upstream=IMU_MODEL_UNQUALIFIED: no authenticated V1 calibration artifact is bound to the complete model/config digest; profile declarations and calibration identifiers are not qualification evidence;"
1400000000,1400000000,1400000000,"joint_order2","fbbf232a0a941ee9","dual_channel_v1",UNBOUNDED,0,1,1,1,"ACTION_SEARCH_CERTIFICATE_V1:generated=1;planned_evaluations=1;actual_candidate_evaluations=1;actual_post_evaluations=1;actual_pl_evaluations=1;omitted=0;lifecycle=READY_FOR_EVALUATION;cap=1;trusted_snapshot=GENERATED_ACTION_SNAPSHOT_V1|1;137:414354494f4e5f53454d414e544943535f56317c34323a3431343335343439346634653566346635303435353234313534343934663465356635363331376333303362333033623330336233303362333033623330336233303362333033613362333033613362333033623b313b383a346234353435353035663431346334633b303b303b303b303b;42:414354494f4e5f4f5045524154494f4e5f56317c303b303b303b303b303b303b303b303a3b303a3b303b;;generator_identity=censusAndCapActionsV1/raw-generator-output;terminal_reason=COMPLETE;validation=VALID;validation_valid=1;validation_exhaustive=1;IMU_MODEL_UNQUALIFIED;FINISH_DEADLINE_MISSED",0,0,2,0,0,"","","",8,1,nan,nan,0,0,inf,0,0,0,0.46076437320083596,271.18953618702051,169,1,0,inf,inf,inf,inf,inf,UNAVAILABLE,IMPLEMENTED_UNVERIFIED,0,0,inf,0,1,28,28,28,28,0,"KEEP_ALL_BEST_EFFORT","NO_VALID_CANDIDATE",0,0,0,1,1,0,0,"","",0,0,0,"RUNNING","","FINISH_DEADLINE_MISSED after 4910.679173 ms; upstream=IMU_MODEL_UNQUALIFIED: no authenticated V1 calibration artifact is bound to the complete model/config digest; profile declarations and calibration identifiers are not qualification evidence;"
1450000000,1450000000,1450000000,"joint_order2","fbbf232a0a941ee9","dual_channel_v1",UNBOUNDED,0,1,1,1,"ACTION_SEARCH_CERTIFICATE_V1:generated=1;planned_evaluations=1;actual_candidate_evaluations=1;actual_post_evaluations=1;actual_pl_evaluations=1;omitted=0;lifecycle=READY_FOR_EVALUATION;cap=1;trusted_snapshot=GENERATED_ACTION_SNAPSHOT_V1|1;137:414354494f4e5f53454d414e544943535f56317c34323a3431343335343439346634653566346635303435353234313534343934663465356635363331376333303362333033623330336233303362333033623330336233303362333033613362333033613362333033623b313b383a346234353435353035663431346334633b303b303b303b303b;42:414354494f4e5f4f5045524154494f4e5f56317c303b303b303b303b303b303b303b303a3b303a3b303b;;generator_identity=censusAndCapActionsV1/raw-generator-output;terminal_reason=COMPLETE;validation=VALID;validation_valid=1;validation_exhaustive=1;IMU_MODEL_UNQUALIFIED;FINISH_DEADLINE_MISSED",0,0,2,0,0,"","","",8,1,nan,nan,0,0,inf,0,0,0,0.47874508371478258,271.18953618702051,169,1,0,inf,inf,inf,inf,inf,UNAVAILABLE,IMPLEMENTED_UNVERIFIED,0,0,inf,0,1,29,29,29,29,0,"KEEP_ALL_BEST_EFFORT","NO_VALID_CANDIDATE",0,0,0,1,1,0,0,"","",0,0,0,"RUNNING","","FINISH_DEADLINE_MISSED after 5220.031134 ms; upstream=IMU_MODEL_UNQUALIFIED: no authenticated V1 calibration artifact is bound to the complete model/config digest; profile declarations and calibration identifiers are not qualification evidence;"
1500000000,1500000000,1500000000,"joint_order2","fbbf232a0a941ee9","dual_channel_v1",UNBOUNDED,0,1,1,1,"ACTION_SEARCH_CERTIFICATE_V1:generated=1;planned_evaluations=1;actual_candidate_evaluations=1;actual_post_evaluations=1;actual_pl_evaluations=1;omitted=0;lifecycle=READY_FOR_EVALUATION;cap=1;trusted_snapshot=GENERATED_ACTION_SNAPSHOT_V1|1;137:414354494f4e5f53454d414e544943535f56317c34323a3431343335343439346634653566346635303435353234313534343934663465356635363331376333303362333033623330336233303362333033623330336233303362333033613362333033613362333033623b313b383a346234353435353035663431346334633b303b303b303b303b;42:414354494f4e5f4f5045524154494f4e5f56317c303b303b303b303b303b303b303b303a3b303a3b303b;;generator_identity=censusAndCapActionsV1/raw-generator-output;terminal_reason=COMPLETE;validation=VALID;validation_valid=1;validation_exhaustive=1;IMU_MODEL_UNQUALIFIED;FINISH_DEADLINE_MISSED",0,0,2,0,0,"","","",8,1,nan,nan,0,0,inf,0,0,0,0.49317081521109934,271.18953618702051,169,1,0,inf,inf,inf,inf,inf,UNAVAILABLE,IMPLEMENTED_UNVERIFIED,0,0,inf,0,1,30,30,30,30,0,"KEEP_ALL_BEST_EFFORT","NO_VALID_CANDIDATE",0,0,0,1,1,0,0,"","",0,0,0,"RUNNING","","FINISH_DEADLINE_MISSED after 5709.265479 ms; upstream=IMU_MODEL_UNQUALIFIED: no authenticated V1 calibration artifact is bound to the complete model/config digest; profile declarations and calibration identifiers are not qualification evidence;"
1550000000,1550000000,1550000000,"joint_order2","fbbf232a0a941ee9","dual_channel_v1",UNBOUNDED,0,1,1,1,"ACTION_SEARCH_CERTIFICATE_V1:generated=1;planned_evaluations=1;actual_candidate_evaluations=1;actual_post_evaluations=1;actual_pl_evaluations=1;omitted=0;lifecycle=READY_FOR_EVALUATION;cap=1;trusted_snapshot=GENERATED_ACTION_SNAPSHOT_V1|1;137:414354494f4e5f53454d414e544943535f56317c34323a3431343335343439346634653566346635303435353234313534343934663465356635363331376333303362333033623330336233303362333033623330336233303362333033613362333033613362333033623b313b383a346234353435353035663431346334633b303b303b303b303b;42:414354494f4e5f4f5045524154494f4e5f56317c303b303b303b303b303b303b303b303a3b303a3b303b;;generator_identity=censusAndCapActionsV1/raw-generator-output;terminal_reason=COMPLETE;validation=VALID;validation_valid=1;validation_exhaustive=1;IMU_MODEL_UNQUALIFIED;FINISH_DEADLINE_MISSED",0,0,2,0,0,"","","",8,1,nan,nan,0,0,inf,0,0,0,0.49814926568969176,271.18953618702051,169,1,0,inf,inf,inf,inf,inf,UNAVAILABLE,IMPLEMENTED_UNVERIFIED,0,0,inf,0,1,31,31,31,31,0,"KEEP_ALL_BEST_EFFORT","NO_VALID_CANDIDATE",0,0,0,1,1,0,0,"","",0,0,0,"RUNNING","","FINISH_DEADLINE_MISSED after 3051.154968 ms; upstream=IMU_MODEL_UNQUALIFIED: no authenticated V1 calibration artifact is bound to the complete model/config digest; profile declarations and calibration identifiers are not qualification evidence;"
1600000000,1600000000,1600000000,"joint_order2","fbbf232a0a941ee9","dual_channel_v1",UNBOUNDED,0,1,1,1,"ACTION_SEARCH_CERTIFICATE_V1:generated=1;planned_evaluations=1;actual_candidate_evaluations=1;actual_post_evaluations=1;actual_pl_evaluations=1;omitted=0;lifecycle=READY_FOR_EVALUATION;cap=1;trusted_snapshot=GENERATED_ACTION_SNAPSHOT_V1|1;137:414354494f4e5f53454d414e544943535f56317c34323a3431343335343439346634653566346635303435353234313534343934663465356635363331376333303362333033623330336233303362333033623330336233303362333033613362333033613362333033623b313b383a346234353435353035663431346334633b303b303b303b303b;42:414354494f4e5f4f5045524154494f4e5f56317c303b303b303b303b303b303b303b303a3b303a3b303b;;generator_identity=censusAndCapActionsV1/raw-generator-output;terminal_reason=COMPLETE;validation=VALID;validation_valid=1;validation_exhaustive=1;IMU_MODEL_UNQUALIFIED;FINISH_DEADLINE_MISSED",0,0,2,0,0,"","","",8,1,nan,nan,0,0,inf,0,0,0,0.4940650841849869,271.18953618702051,169,1,0,inf,inf,inf,inf,inf,UNAVAILABLE,IMPLEMENTED_UNVERIFIED,0,0,inf,0,1,32,32,32,32,0,"KEEP_ALL_BEST_EFFORT","NO_VALID_CANDIDATE",0,0,0,1,1,0,0,"","",0,0,0,"RUNNING","","FINISH_DEADLINE_MISSED after 3023.833828 ms; upstream=IMU_MODEL_UNQUALIFIED: no authenticated V1 calibration artifact is bound to the complete model/config digest; profile declarations and calibration identifiers are not qualification evidence;"
1650000000,1650000000,1650000000,"joint_order2","fbbf232a0a941ee9","dual_channel_v1",UNBOUNDED,0,1,1,1,"ACTION_SEARCH_CERTIFICATE_V1:generated=1;planned_evaluations=1;actual_candidate_evaluations=1;actual_post_evaluations=1;actual_pl_evaluations=1;omitted=0;lifecycle=READY_FOR_EVALUATION;cap=1;trusted_snapshot=GENERATED_ACTION_SNAPSHOT_V1|1;137:414354494f4e5f53454d414e544943535f56317c34323a3431343335343439346634653566346635303435353234313534343934663465356635363331376333303362333033623330336233303362333033623330336233303362333033613362333033613362333033623b313b383a346234353435353035663431346334633b303b303b303b303b;42:414354494f4e5f4f5045524154494f4e5f56317c303b303b303b303b303b303b303b303a3b303a3b303b;;generator_identity=censusAndCapActionsV1/raw-generator-output;terminal_reason=COMPLETE;validation=VALID;validation_valid=1;validation_exhaustive=1;IMU_MODEL_UNQUALIFIED;FINISH_DEADLINE_MISSED",0,0,2,0,0,"","","",8,1,nan,nan,0,0,inf,0,0,0,0.53895089948101194,271.18953618702051,169,1,0,inf,inf,inf,inf,inf,UNAVAILABLE,IMPLEMENTED_UNVERIFIED,0,0,inf,0,1,33,33,33,33,0,"KEEP_ALL_BEST_EFFORT","NO_VALID_CANDIDATE",0,0,0,1,1,0,0,"","",0,0,0,"RUNNING","","FINISH_DEADLINE_MISSED after 3030.202194 ms; upstream=IMU_MODEL_UNQUALIFIED: no authenticated V1 calibration artifact is bound to the complete model/config digest; profile declarations and calibration identifiers are not qualification evidence;"
1700000000,1700000000,1700000000,"joint_order2","fbbf232a0a941ee9","dual_channel_v1",UNBOUNDED,0,1,1,1,"ACTION_SEARCH_CERTIFICATE_V1:generated=1;planned_evaluations=1;actual_candidate_evaluations=1;actual_post_evaluations=1;actual_pl_evaluations=1;omitted=0;lifecycle=READY_FOR_EVALUATION;cap=1;trusted_snapshot=GENERATED_ACTION_SNAPSHOT_V1|1;137:414354494f4e5f53454d414e544943535f56317c34323a3431343335343439346634653566346635303435353234313534343934663465356635363331376333303362333033623330336233303362333033623330336233303362333033613362333033613362333033623b313b383a346234353435353035663431346334633b303b303b303b303b;42:414354494f4e5f4f5045524154494f4e5f56317c303b303b303b303b303b303b303b303a3b303a3b303b;;generator_identity=censusAndCapActionsV1/raw-generator-output;terminal_reason=COMPLETE;validation=VALID;validation_valid=1;validation_exhaustive=1;IMU_MODEL_UNQUALIFIED;FINISH_DEADLINE_MISSED",0,0,2,0,0,"","","",8,1,nan,nan,0,0,inf,0,0,0,0.5611079627529254,271.18953618702051,169,1,0,inf,inf,inf,inf,inf,UNAVAILABLE,IMPLEMENTED_UNVERIFIED,0,0,inf,0,1,34,34,34,34,0,"KEEP_ALL_BEST_EFFORT","NO_VALID_CANDIDATE",0,0,0,1,1,0,0,"","",0,0,0,"RUNNING","","FINISH_DEADLINE_MISSED after 2998.227286 ms; upstream=IMU_MODEL_UNQUALIFIED: no authenticated V1 calibration artifact is bound to the complete model/config digest; profile declarations and calibration identifiers are not qualification evidence;"
1750000000,1750000000,1750000000,"joint_order2","fbbf232a0a941ee9","dual_channel_v1",UNBOUNDED,0,1,1,1,"ACTION_SEARCH_CERTIFICATE_V1:generated=1;planned_evaluations=1;actual_candidate_evaluations=1;actual_post_evaluations=1;actual_pl_evaluations=1;omitted=0;lifecycle=READY_FOR_EVALUATION;cap=1;trusted_snapshot=GENERATED_ACTION_SNAPSHOT_V1|1;137:414354494f4e5f53454d414e544943535f56317c34323a3431343335343439346634653566346635303435353234313534343934663465356635363331376333303362333033623330336233303362333033623330336233303362333033613362333033613362333033623b313b383a346234353435353035663431346334633b303b303b303b303b;42:414354494f4e5f4f5045524154494f4e5f56317c303b303b303b303b303b303b303b303a3b303a3b303b;;generator_identity=censusAndCapActionsV1/raw-generator-output;terminal_reason=COMPLETE;validation=VALID;validation_valid=1;validation_exhaustive=1;IMU_MODEL_UNQUALIFIED;FINISH_DEADLINE_MISSED",0,0,2,0,0,"","","",8,1,nan,nan,0,0,inf,0,0,0,0.58650168107392819,271.18953618702051,169,1,0,inf,inf,inf,inf,inf,UNAVAILABLE,IMPLEMENTED_UNVERIFIED,0,0,inf,0,1,35,35,35,35,0,"KEEP_ALL_BEST_EFFORT","NO_VALID_CANDIDATE",0,0,0,1,1,0,0,"","",0,0,0,"RUNNING","","FINISH_DEADLINE_MISSED after 3015.051898 ms; upstream=IMU_MODEL_UNQUALIFIED: no authenticated V1 calibration artifact is bound to the complete model/config digest; profile declarations and calibration identifiers are not qualification evidence;"
1800000000,1800000000,1800000000,"joint_order2","fbbf232a0a941ee9","dual_channel_v1",UNBOUNDED,0,1,1,1,"ACTION_SEARCH_CERTIFICATE_V1:generated=1;planned_evaluations=1;actual_candidate_evaluations=1;actual_post_evaluations=1;actual_pl_evaluations=1;omitted=0;lifecycle=READY_FOR_EVALUATION;cap=1;trusted_snapshot=GENERATED_ACTION_SNAPSHOT_V1|1;137:414354494f4e5f53454d414e544943535f56317c34323a3431343335343439346634653566346635303435353234313534343934663465356635363331376333303362333033623330336233303362333033623330336233303362333033613362333033613362333033623b313b383a346234353435353035663431346334633b303b303b303b303b;42:414354494f4e5f4f5045524154494f4e5f56317c303b303b303b303b303b303b303b303a3b303a3b303b;;generator_identity=censusAndCapActionsV1/raw-generator-output;terminal_reason=COMPLETE;validation=VALID;validation_valid=1;validation_exhaustive=1;IMU_MODEL_UNQUALIFIED;FINISH_DEADLINE_MISSED",0,0,2,0,0,"","","",8,1,nan,nan,0,0,inf,0,0,0,0.63523623764280068,271.18953618702051,169,1,0,inf,inf,inf,inf,inf,UNAVAILABLE,IMPLEMENTED_UNVERIFIED,0,0,inf,0,1,36,36,36,36,0,"KEEP_ALL_BEST_EFFORT","NO_VALID_CANDIDATE",0,0,0,1,1,0,0,"","",0,0,0,"RUNNING","","FINISH_DEADLINE_MISSED after 3076.636853 ms; upstream=IMU_MODEL_UNQUALIFIED: no authenticated V1 calibration artifact is bound to the complete model/config digest; profile declarations and calibration identifiers are not qualification evidence;"
1850000000,1850000000,1850000000,"joint_order2","fbbf232a0a941ee9","dual_channel_v1",UNBOUNDED,0,1,1,1,"ACTION_SEARCH_CERTIFICATE_V1:generated=1;planned_evaluations=1;actual_candidate_evaluations=1;actual_post_evaluations=1;actual_pl_evaluations=1;omitted=0;lifecycle=READY_FOR_EVALUATION;cap=1;trusted_snapshot=GENERATED_ACTION_SNAPSHOT_V1|1;137:414354494f4e5f53454d414e544943535f56317c34323a3431343335343439346634653566346635303435353234313534343934663465356635363331376333303362333033623330336233303362333033623330336233303362333033613362333033613362333033623b313b383a346234353435353035663431346334633b303b303b303b303b;42:414354494f4e5f4f5045524154494f4e5f56317c303b303b303b303b303b303b303b303a3b303a3b303b;;generator_identity=censusAndCapActionsV1/raw-generator-output;terminal_reason=COMPLETE;validation=VALID;validation_valid=1;validation_exhaustive=1;IMU_MODEL_UNQUALIFIED;FINISH_DEADLINE_MISSED",0,0,2,0,0,"","","",8,1,nan,nan,0,0,inf,0,0,0,0.65669343195701546,271.18953618702051,169,1,0,inf,inf,inf,inf,inf,UNAVAILABLE,IMPLEMENTED_UNVERIFIED,0,0,inf,0,1,37,37,37,37,0,"KEEP_ALL_BEST_EFFORT","NO_VALID_CANDIDATE",0,0,0,1,1,0,0,"","",0,0,0,"RUNNING","","FINISH_DEADLINE_MISSED after 3095.043103 ms; upstream=IMU_MODEL_UNQUALIFIED: no authenticated V1 calibration artifact is bound to the complete model/config digest; profile declarations and calibration identifiers are not qualification evidence;"
1900000000,1900000000,1900000000,"joint_order2","fbbf232a0a941ee9","dual_channel_v1",UNBOUNDED,0,1,1,1,"ACTION_SEARCH_CERTIFICATE_V1:generated=1;planned_evaluations=1;actual_candidate_evaluations=1;actual_post_evaluations=1;actual_pl_evaluations=1;omitted=0;lifecycle=READY_FOR_EVALUATION;cap=1;trusted_snapshot=GENERATED_ACTION_SNAPSHOT_V1|1;137:414354494f4e5f53454d414e544943535f56317c34323a3431343335343439346634653566346635303435353234313534343934663465356635363331376333303362333033623330336233303362333033623330336233303362333033613362333033613362333033623b313b383a346234353435353035663431346334633b303b303b303b303b;42:414354494f4e5f4f5045524154494f4e5f56317c303b303b303b303b303b303b303b303a3b303a3b303b;;generator_identity=censusAndCapActionsV1/raw-generator-output;terminal_reason=COMPLETE;validation=VALID;validation_valid=1;validation_exhaustive=1;IMU_MODEL_UNQUALIFIED;FINISH_DEADLINE_MISSED",0,0,2,0,0,"","","",8,1,nan,nan,0,0,inf,0,0,0,0.67285621161477061,271.18953618702051,169,1,0,inf,inf,inf,inf,inf,UNAVAILABLE,IMPLEMENTED_UNVERIFIED,0,0,inf,0,1,38,38,38,38,0,"KEEP_ALL_BEST_EFFORT","NO_VALID_CANDIDATE",0,0,0,1,1,0,0,"","",0,0,0,"RUNNING","","FINISH_DEADLINE_MISSED after 3138.151214 ms; upstream=IMU_MODEL_UNQUALIFIED: no authenticated V1 calibration artifact is bound to the complete model/config digest; profile declarations and calibration identifiers are not qualification evidence;"
1950000000,1950000000,1950000000,"joint_order2","fbbf232a0a941ee9","dual_channel_v1",UNBOUNDED,0,1,1,1,"ACTION_SEARCH_CERTIFICATE_V1:generated=1;planned_evaluations=1;actual_candidate_evaluations=1;actual_post_evaluations=1;actual_pl_evaluations=1;omitted=0;lifecycle=READY_FOR_EVALUATION;cap=1;trusted_snapshot=GENERATED_ACTION_SNAPSHOT_V1|1;137:414354494f4e5f53454d414e544943535f56317c34323a3431343335343439346634653566346635303435353234313534343934663465356635363331376333303362333033623330336233303362333033623330336233303362333033613362333033613362333033623b313b383a346234353435353035663431346334633b303b303b303b303b;42:414354494f4e5f4f5045524154494f4e5f56317c303b303b303b303b303b303b303b303a3b303a3b303b;;generator_identity=censusAndCapActionsV1/raw-generator-output;terminal_reason=COMPLETE;validation=VALID;validation_valid=1;validation_exhaustive=1;IMU_MODEL_UNQUALIFIED;FINISH_DEADLINE_MISSED",0,0,2,0,0,"","","",8,1,nan,nan,0,0,inf,0,0,0,0.67601455172695379,271.18953618702051,169,1,0,inf,inf,inf,inf,inf,UNAVAILABLE,IMPLEMENTED_UNVERIFIED,0,0,inf,0,1,39,39,39,39,0,"KEEP_ALL_BEST_EFFORT","NO_VALID_CANDIDATE",0,0,0,1,1,0,0,"","",0,0,0,"RUNNING","","FINISH_DEADLINE_MISSED after 3170.268726 ms; upstream=IMU_MODEL_UNQUALIFIED: no authenticated V1 calibration artifact is bound to the complete model/config digest; profile declarations and calibration identifiers are not qualification evidence;"
2000000000,2000000000,2000000000,"joint_order2","fbbf232a0a941ee9","dual_channel_v1",UNBOUNDED,0,1,1,1,"ACTION_SEARCH_CERTIFICATE_V1:generated=1;planned_evaluations=1;actual_candidate_evaluations=1;actual_post_evaluations=1;actual_pl_evaluations=1;omitted=0;lifecycle=READY_FOR_EVALUATION;cap=1;trusted_snapshot=GENERATED_ACTION_SNAPSHOT_V1|1;137:414354494f4e5f53454d414e544943535f56317c34323a3431343335343439346634653566346635303435353234313534343934663465356635363331376333303362333033623330336233303362333033623330336233303362333033613362333033613362333033623b313b383a346234353435353035663431346334633b303b303b303b303b;42:414354494f4e5f4f5045524154494f4e5f56317c303b303b303b303b303b303b303b303a3b303a3b303b;;generator_identity=censusAndCapActionsV1/raw-generator-output;terminal_reason=COMPLETE;validation=VALID;validation_valid=1;validation_exhaustive=1;IMU_MODEL_UNQUALIFIED;FINISH_DEADLINE_MISSED",0,0,2,0,0,"","","",8,1,nan,nan,0,0,inf,0,0,0,0.70538025426229933,271.18953618702051,169,1,0,inf,inf,inf,inf,inf,UNAVAILABLE,IMPLEMENTED_UNVERIFIED,0,0,inf,0,1,40,40,40,40,0,"KEEP_ALL_BEST_EFFORT","NO_VALID_CANDIDATE",0,0,0,1,1,0,0,"","",0,0,0,"RUNNING","","FINISH_DEADLINE_MISSED after 3178.760164 ms; upstream=IMU_MODEL_UNQUALIFIED: no authenticated V1 calibration artifact is bound to the complete model/config digest; profile declarations and calibration identifiers are not qualification evidence;"
2050000000,2050000000,2050000000,"joint_order2","fbbf232a0a941ee9","dual_channel_v1",UNBOUNDED,0,1,1,1,"ACTION_SEARCH_CERTIFICATE_V1:generated=1;planned_evaluations=1;actual_candidate_evaluations=1;actual_post_evaluations=1;actual_pl_evaluations=1;omitted=0;lifecycle=READY_FOR_EVALUATION;cap=1;trusted_snapshot=GENERATED_ACTION_SNAPSHOT_V1|1;137:414354494f4e5f53454d414e544943535f56317c34323a3431343335343439346634653566346635303435353234313534343934663465356635363331376333303362333033623330336233303362333033623330336233303362333033613362333033613362333033623b313b383a346234353435353035663431346334633b303b303b303b303b;42:414354494f4e5f4f5045524154494f4e5f56317c303b303b303b303b303b303b303b303a3b303a3b303b;;generator_identity=censusAndCapActionsV1/raw-generator-output;terminal_reason=COMPLETE;validation=VALID;validation_valid=1;validation_exhaustive=1;IMU_MODEL_UNQUALIFIED;FINISH_DEADLINE_MISSED",0,0,2,0,0,"","","",8,1,nan,nan,0,0,inf,0,0,0,0.71932680253647752,271.18953618702051,169,1,0,inf,inf,inf,inf,inf,UNAVAILABLE,IMPLEMENTED_UNVERIFIED,0,0,inf,0,1,41,41,41,41,0,"KEEP_ALL_BEST_EFFORT","NO_VALID_CANDIDATE",0,0,0,1,1,0,0,"","",0,0,0,"RUNNING","","FINISH_DEADLINE_MISSED after 3152.890723 ms; upstream=IMU_MODEL_UNQUALIFIED: no authenticated V1 calibration artifact is bound to the complete model/config digest; profile declarations and calibration identifiers are not qualification evidence;"
2100000000,2100000000,2100000000,"joint_order2","fbbf232a0a941ee9","dual_channel_v1",UNBOUNDED,0,1,1,1,"ACTION_SEARCH_CERTIFICATE_V1:generated=1;planned_evaluations=1;actual_candidate_evaluations=1;actual_post_evaluations=1;actual_pl_evaluations=1;omitted=0;lifecycle=READY_FOR_EVALUATION;cap=1;trusted_snapshot=GENERATED_ACTION_SNAPSHOT_V1|1;137:414354494f4e5f53454d414e544943535f56317c34323a3431343335343439346634653566346635303435353234313534343934663465356635363331376333303362333033623330336233303362333033623330336233303362333033613362333033613362333033623b313b383a346234353435353035663431346334633b303b303b303b303b;42:414354494f4e5f4f5045524154494f4e5f56317c303b303b303b303b303b303b303b303a3b303a3b303b;;generator_identity=censusAndCapActionsV1/raw-generator-output;terminal_reason=COMPLETE;validation=VALID;validation_valid=1;validation_exhaustive=1;IMU_MODEL_UNQUALIFIED;FINISH_DEADLINE_MISSED",0,0,2,0,0,"","","",8,1,nan,nan,0,0,inf,0,0,0,0.73739664015563744,271.18953618702051,169,1,0,inf,inf,inf,inf,inf,UNAVAILABLE,IMPLEMENTED_UNVERIFIED,0,0,inf,0,1,42,42,42,42,0,"KEEP_ALL_BEST_EFFORT","NO_VALID_CANDIDATE",0,0,0,1,1,0,0,"","",0,0,0,"RUNNING","","FINISH_DEADLINE_MISSED after 3203.918997 ms; upstream=IMU_MODEL_UNQUALIFIED: no authenticated V1 calibration artifact is bound to the complete model/config digest; profile declarations and calibration identifiers are not qualification evidence;"
2150000000,2150000000,2150000000,"joint_order2","fbbf232a0a941ee9","dual_channel_v1",UNBOUNDED,0,1,1,1,"ACTION_SEARCH_CERTIFICATE_V1:generated=1;planned_evaluations=1;actual_candidate_evaluations=1;actual_post_evaluations=1;actual_pl_evaluations=1;omitted=0;lifecycle=READY_FOR_EVALUATION;cap=1;trusted_snapshot=GENERATED_ACTION_SNAPSHOT_V1|1;137:414354494f4e5f53454d414e544943535f56317c34323a3431343335343439346634653566346635303435353234313534343934663465356635363331376333303362333033623330336233303362333033623330336233303362333033613362333033613362333033623b313b383a346234353435353035663431346334633b303b303b303b303b;42:414354494f4e5f4f5045524154494f4e5f56317c303b303b303b303b303b303b303b303a3b303a3b303b;;generator_identity=censusAndCapActionsV1/raw-generator-output;terminal_reason=COMPLETE;validation=VALID;validation_valid=1;validation_exhaustive=1;IMU_MODEL_UNQUALIFIED;FINISH_DEADLINE_MISSED",0,0,2,0,0,"","","",8,1,nan,nan,0,0,inf,0,0,0,0.74599438966909415,271.18953618702051,169,1,0,inf,inf,inf,inf,inf,UNAVAILABLE,IMPLEMENTED_UNVERIFIED,0,0,inf,0,1,43,43,43,43,0,"KEEP_ALL_BEST_EFFORT","NO_VALID_CANDIDATE",0,0,0,1,1,0,0,"","",0,0,0,"RUNNING","","FINISH_DEADLINE_MISSED after 3282.079468 ms; upstream=IMU_MODEL_UNQUALIFIED: no authenticated V1 calibration artifact is bound to the complete model/config digest; profile declarations and calibration identifiers are not qualification evidence;"
2200000000,2200000000,2200000000,"joint_order2","fbbf232a0a941ee9","dual_channel_v1",UNBOUNDED,0,1,1,1,"ACTION_SEARCH_CERTIFICATE_V1:generated=1;planned_evaluations=1;actual_candidate_evaluations=1;actual_post_evaluations=1;actual_pl_evaluations=1;omitted=0;lifecycle=READY_FOR_EVALUATION;cap=1;trusted_snapshot=GENERATED_ACTION_SNAPSHOT_V1|1;137:414354494f4e5f53454d414e544943535f56317c34323a3431343335343439346634653566346635303435353234313534343934663465356635363331376333303362333033623330336233303362333033623330336233303362333033613362333033613362333033623b313b383a346234353435353035663431346334633b303b303b303b303b;42:414354494f4e5f4f5045524154494f4e5f56317c303b303b303b303b303b303b303b303a3b303a3b303b;;generator_identity=censusAndCapActionsV1/raw-generator-output;terminal_reason=COMPLETE;validation=VALID;validation_valid=1;validation_exhaustive=1;IMU_MODEL_UNQUALIFIED;FINISH_DEADLINE_MISSED",0,0,2,0,0,"","","",8,1,nan,nan,0,0,inf,0,0,0,0.78576735081260751,271.18953618702051,169,1,0,inf,inf,inf,inf,inf,UNAVAILABLE,IMPLEMENTED_UNVERIFIED,0,0,inf,0,1,44,44,44,44,0,"KEEP_ALL_BEST_EFFORT","NO_VALID_CANDIDATE",0,0,0,1,1,0,0,"","",0,0,0,"RUNNING","","FINISH_DEADLINE_MISSED after 3114.244964 ms; upstream=IMU_MODEL_UNQUALIFIED: no authenticated V1 calibration artifact is bound to the complete model/config digest; profile declarations and calibration identifiers are not qualification evidence;"
2250000000,2250000000,2250000000,"joint_order2","fbbf232a0a941ee9","dual_channel_v1",UNBOUNDED,0,1,1,1,"ACTION_SEARCH_CERTIFICATE_V1:generated=1;planned_evaluations=1;actual_candidate_evaluations=1;actual_post_evaluations=1;actual_pl_evaluations=1;omitted=0;lifecycle=READY_FOR_EVALUATION;cap=1;trusted_snapshot=GENERATED_ACTION_SNAPSHOT_V1|1;137:414354494f4e5f53454d414e544943535f56317c34323a3431343335343439346634653566346635303435353234313534343934663465356635363331376333303362333033623330336233303362333033623330336233303362333033613362333033613362333033623b313b383a346234353435353035663431346334633b303b303b303b303b;42:414354494f4e5f4f5045524154494f4e5f56317c303b303b303b303b303b303b303b303a3b303a3b303b;;generator_identity=censusAndCapActionsV1/raw-generator-output;terminal_reason=COMPLETE;validation=VALID;validation_valid=1;validation_exhaustive=1;IMU_MODEL_UNQUALIFIED;FINISH_DEADLINE_MISSED",0,0,2,0,0,"","","",8,1,nan,nan,0,0,inf,0,0,0,0.80060336974260515,271.18953618702051,169,1,0,inf,inf,inf,inf,inf,UNAVAILABLE,IMPLEMENTED_UNVERIFIED,0,0,inf,0,1,45,45,45,45,0,"KEEP_ALL_BEST_EFFORT","NO_VALID_CANDIDATE",0,0,0,1,1,0,0,"","",0,0,0,"RUNNING","","FINISH_DEADLINE_MISSED after 3115.347167 ms; upstream=IMU_MODEL_UNQUALIFIED: no authenticated V1 calibration artifact is bound to the complete model/config digest; profile declarations and calibration identifiers are not qualification evidence;"
2300000000,2300000000,2300000000,"joint_order2","fbbf232a0a941ee9","dual_channel_v1",UNBOUNDED,0,1,1,1,"ACTION_SEARCH_CERTIFICATE_V1:generated=1;planned_evaluations=1;actual_candidate_evaluations=1;actual_post_evaluations=1;actual_pl_evaluations=1;omitted=0;lifecycle=READY_FOR_EVALUATION;cap=1;trusted_snapshot=GENERATED_ACTION_SNAPSHOT_V1|1;137:414354494f4e5f53454d414e544943535f56317c34323a3431343335343439346634653566346635303435353234313534343934663465356635363331376333303362333033623330336233303362333033623330336233303362333033613362333033613362333033623b313b383a346234353435353035663431346334633b303b303b303b303b;42:414354494f4e5f4f5045524154494f4e5f56317c303b303b303b303b303b303b303b303a3b303a3b303b;;generator_identity=censusAndCapActionsV1/raw-generator-output;terminal_reason=COMPLETE;validation=VALID;validation_valid=1;validation_exhaustive=1;IMU_MODEL_UNQUALIFIED;FINISH_DEADLINE_MISSED",0,0,2,0,0,"","","",8,1,nan,nan,0,0,inf,0,0,0,0.82279242020772414,271.18953618702051,169,1,0,inf,inf,inf,inf,inf,UNAVAILABLE,IMPLEMENTED_UNVERIFIED,0,0,inf,0,1,46,46,46,46,0,"KEEP_ALL_BEST_EFFORT","NO_VALID_CANDIDATE",0,0,0,1,1,0,0,"","",0,0,0,"RUNNING","","FINISH_DEADLINE_MISSED after 3147.733040 ms; upstream=IMU_MODEL_UNQUALIFIED: no authenticated V1 calibration artifact is bound to the complete model/config digest; profile declarations and calibration identifiers are not qualification evidence;"
2350000000,2350000000,2350000000,"joint_order2","fbbf232a0a941ee9","dual_channel_v1",UNBOUNDED,0,1,1,1,"ACTION_SEARCH_CERTIFICATE_V1:generated=1;planned_evaluations=1;actual_candidate_evaluations=1;actual_post_evaluations=1;actual_pl_evaluations=1;omitted=0;lifecycle=READY_FOR_EVALUATION;cap=1;trusted_snapshot=GENERATED_ACTION_SNAPSHOT_V1|1;137:414354494f4e5f53454d414e544943535f56317c34323a3431343335343439346634653566346635303435353234313534343934663465356635363331376333303362333033623330336233303362333033623330336233303362333033613362333033613362333033623b313b383a346234353435353035663431346334633b303b303b303b303b;42:414354494f4e5f4f5045524154494f4e5f56317c303b303b303b303b303b303b303b303a3b303a3b303b;;generator_identity=censusAndCapActionsV1/raw-generator-output;terminal_reason=COMPLETE;validation=VALID;validation_valid=1;validation_exhaustive=1;IMU_MODEL_UNQUALIFIED;FINISH_DEADLINE_MISSED",0,0,2,0,0,"","","",8,1,nan,nan,0,0,inf,0,0,0,0.83402973872689845,271.18953618702051,169,1,0,inf,inf,inf,inf,inf,UNAVAILABLE,IMPLEMENTED_UNVERIFIED,0,0,inf,0,1,47,47,47,47,0,"KEEP_ALL_BEST_EFFORT","NO_VALID_CANDIDATE",0,0,0,1,1,0,0,"","",0,0,0,"RUNNING","","FINISH_DEADLINE_MISSED after 3219.536563 ms; upstream=IMU_MODEL_UNQUALIFIED: no authenticated V1 calibration artifact is bound to the complete model/config digest; profile declarations and calibration identifiers are not qualification evidence;"
2400000000,2400000000,2400000000,"joint_order2","fbbf232a0a941ee9","dual_channel_v1",UNBOUNDED,0,1,1,1,"ACTION_SEARCH_CERTIFICATE_V1:generated=1;planned_evaluations=1;actual_candidate_evaluations=1;actual_post_evaluations=1;actual_pl_evaluations=1;omitted=0;lifecycle=READY_FOR_EVALUATION;cap=1;trusted_snapshot=GENERATED_ACTION_SNAPSHOT_V1|1;137:414354494f4e5f53454d414e544943535f56317c34323a3431343335343439346634653566346635303435353234313534343934663465356635363331376333303362333033623330336233303362333033623330336233303362333033613362333033613362333033623b313b383a346234353435353035663431346334633b303b303b303b303b;42:414354494f4e5f4f5045524154494f4e5f56317c303b303b303b303b303b303b303b303a3b303a3b303b;;generator_identity=censusAndCapActionsV1/raw-generator-output;terminal_reason=COMPLETE;validation=VALID;validation_valid=1;validation_exhaustive=1;IMU_MODEL_UNQUALIFIED;FINISH_DEADLINE_MISSED",0,0,2,0,0,"","","",8,1,nan,nan,0,0,inf,0,0,0,0.84030352735432057,271.18953618702051,169,1,0,inf,inf,inf,inf,inf,UNAVAILABLE,IMPLEMENTED_UNVERIFIED,0,0,inf,0,1,48,48,48,48,0,"KEEP_ALL_BEST_EFFORT","NO_VALID_CANDIDATE",0,0,0,1,1,0,0,"","",0,0,0,"RUNNING","","FINISH_DEADLINE_MISSED after 3265.765427 ms; upstream=IMU_MODEL_UNQUALIFIED: no authenticated V1 calibration artifact is bound to the complete model/config digest; profile declarations and calibration identifiers are not qualification evidence;"
2450000000,2450000000,2450000000,"joint_order2","fbbf232a0a941ee9","dual_channel_v1",UNBOUNDED,0,1,1,1,"ACTION_SEARCH_CERTIFICATE_V1:generated=1;planned_evaluations=1;actual_candidate_evaluations=1;actual_post_evaluations=1;actual_pl_evaluations=1;omitted=0;lifecycle=READY_FOR_EVALUATION;cap=1;trusted_snapshot=GENERATED_ACTION_SNAPSHOT_V1|1;137:414354494f4e5f53454d414e544943535f56317c34323a3431343335343439346634653566346635303435353234313534343934663465356635363331376333303362333033623330336233303362333033623330336233303362333033613362333033613362333033623b313b383a346234353435353035663431346334633b303b303b303b303b;42:414354494f4e5f4f5045524154494f4e5f56317c303b303b303b303b303b303b303b303a3b303a3b303b;;generator_identity=censusAndCapActionsV1/raw-generator-output;terminal_reason=COMPLETE;validation=VALID;validation_valid=1;validation_exhaustive=1;IMU_MODEL_UNQUALIFIED;FINISH_DEADLINE_MISSED",0,0,2,0,0,"","","",8,1,nan,nan,0,0,inf,0,0,0,0.85845974059691721,271.18953618702051,169,1,0,inf,inf,inf,inf,inf,UNAVAILABLE,IMPLEMENTED_UNVERIFIED,0,0,inf,0,1,49,49,49,49,0,"KEEP_ALL_BEST_EFFORT","NO_VALID_CANDIDATE",0,0,0,1,1,0,0,"","",0,0,0,"RUNNING","","FINISH_DEADLINE_MISSED after 3315.523982 ms; upstream=IMU_MODEL_UNQUALIFIED: no authenticated V1 calibration artifact is bound to the complete model/config digest; profile declarations and calibration identifiers are not qualification evidence;"
2500000000,2500000000,2500000000,"joint_order2","fbbf232a0a941ee9","dual_channel_v1",UNBOUNDED,0,1,1,1,"ACTION_SEARCH_CERTIFICATE_V1:generated=1;planned_evaluations=1;actual_candidate_evaluations=1;actual_post_evaluations=1;actual_pl_evaluations=1;omitted=0;lifecycle=READY_FOR_EVALUATION;cap=1;trusted_snapshot=GENERATED_ACTION_SNAPSHOT_V1|1;137:414354494f4e5f53454d414e544943535f56317c34323a3431343335343439346634653566346635303435353234313534343934663465356635363331376333303362333033623330336233303362333033623330336233303362333033613362333033613362333033623b313b383a346234353435353035663431346334633b303b303b303b303b;42:414354494f4e5f4f5045524154494f4e5f56317c303b303b303b303b303b303b303b303a3b303a3b303b;;generator_identity=censusAndCapActionsV1/raw-generator-output;terminal_reason=COMPLETE;validation=VALID;validation_valid=1;validation_exhaustive=1;IMU_MODEL_UNQUALIFIED;FINISH_DEADLINE_MISSED",0,0,2,0,0,"","","",8,1,nan,nan,0,0,inf,0,0,0,0.88583366301093058,271.18953618702051,169,1,0,inf,inf,inf,inf,inf,UNAVAILABLE,IMPLEMENTED_UNVERIFIED,0,0,inf,0,1,50,50,50,50,0,"KEEP_ALL_BEST_EFFORT","NO_VALID_CANDIDATE",0,0,0,1,1,0,0,"","",0,0,0,"RUNNING","","FINISH_DEADLINE_MISSED after 3339.973364 ms; upstream=IMU_MODEL_UNQUALIFIED: no authenticated V1 calibration artifact is bound to the complete model/config digest; profile declarations and calibration identifiers are not qualification evidence;"
2550000000,2550000000,2550000000,"joint_order2","fbbf232a0a941ee9","dual_channel_v1",UNBOUNDED,0,1,1,1,"ACTION_SEARCH_CERTIFICATE_V1:generated=1;planned_evaluations=1;actual_candidate_evaluations=1;actual_post_evaluations=1;actual_pl_evaluations=1;omitted=0;lifecycle=READY_FOR_EVALUATION;cap=1;trusted_snapshot=GENERATED_ACTION_SNAPSHOT_V1|1;137:414354494f4e5f53454d414e544943535f56317c34323a3431343335343439346634653566346635303435353234313534343934663465356635363331376333303362333033623330336233303362333033623330336233303362333033613362333033613362333033623b313b383a346234353435353035663431346334633b303b303b303b303b;42:414354494f4e5f4f5045524154494f4e5f56317c303b303b303b303b303b303b303b303a3b303a3b303b;;generator_identity=censusAndCapActionsV1/raw-generator-output;terminal_reason=COMPLETE;validation=VALID;validation_valid=1;validation_exhaustive=1;IMU_MODEL_UNQUALIFIED;FINISH_DEADLINE_MISSED",0,0,2,0,0,"","","",8,1,nan,nan,0,0,inf,0,0,0,0.90730870275803799,271.18953618702051,169,1,0,inf,inf,inf,inf,inf,UNAVAILABLE,IMPLEMENTED_UNVERIFIED,0,0,inf,0,1,51,51,51,51,0,"KEEP_ALL_BEST_EFFORT","NO_VALID_CANDIDATE",0,0,0,1,1,0,0,"","",0,0,0,"RUNNING","","FINISH_DEADLINE_MISSED after 3141.594601 ms; upstream=IMU_MODEL_UNQUALIFIED: no authenticated V1 calibration artifact is bound to the complete model/config digest; profile declarations and calibration identifiers are not qualification evidence;"
2600000000,2600000000,2600000000,"joint_order2","fbbf232a0a941ee9","dual_channel_v1",UNBOUNDED,0,1,1,1,"ACTION_SEARCH_CERTIFICATE_V1:generated=1;planned_evaluations=1;actual_candidate_evaluations=1;actual_post_evaluations=1;actual_pl_evaluations=1;omitted=0;lifecycle=READY_FOR_EVALUATION;cap=1;trusted_snapshot=GENERATED_ACTION_SNAPSHOT_V1|1;137:414354494f4e5f53454d414e544943535f56317c34323a3431343335343439346634653566346635303435353234313534343934663465356635363331376333303362333033623330336233303362333033623330336233303362333033613362333033613362333033623b313b383a346234353435353035663431346334633b303b303b303b303b;42:414354494f4e5f4f5045524154494f4e5f56317c303b303b303b303b303b303b303b303a3b303a3b303b;;generator_identity=censusAndCapActionsV1/raw-generator-output;terminal_reason=COMPLETE;validation=VALID;validation_valid=1;validation_exhaustive=1;IMU_MODEL_UNQUALIFIED;FINISH_DEADLINE_MISSED",0,0,2,0,0,"","","",8,1,nan,nan,0,0,inf,0,0,0,0.95561857633757075,271.18953618702051,169,1,0,inf,inf,inf,inf,inf,UNAVAILABLE,IMPLEMENTED_UNVERIFIED,0,0,inf,0,1,52,52,52,52,0,"KEEP_ALL_BEST_EFFORT","NO_VALID_CANDIDATE",0,0,0,1,1,0,0,"","",0,0,0,"RUNNING","","FINISH_DEADLINE_MISSED after 3166.242406 ms; upstream=IMU_MODEL_UNQUALIFIED: no authenticated V1 calibration artifact is bound to the complete model/config digest; profile declarations and calibration identifiers are not qualification evidence;"
2650000000,2650000000,2650000000,"joint_order2","fbbf232a0a941ee9","dual_channel_v1",UNBOUNDED,0,1,1,1,"ACTION_SEARCH_CERTIFICATE_V1:generated=1;planned_evaluations=1;actual_candidate_evaluations=1;actual_post_evaluations=1;actual_pl_evaluations=1;omitted=0;lifecycle=READY_FOR_EVALUATION;cap=1;trusted_snapshot=GENERATED_ACTION_SNAPSHOT_V1|1;137:414354494f4e5f53454d414e544943535f56317c34323a3431343335343439346634653566346635303435353234313534343934663465356635363331376333303362333033623330336233303362333033623330336233303362333033613362333033613362333033623b313b383a346234353435353035663431346334633b303b303b303b303b;42:414354494f4e5f4f5045524154494f4e5f56317c303b303b303b303b303b303b303b303a3b303a3b303b;;generator_identity=censusAndCapActionsV1/raw-generator-output;terminal_reason=COMPLETE;validation=VALID;validation_valid=1;validation_exhaustive=1;IMU_MODEL_UNQUALIFIED;FINISH_DEADLINE_MISSED",0,0,2,0,0,"","","",8,1,nan,nan,0,0,inf,0,0,0,0.96217137512640438,271.18953618702051,169,1,0,inf,inf,inf,inf,inf,UNAVAILABLE,IMPLEMENTED_UNVERIFIED,0,0,inf,0,1,53,53,53,53,0,"KEEP_ALL_BEST_EFFORT","NO_VALID_CANDIDATE",0,0,0,1,1,0,0,"","",0,0,0,"RUNNING","","FINISH_DEADLINE_MISSED after 3233.336495 ms; upstream=IMU_MODEL_UNQUALIFIED: no authenticated V1 calibration artifact is bound to the complete model/config digest; profile declarations and calibration identifiers are not qualification evidence;"
2700000000,2700000000,2700000000,"joint_order2","fbbf232a0a941ee9","dual_channel_v1",UNBOUNDED,0,1,1,1,"ACTION_SEARCH_CERTIFICATE_V1:generated=1;planned_evaluations=1;actual_candidate_evaluations=1;actual_post_evaluations=1;actual_pl_evaluations=1;omitted=0;lifecycle=READY_FOR_EVALUATION;cap=1;trusted_snapshot=GENERATED_ACTION_SNAPSHOT_V1|1;137:414354494f4e5f53454d414e544943535f56317c34323a3431343335343439346634653566346635303435353234313534343934663465356635363331376333303362333033623330336233303362333033623330336233303362333033613362333033613362333033623b313b383a346234353435353035663431346334633b303b303b303b303b;42:414354494f4e5f4f5045524154494f4e5f56317c303b303b303b303b303b303b303b303a3b303a3b303b;;generator_identity=censusAndCapActionsV1/raw-generator-output;terminal_reason=COMPLETE;validation=VALID;validation_valid=1;validation_exhaustive=1;IMU_MODEL_UNQUALIFIED;FINISH_DEADLINE_MISSED",0,0,2,0,0,"","","",8,1,nan,nan,0,0,inf,0,0,0,1.0033494963471239,271.18953618702051,169,1,0,inf,inf,inf,inf,inf,UNAVAILABLE,IMPLEMENTED_UNVERIFIED,0,0,inf,0,1,54,54,54,54,0,"KEEP_ALL_BEST_EFFORT","NO_VALID_CANDIDATE",0,0,0,1,1,0,0,"","",0,0,0,"RUNNING","","FINISH_DEADLINE_MISSED after 3207.889524 ms; upstream=IMU_MODEL_UNQUALIFIED: no authenticated V1 calibration artifact is bound to the complete model/config digest; profile declarations and calibration identifiers are not qualification evidence;"
2750000000,2750000000,2750000000,"joint_order2","fbbf232a0a941ee9","dual_channel_v1",UNBOUNDED,0,1,1,1,"ACTION_SEARCH_CERTIFICATE_V1:generated=1;planned_evaluations=1;actual_candidate_evaluations=1;actual_post_evaluations=1;actual_pl_evaluations=1;omitted=0;lifecycle=READY_FOR_EVALUATION;cap=1;trusted_snapshot=GENERATED_ACTION_SNAPSHOT_V1|1;137:414354494f4e5f53454d414e544943535f56317c34323a3431343335343439346634653566346635303435353234313534343934663465356635363331376333303362333033623330336233303362333033623330336233303362333033613362333033613362333033623b313b383a346234353435353035663431346334633b303b303b303b303b;42:414354494f4e5f4f5045524154494f4e5f56317c303b303b303b303b303b303b303b303a3b303a3b303b;;generator_identity=censusAndCapActionsV1/raw-generator-output;terminal_reason=COMPLETE;validation=VALID;validation_valid=1;validation_exhaustive=1;IMU_MODEL_UNQUALIFIED;FINISH_DEADLINE_MISSED",0,0,2,0,0,"","","",8,1,nan,nan,0,0,inf,0,0,0,1.0121088852106515,271.18953618702051,169,1,0,inf,inf,inf,inf,inf,UNAVAILABLE,IMPLEMENTED_UNVERIFIED,0,0,inf,0,1,55,55,55,55,0,"KEEP_ALL_BEST_EFFORT","NO_VALID_CANDIDATE",0,0,0,1,1,0,0,"","",0,0,0,"RUNNING","","FINISH_DEADLINE_MISSED after 3221.104295 ms; upstream=IMU_MODEL_UNQUALIFIED: no authenticated V1 calibration artifact is bound to the complete model/config digest; profile declarations and calibration identifiers are not qualification evidence;"
2800000000,2800000000,2800000000,"joint_order2","fbbf232a0a941ee9","dual_channel_v1",UNBOUNDED,0,1,1,1,"ACTION_SEARCH_CERTIFICATE_V1:generated=1;planned_evaluations=1;actual_candidate_evaluations=1;actual_post_evaluations=1;actual_pl_evaluations=1;omitted=0;lifecycle=READY_FOR_EVALUATION;cap=1;trusted_snapshot=GENERATED_ACTION_SNAPSHOT_V1|1;137:414354494f4e5f53454d414e544943535f56317c34323a3431343335343439346634653566346635303435353234313534343934663465356635363331376333303362333033623330336233303362333033623330336233303362333033613362333033613362333033623b313b383a346234353435353035663431346334633b303b303b303b303b;42:414354494f4e5f4f5045524154494f4e5f56317c303b303b303b303b303b303b303b303a3b303a3b303b;;generator_identity=censusAndCapActionsV1/raw-generator-output;terminal_reason=COMPLETE;validation=VALID;validation_valid=1;validation_exhaustive=1;IMU_MODEL_UNQUALIFIED;FINISH_DEADLINE_MISSED",0,0,2,0,0,"","","",8,1,nan,nan,0,0,inf,0,0,0,1.0437181693496391,271.18953618702051,169,1,0,inf,inf,inf,inf,inf,UNAVAILABLE,IMPLEMENTED_UNVERIFIED,0,0,inf,0,1,56,56,56,56,0,"KEEP_ALL_BEST_EFFORT","NO_VALID_CANDIDATE",0,0,0,1,1,0,0,"","",0,0,0,"RUNNING","","FINISH_DEADLINE_MISSED after 3178.241219 ms; upstream=IMU_MODEL_UNQUALIFIED: no authenticated V1 calibration artifact is bound to the complete model/config digest; profile declarations and calibration identifiers are not qualification evidence;"
2850000000,2850000000,2850000000,"joint_order2","fbbf232a0a941ee9","dual_channel_v1",UNBOUNDED,0,1,1,1,"ACTION_SEARCH_CERTIFICATE_V1:generated=1;planned_evaluations=1;actual_candidate_evaluations=1;actual_post_evaluations=1;actual_pl_evaluations=1;omitted=0;lifecycle=READY_FOR_EVALUATION;cap=1;trusted_snapshot=GENERATED_ACTION_SNAPSHOT_V1|1;137:414354494f4e5f53454d414e544943535f56317c34323a3431343335343439346634653566346635303435353234313534343934663465356635363331376333303362333033623330336233303362333033623330336233303362333033613362333033613362333033623b313b383a346234353435353035663431346334633b303b303b303b303b;42:414354494f4e5f4f5045524154494f4e5f56317c303b303b303b303b303b303b303b303a3b303a3b303b;;generator_identity=censusAndCapActionsV1/raw-generator-output;terminal_reason=COMPLETE;validation=VALID;validation_valid=1;validation_exhaustive=1;IMU_MODEL_UNQUALIFIED;FINISH_DEADLINE_MISSED",0,0,2,0,0,"","","",8,1,nan,nan,0,0,inf,0,0,0,1.0535438218775866,271.18953618702051,169,1,0,inf,inf,inf,inf,inf,UNAVAILABLE,IMPLEMENTED_UNVERIFIED,0,0,inf,0,1,57,57,57,57,0,"KEEP_ALL_BEST_EFFORT","NO_VALID_CANDIDATE",0,0,0,1,1,0,0,"","",0,0,0,"RUNNING","","FINISH_DEADLINE_MISSED after 3155.499300 ms; upstream=IMU_MODEL_UNQUALIFIED: no authenticated V1 calibration artifact is bound to the complete model/config digest; profile declarations and calibration identifiers are not qualification evidence;"
2900000000,2900000000,2900000000,"joint_order2","fbbf232a0a941ee9","dual_channel_v1",UNBOUNDED,0,1,1,1,"ACTION_SEARCH_CERTIFICATE_V1:generated=1;planned_evaluations=1;actual_candidate_evaluations=1;actual_post_evaluations=1;actual_pl_evaluations=1;omitted=0;lifecycle=READY_FOR_EVALUATION;cap=1;trusted_snapshot=GENERATED_ACTION_SNAPSHOT_V1|1;137:414354494f4e5f53454d414e544943535f56317c34323a3431343335343439346634653566346635303435353234313534343934663465356635363331376333303362333033623330336233303362333033623330336233303362333033613362333033613362333033623b313b383a346234353435353035663431346334633b303b303b303b303b;42:414354494f4e5f4f5045524154494f4e5f56317c303b303b303b303b303b303b303b303a3b303a3b303b;;generator_identity=censusAndCapActionsV1/raw-generator-output;terminal_reason=COMPLETE;validation=VALID;validation_valid=1;validation_exhaustive=1;IMU_MODEL_UNQUALIFIED;FINISH_DEADLINE_MISSED",0,0,2,0,0,"","","",8,1,nan,nan,0,0,inf,0,0,0,1.0646389100224081,271.18953618702051,169,1,0,inf,inf,inf,inf,inf,UNAVAILABLE,IMPLEMENTED_UNVERIFIED,0,0,inf,0,1,58,58,58,58,0,"KEEP_ALL_BEST_EFFORT","NO_VALID_CANDIDATE",0,0,0,1,1,0,0,"","",0,0,0,"RUNNING","","FINISH_DEADLINE_MISSED after 3152.031343 ms; upstream=IMU_MODEL_UNQUALIFIED: no authenticated V1 calibration artifact is bound to the complete model/config digest; profile declarations and calibration identifiers are not qualification evidence;"
2950000000,2950000000,2950000000,"joint_order2","fbbf232a0a941ee9","dual_channel_v1",UNBOUNDED,0,1,1,1,"ACTION_SEARCH_CERTIFICATE_V1:generated=1;planned_evaluations=1;actual_candidate_evaluations=1;actual_post_evaluations=1;actual_pl_evaluations=1;omitted=0;lifecycle=READY_FOR_EVALUATION;cap=1;trusted_snapshot=GENERATED_ACTION_SNAPSHOT_V1|1;137:414354494f4e5f53454d414e544943535f56317c34323a3431343335343439346634653566346635303435353234313534343934663465356635363331376333303362333033623330336233303362333033623330336233303362333033613362333033613362333033623b313b383a346234353435353035663431346334633b303b303b303b303b;42:414354494f4e5f4f5045524154494f4e5f56317c303b303b303b303b303b303b303b303a3b303a3b303b;;generator_identity=censusAndCapActionsV1/raw-generator-output;terminal_reason=COMPLETE;validation=VALID;validation_valid=1;validation_exhaustive=1;IMU_MODEL_UNQUALIFIED;FINISH_DEADLINE_MISSED",0,0,2,0,0,"","","",8,1,nan,nan,0,0,inf,0,0,0,1.0794900817830044,271.18953618702051,169,1,0,inf,inf,inf,inf,inf,UNAVAILABLE,IMPLEMENTED_UNVERIFIED,0,0,inf,0,1,59,59,59,59,0,"KEEP_ALL_BEST_EFFORT","NO_VALID_CANDIDATE",0,0,0,1,1,0,0,"","",0,0,0,"RUNNING","","FINISH_DEADLINE_MISSED after 3149.395801 ms; upstream=IMU_MODEL_UNQUALIFIED: no authenticated V1 calibration artifact is bound to the complete model/config digest; profile declarations and calibration identifiers are not qualification evidence;"
3000000000,3000000000,3000000000,"joint_order2","fbbf232a0a941ee9","dual_channel_v1",UNBOUNDED,0,1,1,1,"ACTION_SEARCH_CERTIFICATE_V1:generated=1;planned_evaluations=1;actual_candidate_evaluations=1;actual_post_evaluations=1;actual_pl_evaluations=1;omitted=0;lifecycle=READY_FOR_EVALUATION;cap=1;trusted_snapshot=GENERATED_ACTION_SNAPSHOT_V1|1;137:414354494f4e5f53454d414e544943535f56317c34323a3431343335343439346634653566346635303435353234313534343934663465356635363331376333303362333033623330336233303362333033623330336233303362333033613362333033613362333033623b313b383a346234353435353035663431346334633b303b303b303b303b;42:414354494f4e5f4f5045524154494f4e5f56317c303b303b303b303b303b303b303b303a3b303a3b303b;;generator_identity=censusAndCapActionsV1/raw-generator-output;terminal_reason=COMPLETE;validation=VALID;validation_valid=1;validation_exhaustive=1;IMU_MODEL_UNQUALIFIED;FINISH_DEADLINE_MISSED",0,0,2,0,0,"","","",8,1,nan,nan,0,0,inf,0,0,0,1.1028546843892861,271.18953618702051,169,1,0,inf,inf,inf,inf,inf,UNAVAILABLE,IMPLEMENTED_UNVERIFIED,0,0,inf,0,1,60,60,60,60,0,"KEEP_ALL_BEST_EFFORT","NO_VALID_CANDIDATE",0,0,0,1,1,0,0,"","",0,0,0,"RUNNING","","FINISH_DEADLINE_MISSED after 3141.304358 ms; upstream=IMU_MODEL_UNQUALIFIED: no authenticated V1 calibration artifact is bound to the complete model/config digest; profile declarations and calibration identifiers are not qualification evidence;"
3050000000,3050000000,3050000000,"joint_order2","fbbf232a0a941ee9","dual_channel_v1",UNBOUNDED,0,1,1,1,"ACTION_SEARCH_CERTIFICATE_V1:generated=1;planned_evaluations=1;actual_candidate_evaluations=1;actual_post_evaluations=1;actual_pl_evaluations=1;omitted=0;lifecycle=READY_FOR_EVALUATION;cap=1;trusted_snapshot=GENERATED_ACTION_SNAPSHOT_V1|1;137:414354494f4e5f53454d414e544943535f56317c34323a3431343335343439346634653566346635303435353234313534343934663465356635363331376333303362333033623330336233303362333033623330336233303362333033613362333033613362333033623b313b383a346234353435353035663431346334633b303b303b303b303b;42:414354494f4e5f4f5045524154494f4e5f56317c303b303b303b303b303b303b303b303a3b303a3b303b;;generator_identity=censusAndCapActionsV1/raw-generator-output;terminal_reason=COMPLETE;validation=VALID;validation_valid=1;validation_exhaustive=1;IMU_MODEL_UNQUALIFIED;FINISH_DEADLINE_MISSED",0,0,2,0,0,"","","",8,1,nan,nan,0,0,inf,0,0,0,1.1222367204468473,271.18953618702051,169,1,0,inf,inf,inf,inf,inf,UNAVAILABLE,IMPLEMENTED_UNVERIFIED,0,0,inf,0,1,61,61,61,61,0,"KEEP_ALL_BEST_EFFORT","NO_VALID_CANDIDATE",0,0,0,1,1,0,0,"","",0,0,0,"RUNNING","","FINISH_DEADLINE_MISSED after 3061.984710 ms; upstream=IMU_MODEL_UNQUALIFIED: no authenticated V1 calibration artifact is bound to the complete model/config digest; profile declarations and calibration identifiers are not qualification evidence;"
3100000000,3100000000,3100000000,"joint_order2","fbbf232a0a941ee9","dual_channel_v1",UNBOUNDED,0,1,1,1,"ACTION_SEARCH_CERTIFICATE_V1:generated=1;planned_evaluations=1;actual_candidate_evaluations=1;actual_post_evaluations=1;actual_pl_evaluations=1;omitted=0;lifecycle=READY_FOR_EVALUATION;cap=1;trusted_snapshot=GENERATED_ACTION_SNAPSHOT_V1|1;137:414354494f4e5f53454d414e544943535f56317c34323a3431343335343439346634653566346635303435353234313534343934663465356635363331376333303362333033623330336233303362333033623330336233303362333033613362333033613362333033623b313b383a346234353435353035663431346334633b303b303b303b303b;42:414354494f4e5f4f5045524154494f4e5f56317c303b303b303b303b303b303b303b303a3b303a3b303b;;generator_identity=censusAndCapActionsV1/raw-generator-output;terminal_reason=COMPLETE;validation=VALID;validation_valid=1;validation_exhaustive=1;IMU_MODEL_UNQUALIFIED;FINISH_DEADLINE_MISSED",0,0,2,0,0,"","","",8,1,nan,nan,0,0,inf,0,0,0,1.1305188618225817,271.18953618702051,169,1,0,inf,inf,inf,inf,inf,UNAVAILABLE,IMPLEMENTED_UNVERIFIED,0,0,inf,0,1,62,62,62,62,0,"KEEP_ALL_BEST_EFFORT","NO_VALID_CANDIDATE",0,0,0,1,1,0,0,"","",0,0,0,"RUNNING","","FINISH_DEADLINE_MISSED after 3025.172539 ms; upstream=IMU_MODEL_UNQUALIFIED: no authenticated V1 calibration artifact is bound to the complete model/config digest; profile declarations and calibration identifiers are not qualification evidence;"
3150000000,3150000000,3150000000,"joint_order2","fbbf232a0a941ee9","dual_channel_v1",UNBOUNDED,0,1,1,1,"ACTION_SEARCH_CERTIFICATE_V1:generated=1;planned_evaluations=1;actual_candidate_evaluations=1;actual_post_evaluations=1;actual_pl_evaluations=1;omitted=0;lifecycle=READY_FOR_EVALUATION;cap=1;trusted_snapshot=GENERATED_ACTION_SNAPSHOT_V1|1;137:414354494f4e5f53454d414e544943535f56317c34323a3431343335343439346634653566346635303435353234313534343934663465356635363331376333303362333033623330336233303362333033623330336233303362333033613362333033613362333033623b313b383a346234353435353035663431346334633b303b303b303b303b;42:414354494f4e5f4f5045524154494f4e5f56317c303b303b303b303b303b303b303b303a3b303a3b303b;;generator_identity=censusAndCapActionsV1/raw-generator-output;terminal_reason=COMPLETE;validation=VALID;validation_valid=1;validation_exhaustive=1;IMU_MODEL_UNQUALIFIED;FINISH_DEADLINE_MISSED",0,0,2,0,0,"","","",8,1,nan,nan,0,0,inf,0,0,0,1.1431271079346859,271.18953618702051,169,1,0,inf,inf,inf,inf,inf,UNAVAILABLE,IMPLEMENTED_UNVERIFIED,0,0,inf,0,1,63,63,63,63,0,"KEEP_ALL_BEST_EFFORT","NO_VALID_CANDIDATE",0,0,0,1,1,0,0,"","",0,0,0,"RUNNING","","FINISH_DEADLINE_MISSED after 3011.629468 ms; upstream=IMU_MODEL_UNQUALIFIED: no authenticated V1 calibration artifact is bound to the complete model/config digest; profile declarations and calibration identifiers are not qualification evidence;"
3200000000,3200000000,3200000000,"joint_order2","fbbf232a0a941ee9","dual_channel_v1",UNBOUNDED,0,1,1,1,"ACTION_SEARCH_CERTIFICATE_V1:generated=1;planned_evaluations=1;actual_candidate_evaluations=1;actual_post_evaluations=1;actual_pl_evaluations=1;omitted=0;lifecycle=READY_FOR_EVALUATION;cap=1;trusted_snapshot=GENERATED_ACTION_SNAPSHOT_V1|1;137:414354494f4e5f53454d414e544943535f56317c34323a3431343335343439346634653566346635303435353234313534343934663465356635363331376333303362333033623330336233303362333033623330336233303362333033613362333033613362333033623b313b383a346234353435353035663431346334633b303b303b303b303b;42:414354494f4e5f4f5045524154494f4e5f56317c303b303b303b303b303b303b303b303a3b303a3b303b;;generator_identity=censusAndCapActionsV1/raw-generator-output;terminal_reason=COMPLETE;validation=VALID;validation_valid=1;validation_exhaustive=1;IMU_MODEL_UNQUALIFIED;FINISH_DEADLINE_MISSED",0,0,2,0,0,"","","",8,1,nan,nan,0,0,inf,0,0,0,1.166629872919057,271.18953618702051,169,1,0,inf,inf,inf,inf,inf,UNAVAILABLE,IMPLEMENTED_UNVERIFIED,0,0,inf,0,1,64,64,64,64,0,"KEEP_ALL_BEST_EFFORT","NO_VALID_CANDIDATE",0,0,0,1,1,0,0,"","",0,0,0,"RUNNING","","FINISH_DEADLINE_MISSED after 3011.763965 ms; upstream=IMU_MODEL_UNQUALIFIED: no authenticated V1 calibration artifact is bound to the complete model/config digest; profile declarations and calibration identifiers are not qualification evidence;"
3250000000,3250000000,3250000000,"joint_order2","fbbf232a0a941ee9","dual_channel_v1",UNBOUNDED,0,1,1,1,"ACTION_SEARCH_CERTIFICATE_V1:generated=1;planned_evaluations=1;actual_candidate_evaluations=1;actual_post_evaluations=1;actual_pl_evaluations=1;omitted=0;lifecycle=READY_FOR_EVALUATION;cap=1;trusted_snapshot=GENERATED_ACTION_SNAPSHOT_V1|1;137:414354494f4e5f53454d414e544943535f56317c34323a3431343335343439346634653566346635303435353234313534343934663465356635363331376333303362333033623330336233303362333033623330336233303362333033613362333033613362333033623b313b383a346234353435353035663431346334633b303b303b303b303b;42:414354494f4e5f4f5045524154494f4e5f56317c303b303b303b303b303b303b303b303a3b303a3b303b;;generator_identity=censusAndCapActionsV1/raw-generator-output;terminal_reason=COMPLETE;validation=VALID;validation_valid=1;validation_exhaustive=1;IMU_MODEL_UNQUALIFIED;FINISH_DEADLINE_MISSED",0,0,2,0,0,"","","",8,1,nan,nan,0,0,inf,0,0,0,1.1701310900277939,271.18953618702051,169,1,0,inf,inf,inf,inf,inf,UNAVAILABLE,IMPLEMENTED_UNVERIFIED,0,0,inf,0,1,65,65,65,65,0,"KEEP_ALL_BEST_EFFORT","NO_VALID_CANDIDATE",0,0,0,1,1,0,0,"","",0,0,0,"RUNNING","","FINISH_DEADLINE_MISSED after 3049.306194 ms; upstream=IMU_MODEL_UNQUALIFIED: no authenticated V1 calibration artifact is bound to the complete model/config digest; profile declarations and calibration identifiers are not qualification evidence;"
3300000000,3300000000,3300000000,"joint_order2","fbbf232a0a941ee9","dual_channel_v1",UNBOUNDED,0,1,1,1,"ACTION_SEARCH_CERTIFICATE_V1:generated=1;planned_evaluations=1;actual_candidate_evaluations=1;actual_post_evaluations=1;actual_pl_evaluations=1;omitted=0;lifecycle=READY_FOR_EVALUATION;cap=1;trusted_snapshot=GENERATED_ACTION_SNAPSHOT_V1|1;137:414354494f4e5f53454d414e544943535f56317c34323a3431343335343439346634653566346635303435353234313534343934663465356635363331376333303362333033623330336233303362333033623330336233303362333033613362333033613362333033623b313b383a346234353435353035663431346334633b303b303b303b303b;42:414354494f4e5f4f5045524154494f4e5f56317c303b303b303b303b303b303b303b303a3b303a3b303b;;generator_identity=censusAndCapActionsV1/raw-generator-output;terminal_reason=COMPLETE;validation=VALID;validation_valid=1;validation_exhaustive=1;IMU_MODEL_UNQUALIFIED;FINISH_DEADLINE_MISSED",0,0,2,0,0,"","","",8,1,nan,nan,0,0,inf,0,0,0,1.1911274549719473,271.18953618702051,169,1,0,inf,inf,inf,inf,inf,UNAVAILABLE,IMPLEMENTED_UNVERIFIED,0,0,inf,0,1,66,66,66,66,0,"KEEP_ALL_BEST_EFFORT","NO_VALID_CANDIDATE",0,0,0,1,1,0,0,"","",0,0,0,"RUNNING","","FINISH_DEADLINE_MISSED after 3041.137834 ms; upstream=IMU_MODEL_UNQUALIFIED: no authenticated V1 calibration artifact is bound to the complete model/config digest; profile declarations and calibration identifiers are not qualification evidence;"
3350000000,3350000000,3350000000,"joint_order2","fbbf232a0a941ee9","dual_channel_v1",UNBOUNDED,0,1,1,1,"ACTION_SEARCH_CERTIFICATE_V1:generated=1;planned_evaluations=1;actual_candidate_evaluations=1;actual_post_evaluations=1;actual_pl_evaluations=1;omitted=0;lifecycle=READY_FOR_EVALUATION;cap=1;trusted_snapshot=GENERATED_ACTION_SNAPSHOT_V1|1;137:414354494f4e5f53454d414e544943535f56317c34323a3431343335343439346634653566346635303435353234313534343934663465356635363331376333303362333033623330336233303362333033623330336233303362333033613362333033613362333033623b313b383a346234353435353035663431346334633b303b303b303b303b;42:414354494f4e5f4f5045524154494f4e5f56317c303b303b303b303b303b303b303b303a3b303a3b303b;;generator_identity=censusAndCapActionsV1/raw-generator-output;terminal_reason=COMPLETE;validation=VALID;validation_valid=1;validation_exhaustive=1;IMU_MODEL_UNQUALIFIED;FINISH_DEADLINE_MISSED",0,0,2,0,0,"","","",8,1,nan,nan,0,0,inf,0,0,0,1.2081208106455614,271.18953618702051,169,1,0,inf,inf,inf,inf,inf,UNAVAILABLE,IMPLEMENTED_UNVERIFIED,0,0,inf,0,1,67,67,67,67,0,"KEEP_ALL_BEST_EFFORT","NO_VALID_CANDIDATE",0,0,0,1,1,0,0,"","",0,0,0,"RUNNING","","FINISH_DEADLINE_MISSED after 3071.449441 ms; upstream=IMU_MODEL_UNQUALIFIED: no authenticated V1 calibration artifact is bound to the complete model/config digest; profile declarations and calibration identifiers are not qualification evidence;"
3400000000,3400000000,3400000000,"joint_order2","fbbf232a0a941ee9","dual_channel_v1",UNBOUNDED,0,1,1,1,"ACTION_SEARCH_CERTIFICATE_V1:generated=1;planned_evaluations=1;actual_candidate_evaluations=1;actual_post_evaluations=1;actual_pl_evaluations=1;omitted=0;lifecycle=READY_FOR_EVALUATION;cap=1;trusted_snapshot=GENERATED_ACTION_SNAPSHOT_V1|1;137:414354494f4e5f53454d414e544943535f56317c34323a3431343335343439346634653566346635303435353234313534343934663465356635363331376333303362333033623330336233303362333033623330336233303362333033613362333033613362333033623b313b383a346234353435353035663431346334633b303b303b303b303b;42:414354494f4e5f4f5045524154494f4e5f56317c303b303b303b303b303b303b303b303a3b303a3b303b;;generator_identity=censusAndCapActionsV1/raw-generator-output;terminal_reason=COMPLETE;validation=VALID;validation_valid=1;validation_exhaustive=1;IMU_MODEL_UNQUALIFIED;FINISH_DEADLINE_MISSED",0,0,2,0,0,"","","",8,1,nan,nan,0,0,inf,0,0,0,1.2260259134253904,271.18953618702051,169,1,0,inf,inf,inf,inf,inf,UNAVAILABLE,IMPLEMENTED_UNVERIFIED,0,0,inf,0,1,68,68,68,68,0,"KEEP_ALL_BEST_EFFORT","NO_VALID_CANDIDATE",0,0,0,1,1,0,0,"","",0,0,0,"RUNNING","","FINISH_DEADLINE_MISSED after 3102.310503 ms; upstream=IMU_MODEL_UNQUALIFIED: no authenticated V1 calibration artifact is bound to the complete model/config digest; profile declarations and calibration identifiers are not qualification evidence;"
3450000000,3450000000,3450000000,"joint_order2","fbbf232a0a941ee9","dual_channel_v1",UNBOUNDED,0,1,1,1,"ACTION_SEARCH_CERTIFICATE_V1:generated=1;planned_evaluations=1;actual_candidate_evaluations=1;actual_post_evaluations=1;actual_pl_evaluations=1;omitted=0;lifecycle=READY_FOR_EVALUATION;cap=1;trusted_snapshot=GENERATED_ACTION_SNAPSHOT_V1|1;137:414354494f4e5f53454d414e544943535f56317c34323a3431343335343439346634653566346635303435353234313534343934663465356635363331376333303362333033623330336233303362333033623330336233303362333033613362333033613362333033623b313b383a346234353435353035663431346334633b303b303b303b303b;42:414354494f4e5f4f5045524154494f4e5f56317c303b303b303b303b303b303b303b303a3b303a3b303b;;generator_identity=censusAndCapActionsV1/raw-generator-output;terminal_reason=COMPLETE;validation=VALID;validation_valid=1;validation_exhaustive=1;IMU_MODEL_UNQUALIFIED;FINISH_DEADLINE_MISSED",0,0,2,0,0,"","","",8,1,nan,nan,0,0,inf,0,0,0,1.2344341806200165,271.18953618702051,169,1,0,inf,inf,inf,inf,inf,UNAVAILABLE,IMPLEMENTED_UNVERIFIED,0,0,inf,0,1,69,69,69,69,0,"KEEP_ALL_BEST_EFFORT","NO_VALID_CANDIDATE",0,0,0,1,1,0,0,"","",0,0,0,"RUNNING","","FINISH_DEADLINE_MISSED after 3156.215898 ms; upstream=IMU_MODEL_UNQUALIFIED: no authenticated V1 calibration artifact is bound to the complete model/config digest; profile declarations and calibration identifiers are not qualification evidence;"
3500000000,3500000000,3500000000,"joint_order2","fbbf232a0a941ee9","dual_channel_v1",UNBOUNDED,0,1,1,1,"ACTION_SEARCH_CERTIFICATE_V1:generated=1;planned_evaluations=1;actual_candidate_evaluations=1;actual_post_evaluations=1;actual_pl_evaluations=1;omitted=0;lifecycle=READY_FOR_EVALUATION;cap=1;trusted_snapshot=GENERATED_ACTION_SNAPSHOT_V1|1;137:414354494f4e5f53454d414e544943535f56317c34323a3431343335343439346634653566346635303435353234313534343934663465356635363331376333303362333033623330336233303362333033623330336233303362333033613362333033613362333033623b313b383a346234353435353035663431346334633b303b303b303b303b;42:414354494f4e5f4f5045524154494f4e5f56317c303b303b303b303b303b303b303b303a3b303a3b303b;;generator_identity=censusAndCapActionsV1/raw-generator-output;terminal_reason=COMPLETE;validation=VALID;validation_valid=1;validation_exhaustive=1;IMU_MODEL_UNQUALIFIED;FINISH_DEADLINE_MISSED",0,0,2,0,0,"","","",8,1,nan,nan,0,0,inf,0,0,0,1.2501718255931673,271.18953618702051,169,1,0,inf,inf,inf,inf,inf,UNAVAILABLE,IMPLEMENTED_UNVERIFIED,0,0,inf,0,1,70,70,70,70,0,"KEEP_ALL_BEST_EFFORT","NO_VALID_CANDIDATE",0,0,0,1,1,0,0,"","",0,0,0,"RUNNING","","FINISH_DEADLINE_MISSED after 3186.551922 ms; upstream=IMU_MODEL_UNQUALIFIED: no authenticated V1 calibration artifact is bound to the complete model/config digest; profile declarations and calibration identifiers are not qualification evidence;"
3550000000,3550000000,3550000000,"joint_order2","fbbf232a0a941ee9","dual_channel_v1",UNBOUNDED,0,1,1,1,"ACTION_SEARCH_CERTIFICATE_V1:generated=1;planned_evaluations=1;actual_candidate_evaluations=1;actual_post_evaluations=1;actual_pl_evaluations=1;omitted=0;lifecycle=READY_FOR_EVALUATION;cap=1;trusted_snapshot=GENERATED_ACTION_SNAPSHOT_V1|1;137:414354494f4e5f53454d414e544943535f56317c34323a3431343335343439346634653566346635303435353234313534343934663465356635363331376333303362333033623330336233303362333033623330336233303362333033613362333033613362333033623b313b383a346234353435353035663431346334633b303b303b303b303b;42:414354494f4e5f4f5045524154494f4e5f56317c303b303b303b303b303b303b303b303a3b303a3b303b;;generator_identity=censusAndCapActionsV1/raw-generator-output;terminal_reason=COMPLETE;validation=VALID;validation_valid=1;validation_exhaustive=1;IMU_MODEL_UNQUALIFIED;FINISH_DEADLINE_MISSED",0,0,2,0,0,"","","",8,1,nan,nan,0,0,inf,0,0,0,1.2735747714665404,271.18953618702051,169,1,0,inf,inf,inf,inf,inf,UNAVAILABLE,IMPLEMENTED_UNVERIFIED,0,0,inf,0,1,71,71,71,71,0,"KEEP_ALL_BEST_EFFORT","NO_VALID_CANDIDATE",0,0,0,1,1,0,0,"","",0,0,0,"RUNNING","","FINISH_DEADLINE_MISSED after 3170.939049 ms; upstream=IMU_MODEL_UNQUALIFIED: no authenticated V1 calibration artifact is bound to the complete model/config digest; profile declarations and calibration identifiers are not qualification evidence;"
3600000000,3600000000,3600000000,"joint_order2","fbbf232a0a941ee9","dual_channel_v1",UNBOUNDED,0,1,1,1,"ACTION_SEARCH_CERTIFICATE_V1:generated=1;planned_evaluations=1;actual_candidate_evaluations=1;actual_post_evaluations=1;actual_pl_evaluations=1;omitted=0;lifecycle=READY_FOR_EVALUATION;cap=1;trusted_snapshot=GENERATED_ACTION_SNAPSHOT_V1|1;137:414354494f4e5f53454d414e544943535f56317c34323a3431343335343439346634653566346635303435353234313534343934663465356635363331376333303362333033623330336233303362333033623330336233303362333033613362333033613362333033623b313b383a346234353435353035663431346334633b303b303b303b303b;42:414354494f4e5f4f5045524154494f4e5f56317c303b303b303b303b303b303b303b303a3b303a3b303b;;generator_identity=censusAndCapActionsV1/raw-generator-output;terminal_reason=COMPLETE;validation=VALID;validation_valid=1;validation_exhaustive=1;IMU_MODEL_UNQUALIFIED;FINISH_DEADLINE_MISSED",0,0,2,0,0,"","","",8,1,nan,nan,0,0,inf,0,0,0,1.2952450288324751,271.18953618702051,169,1,0,inf,inf,inf,inf,inf,UNAVAILABLE,IMPLEMENTED_UNVERIFIED,0,0,inf,0,1,72,72,72,72,0,"KEEP_ALL_BEST_EFFORT","NO_VALID_CANDIDATE",0,0,0,1,1,0,0,"","",0,0,0,"RUNNING","","FINISH_DEADLINE_MISSED after 3210.339144 ms; upstream=IMU_MODEL_UNQUALIFIED: no authenticated V1 calibration artifact is bound to the complete model/config digest; profile declarations and calibration identifiers are not qualification evidence;"
3650000000,3650000000,3650000000,"joint_order2","fbbf232a0a941ee9","dual_channel_v1",UNBOUNDED,0,1,1,1,"ACTION_SEARCH_CERTIFICATE_V1:generated=1;planned_evaluations=1;actual_candidate_evaluations=1;actual_post_evaluations=1;actual_pl_evaluations=1;omitted=0;lifecycle=READY_FOR_EVALUATION;cap=1;trusted_snapshot=GENERATED_ACTION_SNAPSHOT_V1|1;137:414354494f4e5f53454d414e544943535f56317c34323a3431343335343439346634653566346635303435353234313534343934663465356635363331376333303362333033623330336233303362333033623330336233303362333033613362333033613362333033623b313b383a346234353435353035663431346334633b303b303b303b303b;42:414354494f4e5f4f5045524154494f4e5f56317c303b303b303b303b303b303b303b303a3b303a3b303b;;generator_identity=censusAndCapActionsV1/raw-generator-output;terminal_reason=COMPLETE;validation=VALID;validation_valid=1;validation_exhaustive=1;IMU_MODEL_UNQUALIFIED;FINISH_DEADLINE_MISSED",0,0,2,0,0,"","","",8,1,nan,nan,0,0,inf,0,0,0,1.3201634090334828,271.18953618702051,169,1,0,inf,inf,inf,inf,inf,UNAVAILABLE,IMPLEMENTED_UNVERIFIED,0,0,inf,0,1,73,73,73,73,0,"KEEP_ALL_BEST_EFFORT","NO_VALID_CANDIDATE",0,0,0,1,1,0,0,"","",0,0,0,"RUNNING","","FINISH_DEADLINE_MISSED after 3169.933348 ms; upstream=IMU_MODEL_UNQUALIFIED: no authenticated V1 calibration artifact is bound to the complete model/config digest; profile declarations and calibration identifiers are not qualification evidence;"
3700000000,3700000000,3700000000,"joint_order2","fbbf232a0a941ee9","dual_channel_v1",UNBOUNDED,0,1,1,1,"ACTION_SEARCH_CERTIFICATE_V1:generated=1;planned_evaluations=1;actual_candidate_evaluations=1;actual_post_evaluations=1;actual_pl_evaluations=1;omitted=0;lifecycle=READY_FOR_EVALUATION;cap=1;trusted_snapshot=GENERATED_ACTION_SNAPSHOT_V1|1;137:414354494f4e5f53454d414e544943535f56317c34323a3431343335343439346634653566346635303435353234313534343934663465356635363331376333303362333033623330336233303362333033623330336233303362333033613362333033613362333033623b313b383a346234353435353035663431346334633b303b303b303b303b;42:414354494f4e5f4f5045524154494f4e5f56317c303b303b303b303b303b303b303b303a3b303a3b303b;;generator_identity=censusAndCapActionsV1/raw-generator-output;terminal_reason=COMPLETE;validation=VALID;validation_valid=1;validation_exhaustive=1;IMU_MODEL_UNQUALIFIED;FINISH_DEADLINE_MISSED",0,0,2,0,0,"","","",8,1,nan,nan,0,0,inf,0,0,0,1.3333099583307466,271.18953618702051,169,1,0,inf,inf,inf,inf,inf,UNAVAILABLE,IMPLEMENTED_UNVERIFIED,0,0,inf,0,1,74,74,74,74,0,"KEEP_ALL_BEST_EFFORT","NO_VALID_CANDIDATE",0,0,0,1,1,0,0,"","",0,0,0,"RUNNING","","FINISH_DEADLINE_MISSED after 3230.662233 ms; upstream=IMU_MODEL_UNQUALIFIED: no authenticated V1 calibration artifact is bound to the complete model/config digest; profile declarations and calibration identifiers are not qualification evidence;"
3750000000,3750000000,3750000000,"joint_order2","fbbf232a0a941ee9","dual_channel_v1",UNBOUNDED,0,1,1,1,"ACTION_SEARCH_CERTIFICATE_V1:generated=1;planned_evaluations=1;actual_candidate_evaluations=1;actual_post_evaluations=1;actual_pl_evaluations=1;omitted=0;lifecycle=READY_FOR_EVALUATION;cap=1;trusted_snapshot=GENERATED_ACTION_SNAPSHOT_V1|1;137:414354494f4e5f53454d414e544943535f56317c34323a3431343335343439346634653566346635303435353234313534343934663465356635363331376333303362333033623330336233303362333033623330336233303362333033613362333033613362333033623b313b383a346234353435353035663431346334633b303b303b303b303b;42:414354494f4e5f4f5045524154494f4e5f56317c303b303b303b303b303b303b303b303a3b303a3b303b;;generator_identity=censusAndCapActionsV1/raw-generator-output;terminal_reason=COMPLETE;validation=VALID;validation_valid=1;validation_exhaustive=1;IMU_MODEL_UNQUALIFIED;FINISH_DEADLINE_MISSED",0,0,2,0,0,"","","",8,1,nan,nan,0,0,inf,0,0,0,1.3644817120001005,271.18953618702051,169,1,0,inf,inf,inf,inf,inf,UNAVAILABLE,IMPLEMENTED_UNVERIFIED,0,0,inf,0,1,75,75,75,75,0,"KEEP_ALL_BEST_EFFORT","NO_VALID_CANDIDATE",0,0,0,1,1,0,0,"","",0,0,0,"RUNNING","","FINISH_DEADLINE_MISSED after 3278.320314 ms; upstream=IMU_MODEL_UNQUALIFIED: no authenticated V1 calibration artifact is bound to the complete model/config digest; profile declarations and calibration identifiers are not qualification evidence;"
3800000000,3800000000,3800000000,"joint_order2","fbbf232a0a941ee9","dual_channel_v1",UNBOUNDED,0,1,1,1,"ACTION_SEARCH_CERTIFICATE_V1:generated=1;planned_evaluations=1;actual_candidate_evaluations=1;actual_post_evaluations=1;actual_pl_evaluations=1;omitted=0;lifecycle=READY_FOR_EVALUATION;cap=1;trusted_snapshot=GENERATED_ACTION_SNAPSHOT_V1|1;137:414354494f4e5f53454d414e544943535f56317c34323a3431343335343439346634653566346635303435353234313534343934663465356635363331376333303362333033623330336233303362333033623330336233303362333033613362333033613362333033623b313b383a346234353435353035663431346334633b303b303b303b303b;42:414354494f4e5f4f5045524154494f4e5f56317c303b303b303b303b303b303b303b303a3b303a3b303b;;generator_identity=censusAndCapActionsV1/raw-generator-output;terminal_reason=COMPLETE;validation=VALID;validation_valid=1;validation_exhaustive=1;IMU_MODEL_UNQUALIFIED;FINISH_DEADLINE_MISSED",0,0,2,0,0,"","","",8,1,nan,nan,0,0,inf,0,0,0,1.3737986131413646,271.18953618702051,169,1,0,inf,inf,inf,inf,inf,UNAVAILABLE,IMPLEMENTED_UNVERIFIED,0,0,inf,0,1,76,76,76,76,0,"KEEP_ALL_BEST_EFFORT","NO_VALID_CANDIDATE",0,0,0,1,1,0,0,"","",0,0,0,"RUNNING","","FINISH_DEADLINE_MISSED after 3036.277468 ms; upstream=IMU_MODEL_UNQUALIFIED: no authenticated V1 calibration artifact is bound to the complete model/config digest; profile declarations and calibration identifiers are not qualification evidence;"
3850000000,3850000000,3850000000,"joint_order2","fbbf232a0a941ee9","dual_channel_v1",UNBOUNDED,0,1,1,1,"ACTION_SEARCH_CERTIFICATE_V1:generated=1;planned_evaluations=1;actual_candidate_evaluations=1;actual_post_evaluations=1;actual_pl_evaluations=1;omitted=0;lifecycle=READY_FOR_EVALUATION;cap=1;trusted_snapshot=GENERATED_ACTION_SNAPSHOT_V1|1;137:414354494f4e5f53454d414e544943535f56317c34323a3431343335343439346634653566346635303435353234313534343934663465356635363331376333303362333033623330336233303362333033623330336233303362333033613362333033613362333033623b313b383a346234353435353035663431346334633b303b303b303b303b;42:414354494f4e5f4f5045524154494f4e5f56317c303b303b303b303b303b303b303b303a3b303a3b303b;;generator_identity=censusAndCapActionsV1/raw-generator-output;terminal_reason=COMPLETE;validation=VALID;validation_valid=1;validation_exhaustive=1;IMU_MODEL_UNQUALIFIED;FINISH_DEADLINE_MISSED",0,0,2,0,0,"","","",8,1,nan,nan,0,0,inf,0,0,0,1.3888073865744754,271.18953618702051,169,1,0,inf,inf,inf,inf,inf,UNAVAILABLE,IMPLEMENTED_UNVERIFIED,0,0,inf,0,1,77,77,77,77,0,"KEEP_ALL_BEST_EFFORT","NO_VALID_CANDIDATE",0,0,0,1,1,0,0,"","",0,0,0,"RUNNING","","FINISH_DEADLINE_MISSED after 3011.619588 ms; upstream=IMU_MODEL_UNQUALIFIED: no authenticated V1 calibration artifact is bound to the complete model/config digest; profile declarations and calibration identifiers are not qualification evidence;"
3900000000,3900000000,3900000000,"joint_order2","fbbf232a0a941ee9","dual_channel_v1",UNBOUNDED,0,1,1,1,"ACTION_SEARCH_CERTIFICATE_V1:generated=1;planned_evaluations=1;actual_candidate_evaluations=1;actual_post_evaluations=1;actual_pl_evaluations=1;omitted=0;lifecycle=READY_FOR_EVALUATION;cap=1;trusted_snapshot=GENERATED_ACTION_SNAPSHOT_V1|1;137:414354494f4e5f53454d414e544943535f56317c34323a3431343335343439346634653566346635303435353234313534343934663465356635363331376333303362333033623330336233303362333033623330336233303362333033613362333033613362333033623b313b383a346234353435353035663431346334633b303b303b303b303b;42:414354494f4e5f4f5045524154494f4e5f56317c303b303b303b303b303b303b303b303a3b303a3b303b;;generator_identity=censusAndCapActionsV1/raw-generator-output;terminal_reason=COMPLETE;validation=VALID;validation_valid=1;validation_exhaustive=1;IMU_MODEL_UNQUALIFIED;FINISH_DEADLINE_MISSED",0,0,2,0,0,"","","",8,1,nan,nan,0,0,inf,0,0,0,1.4048819739920198,271.18953618702051,169,1,0,inf,inf,inf,inf,inf,UNAVAILABLE,IMPLEMENTED_UNVERIFIED,0,0,inf,0,1,78,78,78,78,0,"KEEP_ALL_BEST_EFFORT","NO_VALID_CANDIDATE",0,0,0,1,1,0,0,"","",0,0,0,"RUNNING","","FINISH_DEADLINE_MISSED after 3041.557472 ms; upstream=IMU_MODEL_UNQUALIFIED: no authenticated V1 calibration artifact is bound to the complete model/config digest; profile declarations and calibration identifiers are not qualification evidence;"
3950000000,3950000000,3950000000,"joint_order2","fbbf232a0a941ee9","dual_channel_v1",UNBOUNDED,0,1,1,1,"ACTION_SEARCH_CERTIFICATE_V1:generated=1;planned_evaluations=1;actual_candidate_evaluations=1;actual_post_evaluations=1;actual_pl_evaluations=1;omitted=0;lifecycle=READY_FOR_EVALUATION;cap=1;trusted_snapshot=GENERATED_ACTION_SNAPSHOT_V1|1;137:414354494f4e5f53454d414e544943535f56317c34323a3431343335343439346634653566346635303435353234313534343934663465356635363331376333303362333033623330336233303362333033623330336233303362333033613362333033613362333033623b313b383a346234353435353035663431346334633b303b303b303b303b;42:414354494f4e5f4f5045524154494f4e5f56317c303b303b303b303b303b303b303b303a3b303a3b303b;;generator_identity=censusAndCapActionsV1/raw-generator-output;terminal_reason=COMPLETE;validation=VALID;validation_valid=1;validation_exhaustive=1;IMU_MODEL_UNQUALIFIED;FINISH_DEADLINE_MISSED",0,0,2,0,0,"","","",8,1,nan,nan,0,0,inf,0,0,0,1.4138876292228528,271.18953618702051,169,1,0,inf,inf,inf,inf,inf,UNAVAILABLE,IMPLEMENTED_UNVERIFIED,0,0,inf,0,1,79,79,79,79,0,"KEEP_ALL_BEST_EFFORT","NO_VALID_CANDIDATE",0,0,0,1,1,0,0,"","",0,0,0,"RUNNING","","FINISH_DEADLINE_MISSED after 3092.374161 ms; upstream=IMU_MODEL_UNQUALIFIED: no authenticated V1 calibration artifact is bound to the complete model/config digest; profile declarations and calibration identifiers are not qualification evidence;"
4000000000,4000000000,4000000000,"joint_order2","fbbf232a0a941ee9","dual_channel_v1",UNBOUNDED,0,1,1,1,"ACTION_SEARCH_CERTIFICATE_V1:generated=1;planned_evaluations=1;actual_candidate_evaluations=1;actual_post_evaluations=1;actual_pl_evaluations=1;omitted=0;lifecycle=READY_FOR_EVALUATION;cap=1;trusted_snapshot=GENERATED_ACTION_SNAPSHOT_V1|1;137:414354494f4e5f53454d414e544943535f56317c34323a3431343335343439346634653566346635303435353234313534343934663465356635363331376333303362333033623330336233303362333033623330336233303362333033613362333033613362333033623b313b383a346234353435353035663431346334633b303b303b303b303b;42:414354494f4e5f4f5045524154494f4e5f56317c303b303b303b303b303b303b303b303a3b303a3b303b;;generator_identity=censusAndCapActionsV1/raw-generator-output;terminal_reason=COMPLETE;validation=VALID;validation_valid=1;validation_exhaustive=1;IMU_MODEL_UNQUALIFIED;FINISH_DEADLINE_MISSED",0,0,2,0,0,"","","",8,1,nan,nan,0,0,inf,0,0,0,1.4442643940825741,271.18953618702051,169,1,0,inf,inf,inf,inf,inf,UNAVAILABLE,IMPLEMENTED_UNVERIFIED,0,0,inf,0,1,80,80,80,80,0,"KEEP_ALL_BEST_EFFORT","NO_VALID_CANDIDATE",0,0,0,1,1,0,0,"","",0,0,0,"RUNNING","","FINISH_DEADLINE_MISSED after 3143.256462 ms; upstream=IMU_MODEL_UNQUALIFIED: no authenticated V1 calibration artifact is bound to the complete model/config digest; profile declarations and calibration identifiers are not qualification evidence;"
4050000000,4050000000,4050000000,"joint_order2","fbbf232a0a941ee9","dual_channel_v1",UNBOUNDED,0,1,1,1,"ACTION_SEARCH_CERTIFICATE_V1:generated=1;planned_evaluations=1;actual_candidate_evaluations=1;actual_post_evaluations=1;actual_pl_evaluations=1;omitted=0;lifecycle=READY_FOR_EVALUATION;cap=1;trusted_snapshot=GENERATED_ACTION_SNAPSHOT_V1|1;137:414354494f4e5f53454d414e544943535f56317c34323a3431343335343439346634653566346635303435353234313534343934663465356635363331376333303362333033623330336233303362333033623330336233303362333033613362333033613362333033623b313b383a346234353435353035663431346334633b303b303b303b303b;42:414354494f4e5f4f5045524154494f4e5f56317c303b303b303b303b303b303b303b303a3b303a3b303b;;generator_identity=censusAndCapActionsV1/raw-generator-output;terminal_reason=COMPLETE;validation=VALID;validation_valid=1;validation_exhaustive=1;IMU_MODEL_UNQUALIFIED;FINISH_DEADLINE_MISSED",0,0,2,0,0,"","","",8,1,nan,nan,0,0,inf,0,0,0,1.4466631151548386,271.18953618702051,169,1,0,inf,inf,inf,inf,inf,UNAVAILABLE,IMPLEMENTED_UNVERIFIED,0,0,inf,0,1,81,81,81,81,0,"KEEP_ALL_BEST_EFFORT","NO_VALID_CANDIDATE",0,0,0,1,1,0,0,"","",0,0,0,"RUNNING","","FINISH_DEADLINE_MISSED after 3212.349043 ms; upstream=IMU_MODEL_UNQUALIFIED: no authenticated V1 calibration artifact is bound to the complete model/config digest; profile declarations and calibration identifiers are not qualification evidence;"
4100000000,4100000000,4100000000,"joint_order2","fbbf232a0a941ee9","dual_channel_v1",UNBOUNDED,0,1,1,1,"ACTION_SEARCH_CERTIFICATE_V1:generated=1;planned_evaluations=1;actual_candidate_evaluations=1;actual_post_evaluations=1;actual_pl_evaluations=1;omitted=0;lifecycle=READY_FOR_EVALUATION;cap=1;trusted_snapshot=GENERATED_ACTION_SNAPSHOT_V1|1;137:414354494f4e5f53454d414e544943535f56317c34323a3431343335343439346634653566346635303435353234313534343934663465356635363331376333303362333033623330336233303362333033623330336233303362333033613362333033613362333033623b313b383a346234353435353035663431346334633b303b303b303b303b;42:414354494f4e5f4f5045524154494f4e5f56317c303b303b303b303b303b303b303b303a3b303a3b303b;;generator_identity=censusAndCapActionsV1/raw-generator-output;terminal_reason=COMPLETE;validation=VALID;validation_valid=1;validation_exhaustive=1;IMU_MODEL_UNQUALIFIED;FINISH_DEADLINE_MISSED",0,0,2,0,0,"","","",8,1,nan,nan,0,0,inf,0,0,0,1.467957867161386,271.18953618702051,169,1,0,inf,inf,inf,inf,inf,UNAVAILABLE,IMPLEMENTED_UNVERIFIED,0,0,inf,0,1,82,82,82,82,0,"KEEP_ALL_BEST_EFFORT","NO_VALID_CANDIDATE",0,0,0,1,1,0,0,"","",0,0,0,"RUNNING","","FINISH_DEADLINE_MISSED after 3336.384362 ms; upstream=IMU_MODEL_UNQUALIFIED: no authenticated V1 calibration artifact is bound to the complete model/config digest; profile declarations and calibration identifiers are not qualification evidence;"
4150000000,4150000000,4150000000,"joint_order2","fbbf232a0a941ee9","dual_channel_v1",UNBOUNDED,0,1,1,1,"ACTION_SEARCH_CERTIFICATE_V1:generated=1;planned_evaluations=1;actual_candidate_evaluations=1;actual_post_evaluations=1;actual_pl_evaluations=1;omitted=0;lifecycle=READY_FOR_EVALUATION;cap=1;trusted_snapshot=GENERATED_ACTION_SNAPSHOT_V1|1;137:414354494f4e5f53454d414e544943535f56317c34323a3431343335343439346634653566346635303435353234313534343934663465356635363331376333303362333033623330336233303362333033623330336233303362333033613362333033613362333033623b313b383a346234353435353035663431346334633b303b303b303b303b;42:414354494f4e5f4f5045524154494f4e5f56317c303b303b303b303b303b303b303b303a3b303a3b303b;;generator_identity=censusAndCapActionsV1/raw-generator-output;terminal_reason=COMPLETE;validation=VALID;validation_valid=1;validation_exhaustive=1;IMU_MODEL_UNQUALIFIED;FINISH_DEADLINE_MISSED",0,0,2,0,0,"","","",8,1,nan,nan,0,0,inf,0,0,0,1.4835390297869298,271.18953618702051,169,1,0,inf,inf,inf,inf,inf,UNAVAILABLE,IMPLEMENTED_UNVERIFIED,0,0,inf,0,1,83,83,83,83,0,"KEEP_ALL_BEST_EFFORT","NO_VALID_CANDIDATE",0,0,0,1,1,0,0,"","",0,0,0,"RUNNING","","FINISH_DEADLINE_MISSED after 3353.606385 ms; upstream=IMU_MODEL_UNQUALIFIED: no authenticated V1 calibration artifact is bound to the complete model/config digest; profile declarations and calibration identifiers are not qualification evidence;"
4200000000,4200000000,4200000000,"joint_order2","fbbf232a0a941ee9","dual_channel_v1",UNBOUNDED,0,1,1,1,"ACTION_SEARCH_CERTIFICATE_V1:generated=1;planned_evaluations=1;actual_candidate_evaluations=1;actual_post_evaluations=1;actual_pl_evaluations=1;omitted=0;lifecycle=READY_FOR_EVALUATION;cap=1;trusted_snapshot=GENERATED_ACTION_SNAPSHOT_V1|1;137:414354494f4e5f53454d414e544943535f56317c34323a3431343335343439346634653566346635303435353234313534343934663465356635363331376333303362333033623330336233303362333033623330336233303362333033613362333033613362333033623b313b383a346234353435353035663431346334633b303b303b303b303b;42:414354494f4e5f4f5045524154494f4e5f56317c303b303b303b303b303b303b303b303a3b303a3b303b;;generator_identity=censusAndCapActionsV1/raw-generator-output;terminal_reason=COMPLETE;validation=VALID;validation_valid=1;validation_exhaustive=1;IMU_MODEL_UNQUALIFIED;FINISH_DEADLINE_MISSED",0,0,2,0,0,"","","",8,1,nan,nan,0,0,inf,0,0,0,1.4965130220390166,271.18953618702051,169,1,0,inf,inf,inf,inf,inf,UNAVAILABLE,IMPLEMENTED_UNVERIFIED,0,0,inf,0,1,84,84,84,84,0,"KEEP_ALL_BEST_EFFORT","NO_VALID_CANDIDATE",0,0,0,1,1,0,0,"","",0,0,0,"RUNNING","","FINISH_DEADLINE_MISSED after 3332.627661 ms; upstream=IMU_MODEL_UNQUALIFIED: no authenticated V1 calibration artifact is bound to the complete model/config digest; profile declarations and calibration identifiers are not qualification evidence;"
4250000000,4250000000,4250000000,"joint_order2","fbbf232a0a941ee9","dual_channel_v1",UNBOUNDED,0,1,1,1,"ACTION_SEARCH_CERTIFICATE_V1:generated=1;planned_evaluations=1;actual_candidate_evaluations=1;actual_post_evaluations=1;actual_pl_evaluations=1;omitted=0;lifecycle=READY_FOR_EVALUATION;cap=1;trusted_snapshot=GENERATED_ACTION_SNAPSHOT_V1|1;137:414354494f4e5f53454d414e544943535f56317c34323a3431343335343439346634653566346635303435353234313534343934663465356635363331376333303362333033623330336233303362333033623330336233303362333033613362333033613362333033623b313b383a346234353435353035663431346334633b303b303b303b303b;42:414354494f4e5f4f5045524154494f4e5f56317c303b303b303b303b303b303b303b303a3b303a3b303b;;generator_identity=censusAndCapActionsV1/raw-generator-output;terminal_reason=COMPLETE;validation=VALID;validation_valid=1;validation_exhaustive=1;IMU_MODEL_UNQUALIFIED;FINISH_DEADLINE_MISSED",0,0,2,0,0,"","","",8,1,nan,nan,0,0,inf,0,0,0,1.5104098419253482,271.18953618702051,169,1,0,inf,inf,inf,inf,inf,UNAVAILABLE,IMPLEMENTED_UNVERIFIED,0,0,inf,0,1,85,85,85,85,0,"KEEP_ALL_BEST_EFFORT","NO_VALID_CANDIDATE",0,0,0,1,1,0,0,"","",0,0,0,"RUNNING","","FINISH_DEADLINE_MISSED after 3331.033735 ms; upstream=IMU_MODEL_UNQUALIFIED: no authenticated V1 calibration artifact is bound to the complete model/config digest; profile declarations and calibration identifiers are not qualification evidence;"
4300000000,4300000000,4300000000,"joint_order2","fbbf232a0a941ee9","dual_channel_v1",UNBOUNDED,0,1,1,1,"ACTION_SEARCH_CERTIFICATE_V1:generated=1;planned_evaluations=1;actual_candidate_evaluations=1;actual_post_evaluations=1;actual_pl_evaluations=1;omitted=0;lifecycle=READY_FOR_EVALUATION;cap=1;trusted_snapshot=GENERATED_ACTION_SNAPSHOT_V1|1;137:414354494f4e5f53454d414e544943535f56317c34323a3431343335343439346634653566346635303435353234313534343934663465356635363331376333303362333033623330336233303362333033623330336233303362333033613362333033613362333033623b313b383a346234353435353035663431346334633b303b303b303b303b;42:414354494f4e5f4f5045524154494f4e5f56317c303b303b303b303b303b303b303b303a3b303a3b303b;;generator_identity=censusAndCapActionsV1/raw-generator-output;terminal_reason=COMPLETE;validation=VALID;validation_valid=1;validation_exhaustive=1;IMU_MODEL_UNQUALIFIED;FINISH_DEADLINE_MISSED",0,0,2,0,0,"","","",8,1,nan,nan,0,0,inf,0,0,0,1.5288663890771477,271.18953618702051,169,1,0,inf,inf,inf,inf,inf,UNAVAILABLE,IMPLEMENTED_UNVERIFIED,0,0,inf,0,1,86,86,86,86,0,"KEEP_ALL_BEST_EFFORT","NO_VALID_CANDIDATE",0,0,0,1,1,0,0,"","",0,0,0,"RUNNING","","FINISH_DEADLINE_MISSED after 3338.669587 ms; upstream=IMU_MODEL_UNQUALIFIED: no authenticated V1 calibration artifact is bound to the complete model/config digest; profile declarations and calibration identifiers are not qualification evidence;"
4350000000,4350000000,4350000000,"joint_order2","fbbf232a0a941ee9","dual_channel_v1",UNBOUNDED,0,1,1,1,"ACTION_SEARCH_CERTIFICATE_V1:generated=1;planned_evaluations=1;actual_candidate_evaluations=1;actual_post_evaluations=1;actual_pl_evaluations=1;omitted=0;lifecycle=READY_FOR_EVALUATION;cap=1;trusted_snapshot=GENERATED_ACTION_SNAPSHOT_V1|1;137:414354494f4e5f53454d414e544943535f56317c34323a3431343335343439346634653566346635303435353234313534343934663465356635363331376333303362333033623330336233303362333033623330336233303362333033613362333033613362333033623b313b383a346234353435353035663431346334633b303b303b303b303b;42:414354494f4e5f4f5045524154494f4e5f56317c303b303b303b303b303b303b303b303a3b303a3b303b;;generator_identity=censusAndCapActionsV1/raw-generator-output;terminal_reason=COMPLETE;validation=VALID;validation_valid=1;validation_exhaustive=1;IMU_MODEL_UNQUALIFIED;FINISH_DEADLINE_MISSED",0,0,2,0,0,"","","",8,1,nan,nan,0,0,inf,0,0,0,1.5388577288461811,271.18953618702051,169,1,0,inf,inf,inf,inf,inf,UNAVAILABLE,IMPLEMENTED_UNVERIFIED,0,0,inf,0,1,87,87,87,87,0,"KEEP_ALL_BEST_EFFORT","NO_VALID_CANDIDATE",0,0,0,1,1,0,0,"","",0,0,0,"RUNNING","","FINISH_DEADLINE_MISSED after 3285.209975 ms; upstream=IMU_MODEL_UNQUALIFIED: no authenticated V1 calibration artifact is bound to the complete model/config digest; profile declarations and calibration identifiers are not qualification evidence;"
4400000000,4400000000,4400000000,"joint_order2","fbbf232a0a941ee9","dual_channel_v1",UNBOUNDED,0,1,1,1,"ACTION_SEARCH_CERTIFICATE_V1:generated=1;planned_evaluations=1;actual_candidate_evaluations=1;actual_post_evaluations=1;actual_pl_evaluations=1;omitted=0;lifecycle=READY_FOR_EVALUATION;cap=1;trusted_snapshot=GENERATED_ACTION_SNAPSHOT_V1|1;137:414354494f4e5f53454d414e544943535f56317c34323a3431343335343439346634653566346635303435353234313534343934663465356635363331376333303362333033623330336233303362333033623330336233303362333033613362333033613362333033623b313b383a346234353435353035663431346334633b303b303b303b303b;42:414354494f4e5f4f5045524154494f4e5f56317c303b303b303b303b303b303b303b303a3b303a3b303b;;generator_identity=censusAndCapActionsV1/raw-generator-output;terminal_reason=COMPLETE;validation=VALID;validation_valid=1;validation_exhaustive=1;IMU_MODEL_UNQUALIFIED;FINISH_DEADLINE_MISSED",0,0,2,0,0,"","","",8,1,nan,nan,0,0,inf,0,0,0,1.5594271700841094,271.18953618702051,169,1,0,inf,inf,inf,inf,inf,UNAVAILABLE,IMPLEMENTED_UNVERIFIED,0,0,inf,0,1,88,88,88,88,0,"KEEP_ALL_BEST_EFFORT","NO_VALID_CANDIDATE",0,0,0,1,1,0,0,"","",0,0,0,"RUNNING","","FINISH_DEADLINE_MISSED after 3203.745069 ms; upstream=IMU_MODEL_UNQUALIFIED: no authenticated V1 calibration artifact is bound to the complete model/config digest; profile declarations and calibration identifiers are not qualification evidence;"
4450000000,4450000000,4450000000,"joint_order2","fbbf232a0a941ee9","dual_channel_v1",UNBOUNDED,0,1,1,1,"ACTION_SEARCH_CERTIFICATE_V1:generated=1;planned_evaluations=1;actual_candidate_evaluations=1;actual_post_evaluations=1;actual_pl_evaluations=1;omitted=0;lifecycle=READY_FOR_EVALUATION;cap=1;trusted_snapshot=GENERATED_ACTION_SNAPSHOT_V1|1;137:414354494f4e5f53454d414e544943535f56317c34323a3431343335343439346634653566346635303435353234313534343934663465356635363331376333303362333033623330336233303362333033623330336233303362333033613362333033613362333033623b313b383a346234353435353035663431346334633b303b303b303b303b;42:414354494f4e5f4f5045524154494f4e5f56317c303b303b303b303b303b303b303b303a3b303a3b303b;;generator_identity=censusAndCapActionsV1/raw-generator-output;terminal_reason=COMPLETE;validation=VALID;validation_valid=1;validation_exhaustive=1;IMU_MODEL_UNQUALIFIED;FINISH_DEADLINE_MISSED",0,0,2,0,0,"","","",8,1,nan,nan,0,0,inf,0,0,0,1.5950963288463793,271.18953618702051,169,1,0,inf,inf,inf,inf,inf,UNAVAILABLE,IMPLEMENTED_UNVERIFIED,0,0,inf,0,1,89,89,89,89,0,"KEEP_ALL_BEST_EFFORT","NO_VALID_CANDIDATE",0,0,0,1,1,0,0,"","",0,0,0,"RUNNING","","FINISH_DEADLINE_MISSED after 3176.463990 ms; upstream=IMU_MODEL_UNQUALIFIED: no authenticated V1 calibration artifact is bound to the complete model/config digest; profile declarations and calibration identifiers are not qualification evidence;"
4500000000,4500000000,4500000000,"joint_order2","fbbf232a0a941ee9","dual_channel_v1",UNBOUNDED,0,1,1,1,"ACTION_SEARCH_CERTIFICATE_V1:generated=1;planned_evaluations=1;actual_candidate_evaluations=1;actual_post_evaluations=1;actual_pl_evaluations=1;omitted=0;lifecycle=READY_FOR_EVALUATION;cap=1;trusted_snapshot=GENERATED_ACTION_SNAPSHOT_V1|1;137:414354494f4e5f53454d414e544943535f56317c34323a3431343335343439346634653566346635303435353234313534343934663465356635363331376333303362333033623330336233303362333033623330336233303362333033613362333033613362333033623b313b383a346234353435353035663431346334633b303b303b303b303b;42:414354494f4e5f4f5045524154494f4e5f56317c303b303b303b303b303b303b303b303a3b303a3b303b;;generator_identity=censusAndCapActionsV1/raw-generator-output;terminal_reason=COMPLETE;validation=VALID;validation_valid=1;validation_exhaustive=1;IMU_MODEL_UNQUALIFIED;FINISH_DEADLINE_MISSED",0,0,2,0,0,"","","",8,1,nan,nan,0,0,inf,0,0,0,1.6038582602544147,271.18953618702051,169,1,0,inf,inf,inf,inf,inf,UNAVAILABLE,IMPLEMENTED_UNVERIFIED,0,0,inf,0,1,90,90,90,90,0,"KEEP_ALL_BEST_EFFORT","NO_VALID_CANDIDATE",0,0,0,1,1,0,0,"","",0,0,0,"RUNNING","","FINISH_DEADLINE_MISSED after 3122.361248 ms; upstream=IMU_MODEL_UNQUALIFIED: no authenticated V1 calibration artifact is bound to the complete model/config digest; profile declarations and calibration identifiers are not qualification evidence;"
4550000000,4550000000,4550000000,"joint_order2","fbbf232a0a941ee9","dual_channel_v1",UNBOUNDED,0,1,1,1,"ACTION_SEARCH_CERTIFICATE_V1:generated=1;planned_evaluations=1;actual_candidate_evaluations=1;actual_post_evaluations=1;actual_pl_evaluations=1;omitted=0;lifecycle=READY_FOR_EVALUATION;cap=1;trusted_snapshot=GENERATED_ACTION_SNAPSHOT_V1|1;137:414354494f4e5f53454d414e544943535f56317c34323a3431343335343439346634653566346635303435353234313534343934663465356635363331376333303362333033623330336233303362333033623330336233303362333033613362333033613362333033623b313b383a346234353435353035663431346334633b303b303b303b303b;42:414354494f4e5f4f5045524154494f4e5f56317c303b303b303b303b303b303b303b303a3b303a3b303b;;generator_identity=censusAndCapActionsV1/raw-generator-output;terminal_reason=COMPLETE;validation=VALID;validation_valid=1;validation_exhaustive=1;IMU_MODEL_UNQUALIFIED;FINISH_DEADLINE_MISSED",0,0,2,0,0,"","","",8,1,nan,nan,0,0,inf,0,0,0,1.6208584843625533,271.18953618702051,169,1,0,inf,inf,inf,inf,inf,UNAVAILABLE,IMPLEMENTED_UNVERIFIED,0,0,inf,0,1,91,91,91,91,0,"KEEP_ALL_BEST_EFFORT","NO_VALID_CANDIDATE",0,0,0,1,1,0,0,"","",0,0,0,"RUNNING","","FINISH_DEADLINE_MISSED after 3103.850192 ms; upstream=IMU_MODEL_UNQUALIFIED: no authenticated V1 calibration artifact is bound to the complete model/config digest; profile declarations and calibration identifiers are not qualification evidence;"
4600000000,4600000000,4600000000,"joint_order2","fbbf232a0a941ee9","dual_channel_v1",UNBOUNDED,0,1,1,1,"ACTION_SEARCH_CERTIFICATE_V1:generated=1;planned_evaluations=1;actual_candidate_evaluations=1;actual_post_evaluations=1;actual_pl_evaluations=1;omitted=0;lifecycle=READY_FOR_EVALUATION;cap=1;trusted_snapshot=GENERATED_ACTION_SNAPSHOT_V1|1;137:414354494f4e5f53454d414e544943535f56317c34323a3431343335343439346634653566346635303435353234313534343934663465356635363331376333303362333033623330336233303362333033623330336233303362333033613362333033613362333033623b313b383a346234353435353035663431346334633b303b303b303b303b;42:414354494f4e5f4f5045524154494f4e5f56317c303b303b303b303b303b303b303b303a3b303a3b303b;;generator_identity=censusAndCapActionsV1/raw-generator-output;terminal_reason=COMPLETE;validation=VALID;validation_valid=1;validation_exhaustive=1;IMU_MODEL_UNQUALIFIED;FINISH_DEADLINE_MISSED",0,0,2,0,0,"","","",8,1,nan,nan,0,0,inf,0,0,0,1.6315404540777636,271.18953618702051,169,1,0,inf,inf,inf,inf,inf,UNAVAILABLE,IMPLEMENTED_UNVERIFIED,0,0,inf,0,1,92,92,92,92,0,"KEEP_ALL_BEST_EFFORT","NO_VALID_CANDIDATE",0,0,0,1,1,0,0,"","",0,0,0,"RUNNING","","FINISH_DEADLINE_MISSED after 3074.916406 ms; upstream=IMU_MODEL_UNQUALIFIED: no authenticated V1 calibration artifact is bound to the complete model/config digest; profile declarations and calibration identifiers are not qualification evidence;"
4650000000,4650000000,4650000000,"joint_order2","fbbf232a0a941ee9","dual_channel_v1",UNBOUNDED,0,1,1,1,"ACTION_SEARCH_CERTIFICATE_V1:generated=1;planned_evaluations=1;actual_candidate_evaluations=1;actual_post_evaluations=1;actual_pl_evaluations=1;omitted=0;lifecycle=READY_FOR_EVALUATION;cap=1;trusted_snapshot=GENERATED_ACTION_SNAPSHOT_V1|1;137:414354494f4e5f53454d414e544943535f56317c34323a3431343335343439346634653566346635303435353234313534343934663465356635363331376333303362333033623330336233303362333033623330336233303362333033613362333033613362333033623b313b383a346234353435353035663431346334633b303b303b303b303b;42:414354494f4e5f4f5045524154494f4e5f56317c303b303b303b303b303b303b303b303a3b303a3b303b;;generator_identity=censusAndCapActionsV1/raw-generator-output;terminal_reason=COMPLETE;validation=VALID;validation_valid=1;validation_exhaustive=1;IMU_MODEL_UNQUALIFIED;FINISH_DEADLINE_MISSED",0,0,2,0,0,"","","",8,1,nan,nan,0,0,inf,0,0,0,1.652807838985465,271.18953618702051,169,1,0,inf,inf,inf,inf,inf,UNAVAILABLE,IMPLEMENTED_UNVERIFIED,0,0,inf,0,1,93,93,93,93,0,"KEEP_ALL_BEST_EFFORT","NO_VALID_CANDIDATE",0,0,0,1,1,0,0,"","",0,0,0,"RUNNING","","FINISH_DEADLINE_MISSED after 3107.629759 ms; upstream=IMU_MODEL_UNQUALIFIED: no authenticated V1 calibration artifact is bound to the complete model/config digest; profile declarations and calibration identifiers are not qualification evidence;"
4700000000,4700000000,4700000000,"joint_order2","fbbf232a0a941ee9","dual_channel_v1",UNBOUNDED,0,1,1,1,"ACTION_SEARCH_CERTIFICATE_V1:generated=1;planned_evaluations=1;actual_candidate_evaluations=1;actual_post_evaluations=1;actual_pl_evaluations=1;omitted=0;lifecycle=READY_FOR_EVALUATION;cap=1;trusted_snapshot=GENERATED_ACTION_SNAPSHOT_V1|1;137:414354494f4e5f53454d414e544943535f56317c34323a3431343335343439346634653566346635303435353234313534343934663465356635363331376333303362333033623330336233303362333033623330336233303362333033613362333033613362333033623b313b383a346234353435353035663431346334633b303b303b303b303b;42:414354494f4e5f4f5045524154494f4e5f56317c303b303b303b303b303b303b303b303a3b303a3b303b;;generator_identity=censusAndCapActionsV1/raw-generator-output;terminal_reason=COMPLETE;validation=VALID;validation_valid=1;validation_exhaustive=1;IMU_MODEL_UNQUALIFIED;FINISH_DEADLINE_MISSED",0,0,2,0,0,"","","",8,1,nan,nan,0,0,inf,0,0,0,1.6815599179428773,271.18953618702051,169,1,0,inf,inf,inf,inf,inf,UNAVAILABLE,IMPLEMENTED_UNVERIFIED,0,0,inf,0,1,94,94,94,94,0,"KEEP_ALL_BEST_EFFORT","NO_VALID_CANDIDATE",0,0,0,1,1,0,0,"","",0,0,0,"RUNNING","","FINISH_DEADLINE_MISSED after 3041.993871 ms; upstream=IMU_MODEL_UNQUALIFIED: no authenticated V1 calibration artifact is bound to the complete model/config digest; profile declarations and calibration identifiers are not qualification evidence;"
4750000000,4750000000,4750000000,"joint_order2","fbbf232a0a941ee9","dual_channel_v1",UNBOUNDED,0,1,1,1,"ACTION_SEARCH_CERTIFICATE_V1:generated=1;planned_evaluations=1;actual_candidate_evaluations=1;actual_post_evaluations=1;actual_pl_evaluations=1;omitted=0;lifecycle=READY_FOR_EVALUATION;cap=1;trusted_snapshot=GENERATED_ACTION_SNAPSHOT_V1|1;137:414354494f4e5f53454d414e544943535f56317c34323a3431343335343439346634653566346635303435353234313534343934663465356635363331376333303362333033623330336233303362333033623330336233303362333033613362333033613362333033623b313b383a346234353435353035663431346334633b303b303b303b303b;42:414354494f4e5f4f5045524154494f4e5f56317c303b303b303b303b303b303b303b303a3b303a3b303b;;generator_identity=censusAndCapActionsV1/raw-generator-output;terminal_reason=COMPLETE;validation=VALID;validation_valid=1;validation_exhaustive=1;IMU_MODEL_UNQUALIFIED;FINISH_DEADLINE_MISSED",0,0,2,0,0,"","","",8,1,nan,nan,0,0,inf,0,0,0,1.7130060749375429,271.18953618702051,169,1,0,inf,inf,inf,inf,inf,UNAVAILABLE,IMPLEMENTED_UNVERIFIED,0,0,inf,0,1,95,95,95,95,0,"KEEP_ALL_BEST_EFFORT","NO_VALID_CANDIDATE",0,0,0,1,1,0,0,"","",0,0,0,"RUNNING","","FINISH_DEADLINE_MISSED after 3087.233134 ms; upstream=IMU_MODEL_UNQUALIFIED: no authenticated V1 calibration artifact is bound to the complete model/config digest; profile declarations and calibration identifiers are not qualification evidence;"
4800000000,4800000000,4800000000,"joint_order2","fbbf232a0a941ee9","dual_channel_v1",UNBOUNDED,0,1,1,1,"ACTION_SEARCH_CERTIFICATE_V1:generated=1;planned_evaluations=1;actual_candidate_evaluations=1;actual_post_evaluations=1;actual_pl_evaluations=1;omitted=0;lifecycle=READY_FOR_EVALUATION;cap=1;trusted_snapshot=GENERATED_ACTION_SNAPSHOT_V1|1;137:414354494f4e5f53454d414e544943535f56317c34323a3431343335343439346634653566346635303435353234313534343934663465356635363331376333303362333033623330336233303362333033623330336233303362333033613362333033613362333033623b313b383a346234353435353035663431346334633b303b303b303b303b;42:414354494f4e5f4f5045524154494f4e5f56317c303b303b303b303b303b303b303b303a3b303a3b303b;;generator_identity=censusAndCapActionsV1/raw-generator-output;terminal_reason=COMPLETE;validation=VALID;validation_valid=1;validation_exhaustive=1;IMU_MODEL_UNQUALIFIED;FINISH_DEADLINE_MISSED",0,0,2,0,0,"","","",8,1,nan,nan,0,0,inf,0,0,0,1.7271599585853292,271.18953618702051,169,1,0,inf,inf,inf,inf,inf,UNAVAILABLE,IMPLEMENTED_UNVERIFIED,0,0,inf,0,1,96,96,96,96,0,"KEEP_ALL_BEST_EFFORT","NO_VALID_CANDIDATE",0,0,0,1,1,0,0,"","",0,0,0,"RUNNING","","FINISH_DEADLINE_MISSED after 3083.652371 ms; upstream=IMU_MODEL_UNQUALIFIED: no authenticated V1 calibration artifact is bound to the complete model/config digest; profile declarations and calibration identifiers are not qualification evidence;"
4850000000,4850000000,4850000000,"joint_order2","fbbf232a0a941ee9","dual_channel_v1",UNBOUNDED,0,1,1,1,"ACTION_SEARCH_CERTIFICATE_V1:generated=1;planned_evaluations=1;actual_candidate_evaluations=1;actual_post_evaluations=1;actual_pl_evaluations=1;omitted=0;lifecycle=READY_FOR_EVALUATION;cap=1;trusted_snapshot=GENERATED_ACTION_SNAPSHOT_V1|1;137:414354494f4e5f53454d414e544943535f56317c34323a3431343335343439346634653566346635303435353234313534343934663465356635363331376333303362333033623330336233303362333033623330336233303362333033613362333033613362333033623b313b383a346234353435353035663431346334633b303b303b303b303b;42:414354494f4e5f4f5045524154494f4e5f56317c303b303b303b303b303b303b303b303a3b303a3b303b;;generator_identity=censusAndCapActionsV1/raw-generator-output;terminal_reason=COMPLETE;validation=VALID;validation_valid=1;validation_exhaustive=1;IMU_MODEL_UNQUALIFIED;FINISH_DEADLINE_MISSED",0,0,2,0,0,"","","",8,1,nan,nan,0,0,inf,0,0,0,1.779547421404982,271.18953618702051,169,1,0,inf,inf,inf,inf,inf,UNAVAILABLE,IMPLEMENTED_UNVERIFIED,0,0,inf,0,1,97,97,97,97,0,"KEEP_ALL_BEST_EFFORT","NO_VALID_CANDIDATE",0,0,0,1,1,0,0,"","",0,0,0,"RUNNING","","FINISH_DEADLINE_MISSED after 3086.102850 ms; upstream=IMU_MODEL_UNQUALIFIED: no authenticated V1 calibration artifact is bound to the complete model/config digest; profile declarations and calibration identifiers are not qualification evidence;"
4900000000,4900000000,4900000000,"joint_order2","fbbf232a0a941ee9","dual_channel_v1",UNBOUNDED,0,1,1,1,"ACTION_SEARCH_CERTIFICATE_V1:generated=1;planned_evaluations=1;actual_candidate_evaluations=1;actual_post_evaluations=1;actual_pl_evaluations=1;omitted=0;lifecycle=READY_FOR_EVALUATION;cap=1;trusted_snapshot=GENERATED_ACTION_SNAPSHOT_V1|1;137:414354494f4e5f53454d414e544943535f56317c34323a3431343335343439346634653566346635303435353234313534343934663465356635363331376333303362333033623330336233303362333033623330336233303362333033613362333033613362333033623b313b383a346234353435353035663431346334633b303b303b303b303b;42:414354494f4e5f4f5045524154494f4e5f56317c303b303b303b303b303b303b303b303a3b303a3b303b;;generator_identity=censusAndCapActionsV1/raw-generator-output;terminal_reason=COMPLETE;validation=VALID;validation_valid=1;validation_exhaustive=1;IMU_MODEL_UNQUALIFIED;FINISH_DEADLINE_MISSED",0,0,2,0,0,"","","",8,1,nan,nan,0,0,inf,0,0,0,1.7942655106302392,271.18953618702051,169,1,0,inf,inf,inf,inf,inf,UNAVAILABLE,IMPLEMENTED_UNVERIFIED,0,0,inf,0,1,98,98,98,98,0,"KEEP_ALL_BEST_EFFORT","NO_VALID_CANDIDATE",0,0,0,1,1,0,0,"","",0,0,0,"RUNNING","","FINISH_DEADLINE_MISSED after 3031.354113 ms; upstream=IMU_MODEL_UNQUALIFIED: no authenticated V1 calibration artifact is bound to the complete model/config digest; profile declarations and calibration identifiers are not qualification evidence;"
4950000000,4950000000,4950000000,"joint_order2","fbbf232a0a941ee9","dual_channel_v1",UNBOUNDED,0,1,1,1,"ACTION_SEARCH_CERTIFICATE_V1:generated=1;planned_evaluations=1;actual_candidate_evaluations=1;actual_post_evaluations=1;actual_pl_evaluations=1;omitted=0;lifecycle=READY_FOR_EVALUATION;cap=1;trusted_snapshot=GENERATED_ACTION_SNAPSHOT_V1|1;137:414354494f4e5f53454d414e544943535f56317c34323a3431343335343439346634653566346635303435353234313534343934663465356635363331376333303362333033623330336233303362333033623330336233303362333033613362333033613362333033623b313b383a346234353435353035663431346334633b303b303b303b303b;42:414354494f4e5f4f5045524154494f4e5f56317c303b303b303b303b303b303b303b303a3b303a3b303b;;generator_identity=censusAndCapActionsV1/raw-generator-output;terminal_reason=COMPLETE;validation=VALID;validation_valid=1;validation_exhaustive=1;IMU_MODEL_UNQUALIFIED;FINISH_DEADLINE_MISSED",0,0,2,0,0,"","","",8,1,nan,nan,0,0,inf,0,0,0,1.8076982694597477,271.18953618702051,169,1,0,inf,inf,inf,inf,inf,UNAVAILABLE,IMPLEMENTED_UNVERIFIED,0,0,inf,0,1,99,99,99,99,0,"KEEP_ALL_BEST_EFFORT","NO_VALID_CANDIDATE",0,0,0,1,1,0,0,"","",0,0,0,"RUNNING","","FINISH_DEADLINE_MISSED after 3001.755356 ms; upstream=IMU_MODEL_UNQUALIFIED: no authenticated V1 calibration artifact is bound to the complete model/config digest; profile declarations and calibration identifiers are not qualification evidence;"
5000000000,5000000000,5000000000,"joint_order2","fbbf232a0a941ee9","dual_channel_v1",UNBOUNDED,0,1,1,1,"ACTION_SEARCH_CERTIFICATE_V1:generated=1;planned_evaluations=1;actual_candidate_evaluations=1;actual_post_evaluations=1;actual_pl_evaluations=1;omitted=0;lifecycle=READY_FOR_EVALUATION;cap=1;trusted_snapshot=GENERATED_ACTION_SNAPSHOT_V1|1;137:414354494f4e5f53454d414e544943535f56317c34323a3431343335343439346634653566346635303435353234313534343934663465356635363331376333303362333033623330336233303362333033623330336233303362333033613362333033613362333033623b313b383a346234353435353035663431346334633b303b303b303b303b;42:414354494f4e5f4f5045524154494f4e5f56317c303b303b303b303b303b303b303b303a3b303a3b303b;;generator_identity=censusAndCapActionsV1/raw-generator-output;terminal_reason=COMPLETE;validation=VALID;validation_valid=1;validation_exhaustive=1;IMU_MODEL_UNQUALIFIED;FINISH_DEADLINE_MISSED",0,0,2,0,0,"","","",8,1,nan,nan,0,0,inf,0,0,0,1.8132746942842926,271.18953618702051,169,1,0,inf,inf,inf,inf,inf,UNAVAILABLE,IMPLEMENTED_UNVERIFIED,0,0,inf,0,1,100,100,100,100,0,"KEEP_ALL_BEST_EFFORT","NO_VALID_CANDIDATE",0,0,0,1,1,0,0,"","",0,0,0,"RUNNING","","FINISH_DEADLINE_MISSED after 3055.308073 ms; upstream=IMU_MODEL_UNQUALIFIED: no authenticated V1 calibration artifact is bound to the complete model/config digest; profile declarations and calibration identifiers are not qualification evidence;"
5050000000,5050000000,5050000000,"joint_order2","fbbf232a0a941ee9","dual_channel_v1",UNBOUNDED,0,1,1,1,"ACTION_SEARCH_CERTIFICATE_V1:generated=1;planned_evaluations=1;actual_candidate_evaluations=1;actual_post_evaluations=1;actual_pl_evaluations=1;omitted=0;lifecycle=READY_FOR_EVALUATION;cap=1;trusted_snapshot=GENERATED_ACTION_SNAPSHOT_V1|1;137:414354494f4e5f53454d414e544943535f56317c34323a3431343335343439346634653566346635303435353234313534343934663465356635363331376333303362333033623330336233303362333033623330336233303362333033613362333033613362333033623b313b383a346234353435353035663431346334633b303b303b303b303b;42:414354494f4e5f4f5045524154494f4e5f56317c303b303b303b303b303b303b303b303a3b303a3b303b;;generator_identity=censusAndCapActionsV1/raw-generator-output;terminal_reason=COMPLETE;validation=VALID;validation_valid=1;validation_exhaustive=1;IMU_MODEL_UNQUALIFIED;FINISH_DEADLINE_MISSED",0,0,2,0,0,"","","",8,1,nan,nan,0,0,inf,0,0,0,1.8204786256173979,271.18953618702051,169,1,0,inf,inf,inf,inf,inf,UNAVAILABLE,IMPLEMENTED_UNVERIFIED,0,0,inf,0,1,101,101,101,101,0,"KEEP_ALL_BEST_EFFORT","NO_VALID_CANDIDATE",0,0,0,1,1,0,0,"","",0,0,0,"RUNNING","","FINISH_DEADLINE_MISSED after 3064.140284 ms; upstream=IMU_MODEL_UNQUALIFIED: no authenticated V1 calibration artifact is bound to the complete model/config digest; profile declarations and calibration identifiers are not qualification evidence;"
5100000000,5100000000,5100000000,"joint_order2","fbbf232a0a941ee9","dual_channel_v1",UNBOUNDED,0,1,1,1,"ACTION_SEARCH_CERTIFICATE_V1:generated=1;planned_evaluations=1;actual_candidate_evaluations=1;actual_post_evaluations=1;actual_pl_evaluations=1;omitted=0;lifecycle=READY_FOR_EVALUATION;cap=1;trusted_snapshot=GENERATED_ACTION_SNAPSHOT_V1|1;137:414354494f4e5f53454d414e544943535f56317c34323a3431343335343439346634653566346635303435353234313534343934663465356635363331376333303362333033623330336233303362333033623330336233303362333033613362333033613362333033623b313b383a346234353435353035663431346334633b303b303b303b303b;42:414354494f4e5f4f5045524154494f4e5f56317c303b303b303b303b303b303b303b303a3b303a3b303b;;generator_identity=censusAndCapActionsV1/raw-generator-output;terminal_reason=COMPLETE;validation=VALID;validation_valid=1;validation_exhaustive=1;IMU_MODEL_UNQUALIFIED;FINISH_DEADLINE_MISSED",0,0,2,0,0,"","","",8,1,nan,nan,0,0,inf,0,0,0,1.8412522575461385,271.18953618702051,169,1,0,inf,inf,inf,inf,inf,UNAVAILABLE,IMPLEMENTED_UNVERIFIED,0,0,inf,0,1,102,102,102,102,0,"KEEP_ALL_BEST_EFFORT","NO_VALID_CANDIDATE",0,0,0,1,1,0,0,"","",0,0,0,"RUNNING","","FINISH_DEADLINE_MISSED after 3093.809379 ms; upstream=IMU_MODEL_UNQUALIFIED: no authenticated V1 calibration artifact is bound to the complete model/config digest; profile declarations and calibration identifiers are not qualification evidence;"
5150000000,5150000000,5150000000,"joint_order2","fbbf232a0a941ee9","dual_channel_v1",UNBOUNDED,0,1,1,1,"ACTION_SEARCH_CERTIFICATE_V1:generated=1;planned_evaluations=1;actual_candidate_evaluations=1;actual_post_evaluations=1;actual_pl_evaluations=1;omitted=0;lifecycle=READY_FOR_EVALUATION;cap=1;trusted_snapshot=GENERATED_ACTION_SNAPSHOT_V1|1;137:414354494f4e5f53454d414e544943535f56317c34323a3431343335343439346634653566346635303435353234313534343934663465356635363331376333303362333033623330336233303362333033623330336233303362333033613362333033613362333033623b313b383a346234353435353035663431346334633b303b303b303b303b;42:414354494f4e5f4f5045524154494f4e5f56317c303b303b303b303b303b303b303b303a3b303a3b303b;;generator_identity=censusAndCapActionsV1/raw-generator-output;terminal_reason=COMPLETE;validation=VALID;validation_valid=1;validation_exhaustive=1;IMU_MODEL_UNQUALIFIED;FINISH_DEADLINE_MISSED",0,0,2,0,0,"","","",8,1,nan,nan,0,0,inf,0,0,0,1.8502126804807446,271.18953618702051,169,1,0,inf,inf,inf,inf,inf,UNAVAILABLE,IMPLEMENTED_UNVERIFIED,0,0,inf,0,1,103,103,103,103,0,"KEEP_ALL_BEST_EFFORT","NO_VALID_CANDIDATE",0,0,0,1,1,0,0,"","",0,0,0,"RUNNING","","FINISH_DEADLINE_MISSED after 3160.838547 ms; upstream=IMU_MODEL_UNQUALIFIED: no authenticated V1 calibration artifact is bound to the complete model/config digest; profile declarations and calibration identifiers are not qualification evidence;"
5200000000,5200000000,5200000000,"joint_order2","fbbf232a0a941ee9","dual_channel_v1",UNBOUNDED,0,1,1,1,"ACTION_SEARCH_CERTIFICATE_V1:generated=1;planned_evaluations=1;actual_candidate_evaluations=1;actual_post_evaluations=1;actual_pl_evaluations=1;omitted=0;lifecycle=READY_FOR_EVALUATION;cap=1;trusted_snapshot=GENERATED_ACTION_SNAPSHOT_V1|1;137:414354494f4e5f53454d414e544943535f56317c34323a3431343335343439346634653566346635303435353234313534343934663465356635363331376333303362333033623330336233303362333033623330336233303362333033613362333033613362333033623b313b383a346234353435353035663431346334633b303b303b303b303b;42:414354494f4e5f4f5045524154494f4e5f56317c303b303b303b303b303b303b303b303a3b303a3b303b;;generator_identity=censusAndCapActionsV1/raw-generator-output;terminal_reason=COMPLETE;validation=VALID;validation_valid=1;validation_exhaustive=1;IMU_MODEL_UNQUALIFIED;FINISH_DEADLINE_MISSED",0,0,2,0,0,"","","",8,1,nan,nan,0,0,inf,0,0,0,1.8949850337419485,271.18953618702051,169,1,0,inf,inf,inf,inf,inf,UNAVAILABLE,IMPLEMENTED_UNVERIFIED,0,0,inf,0,1,104,104,104,104,0,"KEEP_ALL_BEST_EFFORT","NO_VALID_CANDIDATE",0,0,0,1,1,0,0,"","",0,0,0,"RUNNING","","FINISH_DEADLINE_MISSED after 3206.055129 ms; upstream=IMU_MODEL_UNQUALIFIED: no authenticated V1 calibration artifact is bound to the complete model/config digest; profile declarations and calibration identifiers are not qualification evidence;"
5250000000,5250000000,5250000000,"joint_order2","fbbf232a0a941ee9","dual_channel_v1",UNBOUNDED,0,1,1,1,"ACTION_SEARCH_CERTIFICATE_V1:generated=1;planned_evaluations=1;actual_candidate_evaluations=1;actual_post_evaluations=1;actual_pl_evaluations=1;omitted=0;lifecycle=READY_FOR_EVALUATION;cap=1;trusted_snapshot=GENERATED_ACTION_SNAPSHOT_V1|1;137:414354494f4e5f53454d414e544943535f56317c34323a3431343335343439346634653566346635303435353234313534343934663465356635363331376333303362333033623330336233303362333033623330336233303362333033613362333033613362333033623b313b383a346234353435353035663431346334633b303b303b303b303b;42:414354494f4e5f4f5045524154494f4e5f56317c303b303b303b303b303b303b303b303a3b303a3b303b;;generator_identity=censusAndCapActionsV1/raw-generator-output;terminal_reason=COMPLETE;validation=VALID;validation_valid=1;validation_exhaustive=1;IMU_MODEL_UNQUALIFIED;FINISH_DEADLINE_MISSED",0,0,2,0,0,"","","",8,1,nan,nan,0,0,inf,0,0,0,1.912521926505264,271.18953618702051,169,1,0,inf,inf,inf,inf,inf,UNAVAILABLE,IMPLEMENTED_UNVERIFIED,0,0,inf,0,1,105,105,105,105,0,"KEEP_ALL_BEST_EFFORT","NO_VALID_CANDIDATE",0,0,0,1,1,0,0,"","",0,0,0,"RUNNING","","FINISH_DEADLINE_MISSED after 3258.478947 ms; upstream=IMU_MODEL_UNQUALIFIED: no authenticated V1 calibration artifact is bound to the complete model/config digest; profile declarations and calibration identifiers are not qualification evidence;"
5300000000,5300000000,5300000000,"joint_order2","fbbf232a0a941ee9","dual_channel_v1",UNBOUNDED,0,1,1,1,"ACTION_SEARCH_CERTIFICATE_V1:generated=1;planned_evaluations=1;actual_candidate_evaluations=1;actual_post_evaluations=1;actual_pl_evaluations=1;omitted=0;lifecycle=READY_FOR_EVALUATION;cap=1;trusted_snapshot=GENERATED_ACTION_SNAPSHOT_V1|1;137:414354494f4e5f53454d414e544943535f56317c34323a3431343335343439346634653566346635303435353234313534343934663465356635363331376333303362333033623330336233303362333033623330336233303362333033613362333033613362333033623b313b383a346234353435353035663431346334633b303b303b303b303b;42:414354494f4e5f4f5045524154494f4e5f56317c303b303b303b303b303b303b303b303a3b303a3b303b;;generator_identity=censusAndCapActionsV1/raw-generator-output;terminal_reason=COMPLETE;validation=VALID;validation_valid=1;validation_exhaustive=1;IMU_MODEL_UNQUALIFIED;FINISH_DEADLINE_MISSED",0,0,2,0,0,"","","",8,1,nan,nan,0,0,inf,0,0,0,1.9393586458969505,271.18953618702051,169,1,0,inf,inf,inf,inf,inf,UNAVAILABLE,IMPLEMENTED_UNVERIFIED,0,0,inf,0,1,106,106,106,106,0,"KEEP_ALL_BEST_EFFORT","NO_VALID_CANDIDATE",0,0,0,1,1,0,0,"","",0,0,0,"RUNNING","","FINISH_DEADLINE_MISSED after 3279.649044 ms; upstream=IMU_MODEL_UNQUALIFIED: no authenticated V1 calibration artifact is bound to the complete model/config digest; profile declarations and calibration identifiers are not qualification evidence;"
5350000000,5350000000,5350000000,"joint_order2","fbbf232a0a941ee9","dual_channel_v1",UNBOUNDED,0,1,1,1,"ACTION_SEARCH_CERTIFICATE_V1:generated=1;planned_evaluations=1;actual_candidate_evaluations=1;actual_post_evaluations=1;actual_pl_evaluations=1;omitted=0;lifecycle=READY_FOR_EVALUATION;cap=1;trusted_snapshot=GENERATED_ACTION_SNAPSHOT_V1|1;137:414354494f4e5f53454d414e544943535f56317c34323a3431343335343439346634653566346635303435353234313534343934663465356635363331376333303362333033623330336233303362333033623330336233303362333033613362333033613362333033623b313b383a346234353435353035663431346334633b303b303b303b303b;42:414354494f4e5f4f5045524154494f4e5f56317c303b303b303b303b303b303b303b303a3b303a3b303b;;generator_identity=censusAndCapActionsV1/raw-generator-output;terminal_reason=COMPLETE;validation=VALID;validation_valid=1;validation_exhaustive=1;IMU_MODEL_UNQUALIFIED;FINISH_DEADLINE_MISSED",0,0,2,0,0,"","","",8,1,nan,nan,0,0,inf,0,0,0,1.9589270322524777,271.18953618702051,169,1,0,inf,inf,inf,inf,inf,UNAVAILABLE,IMPLEMENTED_UNVERIFIED,0,0,inf,0,1,107,107,107,107,0,"KEEP_ALL_BEST_EFFORT","NO_VALID_CANDIDATE",0,0,0,1,1,0,0,"","",0,0,0,"RUNNING","","FINISH_DEADLINE_MISSED after 3315.049864 ms; upstream=IMU_MODEL_UNQUALIFIED: no authenticated V1 calibration artifact is bound to the complete model/config digest; profile declarations and calibration identifiers are not qualification evidence;"
5400000000,5400000000,5400000000,"joint_order2","fbbf232a0a941ee9","dual_channel_v1",UNBOUNDED,0,1,1,1,"ACTION_SEARCH_CERTIFICATE_V1:generated=1;planned_evaluations=1;actual_candidate_evaluations=1;actual_post_evaluations=1;actual_pl_evaluations=1;omitted=0;lifecycle=READY_FOR_EVALUATION;cap=1;trusted_snapshot=GENERATED_ACTION_SNAPSHOT_V1|1;137:414354494f4e5f53454d414e544943535f56317c34323a3431343335343439346634653566346635303435353234313534343934663465356635363331376333303362333033623330336233303362333033623330336233303362333033613362333033613362333033623b313b383a346234353435353035663431346334633b303b303b303b303b;42:414354494f4e5f4f5045524154494f4e5f56317c303b303b303b303b303b303b303b303a3b303a3b303b;;generator_identity=censusAndCapActionsV1/raw-generator-output;terminal_reason=COMPLETE;validation=VALID;validation_valid=1;validation_exhaustive=1;IMU_MODEL_UNQUALIFIED;FINISH_DEADLINE_MISSED",0,0,2,0,0,"","","",8,1,nan,nan,0,0,inf,0,0,0,1.9635242198727096,271.18953618702051,169,1,0,inf,inf,inf,inf,inf,UNAVAILABLE,IMPLEMENTED_UNVERIFIED,0,0,inf,0,1,108,108,108,108,0,"KEEP_ALL_BEST_EFFORT","NO_VALID_CANDIDATE",0,0,0,1,1,0,0,"","",0,0,0,"RUNNING","","FINISH_DEADLINE_MISSED after 3369.986123 ms; upstream=IMU_MODEL_UNQUALIFIED: no authenticated V1 calibration artifact is bound to the complete model/config digest; profile declarations and calibration identifiers are not qualification evidence;"
5450000000,5450000000,5450000000,"joint_order2","fbbf232a0a941ee9","dual_channel_v1",UNBOUNDED,0,1,1,1,"ACTION_SEARCH_CERTIFICATE_V1:generated=1;planned_evaluations=1;actual_candidate_evaluations=1;actual_post_evaluations=1;actual_pl_evaluations=1;omitted=0;lifecycle=READY_FOR_EVALUATION;cap=1;trusted_snapshot=GENERATED_ACTION_SNAPSHOT_V1|1;137:414354494f4e5f53454d414e544943535f56317c34323a3431343335343439346634653566346635303435353234313534343934663465356635363331376333303362333033623330336233303362333033623330336233303362333033613362333033613362333033623b313b383a346234353435353035663431346334633b303b303b303b303b;42:414354494f4e5f4f5045524154494f4e5f56317c303b303b303b303b303b303b303b303a3b303a3b303b;;generator_identity=censusAndCapActionsV1/raw-generator-output;terminal_reason=COMPLETE;validation=VALID;validation_valid=1;validation_exhaustive=1;IMU_MODEL_UNQUALIFIED;FINISH_DEADLINE_MISSED",0,0,2,0,0,"","","",8,1,nan,nan,0,0,inf,0,0,0,2.006411098213019,271.18953618702051,169,1,0,inf,inf,inf,inf,inf,UNAVAILABLE,IMPLEMENTED_UNVERIFIED,0,0,inf,0,1,109,109,109,109,0,"KEEP_ALL_BEST_EFFORT","NO_VALID_CANDIDATE",0,0,0,1,1,0,0,"","",0,0,0,"RUNNING","","FINISH_DEADLINE_MISSED after 3360.917412 ms; upstream=IMU_MODEL_UNQUALIFIED: no authenticated V1 calibration artifact is bound to the complete model/config digest; profile declarations and calibration identifiers are not qualification evidence;"
5500000000,5500000000,5500000000,"joint_order2","fbbf232a0a941ee9","dual_channel_v1",UNBOUNDED,0,1,1,1,"ACTION_SEARCH_CERTIFICATE_V1:generated=1;planned_evaluations=1;actual_candidate_evaluations=1;actual_post_evaluations=1;actual_pl_evaluations=1;omitted=0;lifecycle=READY_FOR_EVALUATION;cap=1;trusted_snapshot=GENERATED_ACTION_SNAPSHOT_V1|1;137:414354494f4e5f53454d414e544943535f56317c34323a3431343335343439346634653566346635303435353234313534343934663465356635363331376333303362333033623330336233303362333033623330336233303362333033613362333033613362333033623b313b383a346234353435353035663431346334633b303b303b303b303b;42:414354494f4e5f4f5045524154494f4e5f56317c303b303b303b303b303b303b303b303a3b303a3b303b;;generator_identity=censusAndCapActionsV1/raw-generator-output;terminal_reason=COMPLETE;validation=VALID;validation_valid=1;validation_exhaustive=1;IMU_MODEL_UNQUALIFIED;FINISH_DEADLINE_MISSED",0,0,2,0,0,"","","",8,1,nan,nan,0,0,inf,0,0,0,2.0257398506450413,271.18953618702051,169,1,0,inf,inf,inf,inf,inf,UNAVAILABLE,IMPLEMENTED_UNVERIFIED,0,0,inf,0,1,110,110,110,110,0,"KEEP_ALL_BEST_EFFORT","NO_VALID_CANDIDATE",0,0,0,1,1,0,0,"","",0,0,0,"RUNNING","","FINISH_DEADLINE_MISSED after 3466.894431 ms; upstream=IMU_MODEL_UNQUALIFIED: no authenticated V1 calibration artifact is bound to the complete model/config digest; profile declarations and calibration identifiers are not qualification evidence;"
5550000000,5550000000,5550000000,"joint_order2","fbbf232a0a941ee9","dual_channel_v1",UNBOUNDED,0,1,1,1,"ACTION_SEARCH_CERTIFICATE_V1:generated=1;planned_evaluations=1;actual_candidate_evaluations=1;actual_post_evaluations=1;actual_pl_evaluations=1;omitted=0;lifecycle=READY_FOR_EVALUATION;cap=1;trusted_snapshot=GENERATED_ACTION_SNAPSHOT_V1|1;137:414354494f4e5f53454d414e544943535f56317c34323a3431343335343439346634653566346635303435353234313534343934663465356635363331376333303362333033623330336233303362333033623330336233303362333033613362333033613362333033623b313b383a346234353435353035663431346334633b303b303b303b303b;42:414354494f4e5f4f5045524154494f4e5f56317c303b303b303b303b303b303b303b303a3b303a3b303b;;generator_identity=censusAndCapActionsV1/raw-generator-output;terminal_reason=COMPLETE;validation=VALID;validation_valid=1;validation_exhaustive=1;IMU_MODEL_UNQUALIFIED;FINISH_DEADLINE_MISSED",0,0,2,0,0,"","","",8,1,nan,nan,0,0,inf,0,0,0,2.042099124021358,271.18953618702051,169,1,0,inf,inf,inf,inf,inf,UNAVAILABLE,IMPLEMENTED_UNVERIFIED,0,0,inf,0,1,111,111,111,111,0,"KEEP_ALL_BEST_EFFORT","NO_VALID_CANDIDATE",0,0,0,1,1,0,0,"","",0,0,0,"RUNNING","","FINISH_DEADLINE_MISSED after 3233.087044 ms; upstream=IMU_MODEL_UNQUALIFIED: no authenticated V1 calibration artifact is bound to the complete model/config digest; profile declarations and calibration identifiers are not qualification evidence;"
5600000000,5600000000,5600000000,"joint_order2","fbbf232a0a941ee9","dual_channel_v1",UNBOUNDED,0,1,1,1,"ACTION_SEARCH_CERTIFICATE_V1:generated=1;planned_evaluations=1;actual_candidate_evaluations=1;actual_post_evaluations=1;actual_pl_evaluations=1;omitted=0;lifecycle=READY_FOR_EVALUATION;cap=1;trusted_snapshot=GENERATED_ACTION_SNAPSHOT_V1|1;137:414354494f4e5f53454d414e544943535f56317c34323a3431343335343439346634653566346635303435353234313534343934663465356635363331376333303362333033623330336233303362333033623330336233303362333033613362333033613362333033623b313b383a346234353435353035663431346334633b303b303b303b303b;42:414354494f4e5f4f5045524154494f4e5f56317c303b303b303b303b303b303b303b303a3b303a3b303b;;generator_identity=censusAndCapActionsV1/raw-generator-output;terminal_reason=COMPLETE;validation=VALID;validation_valid=1;validation_exhaustive=1;IMU_MODEL_UNQUALIFIED;FINISH_DEADLINE_MISSED",0,0,2,0,0,"","","",8,1,nan,nan,0,0,inf,0,0,0,2.0677641158571216,271.18953618702051,169,1,0,inf,inf,inf,inf,inf,UNAVAILABLE,IMPLEMENTED_UNVERIFIED,0,0,inf,0,1,112,112,112,112,0,"KEEP_ALL_BEST_EFFORT","NO_VALID_CANDIDATE",0,0,0,1,1,0,0,"","",0,0,0,"RUNNING","","FINISH_DEADLINE_MISSED after 3031.427163 ms; upstream=IMU_MODEL_UNQUALIFIED: no authenticated V1 calibration artifact is bound to the complete model/config digest; profile declarations and calibration identifiers are not qualification evidence;"
5650000000,5650000000,5650000000,"joint_order2","fbbf232a0a941ee9","dual_channel_v1",UNBOUNDED,0,1,1,1,"ACTION_SEARCH_CERTIFICATE_V1:generated=1;planned_evaluations=1;actual_candidate_evaluations=1;actual_post_evaluations=1;actual_pl_evaluations=1;omitted=0;lifecycle=READY_FOR_EVALUATION;cap=1;trusted_snapshot=GENERATED_ACTION_SNAPSHOT_V1|1;137:414354494f4e5f53454d414e544943535f56317c34323a3431343335343439346634653566346635303435353234313534343934663465356635363331376333303362333033623330336233303362333033623330336233303362333033613362333033613362333033623b313b383a346234353435353035663431346334633b303b303b303b303b;42:414354494f4e5f4f5045524154494f4e5f56317c303b303b303b303b303b303b303b303a3b303a3b303b;;generator_identity=censusAndCapActionsV1/raw-generator-output;terminal_reason=COMPLETE;validation=VALID;validation_valid=1;validation_exhaustive=1;IMU_MODEL_UNQUALIFIED;FINISH_DEADLINE_MISSED",0,0,2,0,0,"","","",8,1,nan,nan,0,0,inf,0,0,0,2.0922838888120685,271.18953618702051,169,1,0,inf,inf,inf,inf,inf,UNAVAILABLE,IMPLEMENTED_UNVERIFIED,0,0,inf,0,1,113,113,113,113,0,"KEEP_ALL_BEST_EFFORT","NO_VALID_CANDIDATE",0,0,0,1,1,0,0,"","",0,0,0,"RUNNING","","FINISH_DEADLINE_MISSED after 3086.756943 ms; upstream=IMU_MODEL_UNQUALIFIED: no authenticated V1 calibration artifact is bound to the complete model/config digest; profile declarations and calibration identifiers are not qualification evidence;"
5700000000,5700000000,5700000000,"joint_order2","fbbf232a0a941ee9","dual_channel_v1",UNBOUNDED,0,1,1,1,"ACTION_SEARCH_CERTIFICATE_V1:generated=1;planned_evaluations=1;actual_candidate_evaluations=1;actual_post_evaluations=1;actual_pl_evaluations=1;omitted=0;lifecycle=READY_FOR_EVALUATION;cap=1;trusted_snapshot=GENERATED_ACTION_SNAPSHOT_V1|1;137:414354494f4e5f53454d414e544943535f56317c34323a3431343335343439346634653566346635303435353234313534343934663465356635363331376333303362333033623330336233303362333033623330336233303362333033613362333033613362333033623b313b383a346234353435353035663431346334633b303b303b303b303b;42:414354494f4e5f4f5045524154494f4e5f56317c303b303b303b303b303b303b303b303a3b303a3b303b;;generator_identity=censusAndCapActionsV1/raw-generator-output;terminal_reason=COMPLETE;validation=VALID;validation_valid=1;validation_exhaustive=1;IMU_MODEL_UNQUALIFIED;FINISH_DEADLINE_MISSED",0,0,2,0,0,"","","",8,1,nan,nan,0,0,inf,0,0,0,2.1031303691603065,271.18953618702051,169,1,0,inf,inf,inf,inf,inf,UNAVAILABLE,IMPLEMENTED_UNVERIFIED,0,0,inf,0,1,114,114,114,114,0,"KEEP_ALL_BEST_EFFORT","NO_VALID_CANDIDATE",0,0,0,1,1,0,0,"","",0,0,0,"RUNNING","","FINISH_DEADLINE_MISSED after 3108.124788 ms; upstream=IMU_MODEL_UNQUALIFIED: no authenticated V1 calibration artifact is bound to the complete model/config digest; profile declarations and calibration identifiers are not qualification evidence;"
5750000000,5750000000,5750000000,"joint_order2","fbbf232a0a941ee9","dual_channel_v1",UNBOUNDED,0,1,1,1,"ACTION_SEARCH_CERTIFICATE_V1:generated=1;planned_evaluations=1;actual_candidate_evaluations=1;actual_post_evaluations=1;actual_pl_evaluations=1;omitted=0;lifecycle=READY_FOR_EVALUATION;cap=1;trusted_snapshot=GENERATED_ACTION_SNAPSHOT_V1|1;137:414354494f4e5f53454d414e544943535f56317c34323a3431343335343439346634653566346635303435353234313534343934663465356635363331376333303362333033623330336233303362333033623330336233303362333033613362333033613362333033623b313b383a346234353435353035663431346334633b303b303b303b303b;42:414354494f4e5f4f5045524154494f4e5f56317c303b303b303b303b303b303b303b303a3b303a3b303b;;generator_identity=censusAndCapActionsV1/raw-generator-output;terminal_reason=COMPLETE;validation=VALID;validation_valid=1;validation_exhaustive=1;IMU_MODEL_UNQUALIFIED;FINISH_DEADLINE_MISSED",0,0,2,0,0,"","","",8,1,nan,nan,0,0,inf,0,0,0,2.1189815026179604,271.18953618702051,169,1,0,inf,inf,inf,inf,inf,UNAVAILABLE,IMPLEMENTED_UNVERIFIED,0,0,inf,0,1,115,115,115,115,0,"KEEP_ALL_BEST_EFFORT","NO_VALID_CANDIDATE",0,0,0,1,1,0,0,"","",0,0,0,"RUNNING","","FINISH_DEADLINE_MISSED after 3112.037681 ms; upstream=IMU_MODEL_UNQUALIFIED: no authenticated V1 calibration artifact is bound to the complete model/config digest; profile declarations and calibration identifiers are not qualification evidence;"
5800000000,5800000000,5800000000,"joint_order2","fbbf232a0a941ee9","dual_channel_v1",UNBOUNDED,0,1,1,1,"ACTION_SEARCH_CERTIFICATE_V1:generated=1;planned_evaluations=1;actual_candidate_evaluations=1;actual_post_evaluations=1;actual_pl_evaluations=1;omitted=0;lifecycle=READY_FOR_EVALUATION;cap=1;trusted_snapshot=GENERATED_ACTION_SNAPSHOT_V1|1;137:414354494f4e5f53454d414e544943535f56317c34323a3431343335343439346634653566346635303435353234313534343934663465356635363331376333303362333033623330336233303362333033623330336233303362333033613362333033613362333033623b313b383a346234353435353035663431346334633b303b303b303b303b;42:414354494f4e5f4f5045524154494f4e5f56317c303b303b303b303b303b303b303b303a3b303a3b303b;;generator_identity=censusAndCapActionsV1/raw-generator-output;terminal_reason=COMPLETE;validation=VALID;validation_valid=1;validation_exhaustive=1;IMU_MODEL_UNQUALIFIED;FINISH_DEADLINE_MISSED",0,0,2,0,0,"","","",8,1,nan,nan,0,0,inf,0,0,0,2.1340552479970882,271.18953618702051,169,1,0,inf,inf,inf,inf,inf,UNAVAILABLE,IMPLEMENTED_UNVERIFIED,0,0,inf,0,1,116,116,116,116,0,"KEEP_ALL_BEST_EFFORT","NO_VALID_CANDIDATE",0,0,0,1,1,0,0,"","",0,0,0,"RUNNING","","FINISH_DEADLINE_MISSED after 3176.938946 ms; upstream=IMU_MODEL_UNQUALIFIED: no authenticated V1 calibration artifact is bound to the complete model/config digest; profile declarations and calibration identifiers are not qualification evidence;"
5850000000,5850000000,5850000000,"joint_order2","fbbf232a0a941ee9","dual_channel_v1",UNBOUNDED,0,1,1,1,"ACTION_SEARCH_CERTIFICATE_V1:generated=1;planned_evaluations=1;actual_candidate_evaluations=1;actual_post_evaluations=1;actual_pl_evaluations=1;omitted=0;lifecycle=READY_FOR_EVALUATION;cap=1;trusted_snapshot=GENERATED_ACTION_SNAPSHOT_V1|1;137:414354494f4e5f53454d414e544943535f56317c34323a3431343335343439346634653566346635303435353234313534343934663465356635363331376333303362333033623330336233303362333033623330336233303362333033613362333033613362333033623b313b383a346234353435353035663431346334633b303b303b303b303b;42:414354494f4e5f4f5045524154494f4e5f56317c303b303b303b303b303b303b303b303a3b303a3b303b;;generator_identity=censusAndCapActionsV1/raw-generator-output;terminal_reason=COMPLETE;validation=VALID;validation_valid=1;validation_exhaustive=1;IMU_MODEL_UNQUALIFIED;FINISH_DEADLINE_MISSED",0,0,2,0,0,"","","",8,1,nan,nan,0,0,inf,0,0,0,2.1452661837841402,271.18953618702051,169,1,0,inf,inf,inf,inf,inf,UNAVAILABLE,IMPLEMENTED_UNVERIFIED,0,0,inf,0,1,117,117,117,117,0,"KEEP_ALL_BEST_EFFORT","NO_VALID_CANDIDATE",0,0,0,1,1,0,0,"","",0,0,0,"RUNNING","","FINISH_DEADLINE_MISSED after 3099.077023 ms; upstream=IMU_MODEL_UNQUALIFIED: no authenticated V1 calibration artifact is bound to the complete model/config digest; profile declarations and calibration identifiers are not qualification evidence;"
5900000000,5900000000,5900000000,"joint_order2","fbbf232a0a941ee9","dual_channel_v1",UNBOUNDED,0,1,1,1,"ACTION_SEARCH_CERTIFICATE_V1:generated=1;planned_evaluations=1;actual_candidate_evaluations=1;actual_post_evaluations=1;actual_pl_evaluations=1;omitted=0;lifecycle=READY_FOR_EVALUATION;cap=1;trusted_snapshot=GENERATED_ACTION_SNAPSHOT_V1|1;137:414354494f4e5f53454d414e544943535f56317c34323a3431343335343439346634653566346635303435353234313534343934663465356635363331376333303362333033623330336233303362333033623330336233303362333033613362333033613362333033623b313b383a346234353435353035663431346334633b303b303b303b303b;42:414354494f4e5f4f5045524154494f4e5f56317c303b303b303b303b303b303b303b303a3b303a3b303b;;generator_identity=censusAndCapActionsV1/raw-generator-output;terminal_reason=COMPLETE;validation=VALID;validation_valid=1;validation_exhaustive=1;IMU_MODEL_UNQUALIFIED;FINISH_DEADLINE_MISSED",0,0,2,0,0,"","","",8,1,nan,nan,0,0,inf,0,0,0,2.1553655206904021,271.18953618702051,169,1,0,inf,inf,inf,inf,inf,UNAVAILABLE,IMPLEMENTED_UNVERIFIED,0,0,inf,0,1,118,118,118,118,0,"KEEP_ALL_BEST_EFFORT","NO_VALID_CANDIDATE",0,0,0,1,1,0,0,"","",0,0,0,"RUNNING","","FINISH_DEADLINE_MISSED after 3138.899126 ms; upstream=IMU_MODEL_UNQUALIFIED: no authenticated V1 calibration artifact is bound to the complete model/config digest; profile declarations and calibration identifiers are not qualification evidence;"
5950000000,5950000000,5950000000,"joint_order2","fbbf232a0a941ee9","dual_channel_v1",UNBOUNDED,0,1,1,1,"ACTION_SEARCH_CERTIFICATE_V1:generated=1;planned_evaluations=1;actual_candidate_evaluations=1;actual_post_evaluations=1;actual_pl_evaluations=1;omitted=0;lifecycle=READY_FOR_EVALUATION;cap=1;trusted_snapshot=GENERATED_ACTION_SNAPSHOT_V1|1;137:414354494f4e5f53454d414e544943535f56317c34323a3431343335343439346634653566346635303435353234313534343934663465356635363331376333303362333033623330336233303362333033623330336233303362333033613362333033613362333033623b313b383a346234353435353035663431346334633b303b303b303b303b;42:414354494f4e5f4f5045524154494f4e5f56317c303b303b303b303b303b303b303b303a3b303a3b303b;;generator_identity=censusAndCapActionsV1/raw-generator-output;terminal_reason=COMPLETE;validation=VALID;validation_valid=1;validation_exhaustive=1;IMU_MODEL_UNQUALIFIED;FINISH_DEADLINE_MISSED",0,0,2,0,0,"","","",8,1,nan,nan,0,0,inf,0,0,0,2.1660346821684433,271.18953618702051,169,1,0,inf,inf,inf,inf,inf,UNAVAILABLE,IMPLEMENTED_UNVERIFIED,0,0,inf,0,1,119,119,119,119,0,"KEEP_ALL_BEST_EFFORT","NO_VALID_CANDIDATE",0,0,0,1,1,0,0,"","",0,0,0,"RUNNING","","FINISH_DEADLINE_MISSED after 3167.067971 ms; upstream=IMU_MODEL_UNQUALIFIED: no authenticated V1 calibration artifact is bound to the complete model/config digest; profile declarations and calibration identifiers are not qualification evidence;"
6000000000,6000000000,6000000000,"joint_order2","fbbf232a0a941ee9","dual_channel_v1",UNBOUNDED,0,1,1,1,"ACTION_SEARCH_CERTIFICATE_V1:generated=1;planned_evaluations=1;actual_candidate_evaluations=1;actual_post_evaluations=1;actual_pl_evaluations=1;omitted=0;lifecycle=READY_FOR_EVALUATION;cap=1;trusted_snapshot=GENERATED_ACTION_SNAPSHOT_V1|1;137:414354494f4e5f53454d414e544943535f56317c34323a3431343335343439346634653566346635303435353234313534343934663465356635363331376333303362333033623330336233303362333033623330336233303362333033613362333033613362333033623b313b383a346234353435353035663431346334633b303b303b303b303b;42:414354494f4e5f4f5045524154494f4e5f56317c303b303b303b303b303b303b303b303a3b303a3b303b;;generator_identity=censusAndCapActionsV1/raw-generator-output;terminal_reason=COMPLETE;validation=VALID;validation_valid=1;validation_exhaustive=1;IMU_MODEL_UNQUALIFIED;FINISH_DEADLINE_MISSED",0,0,2,0,0,"","","",8,1,nan,nan,0,0,inf,0,0,0,2.1925643791435734,271.18953618702051,169,1,0,inf,inf,inf,inf,inf,UNAVAILABLE,IMPLEMENTED_UNVERIFIED,0,0,inf,0,1,120,120,120,120,0,"KEEP_ALL_BEST_EFFORT","NO_VALID_CANDIDATE",0,0,0,1,1,0,0,"","",0,0,0,"RUNNING","","FINISH_DEADLINE_MISSED after 3078.147256 ms; upstream=IMU_MODEL_UNQUALIFIED: no authenticated V1 calibration artifact is bound to the complete model/config digest; profile declarations and calibration identifiers are not qualification evidence;"
