timestamp_ns,epoch,stage,wall_ms,problem_size,hypothesis_count,factor_count,cold_warm,success
50000000,1,"imu_preintegration",0.050279,8,0,5,cold,1
50000000,1,"no_uwb_isam_update",0.257033,8,0,5,cold,1
50000000,1,"state_query",0.011778,8,0,5,cold,1
50000000,1,"current_joint_marginal",0,8,0,5,cold,1
50000000,1,"snapshot_extraction",0,8,0,5,cold,1
50000000,1,"prepare",0.270971,8,0,5,cold,1
50000000,1,"integrity_window",0.679262,8,0,5,cold,1
50000000,1,"window_boundary_provenance",0.169164,8,0,5,cold,1
50000000,1,"window_factor_linearization_whitening",0.05605,8,0,5,cold,1
50000000,1,"window_dense_assembly",0.003913,8,0,5,cold,1
50000000,1,"window_svd",0.278406,8,0,5,cold,1
50000000,1,"window_normal_equations",0.00459,8,0,5,cold,1
50000000,1,"window_llt_state_solves",0.009987,8,0,5,cold,1
50000000,1,"window_fingerprint",0.109463,8,0,5,cold,1
50000000,1,"all_in_detector",0.039682,8,0,5,cold,1
50000000,1,"current_sensitivity",0.050438,8,0,5,cold,1
50000000,1,"model_generation",0.662287,8,0,5,cold,1
50000000,1,"historical_sensitivity",0,8,0,5,cold,1
50000000,1,"hypothesis_evidence",1.62857,8,0,5,cold,1
50000000,1,"health_actions",0.127406,8,0,5,cold,1
50000000,1,"base_factorization",0.0094,8,0,5,cold,1
50000000,1,"shared_cache",0.001988,8,0,5,cold,1
50000000,1,"candidate_evaluation",5.92411,8,0,5,cold,1
50000000,1,"fde_decision",0.217926,8,0,5,cold,1
50000000,1,"candidate_audit",0.011628,8,0,5,cold,1
50000000,1,"commit",0.424853,8,0,5,cold,1
50000000,1,"state_audit",0.000389,8,0,5,cold,1
50000000,1,"finalize_commit_audit",0.075876,8,0,5,cold,1
50000000,1,"uwb_commit",0.412345,8,0,5,cold,1
50000000,1,"core_total",10.2182,8,0,5,cold,1
50000000,1,"outer_logging_flush",0.224728,8,0,5,cold,1
50000000,1,"outer_epoch",10.444,8,0,5,cold,1
100000000,2,"imu_preintegration",0.022152,8,0,7,cold,1
100000000,2,"no_uwb_isam_update",0.220287,8,0,7,cold,1
100000000,2,"state_query",0.011759,8,0,7,cold,1
100000000,2,"current_joint_marginal",0,8,0,7,cold,1
100000000,2,"snapshot_extraction",0,8,0,7,cold,1
100000000,2,"prepare",0.229658,8,0,7,cold,1
100000000,2,"integrity_window",1.21534,8,0,7,cold,1
100000000,2,"window_boundary_provenance",0.137863,8,0,7,cold,1
100000000,2,"window_factor_linearization_whitening",0.087873,8,0,7,cold,1
100000000,2,"window_dense_assembly",0.005951,8,0,7,cold,1
100000000,2,"window_svd",0.688834,8,0,7,cold,1
100000000,2,"window_normal_equations",0.007799,8,0,7,cold,1
100000000,2,"window_llt_state_solves",0.018599,8,0,7,cold,1
100000000,2,"window_fingerprint",0.185856,8,0,7,cold,1
100000000,2,"all_in_detector",0.02579,8,0,7,cold,1
100000000,2,"current_sensitivity",0.067639,8,0,7,cold,1
100000000,2,"model_generation",2.25464,8,0,7,cold,1
100000000,2,"historical_sensitivity",0.012355,8,0,7,cold,1
100000000,2,"hypothesis_evidence",3.45636,8,0,7,cold,1
100000000,2,"health_actions",0.168737,8,0,7,cold,1
100000000,2,"base_factorization",0.017718,8,0,7,cold,1
100000000,2,"shared_cache",0.001411,8,0,7,cold,1
100000000,2,"candidate_evaluation",200.359,8,0,7,cold,1
100000000,2,"fde_decision",0.44934,8,0,7,cold,1
100000000,2,"candidate_audit",0.010089,8,0,7,cold,1
100000000,2,"commit",0.864597,8,0,7,cold,1
100000000,2,"state_audit",0.0004,8,0,7,cold,1
100000000,2,"finalize_commit_audit",0.308014,8,0,7,cold,1
100000000,2,"uwb_commit",0.847782,8,0,7,cold,1
100000000,2,"core_total",209.543,8,0,7,cold,1
100000000,2,"outer_logging_flush",0.189998,8,0,7,cold,1
100000000,2,"outer_epoch",209.734,8,0,7,cold,1
150000000,3,"imu_preintegration",0.026124,8,0,9,cold,1
150000000,3,"no_uwb_isam_update",0.287487,8,0,9,cold,1
150000000,3,"state_query",0.020333,8,0,9,cold,1
150000000,3,"current_joint_marginal",0,8,0,9,cold,1
150000000,3,"snapshot_extraction",0,8,0,9,cold,1
150000000,3,"prepare",0.301142,8,0,9,cold,1
150000000,3,"integrity_window",2.02429,8,0,9,cold,1
150000000,3,"window_boundary_provenance",0.147495,8,0,9,cold,1
150000000,3,"window_factor_linearization_whitening",0.148246,8,0,9,cold,1
150000000,3,"window_dense_assembly",0.009603,8,0,9,cold,1
150000000,3,"window_svd",1.13104,8,0,9,cold,1
150000000,3,"window_normal_equations",0.016615,8,0,9,cold,1
150000000,3,"window_llt_state_solves",0.027006,8,0,9,cold,1
150000000,3,"window_fingerprint",0.388489,8,0,9,cold,1
150000000,3,"all_in_detector",0.076964,8,0,9,cold,1
150000000,3,"current_sensitivity",0.13904,8,0,9,cold,1
150000000,3,"model_generation",4.79727,8,0,9,cold,1
150000000,3,"historical_sensitivity",0.027021,8,0,9,cold,1
150000000,3,"hypothesis_evidence",15.2509,8,0,9,cold,1
150000000,3,"health_actions",0.325917,8,0,9,cold,1
150000000,3,"base_factorization",0.036404,8,0,9,cold,1
150000000,3,"shared_cache",0.002216,8,0,9,cold,1
150000000,3,"candidate_evaluation",47.2567,8,0,9,cold,1
150000000,3,"fde_decision",1.18086,8,0,9,cold,1
150000000,3,"candidate_audit",0.022113,8,0,9,cold,1
150000000,3,"commit",0.837688,8,0,9,cold,1
150000000,3,"state_audit",0.000459,8,0,9,cold,1
150000000,3,"finalize_commit_audit",0.673303,8,0,9,cold,1
150000000,3,"uwb_commit",0.80537,8,0,9,cold,1
150000000,3,"core_total",73.0663,8,0,9,cold,1
150000000,3,"outer_logging_flush",0.200626,8,0,9,cold,1
150000000,3,"outer_epoch",73.2681,8,0,9,cold,1
200000000,4,"imu_preintegration",0.028767,8,0,11,cold,1
200000000,4,"no_uwb_isam_update",0.348986,8,0,11,cold,1
200000000,4,"state_query",0.011738,8,0,11,cold,1
200000000,4,"current_joint_marginal",0,8,0,11,cold,1
200000000,4,"snapshot_extraction",0,8,0,11,cold,1
200000000,4,"prepare",0.364182,8,0,11,cold,1
200000000,4,"integrity_window",2.84018,8,0,11,cold,1
200000000,4,"window_boundary_provenance",0.151925,8,0,11,cold,1
200000000,4,"window_factor_linearization_whitening",0.151766,8,0,11,cold,1
200000000,4,"window_dense_assembly",0.015012,8,0,11,cold,1
200000000,4,"window_svd",1.7062,8,0,11,cold,1
200000000,4,"window_normal_equations",0.042705,8,0,11,cold,1
200000000,4,"window_llt_state_solves",0.029814,8,0,11,cold,1
200000000,4,"window_fingerprint",0.52404,8,0,11,cold,1
200000000,4,"all_in_detector",0.029746,8,0,11,cold,1
200000000,4,"current_sensitivity",0.083541,8,0,11,cold,1
200000000,4,"model_generation",9.0859,8,0,11,cold,1
200000000,4,"historical_sensitivity",0.035718,8,0,11,cold,1
200000000,4,"hypothesis_evidence",27.5398,8,0,11,cold,1
200000000,4,"health_actions",0.46093,8,0,11,cold,1
200000000,4,"base_factorization",0.044371,8,0,11,cold,1
200000000,4,"shared_cache",0.001614,8,0,11,cold,1
200000000,4,"candidate_evaluation",97.2914,8,0,11,cold,1
200000000,4,"fde_decision",1.62612,8,0,11,cold,1
200000000,4,"candidate_audit",0.011061,8,0,11,cold,1
200000000,4,"commit",0.643404,8,0,11,cold,1
200000000,4,"state_audit",0.000566,8,0,11,cold,1
200000000,4,"finalize_commit_audit",0.925305,8,0,11,cold,1
200000000,4,"uwb_commit",0.617361,8,0,11,cold,1
200000000,4,"core_total",141.12,8,0,11,cold,1
200000000,4,"outer_logging_flush",0.209134,8,0,11,cold,1
200000000,4,"outer_epoch",141.33,8,0,11,cold,1
250000000,5,"imu_preintegration",0.040129,8,0,13,cold,1
250000000,5,"no_uwb_isam_update",0.528488,8,0,13,cold,1
250000000,5,"state_query",0.016417,8,0,13,cold,1
250000000,5,"current_joint_marginal",0,8,0,13,cold,1
250000000,5,"snapshot_extraction",0,8,0,13,cold,1
250000000,5,"prepare",0.552233,8,0,13,cold,1
250000000,5,"integrity_window",4.24448,8,0,13,cold,1
250000000,5,"window_boundary_provenance",0.203914,8,0,13,cold,1
250000000,5,"window_factor_linearization_whitening",0.296164,8,0,13,cold,1
250000000,5,"window_dense_assembly",0.026033,8,0,13,cold,1
250000000,5,"window_svd",2.48824,8,0,13,cold,1
250000000,5,"window_normal_equations",0.051285,8,0,13,cold,1
250000000,5,"window_llt_state_solves",0.041164,8,0,13,cold,1
250000000,5,"window_fingerprint",0.815105,8,0,13,cold,1
250000000,5,"all_in_detector",0.049004,8,0,13,cold,1
250000000,5,"current_sensitivity",0.153424,8,0,13,cold,1
250000000,5,"model_generation",12.941,8,0,13,cold,1
250000000,5,"historical_sensitivity",0.038465,8,0,13,cold,1
250000000,5,"hypothesis_evidence",46.7079,8,0,13,cold,1
250000000,5,"health_actions",0.659351,8,0,13,cold,1
250000000,5,"base_factorization",0.062868,8,0,13,cold,1
250000000,5,"shared_cache",0.002145,8,0,13,cold,1
250000000,5,"candidate_evaluation",149.056,8,0,13,cold,1
250000000,5,"fde_decision",2.55863,8,0,13,cold,1
250000000,5,"candidate_audit",0.018048,8,0,13,cold,1
250000000,5,"commit",1.13366,8,0,13,cold,1
250000000,5,"state_audit",0.000578,8,0,13,cold,1
250000000,5,"finalize_commit_audit",1.62692,8,0,13,cold,1
250000000,5,"uwb_commit",1.09164,8,0,13,cold,1
250000000,5,"core_total",219.953,8,0,13,cold,1
250000000,5,"outer_logging_flush",0.273466,8,0,13,cold,1
250000000,5,"outer_epoch",220.228,8,0,13,cold,1
300000000,6,"imu_preintegration",0.03677,8,0,15,cold,1
300000000,6,"no_uwb_isam_update",0.560986,8,0,15,cold,1
300000000,6,"state_query",0.011449,8,0,15,cold,1
300000000,6,"current_joint_marginal",0,8,0,15,cold,1
300000000,6,"snapshot_extraction",0,8,0,15,cold,1
300000000,6,"prepare",0.587951,8,0,15,cold,1
300000000,6,"integrity_window",5.01097,8,0,15,cold,1
300000000,6,"window_boundary_provenance",0.152547,8,0,15,cold,1
300000000,6,"window_factor_linearization_whitening",0.22744,8,0,15,cold,1
300000000,6,"window_dense_assembly",0.027716,8,0,15,cold,1
300000000,6,"window_svd",2.93941,8,0,15,cold,1
300000000,6,"window_normal_equations",0.101204,8,0,15,cold,1
300000000,6,"window_llt_state_solves",0.051975,8,0,15,cold,1
300000000,6,"window_fingerprint",1.07868,8,0,15,cold,1
300000000,6,"all_in_detector",0.042729,8,0,15,cold,1
300000000,6,"current_sensitivity",0.167836,8,0,15,cold,1
300000000,6,"model_generation",18.6155,8,0,15,cold,1
300000000,6,"historical_sensitivity",0.048617,8,0,15,cold,1
300000000,6,"hypothesis_evidence",76.3204,8,0,15,cold,1
300000000,6,"health_actions",0.945369,8,0,15,cold,1
300000000,6,"base_factorization",0.076867,8,0,15,cold,1
300000000,6,"shared_cache",0.001962,8,0,15,cold,1
300000000,6,"candidate_evaluation",240.248,8,0,15,cold,1
300000000,6,"fde_decision",3.5421,8,0,15,cold,1
300000000,6,"candidate_audit",0.027214,8,0,15,cold,1
300000000,6,"commit",0.687194,8,0,15,cold,1
300000000,6,"state_audit",0.000628,8,0,15,cold,1
300000000,6,"finalize_commit_audit",2.06088,8,0,15,cold,1
300000000,6,"uwb_commit",0.64926,8,0,15,cold,1
300000000,6,"core_total",348.561,8,0,15,cold,1
300000000,6,"outer_logging_flush",0.212312,8,0,15,cold,1
300000000,6,"outer_epoch",348.774,8,0,15,cold,1
350000000,7,"imu_preintegration",0.040793,8,0,17,cold,1
350000000,7,"no_uwb_isam_update",0.602743,8,0,17,cold,1
350000000,7,"state_query",0.011051,8,0,17,cold,1
350000000,7,"current_joint_marginal",0,8,0,17,cold,1
350000000,7,"snapshot_extraction",0,8,0,17,cold,1
350000000,7,"prepare",0.64207,8,0,17,cold,1
350000000,7,"integrity_window",7.29675,8,0,17,cold,1
350000000,7,"window_boundary_provenance",0.162968,8,0,17,cold,1
350000000,7,"window_factor_linearization_whitening",0.273791,8,0,17,cold,1
350000000,7,"window_dense_assembly",0.035521,8,0,17,cold,1
350000000,7,"window_svd",4.09419,8,0,17,cold,1
350000000,7,"window_normal_equations",0.271806,8,0,17,cold,1
350000000,7,"window_llt_state_solves",0.083677,8,0,17,cold,1
350000000,7,"window_fingerprint",1.80857,8,0,17,cold,1
350000000,7,"all_in_detector",0.074425,8,0,17,cold,1
350000000,7,"current_sensitivity",0.241462,8,0,17,cold,1
350000000,7,"model_generation",27.1494,8,0,17,cold,1
350000000,7,"historical_sensitivity",0.079718,8,0,17,cold,1
350000000,7,"hypothesis_evidence",114.707,8,0,17,cold,1
350000000,7,"health_actions",1.30163,8,0,17,cold,1
350000000,7,"base_factorization",0.105574,8,0,17,cold,1
350000000,7,"shared_cache",0.002675,8,0,17,cold,1
350000000,7,"candidate_evaluation",357.319,8,0,17,cold,1
350000000,7,"fde_decision",4.5629,8,0,17,cold,1
350000000,7,"candidate_audit",0.02053,8,0,17,cold,1
350000000,7,"commit",0.938917,8,0,17,cold,1
350000000,7,"state_audit",0.000398,8,0,17,cold,1
350000000,7,"finalize_commit_audit",2.97842,8,0,17,cold,1
350000000,7,"uwb_commit",0.896883,8,0,17,cold,1
350000000,7,"core_total",517.606,8,0,17,cold,1
350000000,7,"outer_logging_flush",0.216675,8,0,17,cold,1
350000000,7,"outer_epoch",517.824,8,0,17,cold,1
400000000,8,"imu_preintegration",0.042934,8,0,19,cold,1
400000000,8,"no_uwb_isam_update",0.72907,8,0,19,cold,1
400000000,8,"state_query",0.036013,8,0,19,cold,1
400000000,8,"current_joint_marginal",0,8,0,19,cold,1
400000000,8,"snapshot_extraction",0,8,0,19,cold,1
400000000,8,"prepare",0.772874,8,0,19,cold,1
400000000,8,"integrity_window",8.1165,8,0,19,cold,1
400000000,8,"window_boundary_provenance",0.196556,8,0,19,cold,1
400000000,8,"window_factor_linearization_whitening",0.355824,8,0,19,cold,1
400000000,8,"window_dense_assembly",0.054926,8,0,19,cold,1
400000000,8,"window_svd",4.83173,8,0,19,cold,1
400000000,8,"window_normal_equations",0.139998,8,0,19,cold,1
400000000,8,"window_llt_state_solves",0.073859,8,0,19,cold,1
400000000,8,"window_fingerprint",1.77648,8,0,19,cold,1
400000000,8,"all_in_detector",0.054457,8,0,19,cold,1
400000000,8,"current_sensitivity",0.435621,8,0,19,cold,1
400000000,8,"model_generation",38.0862,8,0,19,cold,1
400000000,8,"historical_sensitivity",0.101515,8,0,19,cold,1
400000000,8,"hypothesis_evidence",158.608,8,0,19,cold,1
400000000,8,"health_actions",1.52217,8,0,19,cold,1
400000000,8,"base_factorization",0.123588,8,0,19,cold,1
400000000,8,"shared_cache",0.001846,8,0,19,cold,1
400000000,8,"candidate_evaluation",512.994,8,0,19,cold,1
400000000,8,"fde_decision",6.05918,8,0,19,cold,1
400000000,8,"candidate_audit",0.023254,8,0,19,cold,1
400000000,8,"commit",1.22117,8,0,19,cold,1
400000000,8,"state_audit",0.000609,8,0,19,cold,1
400000000,8,"finalize_commit_audit",3.84036,8,0,19,cold,1
400000000,8,"uwb_commit",1.12411,8,0,19,cold,1
400000000,8,"core_total",732.194,8,0,19,cold,1
400000000,8,"outer_logging_flush",0.236067,8,0,19,cold,1
400000000,8,"outer_epoch",732.431,8,0,19,cold,1
450000000,9,"imu_preintegration",0.043439,8,0,21,cold,1
450000000,9,"no_uwb_isam_update",0.80067,8,0,21,cold,1
450000000,9,"state_query",0.011484,8,0,21,cold,1
450000000,9,"current_joint_marginal",0,8,0,21,cold,1
450000000,9,"snapshot_extraction",0,8,0,21,cold,1
450000000,9,"prepare",0.849109,8,0,21,cold,1
450000000,9,"integrity_window",10.6932,8,0,21,cold,1
450000000,9,"window_boundary_provenance",0.179722,8,0,21,cold,1
450000000,9,"window_factor_linearization_whitening",0.483374,8,0,21,cold,1
450000000,9,"window_dense_assembly",0.062467,8,0,21,cold,1
450000000,9,"window_svd",6.55124,8,0,21,cold,1
450000000,9,"window_normal_equations",0.198302,8,0,21,cold,1
450000000,9,"window_llt_state_solves",0.087232,8,0,21,cold,1
450000000,9,"window_fingerprint",2.22933,8,0,21,cold,1
450000000,9,"all_in_detector",0.061832,8,0,21,cold,1
450000000,9,"current_sensitivity",0.240948,8,0,21,cold,1
450000000,9,"model_generation",51.9214,8,0,21,cold,1
450000000,9,"historical_sensitivity",0.07863,8,0,21,cold,1
450000000,9,"hypothesis_evidence",219.933,8,0,21,cold,1
450000000,9,"health_actions",2.8167,8,0,21,cold,1
450000000,9,"base_factorization",0.202465,8,0,21,cold,1
450000000,9,"shared_cache",0.00308,8,0,21,cold,1
450000000,9,"candidate_evaluation",678.208,8,0,21,cold,1
450000000,9,"fde_decision",7.83342,8,0,21,cold,1
450000000,9,"candidate_audit",0.037322,8,0,21,cold,1
450000000,9,"commit",0.84431,8,0,21,cold,1
450000000,9,"state_audit",0.000586,8,0,21,cold,1
450000000,9,"finalize_commit_audit",4.88805,8,0,21,cold,1
450000000,9,"uwb_commit",0.78636,8,0,21,cold,1
450000000,9,"core_total",978.83,8,0,21,cold,1
450000000,9,"outer_logging_flush",0.227436,8,0,21,cold,1
450000000,9,"outer_epoch",979.058,8,0,21,cold,1
500000000,10,"imu_preintegration",0.043581,8,0,23,cold,1
500000000,10,"no_uwb_isam_update",0.88365,8,0,23,cold,1
500000000,10,"state_query",0.010683,8,0,23,cold,1
500000000,10,"current_joint_marginal",0,8,0,23,cold,1
500000000,10,"snapshot_extraction",0,8,0,23,cold,1
500000000,10,"prepare",0.942234,8,0,23,cold,1
500000000,10,"integrity_window",12.8745,8,0,23,cold,1
500000000,10,"window_boundary_provenance",0.20742,8,0,23,cold,1
500000000,10,"window_factor_linearization_whitening",0.513503,8,0,23,cold,1
500000000,10,"window_dense_assembly",0.074382,8,0,23,cold,1
500000000,10,"window_svd",7.77238,8,0,23,cold,1
500000000,10,"window_normal_equations",0.259902,8,0,23,cold,1
500000000,10,"window_llt_state_solves",0.11061,8,0,23,cold,1
500000000,10,"window_fingerprint",2.84567,8,0,23,cold,1
500000000,10,"all_in_detector",0.068202,8,0,23,cold,1
500000000,10,"current_sensitivity",0.277695,8,0,23,cold,1
500000000,10,"model_generation",62.6456,8,0,23,cold,1
500000000,10,"historical_sensitivity",0.092671,8,0,23,cold,1
500000000,10,"hypothesis_evidence",286.57,8,0,23,cold,1
500000000,10,"health_actions",2.59309,8,0,23,cold,1
500000000,10,"base_factorization",0.183939,8,0,23,cold,1
500000000,10,"shared_cache",0.002382,8,0,23,cold,1
500000000,10,"candidate_evaluation",886.606,8,0,23,cold,1
500000000,10,"fde_decision",10.1495,8,0,23,cold,1
500000000,10,"candidate_audit",0.031807,8,0,23,cold,1
500000000,10,"commit",0.888804,8,0,23,cold,1
500000000,10,"state_audit",0.000465,8,0,23,cold,1
500000000,10,"finalize_commit_audit",6.36616,8,0,23,cold,1
500000000,10,"uwb_commit",0.844036,8,0,23,cold,1
500000000,10,"core_total",1270.53,8,0,23,cold,1
500000000,10,"outer_logging_flush",0.228533,8,0,23,cold,1
500000000,10,"outer_epoch",1270.76,8,0,23,cold,1
550000000,11,"imu_preintegration",0.049357,8,0,25,cold,1
550000000,11,"no_uwb_isam_update",1.2517,8,0,25,cold,1
550000000,11,"state_query",0.010874,8,0,25,cold,1
550000000,11,"current_joint_marginal",0,8,0,25,cold,1
550000000,11,"snapshot_extraction",0,8,0,25,cold,1
550000000,11,"prepare",1.3328,8,0,25,cold,1
550000000,11,"integrity_window",13.3548,8,0,25,cold,1
550000000,11,"window_boundary_provenance",0.465767,8,0,25,cold,1
550000000,11,"window_factor_linearization_whitening",0.547385,8,0,25,cold,1
550000000,11,"window_dense_assembly",0.087936,8,0,25,cold,1
550000000,11,"window_svd",7.83488,8,0,25,cold,1
550000000,11,"window_normal_equations",0.26874,8,0,25,cold,1
550000000,11,"window_llt_state_solves",0.104558,8,0,25,cold,1
550000000,11,"window_fingerprint",2.88902,8,0,25,cold,1
550000000,11,"all_in_detector",0.102979,8,0,25,cold,1
550000000,11,"current_sensitivity",0.531391,8,0,25,cold,1
550000000,11,"model_generation",70.2592,8,0,25,cold,1
550000000,11,"historical_sensitivity",0.110252,8,0,25,cold,1
550000000,11,"hypothesis_evidence",333.836,8,0,25,cold,1
550000000,11,"health_actions",2.78459,8,0,25,cold,1
550000000,11,"base_factorization",0.187326,8,0,25,cold,1
550000000,11,"shared_cache",0.002441,8,0,25,cold,1
550000000,11,"candidate_evaluation",1007.54,8,0,25,cold,1
550000000,11,"fde_decision",12.3471,8,0,25,cold,1
550000000,11,"candidate_audit",0.030906,8,0,25,cold,1
550000000,11,"commit",0.951275,8,0,25,cold,1
550000000,11,"state_audit",0.000422,8,0,25,cold,1
550000000,11,"finalize_commit_audit",6.3537,8,0,25,cold,1
550000000,11,"uwb_commit",0.888535,8,0,25,cold,1
550000000,11,"core_total",1450.16,8,0,25,cold,1
550000000,11,"outer_logging_flush",0.404538,8,0,25,cold,1
550000000,11,"outer_epoch",1450.56,8,0,25,cold,1
600000000,12,"imu_preintegration",0.041984,8,0,27,cold,1
600000000,12,"no_uwb_isam_update",1.01414,8,0,27,cold,1
600000000,12,"state_query",0.011357,8,0,27,cold,1
600000000,12,"current_joint_marginal",0,8,0,27,cold,1
600000000,12,"snapshot_extraction",0,8,0,27,cold,1
600000000,12,"prepare",1.09034,8,0,27,cold,1
600000000,12,"integrity_window",14.5266,8,0,27,cold,1
600000000,12,"window_boundary_provenance",1.57591,8,0,27,cold,1
600000000,12,"window_factor_linearization_whitening",0.594501,8,0,27,cold,1
600000000,12,"window_dense_assembly",0.074295,8,0,27,cold,1
600000000,12,"window_svd",7.66674,8,0,27,cold,1
600000000,12,"window_normal_equations",0.297076,8,0,27,cold,1
600000000,12,"window_llt_state_solves",0.117795,8,0,27,cold,1
600000000,12,"window_fingerprint",3.11543,8,0,27,cold,1
600000000,12,"all_in_detector",0.08785,8,0,27,cold,1
600000000,12,"current_sensitivity",0.338481,8,0,27,cold,1
600000000,12,"model_generation",84.2205,8,0,27,cold,1
600000000,12,"historical_sensitivity",0.090481,8,0,27,cold,1
600000000,12,"hypothesis_evidence",417.955,8,0,27,cold,1
600000000,12,"health_actions",3.24053,8,0,27,cold,1
600000000,12,"base_factorization",0.214455,8,0,27,cold,1
600000000,12,"shared_cache",0.003376,8,0,27,cold,1
600000000,12,"candidate_evaluation",163.869,8,0,27,cold,1
600000000,12,"fde_decision",2.7515,8,0,27,cold,1
600000000,12,"candidate_audit",0.022115,8,0,27,cold,1
600000000,12,"commit",0.925317,8,0,27,cold,1
600000000,12,"state_audit",0.000264,8,0,27,cold,1
600000000,12,"finalize_commit_audit",9.04847,8,0,27,cold,1
600000000,12,"uwb_commit",0.86631,8,0,27,cold,1
600000000,12,"core_total",698.707,8,0,27,cold,1
600000000,12,"outer_logging_flush",0.229164,8,0,27,cold,1
600000000,12,"outer_epoch",698.937,8,0,27,cold,1
650000000,13,"imu_preintegration",0.046038,8,0,29,cold,1
650000000,13,"no_uwb_isam_update",1.08392,8,0,29,cold,1
650000000,13,"state_query",0.011378,8,0,29,cold,1
650000000,13,"current_joint_marginal",0,8,0,29,cold,1
650000000,13,"snapshot_extraction",0,8,0,29,cold,1
650000000,13,"prepare",1.16715,8,0,29,cold,1
650000000,13,"integrity_window",17.9822,8,0,29,cold,1
650000000,13,"window_boundary_provenance",4.41845,8,0,29,cold,1
650000000,13,"window_factor_linearization_whitening",0.624822,8,0,29,cold,1
650000000,13,"window_dense_assembly",0.069545,8,0,29,cold,1
650000000,13,"window_svd",8.26553,8,0,29,cold,1
650000000,13,"window_normal_equations",0.286062,8,0,29,cold,1
650000000,13,"window_llt_state_solves",0.113738,8,0,29,cold,1
650000000,13,"window_fingerprint",3.07212,8,0,29,cold,1
650000000,13,"all_in_detector",0.081756,8,0,29,cold,1
650000000,13,"current_sensitivity",0.328552,8,0,29,cold,1
650000000,13,"model_generation",103.406,8,0,29,cold,1
650000000,13,"historical_sensitivity",0.118856,8,0,29,cold,1
650000000,13,"hypothesis_evidence",498.31,8,0,29,cold,1
650000000,13,"health_actions",4.76404,8,0,29,cold,1
650000000,13,"base_factorization",0.212436,8,0,29,cold,1
650000000,13,"shared_cache",0.00244,8,0,29,cold,1
650000000,13,"candidate_evaluation",219.035,8,0,29,cold,1
650000000,13,"fde_decision",3.0691,8,0,29,cold,1
650000000,13,"candidate_audit",0.025008,8,0,29,cold,1
650000000,13,"commit",1.01724,8,0,29,cold,1
650000000,13,"state_audit",0.000258,8,0,29,cold,1
650000000,13,"finalize_commit_audit",10.8854,8,0,29,cold,1
650000000,13,"uwb_commit",0.955874,8,0,29,cold,1
650000000,13,"core_total",860.769,8,0,29,cold,1
650000000,13,"outer_logging_flush",0.290141,8,0,29,cold,1
650000000,13,"outer_epoch",861.06,8,0,29,cold,1
700000000,14,"imu_preintegration",0.05887,8,0,31,cold,1
700000000,14,"no_uwb_isam_update",1.11657,8,0,31,cold,1
700000000,14,"state_query",0.016787,8,0,31,cold,1
700000000,14,"current_joint_marginal",0,8,0,31,cold,1
700000000,14,"snapshot_extraction",0,8,0,31,cold,1
700000000,14,"prepare",1.18856,8,0,31,cold,1
700000000,14,"integrity_window",24.1762,8,0,31,cold,1
700000000,14,"window_boundary_provenance",10.8101,8,0,31,cold,1
700000000,14,"window_factor_linearization_whitening",0.653508,8,0,31,cold,1
700000000,14,"window_dense_assembly",0.073853,8,0,31,cold,1
700000000,14,"window_svd",7.42209,8,0,31,cold,1
700000000,14,"window_normal_equations",0.282367,8,0,31,cold,1
700000000,14,"window_llt_state_solves",0.133716,8,0,31,cold,1
700000000,14,"window_fingerprint",3.6367,8,0,31,cold,1
700000000,14,"all_in_detector",0.093145,8,0,31,cold,1
700000000,14,"current_sensitivity",0.383059,8,0,31,cold,1
700000000,14,"model_generation",121.207,8,0,31,cold,1
700000000,14,"historical_sensitivity",0.166961,8,0,31,cold,1
700000000,14,"hypothesis_evidence",599.564,8,0,31,cold,1
700000000,14,"health_actions",4.91084,8,0,31,cold,1
700000000,14,"base_factorization",0.233826,8,0,31,cold,1
700000000,14,"shared_cache",0.0044,8,0,31,cold,1
700000000,14,"candidate_evaluation",214.521,8,0,31,cold,1
700000000,14,"fde_decision",3.37941,8,0,31,cold,1
700000000,14,"candidate_audit",0.022726,8,0,31,cold,1
700000000,14,"commit",1.52105,8,0,31,cold,1
700000000,14,"state_audit",0.001274,8,0,31,cold,1
700000000,14,"finalize_commit_audit",11.891,8,0,31,cold,1
700000000,14,"uwb_commit",1.2364,8,0,31,cold,1
700000000,14,"core_total",983.658,8,0,31,cold,1
700000000,14,"outer_logging_flush",0.265373,8,0,31,cold,1
700000000,14,"outer_epoch",983.924,8,0,31,cold,1
750000000,15,"imu_preintegration",0.04486,8,0,33,cold,1
750000000,15,"no_uwb_isam_update",1.21553,8,0,33,cold,1
750000000,15,"state_query",0.016208,8,0,33,cold,1
750000000,15,"current_joint_marginal",0,8,0,33,cold,1
750000000,15,"snapshot_extraction",0,8,0,33,cold,1
750000000,15,"prepare",1.28194,8,0,33,cold,1
750000000,15,"integrity_window",36.3189,8,0,33,cold,1
750000000,15,"window_boundary_provenance",23.0039,8,0,33,cold,1
750000000,15,"window_factor_linearization_whitening",0.827326,8,0,33,cold,1
750000000,15,"window_dense_assembly",0.094618,8,0,33,cold,1
750000000,15,"window_svd",7.6155,8,0,33,cold,1
750000000,15,"window_normal_equations",0.291521,8,0,33,cold,1
750000000,15,"window_llt_state_solves",0.100155,8,0,33,cold,1
750000000,15,"window_fingerprint",3.21903,8,0,33,cold,1
750000000,15,"all_in_detector",0.087556,8,0,33,cold,1
750000000,15,"current_sensitivity",0.322828,8,0,33,cold,1
750000000,15,"model_generation",139.514,8,0,33,cold,1
750000000,15,"historical_sensitivity",0.121182,8,0,33,cold,1
750000000,15,"hypothesis_evidence",725.68,8,0,33,cold,1
750000000,15,"health_actions",7.82375,8,0,33,cold,1
750000000,15,"base_factorization",0.223435,8,0,33,cold,1
750000000,15,"shared_cache",0.003014,8,0,33,cold,1
750000000,15,"candidate_evaluation",238.362,8,0,33,cold,1
750000000,15,"fde_decision",4.32287,8,0,33,cold,1
750000000,15,"candidate_audit",0.024106,8,0,33,cold,1
750000000,15,"commit",1.24233,8,0,33,cold,1
750000000,15,"state_audit",0.000253,8,0,33,cold,1
750000000,15,"finalize_commit_audit",13.799,8,0,33,cold,1
750000000,15,"uwb_commit",1.18386,8,0,33,cold,1
750000000,15,"core_total",1169.54,8,0,33,cold,1
750000000,15,"outer_logging_flush",0.243084,8,0,33,cold,1
750000000,15,"outer_epoch",1169.79,8,0,33,cold,1
800000000,16,"imu_preintegration",0.042057,8,0,35,cold,1
800000000,16,"no_uwb_isam_update",1.72157,8,0,35,cold,1
800000000,16,"state_query",0.015415,8,0,35,cold,1
800000000,16,"current_joint_marginal",0,8,0,35,cold,1
800000000,16,"snapshot_extraction",0,8,0,35,cold,1
800000000,16,"prepare",1.7948,8,0,35,cold,1
800000000,16,"integrity_window",58.0561,8,0,35,cold,1
800000000,16,"window_boundary_provenance",44.1082,8,0,35,cold,1
800000000,16,"window_factor_linearization_whitening",0.678896,8,0,35,cold,1
800000000,16,"window_dense_assembly",0.068925,8,0,35,cold,1
800000000,16,"window_svd",8.31533,8,0,35,cold,1
800000000,16,"window_normal_equations",0.293009,8,0,35,cold,1
800000000,16,"window_llt_state_solves",0.113425,8,0,35,cold,1
800000000,16,"window_fingerprint",3.31809,8,0,35,cold,1
800000000,16,"all_in_detector",0.099242,8,0,35,cold,1
800000000,16,"current_sensitivity",0.392057,8,0,35,cold,1
800000000,16,"model_generation",166.205,8,0,35,cold,1
800000000,16,"historical_sensitivity",0.12056,8,0,35,cold,1
800000000,16,"hypothesis_evidence",882.96,8,0,35,cold,1
800000000,16,"health_actions",7.03532,8,0,35,cold,1
800000000,16,"base_factorization",0.219121,8,0,35,cold,1
800000000,16,"shared_cache",0.002118,8,0,35,cold,1
800000000,16,"candidate_evaluation",267.455,8,0,35,cold,1
800000000,16,"fde_decision",5.40523,8,0,35,cold,1
800000000,16,"candidate_audit",0.042856,8,0,35,cold,1
800000000,16,"commit",1.4397,8,0,35,cold,1
800000000,16,"state_audit",0.000556,8,0,35,cold,1
800000000,16,"finalize_commit_audit",16.1612,8,0,35,cold,1
800000000,16,"uwb_commit",1.3252,8,0,35,cold,1
800000000,16,"core_total",1407.88,8,0,35,cold,1
800000000,16,"outer_logging_flush",0.247322,8,0,35,cold,1
800000000,16,"outer_epoch",1408.13,8,0,35,cold,1
850000000,17,"imu_preintegration",0.042468,8,0,37,cold,1
850000000,17,"no_uwb_isam_update",1.34994,8,0,37,cold,1
850000000,17,"state_query",0.010159,8,0,37,cold,1
850000000,17,"current_joint_marginal",0,8,0,37,cold,1
850000000,17,"snapshot_extraction",0,8,0,37,cold,1
850000000,17,"prepare",1.41714,8,0,37,cold,1
850000000,17,"integrity_window",99.9384,8,0,37,cold,1
850000000,17,"window_boundary_provenance",85.8357,8,0,37,cold,1
850000000,17,"window_factor_linearization_whitening",0.732546,8,0,37,cold,1
850000000,17,"window_dense_assembly",0.062262,8,0,37,cold,1
850000000,17,"window_svd",8.4842,8,0,37,cold,1
850000000,17,"window_normal_equations",0.295991,8,0,37,cold,1
850000000,17,"window_llt_state_solves",0.103691,8,0,37,cold,1
850000000,17,"window_fingerprint",3.26172,8,0,37,cold,1
850000000,17,"all_in_detector",0.12113,8,0,37,cold,1
850000000,17,"current_sensitivity",0.428581,8,0,37,cold,1
850000000,17,"model_generation",189.655,8,0,37,cold,1
850000000,17,"historical_sensitivity",0.134568,8,0,37,cold,1
850000000,17,"hypothesis_evidence",1043.76,8,0,37,cold,1
850000000,17,"health_actions",10.4069,8,0,37,cold,1
850000000,17,"base_factorization",0.243883,8,0,37,cold,1
850000000,17,"shared_cache",0.002765,8,0,37,cold,1
850000000,17,"candidate_evaluation",298.455,8,0,37,cold,1
850000000,17,"fde_decision",5.03282,8,0,37,cold,1
850000000,17,"candidate_audit",0.037134,8,0,37,cold,1
850000000,17,"commit",1.35559,8,0,37,cold,1
850000000,17,"state_audit",0.000565,8,0,37,cold,1
850000000,17,"finalize_commit_audit",16.8614,8,0,37,cold,1
850000000,17,"uwb_commit",1.28161,8,0,37,cold,1
850000000,17,"core_total",1668.35,8,0,37,cold,1
850000000,17,"outer_logging_flush",0.32135,8,0,37,cold,1
850000000,17,"outer_epoch",1668.67,8,0,37,cold,1
900000000,18,"imu_preintegration",0.04375,8,0,39,cold,1
900000000,18,"no_uwb_isam_update",1.61128,8,0,39,cold,1
900000000,18,"state_query",0.010933,8,0,39,cold,1
900000000,18,"current_joint_marginal",0,8,0,39,cold,1
900000000,18,"snapshot_extraction",0,8,0,39,cold,1
900000000,18,"prepare",1.7068,8,0,39,cold,1
900000000,18,"integrity_window",155.185,8,0,39,cold,1
900000000,18,"window_boundary_provenance",139.699,8,0,39,cold,1
900000000,18,"window_factor_linearization_whitening",1.86526,8,0,39,cold,1
900000000,18,"window_dense_assembly",0.13252,8,0,39,cold,1
900000000,18,"window_svd",8.24025,8,0,39,cold,1
900000000,18,"window_normal_equations",0.315364,8,0,39,cold,1
900000000,18,"window_llt_state_solves",0.103109,8,0,39,cold,1
900000000,18,"window_fingerprint",3.5713,8,0,39,cold,1
900000000,18,"all_in_detector",0.133578,8,0,39,cold,1
900000000,18,"current_sensitivity",0.443232,8,0,39,cold,1
900000000,18,"model_generation",213.371,8,0,39,cold,1
900000000,18,"historical_sensitivity",0.121832,8,0,39,cold,1
900000000,18,"hypothesis_evidence",1203.07,8,0,39,cold,1
900000000,18,"health_actions",15.2326,8,0,39,cold,1
900000000,18,"base_factorization",0.236828,8,0,39,cold,1
900000000,18,"shared_cache",0.002946,8,0,39,cold,1
900000000,18,"candidate_evaluation",326.712,8,0,39,cold,1
900000000,18,"fde_decision",5.88628,8,0,39,cold,1
900000000,18,"candidate_audit",0.045852,8,0,39,cold,1
900000000,18,"commit",1.30092,8,0,39,cold,1
900000000,18,"state_audit",0.000282,8,0,39,cold,1
900000000,18,"finalize_commit_audit",27.1407,8,0,39,cold,1
900000000,18,"uwb_commit",1.21833,8,0,39,cold,1
900000000,18,"core_total",1951.15,8,0,39,cold,1
900000000,18,"outer_logging_flush",0.226571,8,0,39,cold,1
900000000,18,"outer_epoch",1951.38,8,0,39,cold,1
950000000,19,"imu_preintegration",0.048601,8,0,41,cold,1
950000000,19,"no_uwb_isam_update",2.61315,8,0,41,cold,1
950000000,19,"state_query",0.012574,8,0,41,cold,1
950000000,19,"current_joint_marginal",0,8,0,41,cold,1
950000000,19,"snapshot_extraction",0,8,0,41,cold,1
950000000,19,"prepare",2.69326,8,0,41,cold,1
950000000,19,"integrity_window",251.37,8,0,41,cold,1
950000000,19,"window_boundary_provenance",237.272,8,0,41,cold,1
950000000,19,"window_factor_linearization_whitening",0.89171,8,0,41,cold,1
950000000,19,"window_dense_assembly",0.078128,8,0,41,cold,1
950000000,19,"window_svd",7.64265,8,0,41,cold,1
950000000,19,"window_normal_equations",0.30787,8,0,41,cold,1
950000000,19,"window_llt_state_solves",0.099316,8,0,41,cold,1
950000000,19,"window_fingerprint",3.79744,8,0,41,cold,1
950000000,19,"all_in_detector",0.222181,8,0,41,cold,1
950000000,19,"current_sensitivity",0.486133,8,0,41,cold,1
950000000,19,"model_generation",252.516,8,0,41,cold,1
950000000,19,"historical_sensitivity",0.129398,8,0,41,cold,1
950000000,19,"hypothesis_evidence",1494.69,8,0,41,cold,1
950000000,19,"health_actions",13.6961,8,0,41,cold,1
950000000,19,"base_factorization",0.241745,8,0,41,cold,1
950000000,19,"shared_cache",0.002523,8,0,41,cold,1
950000000,19,"candidate_evaluation",363.818,8,0,41,cold,1
950000000,19,"fde_decision",7.14294,8,0,41,cold,1
950000000,19,"candidate_audit",0.042824,8,0,41,cold,1
950000000,19,"commit",1.76054,8,0,41,cold,1
950000000,19,"state_audit",0.000707,8,0,41,cold,1
950000000,19,"finalize_commit_audit",25.6963,8,0,41,cold,1
950000000,19,"uwb_commit",1.62368,8,0,41,cold,1
950000000,19,"core_total",2415.09,8,0,41,cold,1
950000000,19,"outer_logging_flush",0.257347,8,0,41,cold,1
950000000,19,"outer_epoch",2415.35,8,0,41,cold,1
1000000000,20,"imu_preintegration",0.043963,8,0,43,cold,1
1000000000,20,"no_uwb_isam_update",1.89941,8,0,43,cold,1
1000000000,20,"state_query",0.014309,8,0,43,cold,1
1000000000,20,"current_joint_marginal",0,8,0,43,cold,1
1000000000,20,"snapshot_extraction",0,8,0,43,cold,1
1000000000,20,"prepare",1.97867,8,0,43,cold,1
1000000000,20,"integrity_window",363.878,8,0,43,cold,1
1000000000,20,"window_boundary_provenance",348.074,8,0,43,cold,1
1000000000,20,"window_factor_linearization_whitening",0.798374,8,0,43,cold,1
1000000000,20,"window_dense_assembly",0.083127,8,0,43,cold,1
1000000000,20,"window_svd",9.30127,8,0,43,cold,1
1000000000,20,"window_normal_equations",0.388772,8,0,43,cold,1
1000000000,20,"window_llt_state_solves",0.118066,8,0,43,cold,1
1000000000,20,"window_fingerprint",3.82289,8,0,43,cold,1
1000000000,20,"all_in_detector",0.207637,8,0,43,cold,1
1000000000,20,"current_sensitivity",0.463931,8,0,43,cold,1
1000000000,20,"model_generation",273.667,8,0,43,cold,1
1000000000,20,"historical_sensitivity",0.123102,8,0,43,cold,1
1000000000,20,"hypothesis_evidence",1612.31,8,0,43,cold,1
1000000000,20,"health_actions",14.2959,8,0,43,cold,1
1000000000,20,"base_factorization",0.249172,8,0,43,cold,1
1000000000,20,"shared_cache",0.002708,8,0,43,cold,1
1000000000,20,"candidate_evaluation",398.919,8,0,43,cold,1
1000000000,20,"fde_decision",10.0526,8,0,43,cold,1
1000000000,20,"candidate_audit",0.057798,8,0,43,cold,1
1000000000,20,"commit",2.31786,8,0,43,cold,1
1000000000,20,"state_audit",0.000441,8,0,43,cold,1
1000000000,20,"finalize_commit_audit",25.4061,8,0,43,cold,1
1000000000,20,"uwb_commit",2.17839,8,0,43,cold,1
1000000000,20,"core_total",2704.49,8,0,43,cold,1
1000000000,20,"outer_logging_flush",0.304134,8,0,43,cold,1
1000000000,20,"outer_epoch",2704.79,8,0,43,cold,1
1050000000,21,"imu_preintegration",0.042639,8,0,45,cold,1
1050000000,21,"no_uwb_isam_update",1.77993,8,0,45,cold,1
1050000000,21,"state_query",0.011727,8,0,45,cold,1
1050000000,21,"current_joint_marginal",0,8,0,45,cold,1
1050000000,21,"snapshot_extraction",0,8,0,45,cold,1
1050000000,21,"prepare",1.85459,8,0,45,cold,1
1050000000,21,"integrity_window",512.986,8,0,45,cold,1
1050000000,21,"window_boundary_provenance",497.697,8,0,45,cold,1
1050000000,21,"window_factor_linearization_whitening",0.884998,8,0,45,cold,1
1050000000,21,"window_dense_assembly",0.092032,8,0,45,cold,1
1050000000,21,"window_svd",7.94233,8,0,45,cold,1
1050000000,21,"window_normal_equations",0.470395,8,0,45,cold,1
1050000000,21,"window_llt_state_solves",0.231553,8,0,45,cold,1
1050000000,21,"window_fingerprint",4.33356,8,0,45,cold,1
1050000000,21,"all_in_detector",0.304535,8,0,45,cold,1
1050000000,21,"current_sensitivity",0.595333,8,0,45,cold,1
1050000000,21,"model_generation",298.509,8,0,45,cold,1
1050000000,21,"historical_sensitivity",0.13501,8,0,45,cold,1
1050000000,21,"hypothesis_evidence",1824.36,8,0,45,cold,1
1050000000,21,"health_actions",17.4345,8,0,45,cold,1
1050000000,21,"base_factorization",0.254986,8,0,45,cold,1
1050000000,21,"shared_cache",0.00268,8,0,45,cold,1
1050000000,21,"candidate_evaluation",442.575,8,0,45,cold,1
1050000000,21,"fde_decision",7.72761,8,0,45,cold,1
1050000000,21,"candidate_audit",0.035262,8,0,45,cold,1
1050000000,21,"commit",1.54041,8,0,45,cold,1
1050000000,21,"state_audit",0.000736,8,0,45,cold,1
1050000000,21,"finalize_commit_audit",29.7038,8,0,45,cold,1
1050000000,21,"uwb_commit",1.44151,8,0,45,cold,1
1050000000,21,"core_total",3138.5,8,0,45,cold,1
1050000000,21,"outer_logging_flush",0.242912,8,0,45,cold,1
1050000000,21,"outer_epoch",3138.75,8,0,45,cold,1
1100000000,22,"imu_preintegration",0.047888,8,0,47,cold,1
1100000000,22,"no_uwb_isam_update",3.7311,8,0,47,cold,1
1100000000,22,"state_query",0.012492,8,0,47,cold,1
1100000000,22,"current_joint_marginal",0,8,0,47,cold,1
1100000000,22,"snapshot_extraction",0,8,0,47,cold,1
1100000000,22,"prepare",3.81344,8,0,47,cold,1
1100000000,22,"integrity_window",665.146,8,0,47,cold,1
1100000000,22,"window_boundary_provenance",649.553,8,0,47,cold,1
1100000000,22,"window_factor_linearization_whitening",1.0769,8,0,47,cold,1
1100000000,22,"window_dense_assembly",0.123813,8,0,47,cold,1
1100000000,22,"window_svd",7.89659,8,0,47,cold,1
1100000000,22,"window_normal_equations",0.348599,8,0,47,cold,1
1100000000,22,"window_llt_state_solves",0.107858,8,0,47,cold,1
1100000000,22,"window_fingerprint",3.85342,8,0,47,cold,1
1100000000,22,"all_in_detector",0.54662,8,0,47,cold,1
1100000000,22,"current_sensitivity",0.746257,8,0,47,cold,1
1100000000,22,"model_generation",294.675,8,0,47,cold,1
1100000000,22,"historical_sensitivity",0.144702,8,0,47,cold,1
1100000000,22,"hypothesis_evidence",1818.09,8,0,47,cold,1
1100000000,22,"health_actions",19.8926,8,0,47,cold,1
1100000000,22,"base_factorization",0.298005,8,0,47,cold,1
1100000000,22,"shared_cache",0.004071,8,0,47,cold,1
1100000000,22,"candidate_evaluation",428.022,8,0,47,cold,1
1100000000,22,"fde_decision",8.26878,8,0,47,cold,1
1100000000,22,"candidate_audit",0.041929,8,0,47,cold,1
1100000000,22,"commit",1.6112,8,0,47,cold,1
1100000000,22,"state_audit",0.000285,8,0,47,cold,1
1100000000,22,"finalize_commit_audit",31.2808,8,0,47,cold,1
1100000000,22,"uwb_commit",1.49771,8,0,47,cold,1
1100000000,22,"core_total",3273.22,8,0,47,cold,1
1100000000,22,"outer_logging_flush",0.291947,8,0,47,cold,1
1100000000,22,"outer_epoch",3273.51,8,0,47,cold,1
1150000000,23,"imu_preintegration",0.043335,8,0,49,cold,1
1150000000,23,"no_uwb_isam_update",1.88942,8,0,49,cold,1
1150000000,23,"state_query",0.01233,8,0,49,cold,1
1150000000,23,"current_joint_marginal",0,8,0,49,cold,1
1150000000,23,"snapshot_extraction",0,8,0,49,cold,1
1150000000,23,"prepare",1.96689,8,0,49,cold,1
1150000000,23,"integrity_window",899,8,0,49,cold,1
1150000000,23,"window_boundary_provenance",883.425,8,0,49,cold,1
1150000000,23,"window_factor_linearization_whitening",0.923883,8,0,49,cold,1
1150000000,23,"window_dense_assembly",0.094582,8,0,49,cold,1
1150000000,23,"window_svd",9.16896,8,0,49,cold,1
1150000000,23,"window_normal_equations",0.336781,8,0,49,cold,1
1150000000,23,"window_llt_state_solves",0.105542,8,0,49,cold,1
1150000000,23,"window_fingerprint",3.665,8,0,49,cold,1
1150000000,23,"all_in_detector",0.26437,8,0,49,cold,1
1150000000,23,"current_sensitivity",0.475392,8,0,49,cold,1
1150000000,23,"model_generation",298.128,8,0,49,cold,1
1150000000,23,"historical_sensitivity",0.184235,8,0,49,cold,1
1150000000,23,"hypothesis_evidence",1832.53,8,0,49,cold,1
1150000000,23,"health_actions",19.4813,8,0,49,cold,1
1150000000,23,"base_factorization",0.293539,8,0,49,cold,1
1150000000,23,"shared_cache",0.00355,8,0,49,cold,1
1150000000,23,"candidate_evaluation",420.752,8,0,49,cold,1
1150000000,23,"fde_decision",7.74365,8,0,49,cold,1
1150000000,23,"candidate_audit",0.034223,8,0,49,cold,1
1150000000,23,"commit",1.73847,8,0,49,cold,1
1150000000,23,"state_audit",0.000653,8,0,49,cold,1
1150000000,23,"finalize_commit_audit",31.7816,8,0,49,cold,1
1150000000,23,"uwb_commit",1.59998,8,0,49,cold,1
1150000000,23,"core_total",3515.04,8,0,49,cold,1
1150000000,23,"outer_logging_flush",0.248926,8,0,49,cold,1
1150000000,23,"outer_epoch",3515.29,8,0,49,cold,1
1200000000,24,"imu_preintegration",0.043311,8,0,51,cold,1
1200000000,24,"no_uwb_isam_update",1.99163,8,0,51,cold,1
1200000000,24,"state_query",0.014975,8,0,51,cold,1
1200000000,24,"current_joint_marginal",0,8,0,51,cold,1
1200000000,24,"snapshot_extraction",0,8,0,51,cold,1
1200000000,24,"prepare",2.06821,8,0,51,cold,1
1200000000,24,"integrity_window",1065.05,8,0,51,cold,1
1200000000,24,"window_boundary_provenance",1050.05,8,0,51,cold,1
1200000000,24,"window_factor_linearization_whitening",0.926241,8,0,51,cold,1
1200000000,24,"window_dense_assembly",0.092948,8,0,51,cold,1
1200000000,24,"window_svd",8.12657,8,0,51,cold,1
1200000000,24,"window_normal_equations",0.384114,8,0,51,cold,1
1200000000,24,"window_llt_state_solves",0.115276,8,0,51,cold,1
1200000000,24,"window_fingerprint",4.02962,8,0,51,cold,1
1200000000,24,"all_in_detector",0.250221,8,0,51,cold,1
1200000000,24,"current_sensitivity",0.51733,8,0,51,cold,1
1200000000,24,"model_generation",301.821,8,0,51,cold,1
1200000000,24,"historical_sensitivity",0.133688,8,0,51,cold,1
1200000000,24,"hypothesis_evidence",1832.09,8,0,51,cold,1
1200000000,24,"health_actions",17.8619,8,0,51,cold,1
1200000000,24,"base_factorization",0.260099,8,0,51,cold,1
1200000000,24,"shared_cache",0.003519,8,0,51,cold,1
1200000000,24,"candidate_evaluation",427.346,8,0,51,cold,1
1200000000,24,"fde_decision",8.23734,8,0,51,cold,1
1200000000,24,"candidate_audit",0.03231,8,0,51,cold,1
1200000000,24,"commit",2.47116,8,0,51,cold,1
1200000000,24,"state_audit",0.00081,8,0,51,cold,1
1200000000,24,"finalize_commit_audit",33.3027,8,0,51,cold,1
1200000000,24,"uwb_commit",2.28694,8,0,51,cold,1
1200000000,24,"core_total",3692.31,8,0,51,cold,1
1200000000,24,"outer_logging_flush",0.296697,8,0,51,cold,1
1200000000,24,"outer_epoch",3692.61,8,0,51,cold,1
1250000000,25,"imu_preintegration",0.04267,8,0,53,cold,1
1250000000,25,"no_uwb_isam_update",2.06267,8,0,53,cold,1
1250000000,25,"state_query",0.011272,8,0,53,cold,1
1250000000,25,"current_joint_marginal",0,8,0,53,cold,1
1250000000,25,"snapshot_extraction",0,8,0,53,cold,1
1250000000,25,"prepare",2.14401,8,0,53,cold,1
1250000000,25,"integrity_window",1706.25,8,0,53,cold,1
1250000000,25,"window_boundary_provenance",1689.03,8,0,53,cold,1
1250000000,25,"window_factor_linearization_whitening",1.32092,8,0,53,cold,1
1250000000,25,"window_dense_assembly",0.125269,8,0,53,cold,1
1250000000,25,"window_svd",10.0742,8,0,53,cold,1
1250000000,25,"window_normal_equations",0.335041,8,0,53,cold,1
1250000000,25,"window_llt_state_solves",0.106534,8,0,53,cold,1
1250000000,25,"window_fingerprint",3.88061,8,0,53,cold,1
1250000000,25,"all_in_detector",0.239047,8,0,53,cold,1
1250000000,25,"current_sensitivity",0.483046,8,0,53,cold,1
1250000000,25,"model_generation",303.587,8,0,53,cold,1
1250000000,25,"historical_sensitivity",0.132992,8,0,53,cold,1
1250000000,25,"hypothesis_evidence",1823.46,8,0,53,cold,1
1250000000,25,"health_actions",16.5379,8,0,53,cold,1
1250000000,25,"base_factorization",0.262776,8,0,53,cold,1
1250000000,25,"shared_cache",0.00284,8,0,53,cold,1
1250000000,25,"candidate_evaluation",423.112,8,0,53,cold,1
1250000000,25,"fde_decision",8.8195,8,0,53,cold,1
1250000000,25,"candidate_audit",0.038952,8,0,53,cold,1
1250000000,25,"commit",1.63366,8,0,53,cold,1
1250000000,25,"state_audit",0.000558,8,0,53,cold,1
1250000000,25,"finalize_commit_audit",30.7581,8,0,53,cold,1
1250000000,25,"uwb_commit",1.51733,8,0,53,cold,1
1250000000,25,"core_total",4318.04,8,0,53,cold,1
1250000000,25,"outer_logging_flush",0.295433,8,0,53,cold,1
1250000000,25,"outer_epoch",4318.34,8,0,53,cold,1
1300000000,26,"imu_preintegration",0.043526,8,0,55,cold,1
1300000000,26,"no_uwb_isam_update",2.21843,8,0,55,cold,1
1300000000,26,"state_query",0.010461,8,0,55,cold,1
1300000000,26,"current_joint_marginal",0,8,0,55,cold,1
1300000000,26,"snapshot_extraction",0,8,0,55,cold,1
1300000000,26,"prepare",2.29553,8,0,55,cold,1
1300000000,26,"integrity_window",1931.97,8,0,55,cold,1
1300000000,26,"window_boundary_provenance",1916.85,8,0,55,cold,1
1300000000,26,"window_factor_linearization_whitening",1.12167,8,0,55,cold,1
1300000000,26,"window_dense_assembly",0.108423,8,0,55,cold,1
1300000000,26,"window_svd",8.11968,8,0,55,cold,1
1300000000,26,"window_normal_equations",0.340703,8,0,55,cold,1
1300000000,26,"window_llt_state_solves",0.114828,8,0,55,cold,1
1300000000,26,"window_fingerprint",3.95323,8,0,55,cold,1
1300000000,26,"all_in_detector",0.267885,8,0,55,cold,1
1300000000,26,"current_sensitivity",0.57938,8,0,55,cold,1
1300000000,26,"model_generation",304.542,8,0,55,cold,1
1300000000,26,"historical_sensitivity",0.136137,8,0,55,cold,1
1300000000,26,"hypothesis_evidence",1833.08,8,0,55,cold,1
1300000000,26,"health_actions",20.1383,8,0,55,cold,1
1300000000,26,"base_factorization",0.282494,8,0,55,cold,1
1300000000,26,"shared_cache",0.003799,8,0,55,cold,1
1300000000,26,"candidate_evaluation",427.207,8,0,55,cold,1
1300000000,26,"fde_decision",9.08063,8,0,55,cold,1
1300000000,26,"candidate_audit",0.038232,8,0,55,cold,1
1300000000,26,"commit",1.71637,8,0,55,cold,1
1300000000,26,"state_audit",0.000427,8,0,55,cold,1
1300000000,26,"finalize_commit_audit",29.9814,8,0,55,cold,1
1300000000,26,"uwb_commit",1.59403,8,0,55,cold,1
1300000000,26,"core_total",4561.99,8,0,55,cold,1
1300000000,26,"outer_logging_flush",0.397627,8,0,55,cold,1
1300000000,26,"outer_epoch",4562.38,8,0,55,cold,1
1350000000,27,"imu_preintegration",0.04527,8,0,57,cold,1
1350000000,27,"no_uwb_isam_update",2.25024,8,0,57,cold,1
1350000000,27,"state_query",0.010853,8,0,57,cold,1
1350000000,27,"current_joint_marginal",0,8,0,57,cold,1
1350000000,27,"snapshot_extraction",0,8,0,57,cold,1
1350000000,27,"prepare",2.33357,8,0,57,cold,1
1350000000,27,"integrity_window",2038.03,8,0,57,cold,1
1350000000,27,"window_boundary_provenance",2021.68,8,0,57,cold,1
1350000000,27,"window_factor_linearization_whitening",0.886317,8,0,57,cold,1
1350000000,27,"window_dense_assembly",0.090272,8,0,57,cold,1
1350000000,27,"window_svd",9.63006,8,0,57,cold,1
1350000000,27,"window_normal_equations",0.347691,8,0,57,cold,1
1350000000,27,"window_llt_state_solves",0.107986,8,0,57,cold,1
1350000000,27,"window_fingerprint",3.91327,8,0,57,cold,1
1350000000,27,"all_in_detector",0.245963,8,0,57,cold,1
1350000000,27,"current_sensitivity",0.508905,8,0,57,cold,1
1350000000,27,"model_generation",306.45,8,0,57,cold,1
1350000000,27,"historical_sensitivity",0.155928,8,0,57,cold,1
1350000000,27,"hypothesis_evidence",1813.76,8,0,57,cold,1
1350000000,27,"health_actions",21.7481,8,0,57,cold,1
1350000000,27,"base_factorization",0.401655,8,0,57,cold,1
1350000000,27,"shared_cache",0.006267,8,0,57,cold,1
1350000000,27,"candidate_evaluation",430.164,8,0,57,cold,1
1350000000,27,"fde_decision",8.13863,8,0,57,cold,1
1350000000,27,"candidate_audit",0.034797,8,0,57,cold,1
1350000000,27,"commit",1.65899,8,0,57,cold,1
1350000000,27,"state_audit",0.000532,8,0,57,cold,1
1350000000,27,"finalize_commit_audit",30.6188,8,0,57,cold,1
1350000000,27,"uwb_commit",1.54333,8,0,57,cold,1
1350000000,27,"core_total",4654.83,8,0,57,cold,1
1350000000,27,"outer_logging_flush",0.390032,8,0,57,cold,1
1350000000,27,"outer_epoch",4655.22,8,0,57,cold,1
1400000000,28,"imu_preintegration",0.046073,8,0,59,cold,1
1400000000,28,"no_uwb_isam_update",2.26543,8,0,59,cold,1
1400000000,28,"state_query",0.01232,8,0,59,cold,1
1400000000,28,"current_joint_marginal",0,8,0,59,cold,1
1400000000,28,"snapshot_extraction",0,8,0,59,cold,1
1400000000,28,"prepare",2.34656,8,0,59,cold,1
1400000000,28,"integrity_window",2276.65,8,0,59,cold,1
1400000000,28,"window_boundary_provenance",2260.03,8,0,59,cold,1
1400000000,28,"window_factor_linearization_whitening",0.931931,8,0,59,cold,1
1400000000,28,"window_dense_assembly",0.098152,8,0,59,cold,1
1400000000,28,"window_svd",7.92003,8,0,59,cold,1
1400000000,28,"window_normal_equations",0.34458,8,0,59,cold,1
1400000000,28,"window_llt_state_solves",0.102865,8,0,59,cold,1
1400000000,28,"window_fingerprint",5.84091,8,0,59,cold,1
1400000000,28,"all_in_detector",0.245117,8,0,59,cold,1
1400000000,28,"current_sensitivity",0.572178,8,0,59,cold,1
1400000000,28,"model_generation",293.241,8,0,59,cold,1
1400000000,28,"historical_sensitivity",0.126857,8,0,59,cold,1
1400000000,28,"hypothesis_evidence",1856.76,8,0,59,cold,1
1400000000,28,"health_actions",16.4886,8,0,59,cold,1
1400000000,28,"base_factorization",0.27716,8,0,59,cold,1
1400000000,28,"shared_cache",0.00331,8,0,59,cold,1
1400000000,28,"candidate_evaluation",421.998,8,0,59,cold,1
1400000000,28,"fde_decision",9.67145,8,0,59,cold,1
1400000000,28,"candidate_audit",0.04313,8,0,59,cold,1
1400000000,28,"commit",2.03508,8,0,59,cold,1
1400000000,28,"state_audit",0.000581,8,0,59,cold,1
1400000000,28,"finalize_commit_audit",29.4989,8,0,59,cold,1
1400000000,28,"uwb_commit",1.87341,8,0,59,cold,1
1400000000,28,"core_total",4910.85,8,0,59,cold,1
1400000000,28,"outer_logging_flush",0.305919,8,0,59,cold,1
1400000000,28,"outer_epoch",4911.16,8,0,59,cold,1
1450000000,29,"imu_preintegration",0.044225,8,0,61,cold,1
1450000000,29,"no_uwb_isam_update",2.42774,8,0,61,cold,1
1450000000,29,"state_query",0.01463,8,0,61,cold,1
1450000000,29,"current_joint_marginal",0,8,0,61,cold,1
1450000000,29,"snapshot_extraction",0,8,0,61,cold,1
1450000000,29,"prepare",2.51055,8,0,61,cold,1
1450000000,29,"integrity_window",2605.52,8,0,61,cold,1
1450000000,29,"window_boundary_provenance",2590.53,8,0,61,cold,1
1450000000,29,"window_factor_linearization_whitening",0.9197,8,0,61,cold,1
1450000000,29,"window_dense_assembly",0.09138,8,0,61,cold,1
1450000000,29,"window_svd",8.29819,8,0,61,cold,1
1450000000,29,"window_normal_equations",0.34343,8,0,61,cold,1
1450000000,29,"window_llt_state_solves",0.106661,8,0,61,cold,1
1450000000,29,"window_fingerprint",3.87728,8,0,61,cold,1
1450000000,29,"all_in_detector",0.263543,8,0,61,cold,1
1450000000,29,"current_sensitivity",0.48824,8,0,61,cold,1
1450000000,29,"model_generation",308.956,8,0,61,cold,1
1450000000,29,"historical_sensitivity",0.133261,8,0,61,cold,1
1450000000,29,"hypothesis_evidence",1812.5,8,0,61,cold,1
1450000000,29,"health_actions",20.5071,8,0,61,cold,1
1450000000,29,"base_factorization",0.261067,8,0,61,cold,1
1450000000,29,"shared_cache",0.003658,8,0,61,cold,1
1450000000,29,"candidate_evaluation",426.083,8,0,61,cold,1
1450000000,29,"fde_decision",8.60845,8,0,61,cold,1
1450000000,29,"candidate_audit",0.040905,8,0,61,cold,1
1450000000,29,"commit",1.77648,8,0,61,cold,1
1450000000,29,"state_audit",0.000425,8,0,61,cold,1
1450000000,29,"finalize_commit_audit",31.9255,8,0,61,cold,1
1450000000,29,"uwb_commit",1.63744,8,0,61,cold,1
1450000000,29,"core_total",5220.21,8,0,61,cold,1
1450000000,29,"outer_logging_flush",0.423194,8,0,61,cold,1
1450000000,29,"outer_epoch",5220.63,8,0,61,cold,1
1500000000,30,"imu_preintegration",0.043541,8,0,60,cold,1
1500000000,30,"no_uwb_isam_update",2.24877,8,0,60,cold,1
1500000000,30,"state_query",0.013903,8,0,60,cold,1
1500000000,30,"current_joint_marginal",0,8,0,60,cold,1
1500000000,30,"snapshot_extraction",0,8,0,60,cold,1
1500000000,30,"prepare",2.33528,8,0,60,cold,1
1500000000,30,"integrity_window",3089.89,8,0,60,cold,1
1500000000,30,"window_boundary_provenance",3075.47,8,0,60,cold,1
1500000000,30,"window_factor_linearization_whitening",1.5813,8,0,60,cold,1
1500000000,30,"window_dense_assembly",0.104569,8,0,60,cold,1
1500000000,30,"window_svd",7.45286,8,0,60,cold,1
1500000000,30,"window_normal_equations",0.304984,8,0,60,cold,1
1500000000,30,"window_llt_state_solves",0.09765,8,0,60,cold,1
1500000000,30,"window_fingerprint",3.62277,8,0,60,cold,1
1500000000,30,"all_in_detector",0.21072,8,0,60,cold,1
1500000000,30,"current_sensitivity",0.355124,8,0,60,cold,1
1500000000,30,"model_generation",298.091,8,0,60,cold,1
1500000000,30,"historical_sensitivity",0.129285,8,0,60,cold,1
1500000000,30,"hypothesis_evidence",1829.82,8,0,60,cold,1
1500000000,30,"health_actions",24.2363,8,0,60,cold,1
1500000000,30,"base_factorization",0.410042,8,0,60,cold,1
1500000000,30,"shared_cache",0.005169,8,0,60,cold,1
1500000000,30,"candidate_evaluation",419.976,8,0,60,cold,1
1500000000,30,"fde_decision",8.11006,8,0,60,cold,1
1500000000,30,"candidate_audit",0.038411,8,0,60,cold,1
1500000000,30,"commit",1.93948,8,0,60,cold,1
1500000000,30,"state_audit",0.000545,8,0,60,cold,1
1500000000,30,"finalize_commit_audit",33.2527,8,0,60,cold,1
1500000000,30,"uwb_commit",1.81136,8,0,60,cold,1
1500000000,30,"core_total",5709.33,8,0,60,cold,1
1500000000,30,"outer_logging_flush",0.344665,8,0,60,cold,1
1500000000,30,"outer_epoch",5709.68,8,0,60,cold,1
1550000000,31,"imu_preintegration",0.065563,8,0,60,cold,1
1550000000,31,"no_uwb_isam_update",3.18722,8,0,60,cold,1
1550000000,31,"state_query",0.017751,8,0,60,cold,1
1550000000,31,"current_joint_marginal",0,8,0,60,cold,1
1550000000,31,"snapshot_extraction",0,8,0,60,cold,1
1550000000,31,"prepare",3.29431,8,0,60,cold,1
1550000000,31,"integrity_window",459.071,8,0,60,cold,1
1550000000,31,"window_boundary_provenance",441.345,8,0,60,cold,1
1550000000,31,"window_factor_linearization_whitening",1.03544,8,0,60,cold,1
1550000000,31,"window_dense_assembly",0.09398,8,0,60,cold,1
1550000000,31,"window_svd",10.6765,8,0,60,cold,1
1550000000,31,"window_normal_equations",0.351459,8,0,60,cold,1
1550000000,31,"window_llt_state_solves",0.152604,8,0,60,cold,1
1550000000,31,"window_fingerprint",4.03135,8,0,60,cold,1
1550000000,31,"all_in_detector",0.315506,8,0,60,cold,1
1550000000,31,"current_sensitivity",0.617164,8,0,60,cold,1
1550000000,31,"model_generation",295.885,8,0,60,cold,1
1550000000,31,"historical_sensitivity",0.142496,8,0,60,cold,1
1550000000,31,"hypothesis_evidence",1810.82,8,0,60,cold,1
1550000000,31,"health_actions",21.2984,8,0,60,cold,1
1550000000,31,"base_factorization",0.260158,8,0,60,cold,1
1550000000,31,"shared_cache",0.003383,8,0,60,cold,1
1550000000,31,"candidate_evaluation",420.139,8,0,60,cold,1
1550000000,31,"fde_decision",8.2988,8,0,60,cold,1
1550000000,31,"candidate_audit",0.037349,8,0,60,cold,1
1550000000,31,"commit",2.44425,8,0,60,cold,1
1550000000,31,"state_audit",0.00076,8,0,60,cold,1
1550000000,31,"finalize_commit_audit",28.041,8,0,60,cold,1
1550000000,31,"uwb_commit",2.24856,8,0,60,cold,1
1550000000,31,"core_total",3051.22,8,0,60,cold,1
1550000000,31,"outer_logging_flush",0.288565,8,0,60,cold,1
1550000000,31,"outer_epoch",3051.51,8,0,60,cold,1
1600000000,32,"imu_preintegration",0.043756,8,0,60,cold,1
1600000000,32,"no_uwb_isam_update",2.59534,8,0,60,cold,1
1600000000,32,"state_query",0.026204,8,0,60,cold,1
1600000000,32,"current_joint_marginal",0,8,0,60,cold,1
1600000000,32,"snapshot_extraction",0,8,0,60,cold,1
1600000000,32,"prepare",2.67084,8,0,60,cold,1
1600000000,32,"integrity_window",416.194,8,0,60,cold,1
1600000000,32,"window_boundary_provenance",401.133,8,0,60,cold,1
1600000000,32,"window_factor_linearization_whitening",1.67989,8,0,60,cold,1
1600000000,32,"window_dense_assembly",0.151632,8,0,60,cold,1
1600000000,32,"window_svd",7.76923,8,0,60,cold,1
1600000000,32,"window_normal_equations",0.316453,8,0,60,cold,1
1600000000,32,"window_llt_state_solves",0.108553,8,0,60,cold,1
1600000000,32,"window_fingerprint",3.72575,8,0,60,cold,1
1600000000,32,"all_in_detector",0.26719,8,0,60,cold,1
1600000000,32,"current_sensitivity",0.509066,8,0,60,cold,1
1600000000,32,"model_generation",299.918,8,0,60,cold,1
1600000000,32,"historical_sensitivity",0.205018,8,0,60,cold,1
1600000000,32,"hypothesis_evidence",1813.28,8,0,60,cold,1
1600000000,32,"health_actions",16.8076,8,0,60,cold,1
1600000000,32,"base_factorization",0.254774,8,0,60,cold,1
1600000000,32,"shared_cache",0.003426,8,0,60,cold,1
1600000000,32,"candidate_evaluation",427.558,8,0,60,cold,1
1600000000,32,"fde_decision",8.26845,8,0,60,cold,1
1600000000,32,"candidate_audit",0.036361,8,0,60,cold,1
1600000000,32,"commit",2.70396,8,0,60,cold,1
1600000000,32,"state_audit",0.000574,8,0,60,cold,1
1600000000,32,"finalize_commit_audit",34.5299,8,0,60,cold,1
1600000000,32,"uwb_commit",2.51396,8,0,60,cold,1
1600000000,32,"core_total",3023.9,8,0,60,cold,1
1600000000,32,"outer_logging_flush",0.420704,8,0,60,cold,1
1600000000,32,"outer_epoch",3024.32,8,0,60,cold,1
1650000000,33,"imu_preintegration",0.058187,8,0,60,cold,1
1650000000,33,"no_uwb_isam_update",2.35194,8,0,60,cold,1
1650000000,33,"state_query",0.019736,8,0,60,cold,1
1650000000,33,"current_joint_marginal",0,8,0,60,cold,1
1650000000,33,"snapshot_extraction",0,8,0,60,cold,1
1650000000,33,"prepare",2.43729,8,0,60,cold,1
1650000000,33,"integrity_window",400.284,8,0,60,cold,1
1650000000,33,"window_boundary_provenance",384.247,8,0,60,cold,1
1650000000,33,"window_factor_linearization_whitening",0.934866,8,0,60,cold,1
1650000000,33,"window_dense_assembly",0.092038,8,0,60,cold,1
1650000000,33,"window_svd",9.22314,8,0,60,cold,1
1650000000,33,"window_normal_equations",0.339083,8,0,60,cold,1
1650000000,33,"window_llt_state_solves",0.113467,8,0,60,cold,1
1650000000,33,"window_fingerprint",3.98758,8,0,60,cold,1
1650000000,33,"all_in_detector",0.274795,8,0,60,cold,1
1650000000,33,"current_sensitivity",0.494093,8,0,60,cold,1
1650000000,33,"model_generation",299.663,8,0,60,cold,1
1650000000,33,"historical_sensitivity",0.123939,8,0,60,cold,1
1650000000,33,"hypothesis_evidence",1834.92,8,0,60,cold,1
1650000000,33,"health_actions",21.1194,8,0,60,cold,1
1650000000,33,"base_factorization",0.278917,8,0,60,cold,1
1650000000,33,"shared_cache",0.003747,8,0,60,cold,1
1650000000,33,"candidate_evaluation",424.088,8,0,60,cold,1
1650000000,33,"fde_decision",10.1756,8,0,60,cold,1
1650000000,33,"candidate_audit",0.041846,8,0,60,cold,1
1650000000,33,"commit",2.28582,8,0,60,cold,1
1650000000,33,"state_audit",0.000552,8,0,60,cold,1
1650000000,33,"finalize_commit_audit",33.5218,8,0,60,cold,1
1650000000,33,"uwb_commit",2.12734,8,0,60,cold,1
1650000000,33,"core_total",3030.27,8,0,60,cold,1
1650000000,33,"outer_logging_flush",0.519257,8,0,60,cold,1
1650000000,33,"outer_epoch",3030.79,8,0,60,cold,1
1700000000,34,"imu_preintegration",0.044009,8,0,60,cold,1
1700000000,34,"no_uwb_isam_update",3.84196,8,0,60,cold,1
1700000000,34,"state_query",0.027206,8,0,60,cold,1
1700000000,34,"current_joint_marginal",0,8,0,60,cold,1
1700000000,34,"snapshot_extraction",0,8,0,60,cold,1
1700000000,34,"prepare",3.91912,8,0,60,cold,1
1700000000,34,"integrity_window",392.208,8,0,60,cold,1
1700000000,34,"window_boundary_provenance",376.197,8,0,60,cold,1
1700000000,34,"window_factor_linearization_whitening",0.962282,8,0,60,cold,1
1700000000,34,"window_dense_assembly",0.092534,8,0,60,cold,1
1700000000,34,"window_svd",9.16254,8,0,60,cold,1
1700000000,34,"window_normal_equations",0.354136,8,0,60,cold,1
1700000000,34,"window_llt_state_solves",0.108253,8,0,60,cold,1
1700000000,34,"window_fingerprint",3.91649,8,0,60,cold,1
1700000000,34,"all_in_detector",0.276288,8,0,60,cold,1
1700000000,34,"current_sensitivity",0.506899,8,0,60,cold,1
1700000000,34,"model_generation",299.936,8,0,60,cold,1
1700000000,34,"historical_sensitivity",0.142094,8,0,60,cold,1
1700000000,34,"hypothesis_evidence",1814.25,8,0,60,cold,1
1700000000,34,"health_actions",17.0384,8,0,60,cold,1
1700000000,34,"base_factorization",0.259156,8,0,60,cold,1
1700000000,34,"shared_cache",0.003618,8,0,60,cold,1
1700000000,34,"candidate_evaluation",430.745,8,0,60,cold,1
1700000000,34,"fde_decision",8.0313,8,0,60,cold,1
1700000000,34,"candidate_audit",0.034372,8,0,60,cold,1
1700000000,34,"commit",2.71685,8,0,60,cold,1
1700000000,34,"state_audit",0.000549,8,0,60,cold,1
1700000000,34,"finalize_commit_audit",27.6884,8,0,60,cold,1
1700000000,34,"uwb_commit",2.51481,8,0,60,cold,1
1700000000,34,"core_total",2998.3,8,0,60,cold,1
1700000000,34,"outer_logging_flush",0.432739,8,0,60,cold,1
1700000000,34,"outer_epoch",2998.73,8,0,60,cold,1
1750000000,35,"imu_preintegration",0.043335,8,0,60,cold,1
1750000000,35,"no_uwb_isam_update",2.37201,8,0,60,cold,1
1750000000,35,"state_query",0.021701,8,0,60,cold,1
1750000000,35,"current_joint_marginal",0,8,0,60,cold,1
1750000000,35,"snapshot_extraction",0,8,0,60,cold,1
1750000000,35,"prepare",2.45998,8,0,60,cold,1
1750000000,35,"integrity_window",411.911,8,0,60,cold,1
1750000000,35,"window_boundary_provenance",396.459,8,0,60,cold,1
1750000000,35,"window_factor_linearization_whitening",1.09726,8,0,60,cold,1
1750000000,35,"window_dense_assembly",0.095695,8,0,60,cold,1
1750000000,35,"window_svd",7.75845,8,0,60,cold,1
1750000000,35,"window_normal_equations",0.333477,8,0,60,cold,1
1750000000,35,"window_llt_state_solves",0.105753,8,0,60,cold,1
1750000000,35,"window_fingerprint",4.61473,8,0,60,cold,1
1750000000,35,"all_in_detector",0.377287,8,0,60,cold,1
1750000000,35,"current_sensitivity",0.60989,8,0,60,cold,1
1750000000,35,"model_generation",293.963,8,0,60,cold,1
1750000000,35,"historical_sensitivity",0.153424,8,0,60,cold,1
1750000000,35,"hypothesis_evidence",1818.93,8,0,60,cold,1
1750000000,35,"health_actions",20.1817,8,0,60,cold,1
1750000000,35,"base_factorization",0.291177,8,0,60,cold,1
1750000000,35,"shared_cache",0.004893,8,0,60,cold,1
1750000000,35,"candidate_evaluation",423.175,8,0,60,cold,1
1750000000,35,"fde_decision",8.96453,8,0,60,cold,1
1750000000,35,"candidate_audit",0.043337,8,0,60,cold,1
1750000000,35,"commit",2.60435,8,0,60,cold,1
1750000000,35,"state_audit",0.000768,8,0,60,cold,1
1750000000,35,"finalize_commit_audit",30.8071,8,0,60,cold,1
1750000000,35,"uwb_commit",2.42675,8,0,60,cold,1
1750000000,35,"core_total",3015.12,8,0,60,cold,1
1750000000,35,"outer_logging_flush",0.41711,8,0,60,cold,1
1750000000,35,"outer_epoch",3015.54,8,0,60,cold,1
1800000000,36,"imu_preintegration",0.118657,8,0,60,cold,1
1800000000,36,"no_uwb_isam_update",3.18252,8,0,60,cold,1
1800000000,36,"state_query",0.022784,8,0,60,cold,1
1800000000,36,"current_joint_marginal",0,8,0,60,cold,1
1800000000,36,"snapshot_extraction",0,8,0,60,cold,1
1800000000,36,"prepare",3.26245,8,0,60,cold,1
1800000000,36,"integrity_window",433.568,8,0,60,cold,1
1800000000,36,"window_boundary_provenance",418.671,8,0,60,cold,1
1800000000,36,"window_factor_linearization_whitening",0.974353,8,0,60,cold,1
1800000000,36,"window_dense_assembly",0.086682,8,0,60,cold,1
1800000000,36,"window_svd",7.63373,8,0,60,cold,1
1800000000,36,"window_normal_equations",0.322603,8,0,60,cold,1
1800000000,36,"window_llt_state_solves",0.100388,8,0,60,cold,1
1800000000,36,"window_fingerprint",4.4065,8,0,60,cold,1
1800000000,36,"all_in_detector",0.28388,8,0,60,cold,1
1800000000,36,"current_sensitivity",0.59323,8,0,60,cold,1
1800000000,36,"model_generation",309.483,8,0,60,cold,1
1800000000,36,"historical_sensitivity",0.132344,8,0,60,cold,1
1800000000,36,"hypothesis_evidence",1832.48,8,0,60,cold,1
1800000000,36,"health_actions",18.2411,8,0,60,cold,1
1800000000,36,"base_factorization",0.260506,8,0,60,cold,1
1800000000,36,"shared_cache",0.003077,8,0,60,cold,1
1800000000,36,"candidate_evaluation",429.901,8,0,60,cold,1
1800000000,36,"fde_decision",8.54122,8,0,60,cold,1
1800000000,36,"candidate_audit",0.046586,8,0,60,cold,1
1800000000,36,"commit",2.74503,8,0,60,cold,1
1800000000,36,"state_audit",0.000581,8,0,60,cold,1
1800000000,36,"finalize_commit_audit",36.6286,8,0,60,cold,1
1800000000,36,"uwb_commit",2.54955,8,0,60,cold,1
1800000000,36,"core_total",3076.71,8,0,60,cold,1
1800000000,36,"outer_logging_flush",0.492526,8,0,60,cold,1
1800000000,36,"outer_epoch",3077.2,8,0,60,cold,1
1850000000,37,"imu_preintegration",0.044091,8,0,60,cold,1
1850000000,37,"no_uwb_isam_update",2.27219,8,0,60,cold,1
1850000000,37,"state_query",0.028634,8,0,60,cold,1
1850000000,37,"current_joint_marginal",0,8,0,60,cold,1
1850000000,37,"snapshot_extraction",0,8,0,60,cold,1
1850000000,37,"prepare",2.35125,8,0,60,cold,1
1850000000,37,"integrity_window",456.401,8,0,60,cold,1
1850000000,37,"window_boundary_provenance",441.554,8,0,60,cold,1
1850000000,37,"window_factor_linearization_whitening",1.15168,8,0,60,cold,1
1850000000,37,"window_dense_assembly",0.107528,8,0,60,cold,1
1850000000,37,"window_svd",7.86573,8,0,60,cold,1
1850000000,37,"window_normal_equations",0.35093,8,0,60,cold,1
1850000000,37,"window_llt_state_solves",0.104949,8,0,60,cold,1
1850000000,37,"window_fingerprint",3.87797,8,0,60,cold,1
1850000000,37,"all_in_detector",0.818335,8,0,60,cold,1
1850000000,37,"current_sensitivity",0.974897,8,0,60,cold,1
1850000000,37,"model_generation",300.639,8,0,60,cold,1
1850000000,37,"historical_sensitivity",0.128357,8,0,60,cold,1
1850000000,37,"hypothesis_evidence",1839.98,8,0,60,cold,1
1850000000,37,"health_actions",19.2916,8,0,60,cold,1
1850000000,37,"base_factorization",0.255524,8,0,60,cold,1
1850000000,37,"shared_cache",0.003377,8,0,60,cold,1
1850000000,37,"candidate_evaluation",428.075,8,0,60,cold,1
1850000000,37,"fde_decision",8.93657,8,0,60,cold,1
1850000000,37,"candidate_audit",0.03548,8,0,60,cold,1
1850000000,37,"commit",3.19734,8,0,60,cold,1
1850000000,37,"state_audit",0.000599,8,0,60,cold,1
1850000000,37,"finalize_commit_audit",33.3764,8,0,60,cold,1
1850000000,37,"uwb_commit",3.00235,8,0,60,cold,1
1850000000,37,"core_total",3095.11,8,0,60,cold,1
1850000000,37,"outer_logging_flush",0.393882,8,0,60,cold,1
1850000000,37,"outer_epoch",3095.51,8,0,60,cold,1
1900000000,38,"imu_preintegration",0.045246,8,0,60,cold,1
1900000000,38,"no_uwb_isam_update",2.63473,8,0,60,cold,1
1900000000,38,"state_query",0.032886,8,0,60,cold,1
1900000000,38,"current_joint_marginal",0,8,0,60,cold,1
1900000000,38,"snapshot_extraction",0,8,0,60,cold,1
1900000000,38,"prepare",2.73222,8,0,60,cold,1
1900000000,38,"integrity_window",497.516,8,0,60,cold,1
1900000000,38,"window_boundary_provenance",481.292,8,0,60,cold,1
1900000000,38,"window_factor_linearization_whitening",1.10404,8,0,60,cold,1
1900000000,38,"window_dense_assembly",0.117048,8,0,60,cold,1
1900000000,38,"window_svd",8.17902,8,0,60,cold,1
1900000000,38,"window_normal_equations",0.362712,8,0,60,cold,1
1900000000,38,"window_llt_state_solves",0.108086,8,0,60,cold,1
1900000000,38,"window_fingerprint",4.29236,8,0,60,cold,1
1900000000,38,"all_in_detector",0.338794,8,0,60,cold,1
1900000000,38,"current_sensitivity",0.668135,8,0,60,cold,1
1900000000,38,"model_generation",304.929,8,0,60,cold,1
1900000000,38,"historical_sensitivity",0.136087,8,0,60,cold,1
1900000000,38,"hypothesis_evidence",1820.42,8,0,60,cold,1
1900000000,38,"health_actions",33.5813,8,0,60,cold,1
1900000000,38,"base_factorization",0.33979,8,0,60,cold,1
1900000000,38,"shared_cache",0.006552,8,0,60,cold,1
1900000000,38,"candidate_evaluation",431.224,8,0,60,cold,1
1900000000,38,"fde_decision",9.44877,8,0,60,cold,1
1900000000,38,"candidate_audit",0.042573,8,0,60,cold,1
1900000000,38,"commit",2.43016,8,0,60,cold,1
1900000000,38,"state_audit",0.000593,8,0,60,cold,1
1900000000,38,"finalize_commit_audit",33.7698,8,0,60,cold,1
1900000000,38,"uwb_commit",2.27144,8,0,60,cold,1
1900000000,38,"core_total",3138.22,8,0,60,cold,1
1900000000,38,"outer_logging_flush",0.464473,8,0,60,cold,1
1900000000,38,"outer_epoch",3138.69,8,0,60,cold,1
1950000000,39,"imu_preintegration",0.044495,8,0,60,cold,1
1950000000,39,"no_uwb_isam_update",2.43773,8,0,60,cold,1
1950000000,39,"state_query",0.026208,8,0,60,cold,1
1950000000,39,"current_joint_marginal",0,8,0,60,cold,1
1950000000,39,"snapshot_extraction",0,8,0,60,cold,1
1950000000,39,"prepare",2.52659,8,0,60,cold,1
1950000000,39,"integrity_window",537.973,8,0,60,cold,1
1950000000,39,"window_boundary_provenance",522.858,8,0,60,cold,1
1950000000,39,"window_factor_linearization_whitening",1.04947,8,0,60,cold,1
1950000000,39,"window_dense_assembly",0.108225,8,0,60,cold,1
1950000000,39,"window_svd",8.16183,8,0,60,cold,1
1950000000,39,"window_normal_equations",0.345444,8,0,60,cold,1
1950000000,39,"window_llt_state_solves",0.109334,8,0,60,cold,1
1950000000,39,"window_fingerprint",4.02061,8,0,60,cold,1
1950000000,39,"all_in_detector",0.286243,8,0,60,cold,1
1950000000,39,"current_sensitivity",1.12447,8,0,60,cold,1
1950000000,39,"model_generation",308.013,8,0,60,cold,1
1950000000,39,"historical_sensitivity",0.133559,8,0,60,cold,1
1950000000,39,"hypothesis_evidence",1831.46,8,0,60,cold,1
1950000000,39,"health_actions",17.8339,8,0,60,cold,1
1950000000,39,"base_factorization",0.260025,8,0,60,cold,1
1950000000,39,"shared_cache",0.003042,8,0,60,cold,1
1950000000,39,"candidate_evaluation",426.703,8,0,60,cold,1
1950000000,39,"fde_decision",8.96267,8,0,60,cold,1
1950000000,39,"candidate_audit",0.028792,8,0,60,cold,1
1950000000,39,"commit",2.61754,8,0,60,cold,1
1950000000,39,"state_audit",0.00057,8,0,60,cold,1
1950000000,39,"finalize_commit_audit",31.8757,8,0,60,cold,1
1950000000,39,"uwb_commit",2.49085,8,0,60,cold,1
1950000000,39,"core_total",3170.35,8,0,60,cold,1
1950000000,39,"outer_logging_flush",0.321447,8,0,60,cold,1
1950000000,39,"outer_epoch",3170.67,8,0,60,cold,1
2000000000,40,"imu_preintegration",0.043704,8,0,60,cold,1
2000000000,40,"no_uwb_isam_update",4.11102,8,0,60,cold,1
2000000000,40,"state_query",0.028091,8,0,60,cold,1
2000000000,40,"current_joint_marginal",0,8,0,60,cold,1
2000000000,40,"snapshot_extraction",0,8,0,60,cold,1
2000000000,40,"prepare",4.19294,8,0,60,cold,1
2000000000,40,"integrity_window",573.114,8,0,60,cold,1
2000000000,40,"window_boundary_provenance",556.997,8,0,60,cold,1
2000000000,40,"window_factor_linearization_whitening",0.96589,8,0,60,cold,1
2000000000,40,"window_dense_assembly",0.086939,8,0,60,cold,1
2000000000,40,"window_svd",9.48432,8,0,60,cold,1
2000000000,40,"window_normal_equations",0.340257,8,0,60,cold,1
2000000000,40,"window_llt_state_solves",0.116644,8,0,60,cold,1
2000000000,40,"window_fingerprint",3.79653,8,0,60,cold,1
2000000000,40,"all_in_detector",0.245296,8,0,60,cold,1
2000000000,40,"current_sensitivity",0.492451,8,0,60,cold,1
2000000000,40,"model_generation",303.419,8,0,60,cold,1
2000000000,40,"historical_sensitivity",0.123664,8,0,60,cold,1
2000000000,40,"hypothesis_evidence",1808.86,8,0,60,cold,1
2000000000,40,"health_actions",18.503,8,0,60,cold,1
2000000000,40,"base_factorization",0.259832,8,0,60,cold,1
2000000000,40,"shared_cache",0.00333,8,0,60,cold,1
2000000000,40,"candidate_evaluation",422.4,8,0,60,cold,1
2000000000,40,"fde_decision",10.4282,8,0,60,cold,1
2000000000,40,"candidate_audit",0.040823,8,0,60,cold,1
2000000000,40,"commit",2.45771,8,0,60,cold,1
2000000000,40,"state_audit",0.000546,8,0,60,cold,1
2000000000,40,"finalize_commit_audit",33.6951,8,0,60,cold,1
2000000000,40,"uwb_commit",2.33531,8,0,60,cold,1
2000000000,40,"core_total",3178.9,8,0,60,cold,1
2000000000,40,"outer_logging_flush",0.358441,8,0,60,cold,1
2000000000,40,"outer_epoch",3179.26,8,0,60,cold,1
2050000000,41,"imu_preintegration",0.04352,8,0,60,cold,1
2050000000,41,"no_uwb_isam_update",2.3321,8,0,60,cold,1
2050000000,41,"state_query",0.028872,8,0,60,cold,1
2050000000,41,"current_joint_marginal",0,8,0,60,cold,1
2050000000,41,"snapshot_extraction",0,8,0,60,cold,1
2050000000,41,"prepare",2.40868,8,0,60,cold,1
2050000000,41,"integrity_window",543.457,8,0,60,cold,1
2050000000,41,"window_boundary_provenance",526.418,8,0,60,cold,1
2050000000,41,"window_factor_linearization_whitening",1.28584,8,0,60,cold,1
2050000000,41,"window_dense_assembly",0.119224,8,0,60,cold,1
2050000000,41,"window_svd",8.24567,8,0,60,cold,1
2050000000,41,"window_normal_equations",0.369613,8,0,60,cold,1
2050000000,41,"window_llt_state_solves",0.111784,8,0,60,cold,1
2050000000,41,"window_fingerprint",5.54455,8,0,60,cold,1
2050000000,41,"all_in_detector",0.273041,8,0,60,cold,1
2050000000,41,"current_sensitivity",0.520721,8,0,60,cold,1
2050000000,41,"model_generation",304.311,8,0,60,cold,1
2050000000,41,"historical_sensitivity",0.127297,8,0,60,cold,1
2050000000,41,"hypothesis_evidence",1802.95,8,0,60,cold,1
2050000000,41,"health_actions",21.8254,8,0,60,cold,1
2050000000,41,"base_factorization",0.314216,8,0,60,cold,1
2050000000,41,"shared_cache",0.005016,8,0,60,cold,1
2050000000,41,"candidate_evaluation",428.078,8,0,60,cold,1
2050000000,41,"fde_decision",10.2905,8,0,60,cold,1
2050000000,41,"candidate_audit",0.038969,8,0,60,cold,1
2050000000,41,"commit",2.33993,8,0,60,cold,1
2050000000,41,"state_audit",0.000424,8,0,60,cold,1
2050000000,41,"finalize_commit_audit",35.4866,8,0,60,cold,1
2050000000,41,"uwb_commit",2.21291,8,0,60,cold,1
2050000000,41,"core_total",3152.97,8,0,60,cold,1
2050000000,41,"outer_logging_flush",0.473176,8,0,60,cold,1
2050000000,41,"outer_epoch",3153.44,8,0,60,cold,1
2100000000,42,"imu_preintegration",0.045341,8,0,60,cold,1
2100000000,42,"no_uwb_isam_update",2.34531,8,0,60,cold,1
2100000000,42,"state_query",0.101308,8,0,60,cold,1
2100000000,42,"current_joint_marginal",0,8,0,60,cold,1
2100000000,42,"snapshot_extraction",0,8,0,60,cold,1
2100000000,42,"prepare",2.43656,8,0,60,cold,1
2100000000,42,"integrity_window",612.501,8,0,60,cold,1
2100000000,42,"window_boundary_provenance",597.578,8,0,60,cold,1
2100000000,42,"window_factor_linearization_whitening",0.943626,8,0,60,cold,1
2100000000,42,"window_dense_assembly",0.085508,8,0,60,cold,1
2100000000,42,"window_svd",8.09693,8,0,60,cold,1
2100000000,42,"window_normal_equations",0.349617,8,0,60,cold,1
2100000000,42,"window_llt_state_solves",0.108294,8,0,60,cold,1
2100000000,42,"window_fingerprint",3.93228,8,0,60,cold,1
2100000000,42,"all_in_detector",0.305107,8,0,60,cold,1
2100000000,42,"current_sensitivity",0.591934,8,0,60,cold,1
2100000000,42,"model_generation",300.278,8,0,60,cold,1
2100000000,42,"historical_sensitivity",0.157349,8,0,60,cold,1
2100000000,42,"hypothesis_evidence",1798.21,8,0,60,cold,1
2100000000,42,"health_actions",19.5719,8,0,60,cold,1
2100000000,42,"base_factorization",0.254402,8,0,60,cold,1
2100000000,42,"shared_cache",0.002643,8,0,60,cold,1
2100000000,42,"candidate_evaluation",424.297,8,0,60,cold,1
2100000000,42,"fde_decision",9.71417,8,0,60,cold,1
2100000000,42,"candidate_audit",0.03549,8,0,60,cold,1
2100000000,42,"commit",3.18595,8,0,60,cold,1
2100000000,42,"state_audit",0.000506,8,0,60,cold,1
2100000000,42,"finalize_commit_audit",31.9104,8,0,60,cold,1
2100000000,42,"uwb_commit",2.99611,8,0,60,cold,1
2100000000,42,"core_total",3203.99,8,0,60,cold,1
2100000000,42,"outer_logging_flush",0.39758,8,0,60,cold,1
2100000000,42,"outer_epoch",3204.38,8,0,60,cold,1
2150000000,43,"imu_preintegration",0.043529,8,0,60,cold,1
2150000000,43,"no_uwb_isam_update",3.27668,8,0,60,cold,1
2150000000,43,"state_query",0.03545,8,0,60,cold,1
2150000000,43,"current_joint_marginal",0,8,0,60,cold,1
2150000000,43,"snapshot_extraction",0,8,0,60,cold,1
2150000000,43,"prepare",3.35368,8,0,60,cold,1
2150000000,43,"integrity_window",665.869,8,0,60,cold,1
2150000000,43,"window_boundary_provenance",649.725,8,0,60,cold,1
2150000000,43,"window_factor_linearization_whitening",1.77625,8,0,60,cold,1
2150000000,43,"window_dense_assembly",0.135868,8,0,60,cold,1
2150000000,43,"window_svd",7.93036,8,0,60,cold,1
2150000000,43,"window_normal_equations",0.348647,8,0,60,cold,1
2150000000,43,"window_llt_state_solves",0.122569,8,0,60,cold,1
2150000000,43,"window_fingerprint",4.06062,8,0,60,cold,1
2150000000,43,"all_in_detector",0.368758,8,0,60,cold,1
2150000000,43,"current_sensitivity",0.66025,8,0,60,cold,1
2150000000,43,"model_generation",300.557,8,0,60,cold,1
2150000000,43,"historical_sensitivity",0.130971,8,0,60,cold,1
2150000000,43,"hypothesis_evidence",1818.51,8,0,60,cold,1
2150000000,43,"health_actions",18.305,8,0,60,cold,1
2150000000,43,"base_factorization",0.266243,8,0,60,cold,1
2150000000,43,"shared_cache",0.002658,8,0,60,cold,1
2150000000,43,"candidate_evaluation",422.896,8,0,60,cold,1
2150000000,43,"fde_decision",9.77109,8,0,60,cold,1
2150000000,43,"candidate_audit",0.040827,8,0,60,cold,1
2150000000,43,"commit",2.70933,8,0,60,cold,1
2150000000,43,"state_audit",0.00055,8,0,60,cold,1
2150000000,43,"finalize_commit_audit",38.0949,8,0,60,cold,1
2150000000,43,"uwb_commit",2.54225,8,0,60,cold,1
2150000000,43,"core_total",3282.15,8,0,60,cold,1
2150000000,43,"outer_logging_flush",0.324319,8,0,60,cold,1
2150000000,43,"outer_epoch",3282.47,8,0,60,cold,1
2200000000,44,"imu_preintegration",0.04361,8,0,60,cold,1
2200000000,44,"no_uwb_isam_update",2.68642,8,0,60,cold,1
2200000000,44,"state_query",0.04655,8,0,60,cold,1
2200000000,44,"current_joint_marginal",0,8,0,60,cold,1
2200000000,44,"snapshot_extraction",0,8,0,60,cold,1
2200000000,44,"prepare",2.77079,8,0,60,cold,1
2200000000,44,"integrity_window",477.112,8,0,60,cold,1
2200000000,44,"window_boundary_provenance",461.983,8,0,60,cold,1
2200000000,44,"window_factor_linearization_whitening",1.05549,8,0,60,cold,1
2200000000,44,"window_dense_assembly",0.0859,8,0,60,cold,1
2200000000,44,"window_svd",8.40827,8,0,60,cold,1
2200000000,44,"window_normal_equations",0.338034,8,0,60,cold,1
2200000000,44,"window_llt_state_solves",0.119066,8,0,60,cold,1
2200000000,44,"window_fingerprint",3.77824,8,0,60,cold,1
2200000000,44,"all_in_detector",0.23293,8,0,60,cold,1
2200000000,44,"current_sensitivity",0.539796,8,0,60,cold,1
2200000000,44,"model_generation",312.733,8,0,60,cold,1
2200000000,44,"historical_sensitivity",0.136832,8,0,60,cold,1
2200000000,44,"hypothesis_evidence",1819.64,8,0,60,cold,1
2200000000,44,"health_actions",17.0792,8,0,60,cold,1
2200000000,44,"base_factorization",0.259286,8,0,60,cold,1
2200000000,44,"shared_cache",0.002625,8,0,60,cold,1
2200000000,44,"candidate_evaluation",435.355,8,0,60,cold,1
2200000000,44,"fde_decision",10.2841,8,0,60,cold,1
2200000000,44,"candidate_audit",0.043195,8,0,60,cold,1
2200000000,44,"commit",3.06482,8,0,60,cold,1
2200000000,44,"state_audit",0.000762,8,0,60,cold,1
2200000000,44,"finalize_commit_audit",34.5072,8,0,60,cold,1
2200000000,44,"uwb_commit",2.824,8,0,60,cold,1
2200000000,44,"core_total",3114.31,8,0,60,cold,1
2200000000,44,"outer_logging_flush",0.484152,8,0,60,cold,1
2200000000,44,"outer_epoch",3114.8,8,0,60,cold,1
2250000000,45,"imu_preintegration",0.044549,8,0,60,cold,1
2250000000,45,"no_uwb_isam_update",2.31277,8,0,60,cold,1
2250000000,45,"state_query",0.038093,8,0,60,cold,1
2250000000,45,"current_joint_marginal",0,8,0,60,cold,1
2250000000,45,"snapshot_extraction",0,8,0,60,cold,1
2250000000,45,"prepare",2.38734,8,0,60,cold,1
2250000000,45,"integrity_window",506.779,8,0,60,cold,1
2250000000,45,"window_boundary_provenance",491.192,8,0,60,cold,1
2250000000,45,"window_factor_linearization_whitening",1.21707,8,0,60,cold,1
2250000000,45,"window_dense_assembly",0.099728,8,0,60,cold,1
2250000000,45,"window_svd",7.9114,8,0,60,cold,1
2250000000,45,"window_normal_equations",0.340586,8,0,60,cold,1
2250000000,45,"window_llt_state_solves",0.105022,8,0,60,cold,1
2250000000,45,"window_fingerprint",4.48747,8,0,60,cold,1
2250000000,45,"all_in_detector",0.348533,8,0,60,cold,1
2250000000,45,"current_sensitivity",0.941317,8,0,60,cold,1
2250000000,45,"model_generation",302.99,8,0,60,cold,1
2250000000,45,"historical_sensitivity",0.133429,8,0,60,cold,1
2250000000,45,"hypothesis_evidence",1808.32,8,0,60,cold,1
2250000000,45,"health_actions",20.3105,8,0,60,cold,1
2250000000,45,"base_factorization",0.277148,8,0,60,cold,1
2250000000,45,"shared_cache",0.005236,8,0,60,cold,1
2250000000,45,"candidate_evaluation",426.564,8,0,60,cold,1
2250000000,45,"fde_decision",9.34618,8,0,60,cold,1
2250000000,45,"candidate_audit",0.048174,8,0,60,cold,1
2250000000,45,"commit",2.83845,8,0,60,cold,1
2250000000,45,"state_audit",0.000699,8,0,60,cold,1
2250000000,45,"finalize_commit_audit",33.5879,8,0,60,cold,1
2250000000,45,"uwb_commit",2.66897,8,0,60,cold,1
2250000000,45,"core_total",3115.42,8,0,60,cold,1
2250000000,45,"outer_logging_flush",0.461189,8,0,60,cold,1
2250000000,45,"outer_epoch",3115.88,8,0,60,cold,1
2300000000,46,"imu_preintegration",0.043985,8,0,60,cold,1
2300000000,46,"no_uwb_isam_update",2.3559,8,0,60,cold,1
2300000000,46,"state_query",0.03837,8,0,60,cold,1
2300000000,46,"current_joint_marginal",0,8,0,60,cold,1
2300000000,46,"snapshot_extraction",0,8,0,60,cold,1
2300000000,46,"prepare",2.43245,8,0,60,cold,1
2300000000,46,"integrity_window",497.21,8,0,60,cold,1
2300000000,46,"window_boundary_provenance",482.079,8,0,60,cold,1
2300000000,46,"window_factor_linearization_whitening",1.00942,8,0,60,cold,1
2300000000,46,"window_dense_assembly",0.075562,8,0,60,cold,1
2300000000,46,"window_svd",8.27572,8,0,60,cold,1
2300000000,46,"window_normal_equations",0.340927,8,0,60,cold,1
2300000000,46,"window_llt_state_solves",0.115574,8,0,60,cold,1
2300000000,46,"window_fingerprint",3.90423,8,0,60,cold,1
2300000000,46,"all_in_detector",0.224914,8,0,60,cold,1
2300000000,46,"current_sensitivity",0.500713,8,0,60,cold,1
2300000000,46,"model_generation",311.059,8,0,60,cold,1
2300000000,46,"historical_sensitivity",0.127282,8,0,60,cold,1
2300000000,46,"hypothesis_evidence",1844.32,8,0,60,cold,1
2300000000,46,"health_actions",18.408,8,0,60,cold,1
2300000000,46,"base_factorization",0.256069,8,0,60,cold,1
2300000000,46,"shared_cache",0.003118,8,0,60,cold,1
2300000000,46,"candidate_evaluation",426.589,8,0,60,cold,1
2300000000,46,"fde_decision",10.5138,8,0,60,cold,1
2300000000,46,"candidate_audit",0.045641,8,0,60,cold,1
2300000000,46,"commit",2.55206,8,0,60,cold,1
2300000000,46,"state_audit",0.000409,8,0,60,cold,1
2300000000,46,"finalize_commit_audit",32.9648,8,0,60,cold,1
2300000000,46,"uwb_commit",2.42452,8,0,60,cold,1
2300000000,46,"core_total",3147.8,8,0,60,cold,1
2300000000,46,"outer_logging_flush",0.489346,8,0,60,cold,1
2300000000,46,"outer_epoch",3148.29,8,0,60,cold,1
2350000000,47,"imu_preintegration",0.04396,8,0,60,cold,1
2350000000,47,"no_uwb_isam_update",2.25915,8,0,60,cold,1
2350000000,47,"state_query",0.04222,8,0,60,cold,1
2350000000,47,"current_joint_marginal",0,8,0,60,cold,1
2350000000,47,"snapshot_extraction",0,8,0,60,cold,1
2350000000,47,"prepare",2.34945,8,0,60,cold,1
2350000000,47,"integrity_window",582.724,8,0,60,cold,1
2350000000,47,"window_boundary_provenance",567.201,8,0,60,cold,1
2350000000,47,"window_factor_linearization_whitening",1.26167,8,0,60,cold,1
2350000000,47,"window_dense_assembly",0.102034,8,0,60,cold,1
2350000000,47,"window_svd",8.42418,8,0,60,cold,1
2350000000,47,"window_normal_equations",0.342151,8,0,60,cold,1
2350000000,47,"window_llt_state_solves",0.118591,8,0,60,cold,1
2350000000,47,"window_fingerprint",3.91254,8,0,60,cold,1
2350000000,47,"all_in_detector",0.248765,8,0,60,cold,1
2350000000,47,"current_sensitivity",0.549354,8,0,60,cold,1
2350000000,47,"model_generation",302.633,8,0,60,cold,1
2350000000,47,"historical_sensitivity",0.142447,8,0,60,cold,1
2350000000,47,"hypothesis_evidence",1837.03,8,0,60,cold,1
2350000000,47,"health_actions",20.5052,8,0,60,cold,1
2350000000,47,"base_factorization",0.270931,8,0,60,cold,1
2350000000,47,"shared_cache",0.004384,8,0,60,cold,1
2350000000,47,"candidate_evaluation",428.527,8,0,60,cold,1
2350000000,47,"fde_decision",8.47488,8,0,60,cold,1
2350000000,47,"candidate_audit",0.032946,8,0,60,cold,1
2350000000,47,"commit",2.76004,8,0,60,cold,1
2350000000,47,"state_audit",0.000651,8,0,60,cold,1
2350000000,47,"finalize_commit_audit",32.8169,8,0,60,cold,1
2350000000,47,"uwb_commit",2.62779,8,0,60,cold,1
2350000000,47,"core_total",3219.6,8,0,60,cold,1
2350000000,47,"outer_logging_flush",0.392773,8,0,60,cold,1
2350000000,47,"outer_epoch",3220,8,0,60,cold,1
2400000000,48,"imu_preintegration",0.043503,8,0,60,cold,1
2400000000,48,"no_uwb_isam_update",2.59715,8,0,60,cold,1
2400000000,48,"state_query",0.04372,8,0,60,cold,1
2400000000,48,"current_joint_marginal",0,8,0,60,cold,1
2400000000,48,"snapshot_extraction",0,8,0,60,cold,1
2400000000,48,"prepare",2.67212,8,0,60,cold,1
2400000000,48,"integrity_window",619.423,8,0,60,cold,1
2400000000,48,"window_boundary_provenance",604.414,8,0,60,cold,1
2400000000,48,"window_factor_linearization_whitening",1.06288,8,0,60,cold,1
2400000000,48,"window_dense_assembly",0.094534,8,0,60,cold,1
2400000000,48,"window_svd",7.65975,8,0,60,cold,1
2400000000,48,"window_normal_equations",0.328706,8,0,60,cold,1
2400000000,48,"window_llt_state_solves",0.102943,8,0,60,cold,1
2400000000,48,"window_fingerprint",3.96211,8,0,60,cold,1
2400000000,48,"all_in_detector",0.27025,8,0,60,cold,1
2400000000,48,"current_sensitivity",0.602881,8,0,60,cold,1
2400000000,48,"model_generation",326.643,8,0,60,cold,1
2400000000,48,"historical_sensitivity",0.135518,8,0,60,cold,1
2400000000,48,"hypothesis_evidence",1822.08,8,0,60,cold,1
2400000000,48,"health_actions",20.0563,8,0,60,cold,1
2400000000,48,"base_factorization",0.268551,8,0,60,cold,1
2400000000,48,"shared_cache",0.003208,8,0,60,cold,1
2400000000,48,"candidate_evaluation",424.759,8,0,60,cold,1
2400000000,48,"fde_decision",9.89436,8,0,60,cold,1
2400000000,48,"candidate_audit",0.042794,8,0,60,cold,1
2400000000,48,"commit",3.19187,8,0,60,cold,1
2400000000,48,"state_audit",0.00066,8,0,60,cold,1
2400000000,48,"finalize_commit_audit",35.1785,8,0,60,cold,1
2400000000,48,"uwb_commit",2.9463,8,0,60,cold,1
2400000000,48,"core_total",3265.84,8,0,60,cold,1
2400000000,48,"outer_logging_flush",0.526404,8,0,60,cold,1
2400000000,48,"outer_epoch",3266.37,8,0,60,cold,1
2450000000,49,"imu_preintegration",0.058168,8,0,60,cold,1
2450000000,49,"no_uwb_isam_update",3.27463,8,0,60,cold,1
2450000000,49,"state_query",0.012077,8,0,60,cold,1
2450000000,49,"current_joint_marginal",0,8,0,60,cold,1
2450000000,49,"snapshot_extraction",0,8,0,60,cold,1
2450000000,49,"prepare",3.39407,8,0,60,cold,1
2450000000,49,"integrity_window",681.415,8,0,60,cold,1
2450000000,49,"window_boundary_provenance",665.855,8,0,60,cold,1
2450000000,49,"window_factor_linearization_whitening",1.37707,8,0,60,cold,1
2450000000,49,"window_dense_assembly",0.122216,8,0,60,cold,1
2450000000,49,"window_svd",7.86133,8,0,60,cold,1
2450000000,49,"window_normal_equations",0.404362,8,0,60,cold,1
2450000000,49,"window_llt_state_solves",0.160131,8,0,60,cold,1
2450000000,49,"window_fingerprint",4.21521,8,0,60,cold,1
2450000000,49,"all_in_detector",0.285425,8,0,60,cold,1
2450000000,49,"current_sensitivity",0.832941,8,0,60,cold,1
2450000000,49,"model_generation",301.838,8,0,60,cold,1
2450000000,49,"historical_sensitivity",0.129105,8,0,60,cold,1
2450000000,49,"hypothesis_evidence",1839.19,8,0,60,cold,1
2450000000,49,"health_actions",21.667,8,0,60,cold,1
2450000000,49,"base_factorization",0.268282,8,0,60,cold,1
2450000000,49,"shared_cache",0.00411,8,0,60,cold,1
2450000000,49,"candidate_evaluation",423.886,8,0,60,cold,1
2450000000,49,"fde_decision",9.3391,8,0,60,cold,1
2450000000,49,"candidate_audit",0.042572,8,0,60,cold,1
2450000000,49,"commit",2.72766,8,0,60,cold,1
2450000000,49,"state_audit",0.000585,8,0,60,cold,1
2450000000,49,"finalize_commit_audit",29.9026,8,0,60,cold,1
2450000000,49,"uwb_commit",2.59716,8,0,60,cold,1
2450000000,49,"core_total",3315.61,8,0,60,cold,1
2450000000,49,"outer_logging_flush",0.320545,8,0,60,cold,1
2450000000,49,"outer_epoch",3315.93,8,0,60,cold,1
2500000000,50,"imu_preintegration",0.043681,8,0,60,cold,1
2500000000,50,"no_uwb_isam_update",2.48104,8,0,60,cold,1
2500000000,50,"state_query",0.013227,8,0,60,cold,1
2500000000,50,"current_joint_marginal",0,8,0,60,cold,1
2500000000,50,"snapshot_extraction",0,8,0,60,cold,1
2500000000,50,"prepare",2.57963,8,0,60,cold,1
2500000000,50,"integrity_window",714.4,8,0,60,cold,1
2500000000,50,"window_boundary_provenance",699.353,8,0,60,cold,1
2500000000,50,"window_factor_linearization_whitening",1.05049,8,0,60,cold,1
2500000000,50,"window_dense_assembly",0.091347,8,0,60,cold,1
2500000000,50,"window_svd",8.25061,8,0,60,cold,1
2500000000,50,"window_normal_equations",0.344745,8,0,60,cold,1
2500000000,50,"window_llt_state_solves",0.105725,8,0,60,cold,1
2500000000,50,"window_fingerprint",3.86359,8,0,60,cold,1
2500000000,50,"all_in_detector",0.246845,8,0,60,cold,1
2500000000,50,"current_sensitivity",0.499179,8,0,60,cold,1
2500000000,50,"model_generation",302.526,8,0,60,cold,1
2500000000,50,"historical_sensitivity",0.136554,8,0,60,cold,1
2500000000,50,"hypothesis_evidence",1830.21,8,0,60,cold,1
2500000000,50,"health_actions",17.7759,8,0,60,cold,1
2500000000,50,"base_factorization",0.256874,8,0,60,cold,1
2500000000,50,"shared_cache",0.00287,8,0,60,cold,1
2500000000,50,"candidate_evaluation",428.128,8,0,60,cold,1
2500000000,50,"fde_decision",8.7439,8,0,60,cold,1
2500000000,50,"candidate_audit",0.037312,8,0,60,cold,1
2500000000,50,"commit",1.7748,8,0,60,cold,1
2500000000,50,"state_audit",0.000415,8,0,60,cold,1
2500000000,50,"finalize_commit_audit",32.1799,8,0,60,cold,1
2500000000,50,"uwb_commit",1.65571,8,0,60,cold,1
2500000000,50,"core_total",3340.15,8,0,60,cold,1
2500000000,50,"outer_logging_flush",0.518896,8,0,60,cold,1
2500000000,50,"outer_epoch",3340.67,8,0,60,cold,1
2550000000,51,"imu_preintegration",0.04232,8,0,60,cold,1
2550000000,51,"no_uwb_isam_update",2.38909,8,0,60,cold,1
2550000000,51,"state_query",0.023684,8,0,60,cold,1
2550000000,51,"current_joint_marginal",0,8,0,60,cold,1
2550000000,51,"snapshot_extraction",0,8,0,60,cold,1
2550000000,51,"prepare",2.47263,8,0,60,cold,1
2550000000,51,"integrity_window",528.024,8,0,60,cold,1
2550000000,51,"window_boundary_provenance",512.464,8,0,60,cold,1
2550000000,51,"window_factor_linearization_whitening",1.02729,8,0,60,cold,1
2550000000,51,"window_dense_assembly",0.085208,8,0,60,cold,1
2550000000,51,"window_svd",8.61265,8,0,60,cold,1
2550000000,51,"window_normal_equations",0.345921,8,0,60,cold,1
2550000000,51,"window_llt_state_solves",0.108807,8,0,60,cold,1
2550000000,51,"window_fingerprint",3.9836,8,0,60,cold,1
2550000000,51,"all_in_detector",0.268751,8,0,60,cold,1
2550000000,51,"current_sensitivity",0.555837,8,0,60,cold,1
2550000000,51,"model_generation",301.827,8,0,60,cold,1
2550000000,51,"historical_sensitivity",0.1253,8,0,60,cold,1
2550000000,51,"hypothesis_evidence",1816.33,8,0,60,cold,1
2550000000,51,"health_actions",18.771,8,0,60,cold,1
2550000000,51,"base_factorization",0.260433,8,0,60,cold,1
2550000000,51,"shared_cache",0.002725,8,0,60,cold,1
2550000000,51,"candidate_evaluation",429.776,8,0,60,cold,1
2550000000,51,"fde_decision",9.22629,8,0,60,cold,1
2550000000,51,"candidate_audit",0.041734,8,0,60,cold,1
2550000000,51,"commit",2.42333,8,0,60,cold,1
2550000000,51,"state_audit",0.000568,8,0,60,cold,1
2550000000,51,"finalize_commit_audit",30.9349,8,0,60,cold,1
2550000000,51,"uwb_commit",2.18751,8,0,60,cold,1
2550000000,51,"core_total",3141.67,8,0,60,cold,1
2550000000,51,"outer_logging_flush",0.384767,8,0,60,cold,1
2550000000,51,"outer_epoch",3142.06,8,0,60,cold,1
2600000000,52,"imu_preintegration",0.04933,8,0,60,cold,1
2600000000,52,"no_uwb_isam_update",2.99195,8,0,60,cold,1
2600000000,52,"state_query",0.015949,8,0,60,cold,1
2600000000,52,"current_joint_marginal",0,8,0,60,cold,1
2600000000,52,"snapshot_extraction",0,8,0,60,cold,1
2600000000,52,"prepare",3.08258,8,0,60,cold,1
2600000000,52,"integrity_window",570.188,8,0,60,cold,1
2600000000,52,"window_boundary_provenance",554.984,8,0,60,cold,1
2600000000,52,"window_factor_linearization_whitening",1.01668,8,0,60,cold,1
2600000000,52,"window_dense_assembly",0.087104,8,0,60,cold,1
2600000000,52,"window_svd",8.30659,8,0,60,cold,1
2600000000,52,"window_normal_equations",0.34276,8,0,60,cold,1
2600000000,52,"window_llt_state_solves",0.107377,8,0,60,cold,1
2600000000,52,"window_fingerprint",3.93677,8,0,60,cold,1
2600000000,52,"all_in_detector",0.249646,8,0,60,cold,1
2600000000,52,"current_sensitivity",0.493584,8,0,60,cold,1
2600000000,52,"model_generation",300.719,8,0,60,cold,1
2600000000,52,"historical_sensitivity",0.12675,8,0,60,cold,1
2600000000,52,"hypothesis_evidence",1801.78,8,0,60,cold,1
2600000000,52,"health_actions",21.1518,8,0,60,cold,1
2600000000,52,"base_factorization",0.332359,8,0,60,cold,1
2600000000,52,"shared_cache",0.004725,8,0,60,cold,1
2600000000,52,"candidate_evaluation",425.432,8,0,60,cold,1
2600000000,52,"fde_decision",9.58361,8,0,60,cold,1
2600000000,52,"candidate_audit",0.041919,8,0,60,cold,1
2600000000,52,"commit",2.03449,8,0,60,cold,1
2600000000,52,"state_audit",0.000418,8,0,60,cold,1
2600000000,52,"finalize_commit_audit",30.5102,8,0,60,cold,1
2600000000,52,"uwb_commit",1.9029,8,0,60,cold,1
2600000000,52,"core_total",3166.34,8,0,60,cold,1
2600000000,52,"outer_logging_flush",0.323615,8,0,60,cold,1
2600000000,52,"outer_epoch",3166.66,8,0,60,cold,1
2650000000,53,"imu_preintegration",0.043403,8,0,60,cold,1
2650000000,53,"no_uwb_isam_update",2.68049,8,0,60,cold,1
2650000000,53,"state_query",0.016674,8,0,60,cold,1
2650000000,53,"current_joint_marginal",0,8,0,60,cold,1
2650000000,53,"snapshot_extraction",0,8,0,60,cold,1
2650000000,53,"prepare",2.76782,8,0,60,cold,1
2650000000,53,"integrity_window",618.487,8,0,60,cold,1
2650000000,53,"window_boundary_provenance",601.975,8,0,60,cold,1
2650000000,53,"window_factor_linearization_whitening",0.972801,8,0,60,cold,1
2650000000,53,"window_dense_assembly",0.091616,8,0,60,cold,1
2650000000,53,"window_svd",9.89808,8,0,60,cold,1
2650000000,53,"window_normal_equations",0.328897,8,0,60,cold,1
2650000000,53,"window_llt_state_solves",0.108747,8,0,60,cold,1
2650000000,53,"window_fingerprint",3.7599,8,0,60,cold,1
2650000000,53,"all_in_detector",0.241058,8,0,60,cold,1
2650000000,53,"current_sensitivity",0.672139,8,0,60,cold,1
2650000000,53,"model_generation",307.231,8,0,60,cold,1
2650000000,53,"historical_sensitivity",0.130302,8,0,60,cold,1
2650000000,53,"hypothesis_evidence",1810.41,8,0,60,cold,1
2650000000,53,"health_actions",19.8199,8,0,60,cold,1
2650000000,53,"base_factorization",0.267321,8,0,60,cold,1
2650000000,53,"shared_cache",0.004461,8,0,60,cold,1
2650000000,53,"candidate_evaluation",430.383,8,0,60,cold,1
2650000000,53,"fde_decision",8.39902,8,0,60,cold,1
2650000000,53,"candidate_audit",0.036395,8,0,60,cold,1
2650000000,53,"commit",1.94864,8,0,60,cold,1
2650000000,53,"state_audit",0.000483,8,0,60,cold,1
2650000000,53,"finalize_commit_audit",32.0465,8,0,60,cold,1
2650000000,53,"uwb_commit",1.82423,8,0,60,cold,1
2650000000,53,"core_total",3233.45,8,0,60,cold,1
2650000000,53,"outer_logging_flush",0.342914,8,0,60,cold,1
2650000000,53,"outer_epoch",3233.79,8,0,60,cold,1
2700000000,54,"imu_preintegration",0.043627,8,0,60,cold,1
2700000000,54,"no_uwb_isam_update",2.38499,8,0,60,cold,1
2700000000,54,"state_query",0.019972,8,0,60,cold,1
2700000000,54,"current_joint_marginal",0,8,0,60,cold,1
2700000000,54,"snapshot_extraction",0,8,0,60,cold,1
2700000000,54,"prepare",2.45831,8,0,60,cold,1
2700000000,54,"integrity_window",623.294,8,0,60,cold,1
2700000000,54,"window_boundary_provenance",608.543,8,0,60,cold,1
2700000000,54,"window_factor_linearization_whitening",1.13543,8,0,60,cold,1
2700000000,54,"window_dense_assembly",0.117368,8,0,60,cold,1
2700000000,54,"window_svd",7.83013,8,0,60,cold,1
2700000000,54,"window_normal_equations",0.327273,8,0,60,cold,1
2700000000,54,"window_llt_state_solves",0.108081,8,0,60,cold,1
2700000000,54,"window_fingerprint",3.88005,8,0,60,cold,1
2700000000,54,"all_in_detector",0.284995,8,0,60,cold,1
2700000000,54,"current_sensitivity",0.576503,8,0,60,cold,1
2700000000,54,"model_generation",303.144,8,0,60,cold,1
2700000000,54,"historical_sensitivity",0.132054,8,0,60,cold,1
2700000000,54,"hypothesis_evidence",1813.47,8,0,60,cold,1
2700000000,54,"health_actions",17.4849,8,0,60,cold,1
2700000000,54,"base_factorization",0.265649,8,0,60,cold,1
2700000000,54,"shared_cache",0.004035,8,0,60,cold,1
2700000000,54,"candidate_evaluation",402.297,8,0,60,cold,1
2700000000,54,"fde_decision",9.28428,8,0,60,cold,1
2700000000,54,"candidate_audit",0.032101,8,0,60,cold,1
2700000000,54,"commit",3.30586,8,0,60,cold,1
2700000000,54,"state_audit",0.000571,8,0,60,cold,1
2700000000,54,"finalize_commit_audit",31.068,8,0,60,cold,1
2700000000,54,"uwb_commit",3.10763,8,0,60,cold,1
2700000000,54,"core_total",3208.05,8,0,60,cold,1
2700000000,54,"outer_logging_flush",0.653163,8,0,60,cold,1
2700000000,54,"outer_epoch",3208.7,8,0,60,cold,1
2750000000,55,"imu_preintegration",0.042446,8,0,60,cold,1
2750000000,55,"no_uwb_isam_update",2.55759,8,0,60,cold,1
2750000000,55,"state_query",0.020775,8,0,60,cold,1
2750000000,55,"current_joint_marginal",0,8,0,60,cold,1
2750000000,55,"snapshot_extraction",0,8,0,60,cold,1
2750000000,55,"prepare",2.64322,8,0,60,cold,1
2750000000,55,"integrity_window",614.398,8,0,60,cold,1
2750000000,55,"window_boundary_provenance",598.947,8,0,60,cold,1
2750000000,55,"window_factor_linearization_whitening",1.23093,8,0,60,cold,1
2750000000,55,"window_dense_assembly",0.146518,8,0,60,cold,1
2750000000,55,"window_svd",8.06111,8,0,60,cold,1
2750000000,55,"window_normal_equations",0.405418,8,0,60,cold,1
2750000000,55,"window_llt_state_solves",0.123617,8,0,60,cold,1
2750000000,55,"window_fingerprint",4.04789,8,0,60,cold,1
2750000000,55,"all_in_detector",0.303389,8,0,60,cold,1
2750000000,55,"current_sensitivity",0.610528,8,0,60,cold,1
2750000000,55,"model_generation",304.759,8,0,60,cold,1
2750000000,55,"historical_sensitivity",0.133279,8,0,60,cold,1
2750000000,55,"hypothesis_evidence",1804.04,8,0,60,cold,1
2750000000,55,"health_actions",21.5452,8,0,60,cold,1
2750000000,55,"base_factorization",0.280881,8,0,60,cold,1
2750000000,55,"shared_cache",0.004477,8,0,60,cold,1
2750000000,55,"candidate_evaluation",425.154,8,0,60,cold,1
2750000000,55,"fde_decision",10.0672,8,0,60,cold,1
2750000000,55,"candidate_audit",0.037661,8,0,60,cold,1
2750000000,55,"commit",2.14186,8,0,60,cold,1
2750000000,55,"state_audit",0.000434,8,0,60,cold,1
2750000000,55,"finalize_commit_audit",34.5501,8,0,60,cold,1
2750000000,55,"uwb_commit",2.01485,8,0,60,cold,1
2750000000,55,"core_total",3221.17,8,0,60,cold,1
2750000000,55,"outer_logging_flush",0.44886,8,0,60,cold,1
2750000000,55,"outer_epoch",3221.62,8,0,60,cold,1
2800000000,56,"imu_preintegration",0.066714,8,0,60,cold,1
2800000000,56,"no_uwb_isam_update",3.35495,8,0,60,cold,1
2800000000,56,"state_query",0.0294,8,0,60,cold,1
2800000000,56,"current_joint_marginal",0,8,0,60,cold,1
2800000000,56,"snapshot_extraction",0,8,0,60,cold,1
2800000000,56,"prepare",3.47983,8,0,60,cold,1
2800000000,56,"integrity_window",513.79,8,0,60,cold,1
2800000000,56,"window_boundary_provenance",498.048,8,0,60,cold,1
2800000000,56,"window_factor_linearization_whitening",1.0365,8,0,60,cold,1
2800000000,56,"window_dense_assembly",0.108166,8,0,60,cold,1
2800000000,56,"window_svd",8.88497,8,0,60,cold,1
2800000000,56,"window_normal_equations",0.349742,8,0,60,cold,1
2800000000,56,"window_llt_state_solves",0.115285,8,0,60,cold,1
2800000000,56,"window_fingerprint",3.87377,8,0,60,cold,1
2800000000,56,"all_in_detector",0.255782,8,0,60,cold,1
2800000000,56,"current_sensitivity",0.513019,8,0,60,cold,1
2800000000,56,"model_generation",300.048,8,0,60,cold,1
2800000000,56,"historical_sensitivity",0.123934,8,0,60,cold,1
2800000000,56,"hypothesis_evidence",1871.63,8,0,60,cold,1
2800000000,56,"health_actions",18.8866,8,0,60,cold,1
2800000000,56,"base_factorization",0.31176,8,0,60,cold,1
2800000000,56,"shared_cache",0.004524,8,0,60,cold,1
2800000000,56,"candidate_evaluation",421.529,8,0,60,cold,1
2800000000,56,"fde_decision",9.77706,8,0,60,cold,1
2800000000,56,"candidate_audit",0.032574,8,0,60,cold,1
2800000000,56,"commit",3.4488,8,0,60,cold,1
2800000000,56,"state_audit",0.000997,8,0,60,cold,1
2800000000,56,"finalize_commit_audit",33.8533,8,0,60,cold,1
2800000000,56,"uwb_commit",3.13752,8,0,60,cold,1
2800000000,56,"core_total",3178.31,8,0,60,cold,1
2800000000,56,"outer_logging_flush",0.421801,8,0,60,cold,1
2800000000,56,"outer_epoch",3178.74,8,0,60,cold,1
2850000000,57,"imu_preintegration",0.045867,8,0,60,cold,1
2850000000,57,"no_uwb_isam_update",2.70819,8,0,60,cold,1
2850000000,57,"state_query",0.022845,8,0,60,cold,1
2850000000,57,"current_joint_marginal",0,8,0,60,cold,1
2850000000,57,"snapshot_extraction",0,8,0,60,cold,1
2850000000,57,"prepare",2.8339,8,0,60,cold,1
2850000000,57,"integrity_window",514.456,8,0,60,cold,1
2850000000,57,"window_boundary_provenance",497.972,8,0,60,cold,1
2850000000,57,"window_factor_linearization_whitening",1.41572,8,0,60,cold,1
2850000000,57,"window_dense_assembly",0.120192,8,0,60,cold,1
2850000000,57,"window_svd",8.87429,8,0,60,cold,1
2850000000,57,"window_normal_equations",0.371503,8,0,60,cold,1
2850000000,57,"window_llt_state_solves",0.123919,8,0,60,cold,1
2850000000,57,"window_fingerprint",4.18268,8,0,60,cold,1
2850000000,57,"all_in_detector",0.281236,8,0,60,cold,1
2850000000,57,"current_sensitivity",0.618415,8,0,60,cold,1
2850000000,57,"model_generation",302.588,8,0,60,cold,1
2850000000,57,"historical_sensitivity",0.134997,8,0,60,cold,1
2850000000,57,"hypothesis_evidence",1849.47,8,0,60,cold,1
2850000000,57,"health_actions",19.8792,8,0,60,cold,1
2850000000,57,"base_factorization",0.513779,8,0,60,cold,1
2850000000,57,"shared_cache",0.0069,8,0,60,cold,1
2850000000,57,"candidate_evaluation",419.612,8,0,60,cold,1
2850000000,57,"fde_decision",8.73807,8,0,60,cold,1
2850000000,57,"candidate_audit",0.036415,8,0,60,cold,1
2850000000,57,"commit",2.15295,8,0,60,cold,1
2850000000,57,"state_audit",0.000575,8,0,60,cold,1
2850000000,57,"finalize_commit_audit",33.7227,8,0,60,cold,1
2850000000,57,"uwb_commit",2.018,8,0,60,cold,1
2850000000,57,"core_total",3155.56,8,0,60,cold,1
2850000000,57,"outer_logging_flush",0.711808,8,0,60,cold,1
2850000000,57,"outer_epoch",3156.28,8,0,60,cold,1
2900000000,58,"imu_preintegration",0.059302,8,0,60,cold,1
2900000000,58,"no_uwb_isam_update",2.73849,8,0,60,cold,1
2900000000,58,"state_query",0.024641,8,0,60,cold,1
2900000000,58,"current_joint_marginal",0,8,0,60,cold,1
2900000000,58,"snapshot_extraction",0,8,0,60,cold,1
2900000000,58,"prepare",2.83956,8,0,60,cold,1
2900000000,58,"integrity_window",510.588,8,0,60,cold,1
2900000000,58,"window_boundary_provenance",495.439,8,0,60,cold,1
2900000000,58,"window_factor_linearization_whitening",1.08779,8,0,60,cold,1
2900000000,58,"window_dense_assembly",0.138272,8,0,60,cold,1
2900000000,58,"window_svd",7.72424,8,0,60,cold,1
2900000000,58,"window_normal_equations",0.345817,8,0,60,cold,1
2900000000,58,"window_llt_state_solves",0.109485,8,0,60,cold,1
2900000000,58,"window_fingerprint",4.20826,8,0,60,cold,1
2900000000,58,"all_in_detector",0.380259,8,0,60,cold,1
2900000000,58,"current_sensitivity",0.639427,8,0,60,cold,1
2900000000,58,"model_generation",304.053,8,0,60,cold,1
2900000000,58,"historical_sensitivity",0.142743,8,0,60,cold,1
2900000000,58,"hypothesis_evidence",1843.1,8,0,60,cold,1
2900000000,58,"health_actions",20.9146,8,0,60,cold,1
2900000000,58,"base_factorization",0.270333,8,0,60,cold,1
2900000000,58,"shared_cache",0.003155,8,0,60,cold,1
2900000000,58,"candidate_evaluation",425.419,8,0,60,cold,1
2900000000,58,"fde_decision",9.40549,8,0,60,cold,1
2900000000,58,"candidate_audit",0.040045,8,0,60,cold,1
2900000000,58,"commit",2.34462,8,0,60,cold,1
2900000000,58,"state_audit",0.000423,8,0,60,cold,1
2900000000,58,"finalize_commit_audit",31.4396,8,0,60,cold,1
2900000000,58,"uwb_commit",2.21835,8,0,60,cold,1
2900000000,58,"core_total",3152.1,8,0,60,cold,1
2900000000,58,"outer_logging_flush",0.424825,8,0,60,cold,1
2900000000,58,"outer_epoch",3152.52,8,0,60,cold,1
2950000000,59,"imu_preintegration",0.042456,8,0,60,cold,1
2950000000,59,"no_uwb_isam_update",2.35653,8,0,60,cold,1
2950000000,59,"state_query",0.026494,8,0,60,cold,1
2950000000,59,"current_joint_marginal",0,8,0,60,cold,1
2950000000,59,"snapshot_extraction",0,8,0,60,cold,1
2950000000,59,"prepare",2.43537,8,0,60,cold,1
2950000000,59,"integrity_window",544.19,8,0,60,cold,1
2950000000,59,"window_boundary_provenance",528.311,8,0,60,cold,1
2950000000,59,"window_factor_linearization_whitening",1.07454,8,0,60,cold,1
2950000000,59,"window_dense_assembly",0.096922,8,0,60,cold,1
2950000000,59,"window_svd",9.15044,8,0,60,cold,1
2950000000,59,"window_normal_equations",0.337528,8,0,60,cold,1
2950000000,59,"window_llt_state_solves",0.11332,8,0,60,cold,1
2950000000,59,"window_fingerprint",3.82922,8,0,60,cold,1
2950000000,59,"all_in_detector",0.272494,8,0,60,cold,1
2950000000,59,"current_sensitivity",0.528953,8,0,60,cold,1
2950000000,59,"model_generation",303.731,8,0,60,cold,1
2950000000,59,"historical_sensitivity",0.123996,8,0,60,cold,1
2950000000,59,"hypothesis_evidence",1809.63,8,0,60,cold,1
2950000000,59,"health_actions",18.8886,8,0,60,cold,1
2950000000,59,"base_factorization",0.255889,8,0,60,cold,1
2950000000,59,"shared_cache",0.0194,8,0,60,cold,1
2950000000,59,"candidate_evaluation",425.555,8,0,60,cold,1
2950000000,59,"fde_decision",9.46511,8,0,60,cold,1
2950000000,59,"candidate_audit",0.035304,8,0,60,cold,1
2950000000,59,"commit",2.20703,8,0,60,cold,1
2950000000,59,"state_audit",0.000715,8,0,60,cold,1
2950000000,59,"finalize_commit_audit",31.591,8,0,60,cold,1
2950000000,59,"uwb_commit",2.0718,8,0,60,cold,1
2950000000,59,"core_total",3149.46,8,0,60,cold,1
2950000000,59,"outer_logging_flush",0.512047,8,0,60,cold,1
2950000000,59,"outer_epoch",3149.98,8,0,60,cold,1
3000000000,60,"imu_preintegration",0.043433,8,0,60,cold,1
3000000000,60,"no_uwb_isam_update",3.15221,8,0,60,cold,1
3000000000,60,"state_query",0.030242,8,0,60,cold,1
3000000000,60,"current_joint_marginal",0,8,0,60,cold,1
3000000000,60,"snapshot_extraction",0,8,0,60,cold,1
3000000000,60,"prepare",3.22705,8,0,60,cold,1
3000000000,60,"integrity_window",487.04,8,0,60,cold,1
3000000000,60,"window_boundary_provenance",470.135,8,0,60,cold,1
3000000000,60,"window_factor_linearization_whitening",1.33639,8,0,60,cold,1
3000000000,60,"window_dense_assembly",0.106473,8,0,60,cold,1
3000000000,60,"window_svd",7.9475,8,0,60,cold,1
3000000000,60,"window_normal_equations",0.333614,8,0,60,cold,1
3000000000,60,"window_llt_state_solves",0.146052,8,0,60,cold,1
3000000000,60,"window_fingerprint",5.62959,8,0,60,cold,1
3000000000,60,"all_in_detector",0.327236,8,0,60,cold,1
3000000000,60,"current_sensitivity",0.676751,8,0,60,cold,1
3000000000,60,"model_generation",312.581,8,0,60,cold,1
3000000000,60,"historical_sensitivity",0.136929,8,0,60,cold,1
3000000000,60,"hypothesis_evidence",1832.64,8,0,60,cold,1
3000000000,60,"health_actions",24.949,8,0,60,cold,1
3000000000,60,"base_factorization",0.262046,8,0,60,cold,1
3000000000,60,"shared_cache",0.003522,8,0,60,cold,1
3000000000,60,"candidate_evaluation",424.45,8,0,60,cold,1
3000000000,60,"fde_decision",9.50777,8,0,60,cold,1
3000000000,60,"candidate_audit",0.041174,8,0,60,cold,1
3000000000,60,"commit",2.83109,8,0,60,cold,1
3000000000,60,"state_audit",0.000577,8,0,60,cold,1
3000000000,60,"finalize_commit_audit",42.148,8,0,60,cold,1
3000000000,60,"uwb_commit",2.65064,8,0,60,cold,1
3000000000,60,"core_total",3141.37,8,0,60,cold,1
3000000000,60,"outer_logging_flush",0.278817,8,0,60,cold,1
3000000000,60,"outer_epoch",3141.65,8,0,60,cold,1
3050000000,61,"imu_preintegration",0.056097,8,0,60,cold,1
3050000000,61,"no_uwb_isam_update",2.89062,8,0,60,cold,1
3050000000,61,"state_query",0.029894,8,0,60,cold,1
3050000000,61,"current_joint_marginal",0,8,0,60,cold,1
3050000000,61,"snapshot_extraction",0,8,0,60,cold,1
3050000000,61,"prepare",2.99282,8,0,60,cold,1
3050000000,61,"integrity_window",436.451,8,0,60,cold,1
3050000000,61,"window_boundary_provenance",421.229,8,0,60,cold,1
3050000000,61,"window_factor_linearization_whitening",1.11641,8,0,60,cold,1
3050000000,61,"window_dense_assembly",0.112062,8,0,60,cold,1
3050000000,61,"window_svd",8.40856,8,0,60,cold,1
3050000000,61,"window_normal_equations",0.3294,8,0,60,cold,1
3050000000,61,"window_llt_state_solves",0.103956,8,0,60,cold,1
3050000000,61,"window_fingerprint",3.81448,8,0,60,cold,1
3050000000,61,"all_in_detector",0.27921,8,0,60,cold,1
3050000000,61,"current_sensitivity",0.539664,8,0,60,cold,1
3050000000,61,"model_generation",303.317,8,0,60,cold,1
3050000000,61,"historical_sensitivity",0.122467,8,0,60,cold,1
3050000000,61,"hypothesis_evidence",1828.87,8,0,60,cold,1
3050000000,61,"health_actions",19.5057,8,0,60,cold,1
3050000000,61,"base_factorization",0.254521,8,0,60,cold,1
3050000000,61,"shared_cache",0.003003,8,0,60,cold,1
3050000000,61,"candidate_evaluation",427.251,8,0,60,cold,1
3050000000,61,"fde_decision",8.82849,8,0,60,cold,1
3050000000,61,"candidate_audit",0.036331,8,0,60,cold,1
3050000000,61,"commit",2.92768,8,0,60,cold,1
3050000000,61,"state_audit",0.000779,8,0,60,cold,1
3050000000,61,"finalize_commit_audit",30.1253,8,0,60,cold,1
3050000000,61,"uwb_commit",2.7251,8,0,60,cold,1
3050000000,61,"core_total",3062.05,8,0,60,cold,1
3050000000,61,"outer_logging_flush",0.499604,8,0,60,cold,1
3050000000,61,"outer_epoch",3062.55,8,0,60,cold,1
3100000000,62,"imu_preintegration",0.073592,8,0,60,cold,1
3100000000,62,"no_uwb_isam_update",3.06316,8,0,60,cold,1
3100000000,62,"state_query",0.035325,8,0,60,cold,1
3100000000,62,"current_joint_marginal",0,8,0,60,cold,1
3100000000,62,"snapshot_extraction",0,8,0,60,cold,1
3100000000,62,"prepare",3.17365,8,0,60,cold,1
3100000000,62,"integrity_window",393.026,8,0,60,cold,1
3100000000,62,"window_boundary_provenance",377.395,8,0,60,cold,1
3100000000,62,"window_factor_linearization_whitening",1.38528,8,0,60,cold,1
3100000000,62,"window_dense_assembly",0.105796,8,0,60,cold,1
3100000000,62,"window_svd",8.03484,8,0,60,cold,1
3100000000,62,"window_normal_equations",0.367272,8,0,60,cold,1
3100000000,62,"window_llt_state_solves",0.11773,8,0,60,cold,1
3100000000,62,"window_fingerprint",4.08488,8,0,60,cold,1
3100000000,62,"all_in_detector",0.616983,8,0,60,cold,1
3100000000,62,"current_sensitivity",0.997998,8,0,60,cold,1
3100000000,62,"model_generation",307.122,8,0,60,cold,1
3100000000,62,"historical_sensitivity",0.188282,8,0,60,cold,1
3100000000,62,"hypothesis_evidence",1814.87,8,0,60,cold,1
3100000000,62,"health_actions",19.4541,8,0,60,cold,1
3100000000,62,"base_factorization",0.259035,8,0,60,cold,1
3100000000,62,"shared_cache",0.00328,8,0,60,cold,1
3100000000,62,"candidate_evaluation",437.185,8,0,60,cold,1
3100000000,62,"fde_decision",10.2857,8,0,60,cold,1
3100000000,62,"candidate_audit",0.039109,8,0,60,cold,1
3100000000,62,"commit",2.52832,8,0,60,cold,1
3100000000,62,"state_audit",0.000561,8,0,60,cold,1
3100000000,62,"finalize_commit_audit",34.868,8,0,60,cold,1
3100000000,62,"uwb_commit",2.40368,8,0,60,cold,1
3100000000,62,"core_total",3025.24,8,0,60,cold,1
3100000000,62,"outer_logging_flush",0.344441,8,0,60,cold,1
3100000000,62,"outer_epoch",3025.59,8,0,60,cold,1
3150000000,63,"imu_preintegration",0.066533,8,0,60,cold,1
3150000000,63,"no_uwb_isam_update",2.8047,8,0,60,cold,1
3150000000,63,"state_query",0.033621,8,0,60,cold,1
3150000000,63,"current_joint_marginal",0,8,0,60,cold,1
3150000000,63,"snapshot_extraction",0,8,0,60,cold,1
3150000000,63,"prepare",2.93065,8,0,60,cold,1
3150000000,63,"integrity_window",382.418,8,0,60,cold,1
3150000000,63,"window_boundary_provenance",366.77,8,0,60,cold,1
3150000000,63,"window_factor_linearization_whitening",1.20147,8,0,60,cold,1
3150000000,63,"window_dense_assembly",0.114418,8,0,60,cold,1
3150000000,63,"window_svd",7.78916,8,0,60,cold,1
3150000000,63,"window_normal_equations",0.348603,8,0,60,cold,1
3150000000,63,"window_llt_state_solves",0.104472,8,0,60,cold,1
3150000000,63,"window_fingerprint",4.73884,8,0,60,cold,1
3150000000,63,"all_in_detector",0.283691,8,0,60,cold,1
3150000000,63,"current_sensitivity",0.555888,8,0,60,cold,1
3150000000,63,"model_generation",301.727,8,0,60,cold,1
3150000000,63,"historical_sensitivity",0.130378,8,0,60,cold,1
3150000000,63,"hypothesis_evidence",1834.7,8,0,60,cold,1
3150000000,63,"health_actions",17.0139,8,0,60,cold,1
3150000000,63,"base_factorization",0.252264,8,0,60,cold,1
3150000000,63,"shared_cache",0.002689,8,0,60,cold,1
3150000000,63,"candidate_evaluation",419.737,8,0,60,cold,1
3150000000,63,"fde_decision",12.2033,8,0,60,cold,1
3150000000,63,"candidate_audit",0.041969,8,0,60,cold,1
3150000000,63,"commit",2.80572,8,0,60,cold,1
3150000000,63,"state_audit",0.000569,8,0,60,cold,1
3150000000,63,"finalize_commit_audit",36.3334,8,0,60,cold,1
3150000000,63,"uwb_commit",2.61959,8,0,60,cold,1
3150000000,63,"core_total",3011.7,8,0,60,cold,1
3150000000,63,"outer_logging_flush",0.414373,8,0,60,cold,1
3150000000,63,"outer_epoch",3012.11,8,0,60,cold,1
3200000000,64,"imu_preintegration",0.043598,8,0,60,cold,1
3200000000,64,"no_uwb_isam_update",2.71473,8,0,60,cold,1
3200000000,64,"state_query",0.036373,8,0,60,cold,1
3200000000,64,"current_joint_marginal",0,8,0,60,cold,1
3200000000,64,"snapshot_extraction",0,8,0,60,cold,1
3200000000,64,"prepare",2.79181,8,0,60,cold,1
3200000000,64,"integrity_window",398.142,8,0,60,cold,1
3200000000,64,"window_boundary_provenance",382.755,8,0,60,cold,1
3200000000,64,"window_factor_linearization_whitening",1.13132,8,0,60,cold,1
3200000000,64,"window_dense_assembly",0.09675,8,0,60,cold,1
3200000000,64,"window_svd",8.15049,8,0,60,cold,1
3200000000,64,"window_normal_equations",0.35502,8,0,60,cold,1
3200000000,64,"window_llt_state_solves",0.117363,8,0,60,cold,1
3200000000,64,"window_fingerprint",4.07275,8,0,60,cold,1
3200000000,64,"all_in_detector",0.279484,8,0,60,cold,1
3200000000,64,"current_sensitivity",0.529452,8,0,60,cold,1
3200000000,64,"model_generation",304.013,8,0,60,cold,1
3200000000,64,"historical_sensitivity",0.138862,8,0,60,cold,1
3200000000,64,"hypothesis_evidence",1813.31,8,0,60,cold,1
3200000000,64,"health_actions",18.4676,8,0,60,cold,1
3200000000,64,"base_factorization",0.253788,8,0,60,cold,1
3200000000,64,"shared_cache",0.003392,8,0,60,cold,1
3200000000,64,"candidate_evaluation",424.624,8,0,60,cold,1
3200000000,64,"fde_decision",9.07798,8,0,60,cold,1
3200000000,64,"candidate_audit",0.033832,8,0,60,cold,1
3200000000,64,"commit",2.59048,8,0,60,cold,1
3200000000,64,"state_audit",0.000562,8,0,60,cold,1
3200000000,64,"finalize_commit_audit",36.9399,8,0,60,cold,1
3200000000,64,"uwb_commit",2.4641,8,0,60,cold,1
3200000000,64,"core_total",3011.83,8,0,60,cold,1
3200000000,64,"outer_logging_flush",0.345204,8,0,60,cold,1
3200000000,64,"outer_epoch",3012.18,8,0,60,cold,1
3250000000,65,"imu_preintegration",0.045805,8,0,60,cold,1
3250000000,65,"no_uwb_isam_update",4.57451,8,0,60,cold,1
3250000000,65,"state_query",0.036449,8,0,60,cold,1
3250000000,65,"current_joint_marginal",0,8,0,60,cold,1
3250000000,65,"snapshot_extraction",0,8,0,60,cold,1
3250000000,65,"prepare",4.6625,8,0,60,cold,1
3250000000,65,"integrity_window",437.807,8,0,60,cold,1
3250000000,65,"window_boundary_provenance",423.013,8,0,60,cold,1
3250000000,65,"window_factor_linearization_whitening",1.1673,8,0,60,cold,1
3250000000,65,"window_dense_assembly",0.104994,8,0,60,cold,1
3250000000,65,"window_svd",7.975,8,0,60,cold,1
3250000000,65,"window_normal_equations",0.332824,8,0,60,cold,1
3250000000,65,"window_llt_state_solves",0.103176,8,0,60,cold,1
3250000000,65,"window_fingerprint",3.79106,8,0,60,cold,1
3250000000,65,"all_in_detector",0.262212,8,0,60,cold,1
3250000000,65,"current_sensitivity",0.537214,8,0,60,cold,1
3250000000,65,"model_generation",298.024,8,0,60,cold,1
3250000000,65,"historical_sensitivity",0.128716,8,0,60,cold,1
3250000000,65,"hypothesis_evidence",1818.53,8,0,60,cold,1
3250000000,65,"health_actions",17.3219,8,0,60,cold,1
3250000000,65,"base_factorization",0.248621,8,0,60,cold,1
3250000000,65,"shared_cache",0.003236,8,0,60,cold,1
3250000000,65,"candidate_evaluation",427.954,8,0,60,cold,1
3250000000,65,"fde_decision",8.42712,8,0,60,cold,1
3250000000,65,"candidate_audit",0.033093,8,0,60,cold,1
3250000000,65,"commit",2.66712,8,0,60,cold,1
3250000000,65,"state_audit",0.000403,8,0,60,cold,1
3250000000,65,"finalize_commit_audit",32.2349,8,0,60,cold,1
3250000000,65,"uwb_commit",2.53907,8,0,60,cold,1
3250000000,65,"core_total",3049.37,8,0,60,cold,1
3250000000,65,"outer_logging_flush",0.321472,8,0,60,cold,1
3250000000,65,"outer_epoch",3049.7,8,0,60,cold,1
3300000000,66,"imu_preintegration",0.043995,8,0,60,cold,1
3300000000,66,"no_uwb_isam_update",2.63832,8,0,60,cold,1
3300000000,66,"state_query",0.038123,8,0,60,cold,1
3300000000,66,"current_joint_marginal",0,8,0,60,cold,1
3300000000,66,"snapshot_extraction",0,8,0,60,cold,1
3300000000,66,"prepare",2.7223,8,0,60,cold,1
3300000000,66,"integrity_window",432.003,8,0,60,cold,1
3300000000,66,"window_boundary_provenance",416.706,8,0,60,cold,1
3300000000,66,"window_factor_linearization_whitening",1.05298,8,0,60,cold,1
3300000000,66,"window_dense_assembly",0.090738,8,0,60,cold,1
3300000000,66,"window_svd",7.91107,8,0,60,cold,1
3300000000,66,"window_normal_equations",0.342782,8,0,60,cold,1
3300000000,66,"window_llt_state_solves",0.103233,8,0,60,cold,1
3300000000,66,"window_fingerprint",4.35188,8,0,60,cold,1
3300000000,66,"all_in_detector",0.307516,8,0,60,cold,1
3300000000,66,"current_sensitivity",0.551191,8,0,60,cold,1
3300000000,66,"model_generation",295.821,8,0,60,cold,1
3300000000,66,"historical_sensitivity",0.155552,8,0,60,cold,1
3300000000,66,"hypothesis_evidence",1817.68,8,0,60,cold,1
3300000000,66,"health_actions",19.6517,8,0,60,cold,1
3300000000,66,"base_factorization",0.260564,8,0,60,cold,1
3300000000,66,"shared_cache",0.003478,8,0,60,cold,1
3300000000,66,"candidate_evaluation",424.531,8,0,60,cold,1
3300000000,66,"fde_decision",12.125,8,0,60,cold,1
3300000000,66,"candidate_audit",0.040871,8,0,60,cold,1
3300000000,66,"commit",2.59164,8,0,60,cold,1
3300000000,66,"state_audit",0.000567,8,0,60,cold,1
3300000000,66,"finalize_commit_audit",32.2141,8,0,60,cold,1
3300000000,66,"uwb_commit",2.46825,8,0,60,cold,1
3300000000,66,"core_total",3041.21,8,0,60,cold,1
3300000000,66,"outer_logging_flush",0.322886,8,0,60,cold,1
3300000000,66,"outer_epoch",3041.53,8,0,60,cold,1
3350000000,67,"imu_preintegration",0.045175,8,0,60,cold,1
3350000000,67,"no_uwb_isam_update",2.49528,8,0,60,cold,1
3350000000,67,"state_query",0.047081,8,0,60,cold,1
3350000000,67,"current_joint_marginal",0,8,0,60,cold,1
3350000000,67,"snapshot_extraction",0,8,0,60,cold,1
3350000000,67,"prepare",2.57099,8,0,60,cold,1
3350000000,67,"integrity_window",431.823,8,0,60,cold,1
3350000000,67,"window_boundary_provenance",416.898,8,0,60,cold,1
3350000000,67,"window_factor_linearization_whitening",1.01407,8,0,60,cold,1
3350000000,67,"window_dense_assembly",0.089733,8,0,60,cold,1
3350000000,67,"window_svd",8.0808,8,0,60,cold,1
3350000000,67,"window_normal_equations",0.342939,8,0,60,cold,1
3350000000,67,"window_llt_state_solves",0.109536,8,0,60,cold,1
3350000000,67,"window_fingerprint",3.92906,8,0,60,cold,1
3350000000,67,"all_in_detector",0.253472,8,0,60,cold,1
3350000000,67,"current_sensitivity",0.521859,8,0,60,cold,1
3350000000,67,"model_generation",303.907,8,0,60,cold,1
3350000000,67,"historical_sensitivity",0.124975,8,0,60,cold,1
3350000000,67,"hypothesis_evidence",1826.08,8,0,60,cold,1
3350000000,67,"health_actions",19.9547,8,0,60,cold,1
3350000000,67,"base_factorization",0.267403,8,0,60,cold,1
3350000000,67,"shared_cache",0.003129,8,0,60,cold,1
3350000000,67,"candidate_evaluation",426.876,8,0,60,cold,1
3350000000,67,"fde_decision",10.0471,8,0,60,cold,1
3350000000,67,"candidate_audit",0.048886,8,0,60,cold,1
3350000000,67,"commit",5.01572,8,0,60,cold,1
3350000000,67,"state_audit",0.000477,8,0,60,cold,1
3350000000,67,"finalize_commit_audit",43.413,8,0,60,cold,1
3350000000,67,"uwb_commit",4.82235,8,0,60,cold,1
3350000000,67,"core_total",3071.61,8,0,60,cold,1
3350000000,67,"outer_logging_flush",0.49499,8,0,60,cold,1
3350000000,67,"outer_epoch",3072.1,8,0,60,cold,1
3400000000,68,"imu_preintegration",0.04496,8,0,60,cold,1
3400000000,68,"no_uwb_isam_update",2.41361,8,0,60,cold,1
3400000000,68,"state_query",0.043196,8,0,60,cold,1
3400000000,68,"current_joint_marginal",0,8,0,60,cold,1
3400000000,68,"snapshot_extraction",0,8,0,60,cold,1
3400000000,68,"prepare",2.49906,8,0,60,cold,1
3400000000,68,"integrity_window",472.847,8,0,60,cold,1
3400000000,68,"window_boundary_provenance",458.168,8,0,60,cold,1
3400000000,68,"window_factor_linearization_whitening",0.962047,8,0,60,cold,1
3400000000,68,"window_dense_assembly",0.098855,8,0,60,cold,1
3400000000,68,"window_svd",7.93016,8,0,60,cold,1
3400000000,68,"window_normal_equations",0.343171,8,0,60,cold,1
3400000000,68,"window_llt_state_solves",0.106766,8,0,60,cold,1
3400000000,68,"window_fingerprint",3.88315,8,0,60,cold,1
3400000000,68,"all_in_detector",0.28427,8,0,60,cold,1
3400000000,68,"current_sensitivity",0.547186,8,0,60,cold,1
3400000000,68,"model_generation",310.347,8,0,60,cold,1
3400000000,68,"historical_sensitivity",0.128203,8,0,60,cold,1
3400000000,68,"hypothesis_evidence",1823.65,8,0,60,cold,1
3400000000,68,"health_actions",18.9041,8,0,60,cold,1
3400000000,68,"base_factorization",0.25235,8,0,60,cold,1
3400000000,68,"shared_cache",0.002766,8,0,60,cold,1
3400000000,68,"candidate_evaluation",427.331,8,0,60,cold,1
3400000000,68,"fde_decision",10.7623,8,0,60,cold,1
3400000000,68,"candidate_audit",0.047944,8,0,60,cold,1
3400000000,68,"commit",2.86918,8,0,60,cold,1
3400000000,68,"state_audit",0.000641,8,0,60,cold,1
3400000000,68,"finalize_commit_audit",31.3061,8,0,60,cold,1
3400000000,68,"uwb_commit",2.73586,8,0,60,cold,1
3400000000,68,"core_total",3102.39,8,0,60,cold,1
3400000000,68,"outer_logging_flush",0.354797,8,0,60,cold,1
3400000000,68,"outer_epoch",3102.75,8,0,60,cold,1
3450000000,69,"imu_preintegration",0.046079,8,0,60,cold,1
3450000000,69,"no_uwb_isam_update",2.59385,8,0,60,cold,1
3450000000,69,"state_query",0.011765,8,0,60,cold,1
3450000000,69,"current_joint_marginal",0,8,0,60,cold,1
3450000000,69,"snapshot_extraction",0,8,0,60,cold,1
3450000000,69,"prepare",2.6664,8,0,60,cold,1
3450000000,69,"integrity_window",510.246,8,0,60,cold,1
3450000000,69,"window_boundary_provenance",495.494,8,0,60,cold,1
3450000000,69,"window_factor_linearization_whitening",1.15855,8,0,60,cold,1
3450000000,69,"window_dense_assembly",0.106343,8,0,60,cold,1
3450000000,69,"window_svd",7.72797,8,0,60,cold,1
3450000000,69,"window_normal_equations",0.357794,8,0,60,cold,1
3450000000,69,"window_llt_state_solves",0.108709,8,0,60,cold,1
3450000000,69,"window_fingerprint",3.86246,8,0,60,cold,1
3450000000,69,"all_in_detector",0.461359,8,0,60,cold,1
3450000000,69,"current_sensitivity",0.767934,8,0,60,cold,1
3450000000,69,"model_generation",308.772,8,0,60,cold,1
3450000000,69,"historical_sensitivity",0.148487,8,0,60,cold,1
3450000000,69,"hypothesis_evidence",1835.69,8,0,60,cold,1
3450000000,69,"health_actions",19.0202,8,0,60,cold,1
3450000000,69,"base_factorization",0.262458,8,0,60,cold,1
3450000000,69,"shared_cache",0.002915,8,0,60,cold,1
3450000000,69,"candidate_evaluation",429.994,8,0,60,cold,1
3450000000,69,"fde_decision",10.7604,8,0,60,cold,1
3450000000,69,"candidate_audit",0.039648,8,0,60,cold,1
3450000000,69,"commit",2.45287,8,0,60,cold,1
3450000000,69,"state_audit",0.000626,8,0,60,cold,1
3450000000,69,"finalize_commit_audit",34.458,8,0,60,cold,1
3450000000,69,"uwb_commit",2.32686,8,0,60,cold,1
3450000000,69,"core_total",3156.28,8,0,60,cold,1
3450000000,69,"outer_logging_flush",0.325309,8,0,60,cold,1
3450000000,69,"outer_epoch",3156.61,8,0,60,cold,1
3500000000,70,"imu_preintegration",0.043247,8,0,60,cold,1
3500000000,70,"no_uwb_isam_update",3.09833,8,0,60,cold,1
3500000000,70,"state_query",0.014197,8,0,60,cold,1
3500000000,70,"current_joint_marginal",0,8,0,60,cold,1
3500000000,70,"snapshot_extraction",0,8,0,60,cold,1
3500000000,70,"prepare",3.18853,8,0,60,cold,1
3500000000,70,"integrity_window",537.177,8,0,60,cold,1
3500000000,70,"window_boundary_provenance",521.669,8,0,60,cold,1
3500000000,70,"window_factor_linearization_whitening",0.977694,8,0,60,cold,1
3500000000,70,"window_dense_assembly",0.10377,8,0,60,cold,1
3500000000,70,"window_svd",7.46446,8,0,60,cold,1
3500000000,70,"window_normal_equations",0.322034,8,0,60,cold,1
3500000000,70,"window_llt_state_solves",0.097212,8,0,60,cold,1
3500000000,70,"window_fingerprint",4.97369,8,0,60,cold,1
3500000000,70,"all_in_detector",0.27926,8,0,60,cold,1
3500000000,70,"current_sensitivity",0.633727,8,0,60,cold,1
3500000000,70,"model_generation",304.13,8,0,60,cold,1
3500000000,70,"historical_sensitivity",0.144209,8,0,60,cold,1
3500000000,70,"hypothesis_evidence",1844.38,8,0,60,cold,1
3500000000,70,"health_actions",17.9778,8,0,60,cold,1
3500000000,70,"base_factorization",0.265187,8,0,60,cold,1
3500000000,70,"shared_cache",0.003768,8,0,60,cold,1
3500000000,70,"candidate_evaluation",433.139,8,0,60,cold,1
3500000000,70,"fde_decision",8.72325,8,0,60,cold,1
3500000000,70,"candidate_audit",0.029956,8,0,60,cold,1
3500000000,70,"commit",1.92137,8,0,60,cold,1
3500000000,70,"state_audit",0.000577,8,0,60,cold,1
3500000000,70,"finalize_commit_audit",33.9877,8,0,60,cold,1
3500000000,70,"uwb_commit",1.76863,8,0,60,cold,1
3500000000,70,"core_total",3186.7,8,0,60,cold,1
3500000000,70,"outer_logging_flush",0.35079,8,0,60,cold,1
3500000000,70,"outer_epoch",3187.05,8,0,60,cold,1
3550000000,71,"imu_preintegration",0.050935,8,0,60,cold,1
3550000000,71,"no_uwb_isam_update",2.62958,8,0,60,cold,1
3550000000,71,"state_query",0.015241,8,0,60,cold,1
3550000000,71,"current_joint_marginal",0,8,0,60,cold,1
3550000000,71,"snapshot_extraction",0,8,0,60,cold,1
3550000000,71,"prepare",2.71524,8,0,60,cold,1
3550000000,71,"integrity_window",550.455,8,0,60,cold,1
3550000000,71,"window_boundary_provenance",534.855,8,0,60,cold,1
3550000000,71,"window_factor_linearization_whitening",1.03036,8,0,60,cold,1
3550000000,71,"window_dense_assembly",0.087683,8,0,60,cold,1
3550000000,71,"window_svd",8.38693,8,0,60,cold,1
3550000000,71,"window_normal_equations",0.382466,8,0,60,cold,1
3550000000,71,"window_llt_state_solves",0.125101,8,0,60,cold,1
3550000000,71,"window_fingerprint",4.23415,8,0,60,cold,1
3550000000,71,"all_in_detector",0.285443,8,0,60,cold,1
3550000000,71,"current_sensitivity",0.529902,8,0,60,cold,1
3550000000,71,"model_generation",311.754,8,0,60,cold,1
3550000000,71,"historical_sensitivity",0.121736,8,0,60,cold,1
3550000000,71,"hypothesis_evidence",1811.52,8,0,60,cold,1
3550000000,71,"health_actions",20.4,8,0,60,cold,1
3550000000,71,"base_factorization",0.302613,8,0,60,cold,1
3550000000,71,"shared_cache",0.004662,8,0,60,cold,1
3550000000,71,"candidate_evaluation",425.928,8,0,60,cold,1
3550000000,71,"fde_decision",10.2239,8,0,60,cold,1
3550000000,71,"candidate_audit",0.041507,8,0,60,cold,1
3550000000,71,"commit",1.8501,8,0,60,cold,1
3550000000,71,"state_audit",0.000558,8,0,60,cold,1
3550000000,71,"finalize_commit_audit",34.004,8,0,60,cold,1
3550000000,71,"uwb_commit",1.72728,8,0,60,cold,1
3550000000,71,"core_total",3171.01,8,0,60,cold,1
3550000000,71,"outer_logging_flush",0.495844,8,0,60,cold,1
3550000000,71,"outer_epoch",3171.5,8,0,60,cold,1
3600000000,72,"imu_preintegration",0.043356,8,0,60,cold,1
3600000000,72,"no_uwb_isam_update",2.3217,8,0,60,cold,1
3600000000,72,"state_query",0.017095,8,0,60,cold,1
3600000000,72,"current_joint_marginal",0,8,0,60,cold,1
3600000000,72,"snapshot_extraction",0,8,0,60,cold,1
3600000000,72,"prepare",2.39886,8,0,60,cold,1
3600000000,72,"integrity_window",595.955,8,0,60,cold,1
3600000000,72,"window_boundary_provenance",581.202,8,0,60,cold,1
3600000000,72,"window_factor_linearization_whitening",1.03076,8,0,60,cold,1
3600000000,72,"window_dense_assembly",0.090471,8,0,60,cold,1
3600000000,72,"window_svd",8.05285,8,0,60,cold,1
3600000000,72,"window_normal_equations",0.336096,8,0,60,cold,1
3600000000,72,"window_llt_state_solves",0.107823,8,0,60,cold,1
3600000000,72,"window_fingerprint",3.77366,8,0,60,cold,1
3600000000,72,"all_in_detector",0.269433,8,0,60,cold,1
3600000000,72,"current_sensitivity",0.645384,8,0,60,cold,1
3600000000,72,"model_generation",300.08,8,0,60,cold,1
3600000000,72,"historical_sensitivity",0.126006,8,0,60,cold,1
3600000000,72,"hypothesis_evidence",1811.84,8,0,60,cold,1
3600000000,72,"health_actions",18.2132,8,0,60,cold,1
3600000000,72,"base_factorization",0.254171,8,0,60,cold,1
3600000000,72,"shared_cache",0.003878,8,0,60,cold,1
3600000000,72,"candidate_evaluation",430.939,8,0,60,cold,1
3600000000,72,"fde_decision",8.76895,8,0,60,cold,1
3600000000,72,"candidate_audit",0.033836,8,0,60,cold,1
3600000000,72,"commit",2.20751,8,0,60,cold,1
3600000000,72,"state_audit",0.000711,8,0,60,cold,1
3600000000,72,"finalize_commit_audit",38.0286,8,0,60,cold,1
3600000000,72,"uwb_commit",2.04385,8,0,60,cold,1
3600000000,72,"core_total",3210.52,8,0,60,cold,1
3600000000,72,"outer_logging_flush",0.409197,8,0,60,cold,1
3600000000,72,"outer_epoch",3210.93,8,0,60,cold,1
3650000000,73,"imu_preintegration",0.044311,8,0,60,cold,1
3650000000,73,"no_uwb_isam_update",2.69233,8,0,60,cold,1
3650000000,73,"state_query",0.01836,8,0,60,cold,1
3650000000,73,"current_joint_marginal",0,8,0,60,cold,1
3650000000,73,"snapshot_extraction",0,8,0,60,cold,1
3650000000,73,"prepare",2.77472,8,0,60,cold,1
3650000000,73,"integrity_window",576.208,8,0,60,cold,1
3650000000,73,"window_boundary_provenance",560.962,8,0,60,cold,1
3650000000,73,"window_factor_linearization_whitening",1.2551,8,0,60,cold,1
3650000000,73,"window_dense_assembly",0.132373,8,0,60,cold,1
3650000000,73,"window_svd",7.97387,8,0,60,cold,1
3650000000,73,"window_normal_equations",0.337648,8,0,60,cold,1
3650000000,73,"window_llt_state_solves",0.107255,8,0,60,cold,1
3650000000,73,"window_fingerprint",3.95249,8,0,60,cold,1
3650000000,73,"all_in_detector",0.272819,8,0,60,cold,1
3650000000,73,"current_sensitivity",0.649419,8,0,60,cold,1
3650000000,73,"model_generation",300.194,8,0,60,cold,1
3650000000,73,"historical_sensitivity",0.132453,8,0,60,cold,1
3650000000,73,"hypothesis_evidence",1803.28,8,0,60,cold,1
3650000000,73,"health_actions",17.884,8,0,60,cold,1
3650000000,73,"base_factorization",0.253558,8,0,60,cold,1
3650000000,73,"shared_cache",0.003132,8,0,60,cold,1
3650000000,73,"candidate_evaluation",422.157,8,0,60,cold,1
3650000000,73,"fde_decision",9.34175,8,0,60,cold,1
3650000000,73,"candidate_audit",0.039726,8,0,60,cold,1
3650000000,73,"commit",2.0718,8,0,60,cold,1
3650000000,73,"state_audit",0.000584,8,0,60,cold,1
3650000000,73,"finalize_commit_audit",34.1776,8,0,60,cold,1
3650000000,73,"uwb_commit",1.94024,8,0,60,cold,1
3650000000,73,"core_total",3170.05,8,0,60,cold,1
3650000000,73,"outer_logging_flush",0.339726,8,0,60,cold,1
3650000000,73,"outer_epoch",3170.39,8,0,60,cold,1
3700000000,74,"imu_preintegration",0.051299,8,0,60,cold,1
3700000000,74,"no_uwb_isam_update",4.50881,8,0,60,cold,1
3700000000,74,"state_query",0.022989,8,0,60,cold,1
3700000000,74,"current_joint_marginal",0,8,0,60,cold,1
3700000000,74,"snapshot_extraction",0,8,0,60,cold,1
3700000000,74,"prepare",4.59578,8,0,60,cold,1
3700000000,74,"integrity_window",605.774,8,0,60,cold,1
3700000000,74,"window_boundary_provenance",590.914,8,0,60,cold,1
3700000000,74,"window_factor_linearization_whitening",1.01093,8,0,60,cold,1
3700000000,74,"window_dense_assembly",0.063443,8,0,60,cold,1
3700000000,74,"window_svd",8.07671,8,0,60,cold,1
3700000000,74,"window_normal_equations",0.335064,8,0,60,cold,1
3700000000,74,"window_llt_state_solves",0.109332,8,0,60,cold,1
3700000000,74,"window_fingerprint",3.90688,8,0,60,cold,1
3700000000,74,"all_in_detector",0.26602,8,0,60,cold,1
3700000000,74,"current_sensitivity",0.500482,8,0,60,cold,1
3700000000,74,"model_generation",304.867,8,0,60,cold,1
3700000000,74,"historical_sensitivity",0.129795,8,0,60,cold,1
3700000000,74,"hypothesis_evidence",1821.96,8,0,60,cold,1
3700000000,74,"health_actions",19.6001,8,0,60,cold,1
3700000000,74,"base_factorization",0.272242,8,0,60,cold,1
3700000000,74,"shared_cache",0.004115,8,0,60,cold,1
3700000000,74,"candidate_evaluation",423.32,8,0,60,cold,1
3700000000,74,"fde_decision",9.80739,8,0,60,cold,1
3700000000,74,"candidate_audit",0.044801,8,0,60,cold,1
3700000000,74,"commit",2.4462,8,0,60,cold,1
3700000000,74,"state_audit",0.000569,8,0,60,cold,1
3700000000,74,"finalize_commit_audit",36.5643,8,0,60,cold,1
3700000000,74,"uwb_commit",2.27144,8,0,60,cold,1
3700000000,74,"core_total",3230.78,8,0,60,cold,1
3700000000,74,"outer_logging_flush",0.261656,8,0,60,cold,1
3700000000,74,"outer_epoch",3231.04,8,0,60,cold,1
3750000000,75,"imu_preintegration",0.045008,8,0,60,cold,1
3750000000,75,"no_uwb_isam_update",2.66465,8,0,60,cold,1
3750000000,75,"state_query",0.021212,8,0,60,cold,1
3750000000,75,"current_joint_marginal",0,8,0,60,cold,1
3750000000,75,"snapshot_extraction",0,8,0,60,cold,1
3750000000,75,"prepare",2.74681,8,0,60,cold,1
3750000000,75,"integrity_window",670.049,8,0,60,cold,1
3750000000,75,"window_boundary_provenance",654.357,8,0,60,cold,1
3750000000,75,"window_factor_linearization_whitening",1.19653,8,0,60,cold,1
3750000000,75,"window_dense_assembly",0.134055,8,0,60,cold,1
3750000000,75,"window_svd",8.42046,8,0,60,cold,1
3750000000,75,"window_normal_equations",0.454234,8,0,60,cold,1
3750000000,75,"window_llt_state_solves",0.113044,8,0,60,cold,1
3750000000,75,"window_fingerprint",4.0146,8,0,60,cold,1
3750000000,75,"all_in_detector",0.256542,8,0,60,cold,1
3750000000,75,"current_sensitivity",0.560094,8,0,60,cold,1
3750000000,75,"model_generation",303.583,8,0,60,cold,1
3750000000,75,"historical_sensitivity",0.124593,8,0,60,cold,1
3750000000,75,"hypothesis_evidence",1815.13,8,0,60,cold,1
3750000000,75,"health_actions",18.1269,8,0,60,cold,1
3750000000,75,"base_factorization",0.250723,8,0,60,cold,1
3750000000,75,"shared_cache",0.003871,8,0,60,cold,1
3750000000,75,"candidate_evaluation",423.315,8,0,60,cold,1
3750000000,75,"fde_decision",8.58957,8,0,60,cold,1
3750000000,75,"candidate_audit",0.032926,8,0,60,cold,1
3750000000,75,"commit",2.06535,8,0,60,cold,1
3750000000,75,"state_audit",0.000441,8,0,60,cold,1
3750000000,75,"finalize_commit_audit",33.0072,8,0,60,cold,1
3750000000,75,"uwb_commit",1.93904,8,0,60,cold,1
3750000000,75,"core_total",3278.39,8,0,60,cold,1
3750000000,75,"outer_logging_flush",0.315936,8,0,60,cold,1
3750000000,75,"outer_epoch",3278.71,8,0,60,cold,1
3800000000,76,"imu_preintegration",0.045562,8,0,60,cold,1
3800000000,76,"no_uwb_isam_update",2.76574,8,0,60,cold,1
3800000000,76,"state_query",0.023089,8,0,60,cold,1
3800000000,76,"current_joint_marginal",0,8,0,60,cold,1
3800000000,76,"snapshot_extraction",0,8,0,60,cold,1
3800000000,76,"prepare",2.84993,8,0,60,cold,1
3800000000,76,"integrity_window",429.208,8,0,60,cold,1
3800000000,76,"window_boundary_provenance",413.594,8,0,60,cold,1
3800000000,76,"window_factor_linearization_whitening",1.23231,8,0,60,cold,1
3800000000,76,"window_dense_assembly",0.110101,8,0,60,cold,1
3800000000,76,"window_svd",7.87404,8,0,60,cold,1
3800000000,76,"window_normal_equations",0.341698,8,0,60,cold,1
3800000000,76,"window_llt_state_solves",0.13526,8,0,60,cold,1
3800000000,76,"window_fingerprint",3.85417,8,0,60,cold,1
3800000000,76,"all_in_detector",0.81408,8,0,60,cold,1
3800000000,76,"current_sensitivity",1.04886,8,0,60,cold,1
3800000000,76,"model_generation",302.5,8,0,60,cold,1
3800000000,76,"historical_sensitivity",0.133259,8,0,60,cold,1
3800000000,76,"hypothesis_evidence",1807.92,8,0,60,cold,1
3800000000,76,"health_actions",19.0129,8,0,60,cold,1
3800000000,76,"base_factorization",0.264319,8,0,60,cold,1
3800000000,76,"shared_cache",0.002865,8,0,60,cold,1
3800000000,76,"candidate_evaluation",428.661,8,0,60,cold,1
3800000000,76,"fde_decision",9.51859,8,0,60,cold,1
3800000000,76,"candidate_audit",0.043067,8,0,60,cold,1
3800000000,76,"commit",2.54309,8,0,60,cold,1
3800000000,76,"state_audit",0.000588,8,0,60,cold,1
3800000000,76,"finalize_commit_audit",31.2003,8,0,60,cold,1
3800000000,76,"uwb_commit",2.33878,8,0,60,cold,1
3800000000,76,"core_total",3036.35,8,0,60,cold,1
3800000000,76,"outer_logging_flush",0.314131,8,0,60,cold,1
3800000000,76,"outer_epoch",3036.66,8,0,60,cold,1
3850000000,77,"imu_preintegration",0.057078,8,0,60,cold,1
3850000000,77,"no_uwb_isam_update",5.28523,8,0,60,cold,1
3850000000,77,"state_query",0.024298,8,0,60,cold,1
3850000000,77,"current_joint_marginal",0,8,0,60,cold,1
3850000000,77,"snapshot_extraction",0,8,0,60,cold,1
3850000000,77,"prepare",5.38597,8,0,60,cold,1
3850000000,77,"integrity_window",409.501,8,0,60,cold,1
3850000000,77,"window_boundary_provenance",394.663,8,0,60,cold,1
3850000000,77,"window_factor_linearization_whitening",1.29999,8,0,60,cold,1
3850000000,77,"window_dense_assembly",0.140095,8,0,60,cold,1
3850000000,77,"window_svd",7.94154,8,0,60,cold,1
3850000000,77,"window_normal_equations",0.3225,8,0,60,cold,1
3850000000,77,"window_llt_state_solves",0.104391,8,0,60,cold,1
3850000000,77,"window_fingerprint",3.73753,8,0,60,cold,1
3850000000,77,"all_in_detector",0.25694,8,0,60,cold,1
3850000000,77,"current_sensitivity",0.489355,8,0,60,cold,1
3850000000,77,"model_generation",299.959,8,0,60,cold,1
3850000000,77,"historical_sensitivity",0.225483,8,0,60,cold,1
3850000000,77,"hypothesis_evidence",1801.41,8,0,60,cold,1
3850000000,77,"health_actions",22.4655,8,0,60,cold,1
3850000000,77,"base_factorization",0.257511,8,0,60,cold,1
3850000000,77,"shared_cache",0.002603,8,0,60,cold,1
3850000000,77,"candidate_evaluation",425.868,8,0,60,cold,1
3850000000,77,"fde_decision",9.15556,8,0,60,cold,1
3850000000,77,"candidate_audit",0.040813,8,0,60,cold,1
3850000000,77,"commit",2.16758,8,0,60,cold,1
3850000000,77,"state_audit",0.000425,8,0,60,cold,1
3850000000,77,"finalize_commit_audit",33.956,8,0,60,cold,1
3850000000,77,"uwb_commit",2.04025,8,0,60,cold,1
3850000000,77,"core_total",3011.69,8,0,60,cold,1
3850000000,77,"outer_logging_flush",0.436346,8,0,60,cold,1
3850000000,77,"outer_epoch",3012.13,8,0,60,cold,1
3900000000,78,"imu_preintegration",0.043537,8,0,60,cold,1
3900000000,78,"no_uwb_isam_update",2.50549,8,0,60,cold,1
3900000000,78,"state_query",0.024533,8,0,60,cold,1
3900000000,78,"current_joint_marginal",0,8,0,60,cold,1
3900000000,78,"snapshot_extraction",0,8,0,60,cold,1
3900000000,78,"prepare",2.58505,8,0,60,cold,1
3900000000,78,"integrity_window",413.163,8,0,60,cold,1
3900000000,78,"window_boundary_provenance",398.334,8,0,60,cold,1
3900000000,78,"window_factor_linearization_whitening",1.01289,8,0,60,cold,1
3900000000,78,"window_dense_assembly",0.100829,8,0,60,cold,1
3900000000,78,"window_svd",7.79512,8,0,60,cold,1
3900000000,78,"window_normal_equations",0.336622,8,0,60,cold,1
3900000000,78,"window_llt_state_solves",0.123381,8,0,60,cold,1
3900000000,78,"window_fingerprint",4.13995,8,0,60,cold,1
3900000000,78,"all_in_detector",0.300514,8,0,60,cold,1
3900000000,78,"current_sensitivity",0.551819,8,0,60,cold,1
3900000000,78,"model_generation",308.314,8,0,60,cold,1
3900000000,78,"historical_sensitivity",0.133284,8,0,60,cold,1
3900000000,78,"hypothesis_evidence",1820.52,8,0,60,cold,1
3900000000,78,"health_actions",20.1016,8,0,60,cold,1
3900000000,78,"base_factorization",0.278183,8,0,60,cold,1
3900000000,78,"shared_cache",0.003202,8,0,60,cold,1
3900000000,78,"candidate_evaluation",426.389,8,0,60,cold,1
3900000000,78,"fde_decision",10.1433,8,0,60,cold,1
3900000000,78,"candidate_audit",0.040254,8,0,60,cold,1
3900000000,78,"commit",2.40784,8,0,60,cold,1
3900000000,78,"state_audit",0.000569,8,0,60,cold,1
3900000000,78,"finalize_commit_audit",36.1194,8,0,60,cold,1
3900000000,78,"uwb_commit",2.26883,8,0,60,cold,1
3900000000,78,"core_total",3041.68,8,0,60,cold,1
3900000000,78,"outer_logging_flush",0.285336,8,0,60,cold,1
3900000000,78,"outer_epoch",3041.97,8,0,60,cold,1
3950000000,79,"imu_preintegration",0.056954,8,0,60,cold,1
3950000000,79,"no_uwb_isam_update",3.04327,8,0,60,cold,1
3950000000,79,"state_query",0.026164,8,0,60,cold,1
3950000000,79,"current_joint_marginal",0,8,0,60,cold,1
3950000000,79,"snapshot_extraction",0,8,0,60,cold,1
3950000000,79,"prepare",3.13326,8,0,60,cold,1
3950000000,79,"integrity_window",467.6,8,0,60,cold,1
3950000000,79,"window_boundary_provenance",452.624,8,0,60,cold,1
3950000000,79,"window_factor_linearization_whitening",1.01819,8,0,60,cold,1
3950000000,79,"window_dense_assembly",0.09911,8,0,60,cold,1
3950000000,79,"window_svd",8.02513,8,0,60,cold,1
3950000000,79,"window_normal_equations",0.340629,8,0,60,cold,1
3950000000,79,"window_llt_state_solves",0.111386,8,0,60,cold,1
3950000000,79,"window_fingerprint",3.99457,8,0,60,cold,1
3950000000,79,"all_in_detector",0.281419,8,0,60,cold,1
3950000000,79,"current_sensitivity",0.510141,8,0,60,cold,1
3950000000,79,"model_generation",304.971,8,0,60,cold,1
3950000000,79,"historical_sensitivity",0.129266,8,0,60,cold,1
3950000000,79,"hypothesis_evidence",1826.5,8,0,60,cold,1
3950000000,79,"health_actions",18.4869,8,0,60,cold,1
3950000000,79,"base_factorization",0.278401,8,0,60,cold,1
3950000000,79,"shared_cache",0.002992,8,0,60,cold,1
3950000000,79,"candidate_evaluation",424.351,8,0,60,cold,1
3950000000,79,"fde_decision",9.84713,8,0,60,cold,1
3950000000,79,"candidate_audit",0.036512,8,0,60,cold,1
3950000000,79,"commit",2.32594,8,0,60,cold,1
3950000000,79,"state_audit",0.000548,8,0,60,cold,1
3950000000,79,"finalize_commit_audit",33.4307,8,0,60,cold,1
3950000000,79,"uwb_commit",2.18803,8,0,60,cold,1
3950000000,79,"core_total",3092.45,8,0,60,cold,1
3950000000,79,"outer_logging_flush",0.560269,8,0,60,cold,1
3950000000,79,"outer_epoch",3093.01,8,0,60,cold,1
4000000000,80,"imu_preintegration",0.04355,8,0,60,cold,1
4000000000,80,"no_uwb_isam_update",2.36655,8,0,60,cold,1
4000000000,80,"state_query",0.027489,8,0,60,cold,1
4000000000,80,"current_joint_marginal",0,8,0,60,cold,1
4000000000,80,"snapshot_extraction",0,8,0,60,cold,1
4000000000,80,"prepare",2.44826,8,0,60,cold,1
4000000000,80,"integrity_window",521.912,8,0,60,cold,1
4000000000,80,"window_boundary_provenance",503.774,8,0,60,cold,1
4000000000,80,"window_factor_linearization_whitening",0.976558,8,0,60,cold,1
4000000000,80,"window_dense_assembly",0.076421,8,0,60,cold,1
4000000000,80,"window_svd",9.99917,8,0,60,cold,1
4000000000,80,"window_normal_equations",0.353447,8,0,60,cold,1
4000000000,80,"window_llt_state_solves",0.110028,8,0,60,cold,1
4000000000,80,"window_fingerprint",5.20419,8,0,60,cold,1
4000000000,80,"all_in_detector",0.351848,8,0,60,cold,1
4000000000,80,"current_sensitivity",0.521857,8,0,60,cold,1
4000000000,80,"model_generation",302.967,8,0,60,cold,1
4000000000,80,"historical_sensitivity",0.134829,8,0,60,cold,1
4000000000,80,"hypothesis_evidence",1815.9,8,0,60,cold,1
4000000000,80,"health_actions",27.6012,8,0,60,cold,1
4000000000,80,"base_factorization",0.260583,8,0,60,cold,1
4000000000,80,"shared_cache",0.003248,8,0,60,cold,1
4000000000,80,"candidate_evaluation",426.431,8,0,60,cold,1
4000000000,80,"fde_decision",8.80156,8,0,60,cold,1
4000000000,80,"candidate_audit",0.034806,8,0,60,cold,1
4000000000,80,"commit",2.47406,8,0,60,cold,1
4000000000,80,"state_audit",0.000633,8,0,60,cold,1
4000000000,80,"finalize_commit_audit",32.837,8,0,60,cold,1
4000000000,80,"uwb_commit",2.26283,8,0,60,cold,1
4000000000,80,"core_total",3143.33,8,0,60,cold,1
4000000000,80,"outer_logging_flush",0.92456,8,0,60,cold,1
4000000000,80,"outer_epoch",3144.26,8,0,60,cold,1
4050000000,81,"imu_preintegration",0.046516,8,0,60,cold,1
4050000000,81,"no_uwb_isam_update",2.36561,8,0,60,cold,1
4050000000,81,"state_query",0.029989,8,0,60,cold,1
4050000000,81,"current_joint_marginal",0,8,0,60,cold,1
4050000000,81,"snapshot_extraction",0,8,0,60,cold,1
4050000000,81,"prepare",2.44999,8,0,60,cold,1
4050000000,81,"integrity_window",582.634,8,0,60,cold,1
4050000000,81,"window_boundary_provenance",568.08,8,0,60,cold,1
4050000000,81,"window_factor_linearization_whitening",0.988696,8,0,60,cold,1
4050000000,81,"window_dense_assembly",0.071274,8,0,60,cold,1
4050000000,81,"window_svd",7.93795,8,0,60,cold,1
4050000000,81,"window_normal_equations",0.315644,8,0,60,cold,1
4050000000,81,"window_llt_state_solves",0.102711,8,0,60,cold,1
4050000000,81,"window_fingerprint",3.7943,8,0,60,cold,1
4050000000,81,"all_in_detector",0.246884,8,0,60,cold,1
4050000000,81,"current_sensitivity",0.500998,8,0,60,cold,1
4050000000,81,"model_generation",305.059,8,0,60,cold,1
4050000000,81,"historical_sensitivity",0.12864,8,0,60,cold,1
4050000000,81,"hypothesis_evidence",1835.67,8,0,60,cold,1
4050000000,81,"health_actions",21.3685,8,0,60,cold,1
4050000000,81,"base_factorization",0.255719,8,0,60,cold,1
4050000000,81,"shared_cache",0.002815,8,0,60,cold,1
4050000000,81,"candidate_evaluation",422.018,8,0,60,cold,1
4050000000,81,"fde_decision",9.27655,8,0,60,cold,1
4050000000,81,"candidate_audit",0.042818,8,0,60,cold,1
4050000000,81,"commit",2.7555,8,0,60,cold,1
4050000000,81,"state_audit",0.000561,8,0,60,cold,1
4050000000,81,"finalize_commit_audit",29.3213,8,0,60,cold,1
4050000000,81,"uwb_commit",2.61429,8,0,60,cold,1
4050000000,81,"core_total",3212.42,8,0,60,cold,1
4050000000,81,"outer_logging_flush",0.431567,8,0,60,cold,1
4050000000,81,"outer_epoch",3212.86,8,0,60,cold,1
4100000000,82,"imu_preintegration",0.043758,8,0,60,cold,1
4100000000,82,"no_uwb_isam_update",2.45217,8,0,60,cold,1
4100000000,82,"state_query",0.038731,8,0,60,cold,1
4100000000,82,"current_joint_marginal",0,8,0,60,cold,1
4100000000,82,"snapshot_extraction",0,8,0,60,cold,1
4100000000,82,"prepare",2.53232,8,0,60,cold,1
4100000000,82,"integrity_window",705.164,8,0,60,cold,1
4100000000,82,"window_boundary_provenance",690.268,8,0,60,cold,1
4100000000,82,"window_factor_linearization_whitening",1.24633,8,0,60,cold,1
4100000000,82,"window_dense_assembly",0.114209,8,0,60,cold,1
4100000000,82,"window_svd",7.91277,8,0,60,cold,1
4100000000,82,"window_normal_equations",0.330984,8,0,60,cold,1
4100000000,82,"window_llt_state_solves",0.106825,8,0,60,cold,1
4100000000,82,"window_fingerprint",3.84433,8,0,60,cold,1
4100000000,82,"all_in_detector",0.503309,8,0,60,cold,1
4100000000,82,"current_sensitivity",0.922462,8,0,60,cold,1
4100000000,82,"model_generation",302.291,8,0,60,cold,1
4100000000,82,"historical_sensitivity",0.136127,8,0,60,cold,1
4100000000,82,"hypothesis_evidence",1840.22,8,0,60,cold,1
4100000000,82,"health_actions",21.9824,8,0,60,cold,1
4100000000,82,"base_factorization",0.264627,8,0,60,cold,1
4100000000,82,"shared_cache",0.003499,8,0,60,cold,1
4100000000,82,"candidate_evaluation",416.141,8,0,60,cold,1
4100000000,82,"fde_decision",9.96394,8,0,60,cold,1
4100000000,82,"candidate_audit",0.046551,8,0,60,cold,1
4100000000,82,"commit",2.60538,8,0,60,cold,1
4100000000,82,"state_audit",0.000768,8,0,60,cold,1
4100000000,82,"finalize_commit_audit",33.0717,8,0,60,cold,1
4100000000,82,"uwb_commit",2.46733,8,0,60,cold,1
4100000000,82,"core_total",3336.46,8,0,60,cold,1
4100000000,82,"outer_logging_flush",0.450714,8,0,60,cold,1
4100000000,82,"outer_epoch",3336.91,8,0,60,cold,1
4150000000,83,"imu_preintegration",0.048736,8,0,60,cold,1
4150000000,83,"no_uwb_isam_update",2.7649,8,0,60,cold,1
4150000000,83,"state_query",0.035287,8,0,60,cold,1
4150000000,83,"current_joint_marginal",0,8,0,60,cold,1
4150000000,83,"snapshot_extraction",0,8,0,60,cold,1
4150000000,83,"prepare",2.84361,8,0,60,cold,1
4150000000,83,"integrity_window",705.395,8,0,60,cold,1
4150000000,83,"window_boundary_provenance",688.757,8,0,60,cold,1
4150000000,83,"window_factor_linearization_whitening",1.06078,8,0,60,cold,1
4150000000,83,"window_dense_assembly",0.100945,8,0,60,cold,1
4150000000,83,"window_svd",9.69452,8,0,60,cold,1
4150000000,83,"window_normal_equations",0.351243,8,0,60,cold,1
4150000000,83,"window_llt_state_solves",0.111991,8,0,60,cold,1
4150000000,83,"window_fingerprint",3.93207,8,0,60,cold,1
4150000000,83,"all_in_detector",0.26797,8,0,60,cold,1
4150000000,83,"current_sensitivity",0.52986,8,0,60,cold,1
4150000000,83,"model_generation",307.601,8,0,60,cold,1
4150000000,83,"historical_sensitivity",0.126829,8,0,60,cold,1
4150000000,83,"hypothesis_evidence",1834.66,8,0,60,cold,1
4150000000,83,"health_actions",19.7198,8,0,60,cold,1
4150000000,83,"base_factorization",0.254266,8,0,60,cold,1
4150000000,83,"shared_cache",0.002863,8,0,60,cold,1
4150000000,83,"candidate_evaluation",436.129,8,0,60,cold,1
4150000000,83,"fde_decision",9.94255,8,0,60,cold,1
4150000000,83,"candidate_audit",0.045484,8,0,60,cold,1
4150000000,83,"commit",2.82812,8,0,60,cold,1
4150000000,83,"state_audit",0.000546,8,0,60,cold,1
4150000000,83,"finalize_commit_audit",32.7465,8,0,60,cold,1
4150000000,83,"uwb_commit",2.68767,8,0,60,cold,1
4150000000,83,"core_total",3353.67,8,0,60,cold,1
4150000000,83,"outer_logging_flush",0.399375,8,0,60,cold,1
4150000000,83,"outer_epoch",3354.07,8,0,60,cold,1
4200000000,84,"imu_preintegration",0.045081,8,0,60,cold,1
4200000000,84,"no_uwb_isam_update",2.454,8,0,60,cold,1
4200000000,84,"state_query",0.048268,8,0,60,cold,1
4200000000,84,"current_joint_marginal",0,8,0,60,cold,1
4200000000,84,"snapshot_extraction",0,8,0,60,cold,1
4200000000,84,"prepare",2.53223,8,0,60,cold,1
4200000000,84,"integrity_window",717.474,8,0,60,cold,1
4200000000,84,"window_boundary_provenance",701.699,8,0,60,cold,1
4200000000,84,"window_factor_linearization_whitening",1.08434,8,0,60,cold,1
4200000000,84,"window_dense_assembly",0.098419,8,0,60,cold,1
4200000000,84,"window_svd",8.66245,8,0,60,cold,1
4200000000,84,"window_normal_equations",0.403474,8,0,60,cold,1
4200000000,84,"window_llt_state_solves",0.132232,8,0,60,cold,1
4200000000,84,"window_fingerprint",4.0269,8,0,60,cold,1
4200000000,84,"all_in_detector",0.296941,8,0,60,cold,1
4200000000,84,"current_sensitivity",0.538283,8,0,60,cold,1
4200000000,84,"model_generation",300.335,8,0,60,cold,1
4200000000,84,"historical_sensitivity",0.123139,8,0,60,cold,1
4200000000,84,"hypothesis_evidence",1825.25,8,0,60,cold,1
4200000000,84,"health_actions",20.3664,8,0,60,cold,1
4200000000,84,"base_factorization",0.273773,8,0,60,cold,1
4200000000,84,"shared_cache",0.00306,8,0,60,cold,1
4200000000,84,"candidate_evaluation",416.21,8,0,60,cold,1
4200000000,84,"fde_decision",9.49488,8,0,60,cold,1
4200000000,84,"candidate_audit",0.033118,8,0,60,cold,1
4200000000,84,"commit",3.09656,8,0,60,cold,1
4200000000,84,"state_audit",0.000826,8,0,60,cold,1
4200000000,84,"finalize_commit_audit",35.988,8,0,60,cold,1
4200000000,84,"uwb_commit",2.80428,8,0,60,cold,1
4200000000,84,"core_total",3332.7,8,0,60,cold,1
4200000000,84,"outer_logging_flush",0.419861,8,0,60,cold,1
4200000000,84,"outer_epoch",3333.13,8,0,60,cold,1
4250000000,85,"imu_preintegration",0.05167,8,0,60,cold,1
4250000000,85,"no_uwb_isam_update",2.67479,8,0,60,cold,1
4250000000,85,"state_query",0.036066,8,0,60,cold,1
4250000000,85,"current_joint_marginal",0,8,0,60,cold,1
4250000000,85,"snapshot_extraction",0,8,0,60,cold,1
4250000000,85,"prepare",2.77151,8,0,60,cold,1
4250000000,85,"integrity_window",702.327,8,0,60,cold,1
4250000000,85,"window_boundary_provenance",686.27,8,0,60,cold,1
4250000000,85,"window_factor_linearization_whitening",1.07624,8,0,60,cold,1
4250000000,85,"window_dense_assembly",0.106953,8,0,60,cold,1
4250000000,85,"window_svd",7.64071,8,0,60,cold,1
4250000000,85,"window_normal_equations",0.31988,8,0,60,cold,1
4250000000,85,"window_llt_state_solves",0.099098,8,0,60,cold,1
4250000000,85,"window_fingerprint",5.5171,8,0,60,cold,1
4250000000,85,"all_in_detector",0.308763,8,0,60,cold,1
4250000000,85,"current_sensitivity",0.529394,8,0,60,cold,1
4250000000,85,"model_generation",306.925,8,0,60,cold,1
4250000000,85,"historical_sensitivity",0.123298,8,0,60,cold,1
4250000000,85,"hypothesis_evidence",1829.07,8,0,60,cold,1
4250000000,85,"health_actions",17.732,8,0,60,cold,1
4250000000,85,"base_factorization",0.269511,8,0,60,cold,1
4250000000,85,"shared_cache",0.002893,8,0,60,cold,1
4250000000,85,"candidate_evaluation",423.157,8,0,60,cold,1
4250000000,85,"fde_decision",8.89542,8,0,60,cold,1
4250000000,85,"candidate_audit",0.036039,8,0,60,cold,1
4250000000,85,"commit",2.42634,8,0,60,cold,1
4250000000,85,"state_audit",0.000545,8,0,60,cold,1
4250000000,85,"finalize_commit_audit",35.9315,8,0,60,cold,1
4250000000,85,"uwb_commit",2.30447,8,0,60,cold,1
4250000000,85,"core_total",3331.14,8,0,60,cold,1
4250000000,85,"outer_logging_flush",0.5014,8,0,60,cold,1
4250000000,85,"outer_epoch",3331.64,8,0,60,cold,1
4300000000,86,"imu_preintegration",0.04559,8,0,60,cold,1
4300000000,86,"no_uwb_isam_update",2.5481,8,0,60,cold,1
4300000000,86,"state_query",0.041235,8,0,60,cold,1
4300000000,86,"current_joint_marginal",0,8,0,60,cold,1
4300000000,86,"snapshot_extraction",0,8,0,60,cold,1
4300000000,86,"prepare",2.6449,8,0,60,cold,1
4300000000,86,"integrity_window",674.957,8,0,60,cold,1
4300000000,86,"window_boundary_provenance",660.276,8,0,60,cold,1
4300000000,86,"window_factor_linearization_whitening",1.21558,8,0,60,cold,1
4300000000,86,"window_dense_assembly",0.115118,8,0,60,cold,1
4300000000,86,"window_svd",7.7421,8,0,60,cold,1
4300000000,86,"window_normal_equations",0.324351,8,0,60,cold,1
4300000000,86,"window_llt_state_solves",0.106836,8,0,60,cold,1
4300000000,86,"window_fingerprint",3.81447,8,0,60,cold,1
4300000000,86,"all_in_detector",0.246953,8,0,60,cold,1
4300000000,86,"current_sensitivity",0.443001,8,0,60,cold,1
4300000000,86,"model_generation",306.245,8,0,60,cold,1
4300000000,86,"historical_sensitivity",0.131949,8,0,60,cold,1
4300000000,86,"hypothesis_evidence",1856.18,8,0,60,cold,1
4300000000,86,"health_actions",18.9345,8,0,60,cold,1
4300000000,86,"base_factorization",0.253152,8,0,60,cold,1
4300000000,86,"shared_cache",0.002946,8,0,60,cold,1
4300000000,86,"candidate_evaluation",431.274,8,0,60,cold,1
4300000000,86,"fde_decision",9.77498,8,0,60,cold,1
4300000000,86,"candidate_audit",0.041091,8,0,60,cold,1
4300000000,86,"commit",2.65962,8,0,60,cold,1
4300000000,86,"state_audit",0.000548,8,0,60,cold,1
4300000000,86,"finalize_commit_audit",34.3972,8,0,60,cold,1
4300000000,86,"uwb_commit",2.53197,8,0,60,cold,1
4300000000,86,"core_total",3338.81,8,0,60,cold,1
4300000000,86,"outer_logging_flush",0.421299,8,0,60,cold,1
4300000000,86,"outer_epoch",3339.23,8,0,60,cold,1
4350000000,87,"imu_preintegration",0.042864,8,0,60,cold,1
4350000000,87,"no_uwb_isam_update",2.62049,8,0,60,cold,1
4350000000,87,"state_query",0.050812,8,0,60,cold,1
4350000000,87,"current_joint_marginal",0,8,0,60,cold,1
4350000000,87,"snapshot_extraction",0,8,0,60,cold,1
4350000000,87,"prepare",2.7041,8,0,60,cold,1
4350000000,87,"integrity_window",662.646,8,0,60,cold,1
4350000000,87,"window_boundary_provenance",646.675,8,0,60,cold,1
4350000000,87,"window_factor_linearization_whitening",1.0072,8,0,60,cold,1
4350000000,87,"window_dense_assembly",0.088567,8,0,60,cold,1
4350000000,87,"window_svd",8.20527,8,0,60,cold,1
4350000000,87,"window_normal_equations",0.321787,8,0,60,cold,1
4350000000,87,"window_llt_state_solves",0.104793,8,0,60,cold,1
4350000000,87,"window_fingerprint",4.83034,8,0,60,cold,1
4350000000,87,"all_in_detector",0.277313,8,0,60,cold,1
4350000000,87,"current_sensitivity",0.552329,8,0,60,cold,1
4350000000,87,"model_generation",297.723,8,0,60,cold,1
4350000000,87,"historical_sensitivity",0.126652,8,0,60,cold,1
4350000000,87,"hypothesis_evidence",1831.91,8,0,60,cold,1
4350000000,87,"health_actions",17.7907,8,0,60,cold,1
4350000000,87,"base_factorization",0.257843,8,0,60,cold,1
4350000000,87,"shared_cache",0.003693,8,0,60,cold,1
4350000000,87,"candidate_evaluation",425.328,8,0,60,cold,1
4350000000,87,"fde_decision",9.0326,8,0,60,cold,1
4350000000,87,"candidate_audit",0.065176,8,0,60,cold,1
4350000000,87,"commit",2.71299,8,0,60,cold,1
4350000000,87,"state_audit",0.000408,8,0,60,cold,1
4350000000,87,"finalize_commit_audit",33.5954,8,0,60,cold,1
4350000000,87,"uwb_commit",2.59015,8,0,60,cold,1
4350000000,87,"core_total",3285.28,8,0,60,cold,1
4350000000,87,"outer_logging_flush",0.446018,8,0,60,cold,1
4350000000,87,"outer_epoch",3285.73,8,0,60,cold,1
4400000000,88,"imu_preintegration",0.041923,8,0,60,cold,1
4400000000,88,"no_uwb_isam_update",2.44811,8,0,60,cold,1
4400000000,88,"state_query",0.062236,8,0,60,cold,1
4400000000,88,"current_joint_marginal",0,8,0,60,cold,1
4400000000,88,"snapshot_extraction",0,8,0,60,cold,1
4400000000,88,"prepare",2.51848,8,0,60,cold,1
4400000000,88,"integrity_window",545.999,8,0,60,cold,1
4400000000,88,"window_boundary_provenance",529.668,8,0,60,cold,1
4400000000,88,"window_factor_linearization_whitening",1.01865,8,0,60,cold,1
4400000000,88,"window_dense_assembly",0.089136,8,0,60,cold,1
4400000000,88,"window_svd",7.61993,8,0,60,cold,1
4400000000,88,"window_normal_equations",0.320816,8,0,60,cold,1
4400000000,88,"window_llt_state_solves",0.097591,8,0,60,cold,1
4400000000,88,"window_fingerprint",5.87022,8,0,60,cold,1
4400000000,88,"all_in_detector",0.274554,8,0,60,cold,1
4400000000,88,"current_sensitivity",0.513842,8,0,60,cold,1
4400000000,88,"model_generation",305.887,8,0,60,cold,1
4400000000,88,"historical_sensitivity",0.131568,8,0,60,cold,1
4400000000,88,"hypothesis_evidence",1855.22,8,0,60,cold,1
4400000000,88,"health_actions",20.8275,8,0,60,cold,1
4400000000,88,"base_factorization",0.286653,8,0,60,cold,1
4400000000,88,"shared_cache",0.003151,8,0,60,cold,1
4400000000,88,"candidate_evaluation",426.392,8,0,60,cold,1
4400000000,88,"fde_decision",9.19809,8,0,60,cold,1
4400000000,88,"candidate_audit",0.037463,8,0,60,cold,1
4400000000,88,"commit",3.00856,8,0,60,cold,1
4400000000,88,"state_audit",0.000541,8,0,60,cold,1
4400000000,88,"finalize_commit_audit",32.9961,8,0,60,cold,1
4400000000,88,"uwb_commit",2.8689,8,0,60,cold,1
4400000000,88,"core_total",3203.81,8,0,60,cold,1
4400000000,88,"outer_logging_flush",0.297123,8,0,60,cold,1
4400000000,88,"outer_epoch",3204.11,8,0,60,cold,1
4450000000,89,"imu_preintegration",0.04587,8,0,60,cold,1
4450000000,89,"no_uwb_isam_update",2.70322,8,0,60,cold,1
4450000000,89,"state_query",0.011004,8,0,60,cold,1
4450000000,89,"current_joint_marginal",0,8,0,60,cold,1
4450000000,89,"snapshot_extraction",0,8,0,60,cold,1
4450000000,89,"prepare",2.79016,8,0,60,cold,1
4450000000,89,"integrity_window",557.435,8,0,60,cold,1
4450000000,89,"window_boundary_provenance",542.573,8,0,60,cold,1
4450000000,89,"window_factor_linearization_whitening",1.12005,8,0,60,cold,1
4450000000,89,"window_dense_assembly",0.116429,8,0,60,cold,1
4450000000,89,"window_svd",7.69246,8,0,60,cold,1
4450000000,89,"window_normal_equations",0.327831,8,0,60,cold,1
4450000000,89,"window_llt_state_solves",0.103588,8,0,60,cold,1
4450000000,89,"window_fingerprint",4.12134,8,0,60,cold,1
4450000000,89,"all_in_detector",0.267844,8,0,60,cold,1
4450000000,89,"current_sensitivity",0.536133,8,0,60,cold,1
4450000000,89,"model_generation",303.86,8,0,60,cold,1
4450000000,89,"historical_sensitivity",0.129575,8,0,60,cold,1
4450000000,89,"hypothesis_evidence",1818.68,8,0,60,cold,1
4450000000,89,"health_actions",19.7057,8,0,60,cold,1
4450000000,89,"base_factorization",0.253358,8,0,60,cold,1
4450000000,89,"shared_cache",0.003126,8,0,60,cold,1
4450000000,89,"candidate_evaluation",428.317,8,0,60,cold,1
4450000000,89,"fde_decision",9.91301,8,0,60,cold,1
4450000000,89,"candidate_audit",0.041634,8,0,60,cold,1
4450000000,89,"commit",2.73883,8,0,60,cold,1
4450000000,89,"state_audit",0.000406,8,0,60,cold,1
4450000000,89,"finalize_commit_audit",31.2632,8,0,60,cold,1
4450000000,89,"uwb_commit",2.59572,8,0,60,cold,1
4450000000,89,"core_total",3176.54,8,0,60,cold,1
4450000000,89,"outer_logging_flush",0.329075,8,0,60,cold,1
4450000000,89,"outer_epoch",3176.87,8,0,60,cold,1
4500000000,90,"imu_preintegration",0.09358,8,0,60,cold,1
4500000000,90,"no_uwb_isam_update",2.81114,8,0,60,cold,1
4500000000,90,"state_query",0.013381,8,0,60,cold,1
4500000000,90,"current_joint_marginal",0,8,0,60,cold,1
4500000000,90,"snapshot_extraction",0,8,0,60,cold,1
4500000000,90,"prepare",2.89791,8,0,60,cold,1
4500000000,90,"integrity_window",499.94,8,0,60,cold,1
4500000000,90,"window_boundary_provenance",484.717,8,0,60,cold,1
4500000000,90,"window_factor_linearization_whitening",1.09553,8,0,60,cold,1
4500000000,90,"window_dense_assembly",0.101198,8,0,60,cold,1
4500000000,90,"window_svd",8.26283,8,0,60,cold,1
4500000000,90,"window_normal_equations",0.326312,8,0,60,cold,1
4500000000,90,"window_llt_state_solves",0.103612,8,0,60,cold,1
4500000000,90,"window_fingerprint",3.92719,8,0,60,cold,1
4500000000,90,"all_in_detector",0.286475,8,0,60,cold,1
4500000000,90,"current_sensitivity",0.546577,8,0,60,cold,1
4500000000,90,"model_generation",303.861,8,0,60,cold,1
4500000000,90,"historical_sensitivity",0.12642,8,0,60,cold,1
4500000000,90,"hypothesis_evidence",1819.77,8,0,60,cold,1
4500000000,90,"health_actions",19.8808,8,0,60,cold,1
4500000000,90,"base_factorization",0.268225,8,0,60,cold,1
4500000000,90,"shared_cache",0.004008,8,0,60,cold,1
4500000000,90,"candidate_evaluation",426.272,8,0,60,cold,1
4500000000,90,"fde_decision",10.5594,8,0,60,cold,1
4500000000,90,"candidate_audit",0.039517,8,0,60,cold,1
4500000000,90,"commit",1.75719,8,0,60,cold,1
4500000000,90,"state_audit",0.000411,8,0,60,cold,1
4500000000,90,"finalize_commit_audit",35.6964,8,0,60,cold,1
4500000000,90,"uwb_commit",1.64429,8,0,60,cold,1
4500000000,90,"core_total",3122.57,8,0,60,cold,1
4500000000,90,"outer_logging_flush",0.322404,8,0,60,cold,1
4500000000,90,"outer_epoch",3122.89,8,0,60,cold,1
4550000000,91,"imu_preintegration",0.044121,8,0,60,cold,1
4550000000,91,"no_uwb_isam_update",2.62997,8,0,60,cold,1
4550000000,91,"state_query",0.016252,8,0,60,cold,1
4550000000,91,"current_joint_marginal",0,8,0,60,cold,1
4550000000,91,"snapshot_extraction",0,8,0,60,cold,1
4550000000,91,"prepare",2.71485,8,0,60,cold,1
4550000000,91,"integrity_window",481.098,8,0,60,cold,1
4550000000,91,"window_boundary_provenance",465.84,8,0,60,cold,1
4550000000,91,"window_factor_linearization_whitening",1.11145,8,0,60,cold,1
4550000000,91,"window_dense_assembly",0.115373,8,0,60,cold,1
4550000000,91,"window_svd",7.67608,8,0,60,cold,1
4550000000,91,"window_normal_equations",0.318339,8,0,60,cold,1
4550000000,91,"window_llt_state_solves",0.099405,8,0,60,cold,1
4550000000,91,"window_fingerprint",4.57412,8,0,60,cold,1
4550000000,91,"all_in_detector",0.29525,8,0,60,cold,1
4550000000,91,"current_sensitivity",0.57237,8,0,60,cold,1
4550000000,91,"model_generation",298.076,8,0,60,cold,1
4550000000,91,"historical_sensitivity",0.129585,8,0,60,cold,1
4550000000,91,"hypothesis_evidence",1826.87,8,0,60,cold,1
4550000000,91,"health_actions",23.833,8,0,60,cold,1
4550000000,91,"base_factorization",0.285727,8,0,60,cold,1
4550000000,91,"shared_cache",0.003778,8,0,60,cold,1
4550000000,91,"candidate_evaluation",425.377,8,0,60,cold,1
4550000000,91,"fde_decision",10.1985,8,0,60,cold,1
4550000000,91,"candidate_audit",0.040397,8,0,60,cold,1
4550000000,91,"commit",1.93634,8,0,60,cold,1
4550000000,91,"state_audit",0.000558,8,0,60,cold,1
4550000000,91,"finalize_commit_audit",31.9351,8,0,60,cold,1
4550000000,91,"uwb_commit",1.80201,8,0,60,cold,1
4550000000,91,"core_total",3103.92,8,0,60,cold,1
4550000000,91,"outer_logging_flush",0.602719,8,0,60,cold,1
4550000000,91,"outer_epoch",3104.52,8,0,60,cold,1
4600000000,92,"imu_preintegration",0.045181,8,0,60,cold,1
4600000000,92,"no_uwb_isam_update",2.53838,8,0,60,cold,1
4600000000,92,"state_query",0.026672,8,0,60,cold,1
4600000000,92,"current_joint_marginal",0,8,0,60,cold,1
4600000000,92,"snapshot_extraction",0,8,0,60,cold,1
4600000000,92,"prepare",2.61495,8,0,60,cold,1
4600000000,92,"integrity_window",435.637,8,0,60,cold,1
4600000000,92,"window_boundary_provenance",421.02,8,0,60,cold,1
4600000000,92,"window_factor_linearization_whitening",1.44295,8,0,60,cold,1
4600000000,92,"window_dense_assembly",0.104404,8,0,60,cold,1
4600000000,92,"window_svd",7.58128,8,0,60,cold,1
4600000000,92,"window_normal_equations",0.335674,8,0,60,cold,1
4600000000,92,"window_llt_state_solves",0.103666,8,0,60,cold,1
4600000000,92,"window_fingerprint",3.7633,8,0,60,cold,1
4600000000,92,"all_in_detector",0.243203,8,0,60,cold,1
4600000000,92,"current_sensitivity",0.479589,8,0,60,cold,1
4600000000,92,"model_generation",305.374,8,0,60,cold,1
4600000000,92,"historical_sensitivity",0.133818,8,0,60,cold,1
4600000000,92,"hypothesis_evidence",1837.94,8,0,60,cold,1
4600000000,92,"health_actions",18.8755,8,0,60,cold,1
4600000000,92,"base_factorization",0.257944,8,0,60,cold,1
4600000000,92,"shared_cache",0.00231,8,0,60,cold,1
4600000000,92,"candidate_evaluation",427.104,8,0,60,cold,1
4600000000,92,"fde_decision",8.6023,8,0,60,cold,1
4600000000,92,"candidate_audit",0.033875,8,0,60,cold,1
4600000000,92,"commit",2.34352,8,0,60,cold,1
4600000000,92,"state_audit",0.000522,8,0,60,cold,1
4600000000,92,"finalize_commit_audit",34.7071,8,0,60,cold,1
4600000000,92,"uwb_commit",1.97128,8,0,60,cold,1
4600000000,92,"core_total",3075.06,8,0,60,cold,1
4600000000,92,"outer_logging_flush",0.616033,8,0,60,cold,1
4600000000,92,"outer_epoch",3075.67,8,0,60,cold,1
4650000000,93,"imu_preintegration",0.043469,8,0,60,cold,1
4650000000,93,"no_uwb_isam_update",4.63443,8,0,60,cold,1
4650000000,93,"state_query",0.019894,8,0,60,cold,1
4650000000,93,"current_joint_marginal",0,8,0,60,cold,1
4650000000,93,"snapshot_extraction",0,8,0,60,cold,1
4650000000,93,"prepare",4.71149,8,0,60,cold,1
4650000000,93,"integrity_window",439.908,8,0,60,cold,1
4650000000,93,"window_boundary_provenance",423.079,8,0,60,cold,1
4650000000,93,"window_factor_linearization_whitening",1.10187,8,0,60,cold,1
4650000000,93,"window_dense_assembly",0.09451,8,0,60,cold,1
4650000000,93,"window_svd",9.7279,8,0,60,cold,1
4650000000,93,"window_normal_equations",0.350656,8,0,60,cold,1
4650000000,93,"window_llt_state_solves",0.125325,8,0,60,cold,1
4650000000,93,"window_fingerprint",4.00901,8,0,60,cold,1
4650000000,93,"all_in_detector",0.287342,8,0,60,cold,1
4650000000,93,"current_sensitivity",0.533348,8,0,60,cold,1
4650000000,93,"model_generation",303.1,8,0,60,cold,1
4650000000,93,"historical_sensitivity",0.127465,8,0,60,cold,1
4650000000,93,"hypothesis_evidence",1858.22,8,0,60,cold,1
4650000000,93,"health_actions",18.9887,8,0,60,cold,1
4650000000,93,"base_factorization",0.261445,8,0,60,cold,1
4650000000,93,"shared_cache",0.003084,8,0,60,cold,1
4650000000,93,"candidate_evaluation",429.414,8,0,60,cold,1
4650000000,93,"fde_decision",8.64061,8,0,60,cold,1
4650000000,93,"candidate_audit",0.037238,8,0,60,cold,1
4650000000,93,"commit",2.79924,8,0,60,cold,1
4650000000,93,"state_audit",0.000695,8,0,60,cold,1
4650000000,93,"finalize_commit_audit",39.975,8,0,60,cold,1
4650000000,93,"uwb_commit",2.59384,8,0,60,cold,1
4650000000,93,"core_total",3107.71,8,0,60,cold,1
4650000000,93,"outer_logging_flush",0.434509,8,0,60,cold,1
4650000000,93,"outer_epoch",3108.15,8,0,60,cold,1
4700000000,94,"imu_preintegration",0.044491,8,0,60,cold,1
4700000000,94,"no_uwb_isam_update",2.818,8,0,60,cold,1
4700000000,94,"state_query",0.019793,8,0,60,cold,1
4700000000,94,"current_joint_marginal",0,8,0,60,cold,1
4700000000,94,"snapshot_extraction",0,8,0,60,cold,1
4700000000,94,"prepare",2.89797,8,0,60,cold,1
4700000000,94,"integrity_window",446.982,8,0,60,cold,1
4700000000,94,"window_boundary_provenance",430.97,8,0,60,cold,1
4700000000,94,"window_factor_linearization_whitening",1.00724,8,0,60,cold,1
4700000000,94,"window_dense_assembly",0.072684,8,0,60,cold,1
4700000000,94,"window_svd",9.18357,8,0,60,cold,1
4700000000,94,"window_normal_equations",0.345836,8,0,60,cold,1
4700000000,94,"window_llt_state_solves",0.131341,8,0,60,cold,1
4700000000,94,"window_fingerprint",3.94242,8,0,60,cold,1
4700000000,94,"all_in_detector",0.251062,8,0,60,cold,1
4700000000,94,"current_sensitivity",0.527032,8,0,60,cold,1
4700000000,94,"model_generation",301.056,8,0,60,cold,1
4700000000,94,"historical_sensitivity",0.140245,8,0,60,cold,1
4700000000,94,"hypothesis_evidence",1797.08,8,0,60,cold,1
4700000000,94,"health_actions",18.9926,8,0,60,cold,1
4700000000,94,"base_factorization",0.253879,8,0,60,cold,1
4700000000,94,"shared_cache",0.002616,8,0,60,cold,1
4700000000,94,"candidate_evaluation",428.15,8,0,60,cold,1
4700000000,94,"fde_decision",9.73818,8,0,60,cold,1
4700000000,94,"candidate_audit",0.042073,8,0,60,cold,1
4700000000,94,"commit",2.48924,8,0,60,cold,1
4700000000,94,"state_audit",0.000572,8,0,60,cold,1
4700000000,94,"finalize_commit_audit",32.7974,8,0,60,cold,1
4700000000,94,"uwb_commit",2.29321,8,0,60,cold,1
4700000000,94,"core_total",3042.07,8,0,60,cold,1
4700000000,94,"outer_logging_flush",0.417085,8,0,60,cold,1
4700000000,94,"outer_epoch",3042.48,8,0,60,cold,1
4750000000,95,"imu_preintegration",0.043495,8,0,60,cold,1
4750000000,95,"no_uwb_isam_update",2.47317,8,0,60,cold,1
4750000000,95,"state_query",0.02136,8,0,60,cold,1
4750000000,95,"current_joint_marginal",0,8,0,60,cold,1
4750000000,95,"snapshot_extraction",0,8,0,60,cold,1
4750000000,95,"prepare",2.6109,8,0,60,cold,1
4750000000,95,"integrity_window",452.822,8,0,60,cold,1
4750000000,95,"window_boundary_provenance",436.877,8,0,60,cold,1
4750000000,95,"window_factor_linearization_whitening",1.00861,8,0,60,cold,1
4750000000,95,"window_dense_assembly",0.111201,8,0,60,cold,1
4750000000,95,"window_svd",9.006,8,0,60,cold,1
4750000000,95,"window_normal_equations",0.341641,8,0,60,cold,1
4750000000,95,"window_llt_state_solves",0.131415,8,0,60,cold,1
4750000000,95,"window_fingerprint",3.97998,8,0,60,cold,1
4750000000,95,"all_in_detector",0.277695,8,0,60,cold,1
4750000000,95,"current_sensitivity",0.525833,8,0,60,cold,1
4750000000,95,"model_generation",305.538,8,0,60,cold,1
4750000000,95,"historical_sensitivity",0.183791,8,0,60,cold,1
4750000000,95,"hypothesis_evidence",1829.04,8,0,60,cold,1
4750000000,95,"health_actions",22.4156,8,0,60,cold,1
4750000000,95,"base_factorization",0.305763,8,0,60,cold,1
4750000000,95,"shared_cache",0.005917,8,0,60,cold,1
4750000000,95,"candidate_evaluation",427.773,8,0,60,cold,1
4750000000,95,"fde_decision",10.8495,8,0,60,cold,1
4750000000,95,"candidate_audit",0.041293,8,0,60,cold,1
4750000000,95,"commit",2.10326,8,0,60,cold,1
4750000000,95,"state_audit",0.000437,8,0,60,cold,1
4750000000,95,"finalize_commit_audit",32.2901,8,0,60,cold,1
4750000000,95,"uwb_commit",1.97718,8,0,60,cold,1
4750000000,95,"core_total",3087.3,8,0,60,cold,1
4750000000,95,"outer_logging_flush",0.476995,8,0,60,cold,1
4750000000,95,"outer_epoch",3087.78,8,0,60,cold,1
4800000000,96,"imu_preintegration",0.043674,8,0,60,cold,1
4800000000,96,"no_uwb_isam_update",2.30264,8,0,60,cold,1
4800000000,96,"state_query",0.021405,8,0,60,cold,1
4800000000,96,"current_joint_marginal",0,8,0,60,cold,1
4800000000,96,"snapshot_extraction",0,8,0,60,cold,1
4800000000,96,"prepare",2.37733,8,0,60,cold,1
4800000000,96,"integrity_window",448.529,8,0,60,cold,1
4800000000,96,"window_boundary_provenance",432.368,8,0,60,cold,1
4800000000,96,"window_factor_linearization_whitening",1.04965,8,0,60,cold,1
4800000000,96,"window_dense_assembly",0.094128,8,0,60,cold,1
4800000000,96,"window_svd",9.10559,8,0,60,cold,1
4800000000,96,"window_normal_equations",0.355404,8,0,60,cold,1
4800000000,96,"window_llt_state_solves",0.116268,8,0,60,cold,1
4800000000,96,"window_fingerprint",4.04338,8,0,60,cold,1
4800000000,96,"all_in_detector",0.275548,8,0,60,cold,1
4800000000,96,"current_sensitivity",0.530144,8,0,60,cold,1
4800000000,96,"model_generation",303.998,8,0,60,cold,1
4800000000,96,"historical_sensitivity",0.12924,8,0,60,cold,1
4800000000,96,"hypothesis_evidence",1834,8,0,60,cold,1
4800000000,96,"health_actions",20.6656,8,0,60,cold,1
4800000000,96,"base_factorization",0.270021,8,0,60,cold,1
4800000000,96,"shared_cache",0.003504,8,0,60,cold,1
4800000000,96,"candidate_evaluation",426.05,8,0,60,cold,1
4800000000,96,"fde_decision",9.67071,8,0,60,cold,1
4800000000,96,"candidate_audit",0.045844,8,0,60,cold,1
4800000000,96,"commit",2.03828,8,0,60,cold,1
4800000000,96,"state_audit",0.000277,8,0,60,cold,1
4800000000,96,"finalize_commit_audit",34.6027,8,0,60,cold,1
4800000000,96,"uwb_commit",1.91976,8,0,60,cold,1
4800000000,96,"core_total",3083.72,8,0,60,cold,1
4800000000,96,"outer_logging_flush",0.378392,8,0,60,cold,1
4800000000,96,"outer_epoch",3084.1,8,0,60,cold,1
4850000000,97,"imu_preintegration",0.043043,8,0,60,cold,1
4850000000,97,"no_uwb_isam_update",2.51429,8,0,60,cold,1
4850000000,97,"state_query",0.02767,8,0,60,cold,1
4850000000,97,"current_joint_marginal",0,8,0,60,cold,1
4850000000,97,"snapshot_extraction",0,8,0,60,cold,1
4850000000,97,"prepare",2.5866,8,0,60,cold,1
4850000000,97,"integrity_window",439.344,8,0,60,cold,1
4850000000,97,"window_boundary_provenance",423.901,8,0,60,cold,1
4850000000,97,"window_factor_linearization_whitening",1.23339,8,0,60,cold,1
4850000000,97,"window_dense_assembly",0.140987,8,0,60,cold,1
4850000000,97,"window_svd",7.97427,8,0,60,cold,1
4850000000,97,"window_normal_equations",0.34448,8,0,60,cold,1
4850000000,97,"window_llt_state_solves",0.10848,8,0,60,cold,1
4850000000,97,"window_fingerprint",4.2781,8,0,60,cold,1
4850000000,97,"all_in_detector",0.29373,8,0,60,cold,1
4850000000,97,"current_sensitivity",0.593432,8,0,60,cold,1
4850000000,97,"model_generation",308.555,8,0,60,cold,1
4850000000,97,"historical_sensitivity",0.150422,8,0,60,cold,1
4850000000,97,"hypothesis_evidence",1841.51,8,0,60,cold,1
4850000000,97,"health_actions",18.1323,8,0,60,cold,1
4850000000,97,"base_factorization",0.279297,8,0,60,cold,1
4850000000,97,"shared_cache",0.003055,8,0,60,cold,1
4850000000,97,"candidate_evaluation",430.728,8,0,60,cold,1
4850000000,97,"fde_decision",8.70539,8,0,60,cold,1
4850000000,97,"candidate_audit",0.033113,8,0,60,cold,1
4850000000,97,"commit",2.51522,8,0,60,cold,1
4850000000,97,"state_audit",0.000458,8,0,60,cold,1
4850000000,97,"finalize_commit_audit",32.1741,8,0,60,cold,1
4850000000,97,"uwb_commit",2.36468,8,0,60,cold,1
4850000000,97,"core_total",3086.26,8,0,60,cold,1
4850000000,97,"outer_logging_flush",0.339268,8,0,60,cold,1
4850000000,97,"outer_epoch",3086.6,8,0,60,cold,1
4900000000,98,"imu_preintegration",0.043505,8,0,60,cold,1
4900000000,98,"no_uwb_isam_update",2.56852,8,0,60,cold,1
4900000000,98,"state_query",0.024908,8,0,60,cold,1
4900000000,98,"current_joint_marginal",0,8,0,60,cold,1
4900000000,98,"snapshot_extraction",0,8,0,60,cold,1
4900000000,98,"prepare",2.65709,8,0,60,cold,1
4900000000,98,"integrity_window",402.644,8,0,60,cold,1
4900000000,98,"window_boundary_provenance",388.537,8,0,60,cold,1
4900000000,98,"window_factor_linearization_whitening",0.942601,8,0,60,cold,1
4900000000,98,"window_dense_assembly",0.073775,8,0,60,cold,1
4900000000,98,"window_svd",7.62459,8,0,60,cold,1
4900000000,98,"window_normal_equations",0.325014,8,0,60,cold,1
4900000000,98,"window_llt_state_solves",0.102756,8,0,60,cold,1
4900000000,98,"window_fingerprint",3.7387,8,0,60,cold,1
4900000000,98,"all_in_detector",0.26272,8,0,60,cold,1
4900000000,98,"current_sensitivity",0.550767,8,0,60,cold,1
4900000000,98,"model_generation",304.7,8,0,60,cold,1
4900000000,98,"historical_sensitivity",0.129537,8,0,60,cold,1
4900000000,98,"hypothesis_evidence",1830.9,8,0,60,cold,1
4900000000,98,"health_actions",18.8837,8,0,60,cold,1
4900000000,98,"base_factorization",0.259199,8,0,60,cold,1
4900000000,98,"shared_cache",0.002925,8,0,60,cold,1
4900000000,98,"candidate_evaluation",425.252,8,0,60,cold,1
4900000000,98,"fde_decision",8.33765,8,0,60,cold,1
4900000000,98,"candidate_audit",0.030599,8,0,60,cold,1
4900000000,98,"commit",3.15546,8,0,60,cold,1
4900000000,98,"state_audit",0.000426,8,0,60,cold,1
4900000000,98,"finalize_commit_audit",33.0338,8,0,60,cold,1
4900000000,98,"uwb_commit",2.96683,8,0,60,cold,1
4900000000,98,"core_total",3031.43,8,0,60,cold,1
4900000000,98,"outer_logging_flush",0.748338,8,0,60,cold,1
4900000000,98,"outer_epoch",3032.18,8,0,60,cold,1
4950000000,99,"imu_preintegration",0.043777,8,0,60,cold,1
4950000000,99,"no_uwb_isam_update",2.3743,8,0,60,cold,1
4950000000,99,"state_query",0.042103,8,0,60,cold,1
4950000000,99,"current_joint_marginal",0,8,0,60,cold,1
4950000000,99,"snapshot_extraction",0,8,0,60,cold,1
4950000000,99,"prepare",2.45072,8,0,60,cold,1
4950000000,99,"integrity_window",389.982,8,0,60,cold,1
4950000000,99,"window_boundary_provenance",373.661,8,0,60,cold,1
4950000000,99,"window_factor_linearization_whitening",1.11355,8,0,60,cold,1
4950000000,99,"window_dense_assembly",0.107135,8,0,60,cold,1
4950000000,99,"window_svd",9.06916,8,0,60,cold,1
4950000000,99,"window_normal_equations",0.341243,8,0,60,cold,1
4950000000,99,"window_llt_state_solves",0.108866,8,0,60,cold,1
4950000000,99,"window_fingerprint",3.97255,8,0,60,cold,1
4950000000,99,"all_in_detector",0.323217,8,0,60,cold,1
4950000000,99,"current_sensitivity",0.683988,8,0,60,cold,1
4950000000,99,"model_generation",300.118,8,0,60,cold,1
4950000000,99,"historical_sensitivity",0.127307,8,0,60,cold,1
4950000000,99,"hypothesis_evidence",1811.27,8,0,60,cold,1
4950000000,99,"health_actions",20.693,8,0,60,cold,1
4950000000,99,"base_factorization",0.353738,8,0,60,cold,1
4950000000,99,"shared_cache",0.005402,8,0,60,cold,1
4950000000,99,"candidate_evaluation",427.966,8,0,60,cold,1
4950000000,99,"fde_decision",9.43852,8,0,60,cold,1
4950000000,99,"candidate_audit",0.040328,8,0,60,cold,1
4950000000,99,"commit",2.89195,8,0,60,cold,1
4950000000,99,"state_audit",0.000569,8,0,60,cold,1
4950000000,99,"finalize_commit_audit",34.9287,8,0,60,cold,1
4950000000,99,"uwb_commit",2.72534,8,0,60,cold,1
4950000000,99,"core_total",3001.86,8,0,60,cold,1
4950000000,99,"outer_logging_flush",0.254943,8,0,60,cold,1
4950000000,99,"outer_epoch",3002.11,8,0,60,cold,1
5000000000,100,"imu_preintegration",0.044265,8,0,60,cold,1
5000000000,100,"no_uwb_isam_update",2.47041,8,0,60,cold,1
5000000000,100,"state_query",0.044809,8,0,60,cold,1
5000000000,100,"current_joint_marginal",0,8,0,60,cold,1
5000000000,100,"snapshot_extraction",0,8,0,60,cold,1
5000000000,100,"prepare",2.55895,8,0,60,cold,1
5000000000,100,"integrity_window",409.777,8,0,60,cold,1
5000000000,100,"window_boundary_provenance",395.171,8,0,60,cold,1
5000000000,100,"window_factor_linearization_whitening",1.00325,8,0,60,cold,1
5000000000,100,"window_dense_assembly",0.12256,8,0,60,cold,1
5000000000,100,"window_svd",7.47491,8,0,60,cold,1
5000000000,100,"window_normal_equations",0.409312,8,0,60,cold,1
5000000000,100,"window_llt_state_solves",0.137003,8,0,60,cold,1
5000000000,100,"window_fingerprint",4.11716,8,0,60,cold,1
5000000000,100,"all_in_detector",0.296328,8,0,60,cold,1
5000000000,100,"current_sensitivity",0.561309,8,0,60,cold,1
5000000000,100,"model_generation",307.713,8,0,60,cold,1
5000000000,100,"historical_sensitivity",0.129884,8,0,60,cold,1
5000000000,100,"hypothesis_evidence",1824.78,8,0,60,cold,1
5000000000,100,"health_actions",17.6364,8,0,60,cold,1
5000000000,100,"base_factorization",0.260292,8,0,60,cold,1
5000000000,100,"shared_cache",0.003065,8,0,60,cold,1
5000000000,100,"candidate_evaluation",438.548,8,0,60,cold,1
5000000000,100,"fde_decision",9.61014,8,0,60,cold,1
5000000000,100,"candidate_audit",0.04729,8,0,60,cold,1
5000000000,100,"commit",3.66641,8,0,60,cold,1
5000000000,100,"state_audit",0.00067,8,0,60,cold,1
5000000000,100,"finalize_commit_audit",39.2541,8,0,60,cold,1
5000000000,100,"uwb_commit",3.40234,8,0,60,cold,1
5000000000,100,"core_total",3055.38,8,0,60,cold,1
5000000000,100,"outer_logging_flush",0.34595,8,0,60,cold,1
5000000000,100,"outer_epoch",3055.72,8,0,60,cold,1
5050000000,101,"imu_preintegration",0.0449,8,0,60,warm,1
5050000000,101,"no_uwb_isam_update",3.07027,8,0,60,warm,1
5050000000,101,"state_query",0.027702,8,0,60,warm,1
5050000000,101,"current_joint_marginal",0,8,0,60,warm,1
5050000000,101,"snapshot_extraction",0,8,0,60,warm,1
5050000000,101,"prepare",3.16168,8,0,60,warm,1
5050000000,101,"integrity_window",423.823,8,0,60,warm,1
5050000000,101,"window_boundary_provenance",407.574,8,0,60,warm,1
5050000000,101,"window_factor_linearization_whitening",1.12058,8,0,60,warm,1
5050000000,101,"window_dense_assembly",0.12111,8,0,60,warm,1
5050000000,101,"window_svd",9.36776,8,0,60,warm,1
5050000000,101,"window_normal_equations",0.331919,8,0,60,warm,1
5050000000,101,"window_llt_state_solves",0.112085,8,0,60,warm,1
5050000000,101,"window_fingerprint",3.87166,8,0,60,warm,1
5050000000,101,"all_in_detector",0.273,8,0,60,warm,1
5050000000,101,"current_sensitivity",0.528124,8,0,60,warm,1
5050000000,101,"model_generation",310.508,8,0,60,warm,1
5050000000,101,"historical_sensitivity",0.13987,8,0,60,warm,1
5050000000,101,"hypothesis_evidence",1830.87,8,0,60,warm,1
5050000000,101,"health_actions",20.142,8,0,60,warm,1
5050000000,101,"base_factorization",0.253223,8,0,60,warm,1
5050000000,101,"shared_cache",0.003724,8,0,60,warm,1
5050000000,101,"candidate_evaluation",426.065,8,0,60,warm,1
5050000000,101,"fde_decision",10.7528,8,0,60,warm,1
5050000000,101,"candidate_audit",0.042587,8,0,60,warm,1
5050000000,101,"commit",2.57938,8,0,60,warm,1
5050000000,101,"state_audit",0.00056,8,0,60,warm,1
5050000000,101,"finalize_commit_audit",34.513,8,0,60,warm,1
5050000000,101,"uwb_commit",2.44371,8,0,60,warm,1
5050000000,101,"core_total",3064.21,8,0,60,warm,1
5050000000,101,"outer_logging_flush",0.447677,8,0,60,warm,1
5050000000,101,"outer_epoch",3064.66,8,0,60,warm,1
5100000000,102,"imu_preintegration",0.068565,8,0,60,warm,1
5100000000,102,"no_uwb_isam_update",2.8447,8,0,60,warm,1
5100000000,102,"state_query",0.031622,8,0,60,warm,1
5100000000,102,"current_joint_marginal",0,8,0,60,warm,1
5100000000,102,"snapshot_extraction",0,8,0,60,warm,1
5100000000,102,"prepare",2.94885,8,0,60,warm,1
5100000000,102,"integrity_window",459.252,8,0,60,warm,1
5100000000,102,"window_boundary_provenance",443.356,8,0,60,warm,1
5100000000,102,"window_factor_linearization_whitening",0.994238,8,0,60,warm,1
5100000000,102,"window_dense_assembly",0.075954,8,0,60,warm,1
5100000000,102,"window_svd",9.02647,8,0,60,warm,1
5100000000,102,"window_normal_equations",0.342205,8,0,60,warm,1
5100000000,102,"window_llt_state_solves",0.107143,8,0,60,warm,1
5100000000,102,"window_fingerprint",3.90591,8,0,60,warm,1
5100000000,102,"all_in_detector",0.271551,8,0,60,warm,1
5100000000,102,"current_sensitivity",0.518393,8,0,60,warm,1
5100000000,102,"model_generation",310.847,8,0,60,warm,1
5100000000,102,"historical_sensitivity",0.209266,8,0,60,warm,1
5100000000,102,"hypothesis_evidence",1824.27,8,0,60,warm,1
5100000000,102,"health_actions",21.4801,8,0,60,warm,1
5100000000,102,"base_factorization",0.265099,8,0,60,warm,1
5100000000,102,"shared_cache",0.003346,8,0,60,warm,1
5100000000,102,"candidate_evaluation",426.139,8,0,60,warm,1
5100000000,102,"fde_decision",10.1517,8,0,60,warm,1
5100000000,102,"candidate_audit",0.042262,8,0,60,warm,1
5100000000,102,"commit",2.62842,8,0,60,warm,1
5100000000,102,"state_audit",0.000582,8,0,60,warm,1
5100000000,102,"finalize_commit_audit",34.3043,8,0,60,warm,1
5100000000,102,"uwb_commit",2.44658,8,0,60,warm,1
5100000000,102,"core_total",3093.87,8,0,60,warm,1
5100000000,102,"outer_logging_flush",0.540965,8,0,60,warm,1
5100000000,102,"outer_epoch",3094.42,8,0,60,warm,1
5150000000,103,"imu_preintegration",0.044292,8,0,60,warm,1
5150000000,103,"no_uwb_isam_update",2.29216,8,0,60,warm,1
5150000000,103,"state_query",0.033344,8,0,60,warm,1
5150000000,103,"current_joint_marginal",0,8,0,60,warm,1
5150000000,103,"snapshot_extraction",0,8,0,60,warm,1
5150000000,103,"prepare",2.36337,8,0,60,warm,1
5150000000,103,"integrity_window",508.307,8,0,60,warm,1
5150000000,103,"window_boundary_provenance",493.64,8,0,60,warm,1
5150000000,103,"window_factor_linearization_whitening",1.07,8,0,60,warm,1
5150000000,103,"window_dense_assembly",0.107781,8,0,60,warm,1
5150000000,103,"window_svd",7.78892,8,0,60,warm,1
5150000000,103,"window_normal_equations",0.332103,8,0,60,warm,1
5150000000,103,"window_llt_state_solves",0.099094,8,0,60,warm,1
5150000000,103,"window_fingerprint",3.86424,8,0,60,warm,1
5150000000,103,"all_in_detector",0.34708,8,0,60,warm,1
5150000000,103,"current_sensitivity",0.584994,8,0,60,warm,1
5150000000,103,"model_generation",307.658,8,0,60,warm,1
5150000000,103,"historical_sensitivity",0.168115,8,0,60,warm,1
5150000000,103,"hypothesis_evidence",1847.27,8,0,60,warm,1
5150000000,103,"health_actions",18.8782,8,0,60,warm,1
5150000000,103,"base_factorization",0.275765,8,0,60,warm,1
5150000000,103,"shared_cache",0.003248,8,0,60,warm,1
5150000000,103,"candidate_evaluation",426.16,8,0,60,warm,1
5150000000,103,"fde_decision",8.58369,8,0,60,warm,1
5150000000,103,"candidate_audit",0.032632,8,0,60,warm,1
5150000000,103,"commit",2.60189,8,0,60,warm,1
5150000000,103,"state_audit",0.000399,8,0,60,warm,1
5150000000,103,"finalize_commit_audit",37.0019,8,0,60,warm,1
5150000000,103,"uwb_commit",2.46791,8,0,60,warm,1
5150000000,103,"core_total",3160.91,8,0,60,warm,1
5150000000,103,"outer_logging_flush",0.395193,8,0,60,warm,1
5150000000,103,"outer_epoch",3161.31,8,0,60,warm,1
5200000000,104,"imu_preintegration",0.043556,8,0,60,warm,1
5200000000,104,"no_uwb_isam_update",2.81371,8,0,60,warm,1
5200000000,104,"state_query",0.033932,8,0,60,warm,1
5200000000,104,"current_joint_marginal",0,8,0,60,warm,1
5200000000,104,"snapshot_extraction",0,8,0,60,warm,1
5200000000,104,"prepare",2.89473,8,0,60,warm,1
5200000000,104,"integrity_window",557.055,8,0,60,warm,1
5200000000,104,"window_boundary_provenance",541.88,8,0,60,warm,1
5200000000,104,"window_factor_linearization_whitening",0.980417,8,0,60,warm,1
5200000000,104,"window_dense_assembly",0.074439,8,0,60,warm,1
5200000000,104,"window_svd",8.36337,8,0,60,warm,1
5200000000,104,"window_normal_equations",0.348663,8,0,60,warm,1
5200000000,104,"window_llt_state_solves",0.106378,8,0,60,warm,1
5200000000,104,"window_fingerprint",3.89717,8,0,60,warm,1
5200000000,104,"all_in_detector",0.252458,8,0,60,warm,1
5200000000,104,"current_sensitivity",0.515132,8,0,60,warm,1
5200000000,104,"model_generation",311.454,8,0,60,warm,1
5200000000,104,"historical_sensitivity",0.128754,8,0,60,warm,1
5200000000,104,"hypothesis_evidence",1837.42,8,0,60,warm,1
5200000000,104,"health_actions",22.668,8,0,60,warm,1
5200000000,104,"base_factorization",0.396634,8,0,60,warm,1
5200000000,104,"shared_cache",0.006937,8,0,60,warm,1
5200000000,104,"candidate_evaluation",425.311,8,0,60,warm,1
5200000000,104,"fde_decision",9.16628,8,0,60,warm,1
5200000000,104,"candidate_audit",0.039255,8,0,60,warm,1
5200000000,104,"commit",2.58604,8,0,60,warm,1
5200000000,104,"state_audit",0.00058,8,0,60,warm,1
5200000000,104,"finalize_commit_audit",35.6659,8,0,60,warm,1
5200000000,104,"uwb_commit",2.45646,8,0,60,warm,1
5200000000,104,"core_total",3206.14,8,0,60,warm,1
5200000000,104,"outer_logging_flush",0.571297,8,0,60,warm,1
5200000000,104,"outer_epoch",3206.72,8,0,60,warm,1
5250000000,105,"imu_preintegration",0.043998,8,0,60,warm,1
5250000000,105,"no_uwb_isam_update",2.33482,8,0,60,warm,1
5250000000,105,"state_query",0.035917,8,0,60,warm,1
5250000000,105,"current_joint_marginal",0,8,0,60,warm,1
5250000000,105,"snapshot_extraction",0,8,0,60,warm,1
5250000000,105,"prepare",2.41588,8,0,60,warm,1
5250000000,105,"integrity_window",594.034,8,0,60,warm,1
5250000000,105,"window_boundary_provenance",577.776,8,0,60,warm,1
5250000000,105,"window_factor_linearization_whitening",1.05959,8,0,60,warm,1
5250000000,105,"window_dense_assembly",0.088237,8,0,60,warm,1
5250000000,105,"window_svd",9.21133,8,0,60,warm,1
5250000000,105,"window_normal_equations",0.363952,8,0,60,warm,1
5250000000,105,"window_llt_state_solves",0.110174,8,0,60,warm,1
5250000000,105,"window_fingerprint",4.03018,8,0,60,warm,1
5250000000,105,"all_in_detector",0.25859,8,0,60,warm,1
5250000000,105,"current_sensitivity",0.558165,8,0,60,warm,1
5250000000,105,"model_generation",305.251,8,0,60,warm,1
5250000000,105,"historical_sensitivity",0.12733,8,0,60,warm,1
5250000000,105,"hypothesis_evidence",1844.29,8,0,60,warm,1
5250000000,105,"health_actions",20.9886,8,0,60,warm,1
5250000000,105,"base_factorization",0.296903,8,0,60,warm,1
5250000000,105,"shared_cache",0.003258,8,0,60,warm,1
5250000000,105,"candidate_evaluation",440.493,8,0,60,warm,1
5250000000,105,"fde_decision",9.32282,8,0,60,warm,1
5250000000,105,"candidate_audit",0.03539,8,0,60,warm,1
5250000000,105,"commit",3.61228,8,0,60,warm,1
5250000000,105,"state_audit",0.000638,8,0,60,warm,1
5250000000,105,"finalize_commit_audit",36.25,8,0,60,warm,1
5250000000,105,"uwb_commit",3.35763,8,0,60,warm,1
5250000000,105,"core_total",3258.55,8,0,60,warm,1
5250000000,105,"outer_logging_flush",0.455398,8,0,60,warm,1
5250000000,105,"outer_epoch",3259.01,8,0,60,warm,1
5300000000,106,"imu_preintegration",0.044953,8,0,60,warm,1
5300000000,106,"no_uwb_isam_update",2.53593,8,0,60,warm,1
5300000000,106,"state_query",0.044995,8,0,60,warm,1
5300000000,106,"current_joint_marginal",0,8,0,60,warm,1
5300000000,106,"snapshot_extraction",0,8,0,60,warm,1
5300000000,106,"prepare",2.61813,8,0,60,warm,1
5300000000,106,"integrity_window",641.861,8,0,60,warm,1
5300000000,106,"window_boundary_provenance",626.902,8,0,60,warm,1
5300000000,106,"window_factor_linearization_whitening",1.39959,8,0,60,warm,1
5300000000,106,"window_dense_assembly",0.103954,8,0,60,warm,1
5300000000,106,"window_svd",7.83428,8,0,60,warm,1
5300000000,106,"window_normal_equations",0.339844,8,0,60,warm,1
5300000000,106,"window_llt_state_solves",0.10388,8,0,60,warm,1
5300000000,106,"window_fingerprint",3.82632,8,0,60,warm,1
5300000000,106,"all_in_detector",0.254662,8,0,60,warm,1
5300000000,106,"current_sensitivity",0.450534,8,0,60,warm,1
5300000000,106,"model_generation",309.996,8,0,60,warm,1
5300000000,106,"historical_sensitivity",0.137258,8,0,60,warm,1
5300000000,106,"hypothesis_evidence",1833.46,8,0,60,warm,1
5300000000,106,"health_actions",19.0202,8,0,60,warm,1
5300000000,106,"base_factorization",0.250862,8,0,60,warm,1
5300000000,106,"shared_cache",0.002966,8,0,60,warm,1
5300000000,106,"candidate_evaluation",426.561,8,0,60,warm,1
5300000000,106,"fde_decision",9.2072,8,0,60,warm,1
5300000000,106,"candidate_audit",0.037132,8,0,60,warm,1
5300000000,106,"commit",3.1763,8,0,60,warm,1
5300000000,106,"state_audit",0.000614,8,0,60,warm,1
5300000000,106,"finalize_commit_audit",31.757,8,0,60,warm,1
5300000000,106,"uwb_commit",2.91828,8,0,60,warm,1
5300000000,106,"core_total",3279.75,8,0,60,warm,1
5300000000,106,"outer_logging_flush",0.994359,8,0,60,warm,1
5300000000,106,"outer_epoch",3280.75,8,0,60,warm,1
5350000000,107,"imu_preintegration",0.042839,8,0,60,warm,1
5350000000,107,"no_uwb_isam_update",3.05393,8,0,60,warm,1
5350000000,107,"state_query",0.040791,8,0,60,warm,1
5350000000,107,"current_joint_marginal",0,8,0,60,warm,1
5350000000,107,"snapshot_extraction",0,8,0,60,warm,1
5350000000,107,"prepare",3.13163,8,0,60,warm,1
5350000000,107,"integrity_window",671.291,8,0,60,warm,1
5350000000,107,"window_boundary_provenance",655.944,8,0,60,warm,1
5350000000,107,"window_factor_linearization_whitening",1.20897,8,0,60,warm,1
5350000000,107,"window_dense_assembly",0.117647,8,0,60,warm,1
5350000000,107,"window_svd",8.11064,8,0,60,warm,1
5350000000,107,"window_normal_equations",0.386644,8,0,60,warm,1
5350000000,107,"window_llt_state_solves",0.114403,8,0,60,warm,1
5350000000,107,"window_fingerprint",4.03026,8,0,60,warm,1
5350000000,107,"all_in_detector",0.260019,8,0,60,warm,1
5350000000,107,"current_sensitivity",0.555238,8,0,60,warm,1
5350000000,107,"model_generation",305.557,8,0,60,warm,1
5350000000,107,"historical_sensitivity",0.128143,8,0,60,warm,1
5350000000,107,"hypothesis_evidence",1835.11,8,0,60,warm,1
5350000000,107,"health_actions",20.6893,8,0,60,warm,1
5350000000,107,"base_factorization",0.280665,8,0,60,warm,1
5350000000,107,"shared_cache",0.004181,8,0,60,warm,1
5350000000,107,"candidate_evaluation",427.456,8,0,60,warm,1
5350000000,107,"fde_decision",9.99538,8,0,60,warm,1
5350000000,107,"candidate_audit",0.038966,8,0,60,warm,1
5350000000,107,"commit",2.61906,8,0,60,warm,1
5350000000,107,"state_audit",0.000575,8,0,60,warm,1
5350000000,107,"finalize_commit_audit",37.3893,8,0,60,warm,1
5350000000,107,"uwb_commit",2.49427,8,0,60,warm,1
5350000000,107,"core_total",3315.12,8,0,60,warm,1
5350000000,107,"outer_logging_flush",0.42361,8,0,60,warm,1
5350000000,107,"outer_epoch",3315.54,8,0,60,warm,1
5400000000,108,"imu_preintegration",0.044867,8,0,60,warm,1
5400000000,108,"no_uwb_isam_update",2.62016,8,0,60,warm,1
5400000000,108,"state_query",0.043906,8,0,60,warm,1
5400000000,108,"current_joint_marginal",0,8,0,60,warm,1
5400000000,108,"snapshot_extraction",0,8,0,60,warm,1
5400000000,108,"prepare",2.70409,8,0,60,warm,1
5400000000,108,"integrity_window",707.128,8,0,60,warm,1
5400000000,108,"window_boundary_provenance",691.787,8,0,60,warm,1
5400000000,108,"window_factor_linearization_whitening",1.08139,8,0,60,warm,1
5400000000,108,"window_dense_assembly",0.279023,8,0,60,warm,1
5400000000,108,"window_svd",8.44774,8,0,60,warm,1
5400000000,108,"window_normal_equations",0.344638,8,0,60,warm,1
5400000000,108,"window_llt_state_solves",0.110455,8,0,60,warm,1
5400000000,108,"window_fingerprint",3.76502,8,0,60,warm,1
5400000000,108,"all_in_detector",0.279277,8,0,60,warm,1
5400000000,108,"current_sensitivity",0.528207,8,0,60,warm,1
5400000000,108,"model_generation",306.687,8,0,60,warm,1
5400000000,108,"historical_sensitivity",0.198153,8,0,60,warm,1
5400000000,108,"hypothesis_evidence",1838.92,8,0,60,warm,1
5400000000,108,"health_actions",20.4675,8,0,60,warm,1
5400000000,108,"base_factorization",0.254564,8,0,60,warm,1
5400000000,108,"shared_cache",0.002086,8,0,60,warm,1
5400000000,108,"candidate_evaluation",434.656,8,0,60,warm,1
5400000000,108,"fde_decision",9.26032,8,0,60,warm,1
5400000000,108,"candidate_audit",0.06369,8,0,60,warm,1
5400000000,108,"commit",3.14754,8,0,60,warm,1
5400000000,108,"state_audit",0.000403,8,0,60,warm,1
5400000000,108,"finalize_commit_audit",45.1431,8,0,60,warm,1
5400000000,108,"uwb_commit",2.97539,8,0,60,warm,1
5400000000,108,"core_total",3370.06,8,0,60,warm,1
5400000000,108,"outer_logging_flush",0.374269,8,0,60,warm,1
5400000000,108,"outer_epoch",3370.43,8,0,60,warm,1
5450000000,109,"imu_preintegration",0.045658,8,0,60,warm,1
5450000000,109,"no_uwb_isam_update",2.63062,8,0,60,warm,1
5450000000,109,"state_query",0.012239,8,0,60,warm,1
5450000000,109,"current_joint_marginal",0,8,0,60,warm,1
5450000000,109,"snapshot_extraction",0,8,0,60,warm,1
5450000000,109,"prepare",2.71482,8,0,60,warm,1
5450000000,109,"integrity_window",728.383,8,0,60,warm,1
5450000000,109,"window_boundary_provenance",712.435,8,0,60,warm,1
5450000000,109,"window_factor_linearization_whitening",1.11927,8,0,60,warm,1
5450000000,109,"window_dense_assembly",0.09699,8,0,60,warm,1
5450000000,109,"window_svd",7.81934,8,0,60,warm,1
5450000000,109,"window_normal_equations",0.342831,8,0,60,warm,1
5450000000,109,"window_llt_state_solves",0.106817,8,0,60,warm,1
5450000000,109,"window_fingerprint",3.93765,8,0,60,warm,1
5450000000,109,"all_in_detector",0.367891,8,0,60,warm,1
5450000000,109,"current_sensitivity",0.648073,8,0,60,warm,1
5450000000,109,"model_generation",304.881,8,0,60,warm,1
5450000000,109,"historical_sensitivity",0.133773,8,0,60,warm,1
5450000000,109,"hypothesis_evidence",1828.4,8,0,60,warm,1
5450000000,109,"health_actions",20.1721,8,0,60,warm,1
5450000000,109,"base_factorization",0.254741,8,0,60,warm,1
5450000000,109,"shared_cache",0.002265,8,0,60,warm,1
5450000000,109,"candidate_evaluation",428.056,8,0,60,warm,1
5450000000,109,"fde_decision",8.92699,8,0,60,warm,1
5450000000,109,"candidate_audit",0.035089,8,0,60,warm,1
5450000000,109,"commit",2.47075,8,0,60,warm,1
5450000000,109,"state_audit",0.000425,8,0,60,warm,1
5450000000,109,"finalize_commit_audit",34.8675,8,0,60,warm,1
5450000000,109,"uwb_commit",2.34461,8,0,60,warm,1
5450000000,109,"core_total",3360.99,8,0,60,warm,1
5450000000,109,"outer_logging_flush",0.4307,8,0,60,warm,1
5450000000,109,"outer_epoch",3361.42,8,0,60,warm,1
5500000000,110,"imu_preintegration",0.044499,8,0,60,warm,1
5500000000,110,"no_uwb_isam_update",2.66288,8,0,60,warm,1
5500000000,110,"state_query",0.015456,8,0,60,warm,1
5500000000,110,"current_joint_marginal",0,8,0,60,warm,1
5500000000,110,"snapshot_extraction",0,8,0,60,warm,1
5500000000,110,"prepare",2.74498,8,0,60,warm,1
5500000000,110,"integrity_window",797.702,8,0,60,warm,1
5500000000,110,"window_boundary_provenance",782.346,8,0,60,warm,1
5500000000,110,"window_factor_linearization_whitening",1.02914,8,0,60,warm,1
5500000000,110,"window_dense_assembly",0.09673,8,0,60,warm,1
5500000000,110,"window_svd",7.64771,8,0,60,warm,1
5500000000,110,"window_normal_equations",0.372322,8,0,60,warm,1
5500000000,110,"window_llt_state_solves",0.143986,8,0,60,warm,1
5500000000,110,"window_fingerprint",4.67312,8,0,60,warm,1
5500000000,110,"all_in_detector",0.326501,8,0,60,warm,1
5500000000,110,"current_sensitivity",0.598116,8,0,60,warm,1
5500000000,110,"model_generation",309.567,8,0,60,warm,1
5500000000,110,"historical_sensitivity",0.130853,8,0,60,warm,1
5500000000,110,"hypothesis_evidence",1857.46,8,0,60,warm,1
5500000000,110,"health_actions",20.1773,8,0,60,warm,1
5500000000,110,"base_factorization",0.27211,8,0,60,warm,1
5500000000,110,"shared_cache",0.00266,8,0,60,warm,1
5500000000,110,"candidate_evaluation",430.779,8,0,60,warm,1
5500000000,110,"fde_decision",8.52112,8,0,60,warm,1
5500000000,110,"candidate_audit",0.036965,8,0,60,warm,1
5500000000,110,"commit",2.89125,8,0,60,warm,1
5500000000,110,"state_audit",0.000574,8,0,60,warm,1
5500000000,110,"finalize_commit_audit",35.1439,8,0,60,warm,1
5500000000,110,"uwb_commit",2.72348,8,0,60,warm,1
5500000000,110,"core_total",3467.2,8,0,60,warm,1
5500000000,110,"outer_logging_flush",0.423158,8,0,60,warm,1
5500000000,110,"outer_epoch",3467.63,8,0,60,warm,1
5550000000,111,"imu_preintegration",0.042584,8,0,60,warm,1
5550000000,111,"no_uwb_isam_update",2.33049,8,0,60,warm,1
5550000000,111,"state_query",0.015699,8,0,60,warm,1
5550000000,111,"current_joint_marginal",0,8,0,60,warm,1
5550000000,111,"snapshot_extraction",0,8,0,60,warm,1
5550000000,111,"prepare",2.40978,8,0,60,warm,1
5550000000,111,"integrity_window",600.451,8,0,60,warm,1
5550000000,111,"window_boundary_provenance",584.931,8,0,60,warm,1
5550000000,111,"window_factor_linearization_whitening",1.01293,8,0,60,warm,1
5550000000,111,"window_dense_assembly",0.111506,8,0,60,warm,1
5550000000,111,"window_svd",8.67195,8,0,60,warm,1
5550000000,111,"window_normal_equations",0.370399,8,0,60,warm,1
5550000000,111,"window_llt_state_solves",0.10694,8,0,60,warm,1
5550000000,111,"window_fingerprint",3.88885,8,0,60,warm,1
5550000000,111,"all_in_detector",0.24189,8,0,60,warm,1
5550000000,111,"current_sensitivity",0.558406,8,0,60,warm,1
5550000000,111,"model_generation",304.818,8,0,60,warm,1
5550000000,111,"historical_sensitivity",0.149516,8,0,60,warm,1
5550000000,111,"hypothesis_evidence",1837.19,8,0,60,warm,1
5550000000,111,"health_actions",18.5695,8,0,60,warm,1
5550000000,111,"base_factorization",0.246411,8,0,60,warm,1
5550000000,111,"shared_cache",0.002841,8,0,60,warm,1
5550000000,111,"candidate_evaluation",421.382,8,0,60,warm,1
5550000000,111,"fde_decision",9.59324,8,0,60,warm,1
5550000000,111,"candidate_audit",0.039784,8,0,60,warm,1
5550000000,111,"commit",1.95744,8,0,60,warm,1
5550000000,111,"state_audit",0.000615,8,0,60,warm,1
5550000000,111,"finalize_commit_audit",34.9867,8,0,60,warm,1
5550000000,111,"uwb_commit",1.8294,8,0,60,warm,1
5550000000,111,"core_total",3233.44,8,0,60,warm,1
5550000000,111,"outer_logging_flush",0.318072,8,0,60,warm,1
5550000000,111,"outer_epoch",3233.75,8,0,60,warm,1
5600000000,112,"imu_preintegration",0.043162,8,0,60,warm,1
5600000000,112,"no_uwb_isam_update",2.24814,8,0,60,warm,1
5600000000,112,"state_query",0.016517,8,0,60,warm,1
5600000000,112,"current_joint_marginal",0,8,0,60,warm,1
5600000000,112,"snapshot_extraction",0,8,0,60,warm,1
5600000000,112,"prepare",2.32285,8,0,60,warm,1
5600000000,112,"integrity_window",391.586,8,0,60,warm,1
5600000000,112,"window_boundary_provenance",376.741,8,0,60,warm,1
5600000000,112,"window_factor_linearization_whitening",1.20861,8,0,60,warm,1
5600000000,112,"window_dense_assembly",0.132915,8,0,60,warm,1
5600000000,112,"window_svd",7.84061,8,0,60,warm,1
5600000000,112,"window_normal_equations",0.325422,8,0,60,warm,1
5600000000,112,"window_llt_state_solves",0.102038,8,0,60,warm,1
5600000000,112,"window_fingerprint",3.82812,8,0,60,warm,1
5600000000,112,"all_in_detector",0.299357,8,0,60,warm,1
5600000000,112,"current_sensitivity",0.561685,8,0,60,warm,1
5600000000,112,"model_generation",310.021,8,0,60,warm,1
5600000000,112,"historical_sensitivity",0.132372,8,0,60,warm,1
5600000000,112,"hypothesis_evidence",1825.95,8,0,60,warm,1
5600000000,112,"health_actions",19.5574,8,0,60,warm,1
5600000000,112,"base_factorization",0.255125,8,0,60,warm,1
5600000000,112,"shared_cache",0.003022,8,0,60,warm,1
5600000000,112,"candidate_evaluation",429.296,8,0,60,warm,1
5600000000,112,"fde_decision",8.70384,8,0,60,warm,1
5600000000,112,"candidate_audit",0.034639,8,0,60,warm,1
5600000000,112,"commit",1.96077,8,0,60,warm,1
5600000000,112,"state_audit",0.000573,8,0,60,warm,1
5600000000,112,"finalize_commit_audit",40.2202,8,0,60,warm,1
5600000000,112,"uwb_commit",1.83203,8,0,60,warm,1
5600000000,112,"core_total",3031.49,8,0,60,warm,1
5600000000,112,"outer_logging_flush",0.392355,8,0,60,warm,1
5600000000,112,"outer_epoch",3031.89,8,0,60,warm,1
5650000000,113,"imu_preintegration",0.043605,8,0,60,warm,1
5650000000,113,"no_uwb_isam_update",2.48664,8,0,60,warm,1
5650000000,113,"state_query",0.018371,8,0,60,warm,1
5650000000,113,"current_joint_marginal",0,8,0,60,warm,1
5650000000,113,"snapshot_extraction",0,8,0,60,warm,1
5650000000,113,"prepare",2.57711,8,0,60,warm,1
5650000000,113,"integrity_window",441.876,8,0,60,warm,1
5650000000,113,"window_boundary_provenance",426.964,8,0,60,warm,1
5650000000,113,"window_factor_linearization_whitening",1.04887,8,0,60,warm,1
5650000000,113,"window_dense_assembly",0.110603,8,0,60,warm,1
5650000000,113,"window_svd",7.85591,8,0,60,warm,1
5650000000,113,"window_normal_equations",0.32732,8,0,60,warm,1
5650000000,113,"window_llt_state_solves",0.103064,8,0,60,warm,1
5650000000,113,"window_fingerprint",4.0669,8,0,60,warm,1
5650000000,113,"all_in_detector",0.30097,8,0,60,warm,1
5650000000,113,"current_sensitivity",0.565039,8,0,60,warm,1
5650000000,113,"model_generation",311.92,8,0,60,warm,1
5650000000,113,"historical_sensitivity",0.134436,8,0,60,warm,1
5650000000,113,"hypothesis_evidence",1832.29,8,0,60,warm,1
5650000000,113,"health_actions",22.3612,8,0,60,warm,1
5650000000,113,"base_factorization",0.268432,8,0,60,warm,1
5650000000,113,"shared_cache",0.004007,8,0,60,warm,1
5650000000,113,"candidate_evaluation",422.776,8,0,60,warm,1
5650000000,113,"fde_decision",10.3831,8,0,60,warm,1
5650000000,113,"candidate_audit",0.041788,8,0,60,warm,1
5650000000,113,"commit",2.1063,8,0,60,warm,1
5650000000,113,"state_audit",0.000652,8,0,60,warm,1
5650000000,113,"finalize_commit_audit",38.687,8,0,60,warm,1
5650000000,113,"uwb_commit",1.97971,8,0,60,warm,1
5650000000,113,"core_total",3086.82,8,0,60,warm,1
5650000000,113,"outer_logging_flush",0.339889,8,0,60,warm,1
5650000000,113,"outer_epoch",3087.16,8,0,60,warm,1
5700000000,114,"imu_preintegration",0.042988,8,0,60,warm,1
5700000000,114,"no_uwb_isam_update",3.61365,8,0,60,warm,1
5700000000,114,"state_query",0.021107,8,0,60,warm,1
5700000000,114,"current_joint_marginal",0,8,0,60,warm,1
5700000000,114,"snapshot_extraction",0,8,0,60,warm,1
5700000000,114,"prepare",3.6915,8,0,60,warm,1
5700000000,114,"integrity_window",469.828,8,0,60,warm,1
5700000000,114,"window_boundary_provenance",454.62,8,0,60,warm,1
5700000000,114,"window_factor_linearization_whitening",1.34592,8,0,60,warm,1
5700000000,114,"window_dense_assembly",0.121978,8,0,60,warm,1
5700000000,114,"window_svd",7.84318,8,0,60,warm,1
5700000000,114,"window_normal_equations",0.448624,8,0,60,warm,1
5700000000,114,"window_llt_state_solves",0.130762,8,0,60,warm,1
5700000000,114,"window_fingerprint",3.9803,8,0,60,warm,1
5700000000,114,"all_in_detector",0.289503,8,0,60,warm,1
5700000000,114,"current_sensitivity",0.553449,8,0,60,warm,1
5700000000,114,"model_generation",303.978,8,0,60,warm,1
5700000000,114,"historical_sensitivity",0.140219,8,0,60,warm,1
5700000000,114,"hypothesis_evidence",1822.97,8,0,60,warm,1
5700000000,114,"health_actions",26.719,8,0,60,warm,1
5700000000,114,"base_factorization",0.26544,8,0,60,warm,1
5700000000,114,"shared_cache",0.004127,8,0,60,warm,1
5700000000,114,"candidate_evaluation",432.401,8,0,60,warm,1
5700000000,114,"fde_decision",9.02211,8,0,60,warm,1
5700000000,114,"candidate_audit",0.036158,8,0,60,warm,1
5700000000,114,"commit",2.35016,8,0,60,warm,1
5700000000,114,"state_audit",0.000415,8,0,60,warm,1
5700000000,114,"finalize_commit_audit",35.3519,8,0,60,warm,1
5700000000,114,"uwb_commit",2.20065,8,0,60,warm,1
5700000000,114,"core_total",3108.47,8,0,60,warm,1
5700000000,114,"outer_logging_flush",0.308604,8,0,60,warm,1
5700000000,114,"outer_epoch",3108.78,8,0,60,warm,1
5750000000,115,"imu_preintegration",0.044088,8,0,60,warm,1
5750000000,115,"no_uwb_isam_update",2.43794,8,0,60,warm,1
5750000000,115,"state_query",0.021214,8,0,60,warm,1
5750000000,115,"current_joint_marginal",0,8,0,60,warm,1
5750000000,115,"snapshot_extraction",0,8,0,60,warm,1
5750000000,115,"prepare",2.51642,8,0,60,warm,1
5750000000,115,"integrity_window",484.528,8,0,60,warm,1
5750000000,115,"window_boundary_provenance",469.199,8,0,60,warm,1
5750000000,115,"window_factor_linearization_whitening",1.18581,8,0,60,warm,1
5750000000,115,"window_dense_assembly",0.129512,8,0,60,warm,1
5750000000,115,"window_svd",8.12723,8,0,60,warm,1
5750000000,115,"window_normal_equations",0.393534,8,0,60,warm,1
5750000000,115,"window_llt_state_solves",0.118497,8,0,60,warm,1
5750000000,115,"window_fingerprint",3.98236,8,0,60,warm,1
5750000000,115,"all_in_detector",0.349222,8,0,60,warm,1
5750000000,115,"current_sensitivity",0.52544,8,0,60,warm,1
5750000000,115,"model_generation",306.433,8,0,60,warm,1
5750000000,115,"historical_sensitivity",0.14139,8,0,60,warm,1
5750000000,115,"hypothesis_evidence",1818.09,8,0,60,warm,1
5750000000,115,"health_actions",23.978,8,0,60,warm,1
5750000000,115,"base_factorization",0.261727,8,0,60,warm,1
5750000000,115,"shared_cache",0.003918,8,0,60,warm,1
5750000000,115,"candidate_evaluation",424.324,8,0,60,warm,1
5750000000,115,"fde_decision",9.15682,8,0,60,warm,1
5750000000,115,"candidate_audit",0.042253,8,0,60,warm,1
5750000000,115,"commit",2.24126,8,0,60,warm,1
5750000000,115,"state_audit",0.000548,8,0,60,warm,1
5750000000,115,"finalize_commit_audit",38.9731,8,0,60,warm,1
5750000000,115,"uwb_commit",2.10889,8,0,60,warm,1
5750000000,115,"core_total",3112.34,8,0,60,warm,1
5750000000,115,"outer_logging_flush",0.307705,8,0,60,warm,1
5750000000,115,"outer_epoch",3112.65,8,0,60,warm,1
5800000000,116,"imu_preintegration",0.043654,8,0,60,warm,1
5800000000,116,"no_uwb_isam_update",2.58971,8,0,60,warm,1
5800000000,116,"state_query",0.021583,8,0,60,warm,1
5800000000,116,"current_joint_marginal",0,8,0,60,warm,1
5800000000,116,"snapshot_extraction",0,8,0,60,warm,1
5800000000,116,"prepare",2.67982,8,0,60,warm,1
5800000000,116,"integrity_window",494.64,8,0,60,warm,1
5800000000,116,"window_boundary_provenance",478.255,8,0,60,warm,1
5800000000,116,"window_factor_linearization_whitening",1.04924,8,0,60,warm,1
5800000000,116,"window_dense_assembly",0.099094,8,0,60,warm,1
5800000000,116,"window_svd",8.83975,8,0,60,warm,1
5800000000,116,"window_normal_equations",0.761218,8,0,60,warm,1
5800000000,116,"window_llt_state_solves",0.125752,8,0,60,warm,1
5800000000,116,"window_fingerprint",4.06121,8,0,60,warm,1
5800000000,116,"all_in_detector",0.268013,8,0,60,warm,1
5800000000,116,"current_sensitivity",0.540614,8,0,60,warm,1
5800000000,116,"model_generation",304.505,8,0,60,warm,1
5800000000,116,"historical_sensitivity",0.122738,8,0,60,warm,1
5800000000,116,"hypothesis_evidence",1866.24,8,0,60,warm,1
5800000000,116,"health_actions",20.8174,8,0,60,warm,1
5800000000,116,"base_factorization",0.395529,8,0,60,warm,1
5800000000,116,"shared_cache",0.004688,8,0,60,warm,1
5800000000,116,"candidate_evaluation",431.928,8,0,60,warm,1
5800000000,116,"fde_decision",10.4485,8,0,60,warm,1
5800000000,116,"candidate_audit",0.039191,8,0,60,warm,1
5800000000,116,"commit",2.19203,8,0,60,warm,1
5800000000,116,"state_audit",0.000549,8,0,60,warm,1
5800000000,116,"finalize_commit_audit",41.5199,8,0,60,warm,1
5800000000,116,"uwb_commit",2.07094,8,0,60,warm,1
5800000000,116,"core_total",3177.01,8,0,60,warm,1
5800000000,116,"outer_logging_flush",0.662169,8,0,60,warm,1
5800000000,116,"outer_epoch",3177.67,8,0,60,warm,1
5850000000,117,"imu_preintegration",0.042914,8,0,60,warm,1
5850000000,117,"no_uwb_isam_update",2.79784,8,0,60,warm,1
5850000000,117,"state_query",0.028268,8,0,60,warm,1
5850000000,117,"current_joint_marginal",0,8,0,60,warm,1
5850000000,117,"snapshot_extraction",0,8,0,60,warm,1
5850000000,117,"prepare",2.87744,8,0,60,warm,1
5850000000,117,"integrity_window",445.225,8,0,60,warm,1
5850000000,117,"window_boundary_provenance",430.147,8,0,60,warm,1
5850000000,117,"window_factor_linearization_whitening",1.27702,8,0,60,warm,1
5850000000,117,"window_dense_assembly",0.11159,8,0,60,warm,1
5850000000,117,"window_svd",7.77119,8,0,60,warm,1
5850000000,117,"window_normal_equations",0.401241,8,0,60,warm,1
5850000000,117,"window_llt_state_solves",0.101412,8,0,60,warm,1
5850000000,117,"window_fingerprint",3.99313,8,0,60,warm,1
5850000000,117,"all_in_detector",0.301912,8,0,60,warm,1
5850000000,117,"current_sensitivity",0.575937,8,0,60,warm,1
5850000000,117,"model_generation",306.074,8,0,60,warm,1
5850000000,117,"historical_sensitivity",0.130173,8,0,60,warm,1
5850000000,117,"hypothesis_evidence",1846.99,8,0,60,warm,1
5850000000,117,"health_actions",21.5809,8,0,60,warm,1
5850000000,117,"base_factorization",0.30771,8,0,60,warm,1
5850000000,117,"shared_cache",0.003814,8,0,60,warm,1
5850000000,117,"candidate_evaluation",425.036,8,0,60,warm,1
5850000000,117,"fde_decision",9.23662,8,0,60,warm,1
5850000000,117,"candidate_audit",0.034192,8,0,60,warm,1
5850000000,117,"commit",3.10897,8,0,60,warm,1
5850000000,117,"state_audit",0.000835,8,0,60,warm,1
5850000000,117,"finalize_commit_audit",37.0607,8,0,60,warm,1
5850000000,117,"uwb_commit",2.83951,8,0,60,warm,1
5850000000,117,"core_total",3099.15,8,0,60,warm,1
5850000000,117,"outer_logging_flush",0.533663,8,0,60,warm,1
5850000000,117,"outer_epoch",3099.68,8,0,60,warm,1
5900000000,118,"imu_preintegration",0.043793,8,0,60,warm,1
5900000000,118,"no_uwb_isam_update",2.67332,8,0,60,warm,1
5900000000,118,"state_query",0.024655,8,0,60,warm,1
5900000000,118,"current_joint_marginal",0,8,0,60,warm,1
5900000000,118,"snapshot_extraction",0,8,0,60,warm,1
5900000000,118,"prepare",2.7605,8,0,60,warm,1
5900000000,118,"integrity_window",481.579,8,0,60,warm,1
5900000000,118,"window_boundary_provenance",464.689,8,0,60,warm,1
5900000000,118,"window_factor_linearization_whitening",0.982455,8,0,60,warm,1
5900000000,118,"window_dense_assembly",0.069849,8,0,60,warm,1
5900000000,118,"window_svd",9.97338,8,0,60,warm,1
5900000000,118,"window_normal_equations",0.357253,8,0,60,warm,1
5900000000,118,"window_llt_state_solves",0.111866,8,0,60,warm,1
5900000000,118,"window_fingerprint",3.96032,8,0,60,warm,1
5900000000,118,"all_in_detector",0.342321,8,0,60,warm,1
5900000000,118,"current_sensitivity",0.637038,8,0,60,warm,1
5900000000,118,"model_generation",302.755,8,0,60,warm,1
5900000000,118,"historical_sensitivity",0.134927,8,0,60,warm,1
5900000000,118,"hypothesis_evidence",1848.58,8,0,60,warm,1
5900000000,118,"health_actions",20.8363,8,0,60,warm,1
5900000000,118,"base_factorization",0.365329,8,0,60,warm,1
5900000000,118,"shared_cache",0.004954,8,0,60,warm,1
5900000000,118,"candidate_evaluation",430.435,8,0,60,warm,1
5900000000,118,"fde_decision",9.21529,8,0,60,warm,1
5900000000,118,"candidate_audit",0.04265,8,0,60,warm,1
5900000000,118,"commit",2.48846,8,0,60,warm,1
5900000000,118,"state_audit",0.000544,8,0,60,warm,1
5900000000,118,"finalize_commit_audit",38.2065,8,0,60,warm,1
5900000000,118,"uwb_commit",2.30448,8,0,60,warm,1
5900000000,118,"core_total",3138.97,8,0,60,warm,1
5900000000,118,"outer_logging_flush",0.413884,8,0,60,warm,1
5900000000,118,"outer_epoch",3139.38,8,0,60,warm,1
5950000000,119,"imu_preintegration",0.044896,8,0,60,warm,1
5950000000,119,"no_uwb_isam_update",2.9689,8,0,60,warm,1
5950000000,119,"state_query",0.026987,8,0,60,warm,1
5950000000,119,"current_joint_marginal",0,8,0,60,warm,1
5950000000,119,"snapshot_extraction",0,8,0,60,warm,1
5950000000,119,"prepare",3.06499,8,0,60,warm,1
5950000000,119,"integrity_window",466.416,8,0,60,warm,1
5950000000,119,"window_boundary_provenance",450.432,8,0,60,warm,1
5950000000,119,"window_factor_linearization_whitening",1.16823,8,0,60,warm,1
5950000000,119,"window_dense_assembly",0.09603,8,0,60,warm,1
5950000000,119,"window_svd",7.64156,8,0,60,warm,1
5950000000,119,"window_normal_equations",0.327784,8,0,60,warm,1
5950000000,119,"window_llt_state_solves",0.106523,8,0,60,warm,1
5950000000,119,"window_fingerprint",3.7384,8,0,60,warm,1
5950000000,119,"all_in_detector",0.637777,8,0,60,warm,1
5950000000,119,"current_sensitivity",0.848317,8,0,60,warm,1
5950000000,119,"model_generation",306.388,8,0,60,warm,1
5950000000,119,"historical_sensitivity",0.132829,8,0,60,warm,1
5950000000,119,"hypothesis_evidence",1896.04,8,0,60,warm,1
5950000000,119,"health_actions",20.7236,8,0,60,warm,1
5950000000,119,"base_factorization",0.284306,8,0,60,warm,1
5950000000,119,"shared_cache",0.003827,8,0,60,warm,1
5950000000,119,"candidate_evaluation",422.642,8,0,60,warm,1
5950000000,119,"fde_decision",9.62799,8,0,60,warm,1
5950000000,119,"candidate_audit",0.041296,8,0,60,warm,1
5950000000,119,"commit",2.53828,8,0,60,warm,1
5950000000,119,"state_audit",0.000597,8,0,60,warm,1
5950000000,119,"finalize_commit_audit",37.1909,8,0,60,warm,1
5950000000,119,"uwb_commit",2.39861,8,0,60,warm,1
5950000000,119,"core_total",3167.13,8,0,60,warm,1
5950000000,119,"outer_logging_flush",0.715918,8,0,60,warm,1
5950000000,119,"outer_epoch",3167.85,8,0,60,warm,1
6000000000,120,"imu_preintegration",0.074339,8,0,60,warm,1
6000000000,120,"no_uwb_isam_update",3.36584,8,0,60,warm,1
6000000000,120,"state_query",0.037202,8,0,60,warm,1
6000000000,120,"current_joint_marginal",0,8,0,60,warm,1
6000000000,120,"snapshot_extraction",0,8,0,60,warm,1
6000000000,120,"prepare",3.47995,8,0,60,warm,1
6000000000,120,"integrity_window",431.954,8,0,60,warm,1
6000000000,120,"window_boundary_provenance",413.865,8,0,60,warm,1
6000000000,120,"window_factor_linearization_whitening",1.93128,8,0,60,warm,1
6000000000,120,"window_dense_assembly",0.165476,8,0,60,warm,1
6000000000,120,"window_svd",9.58053,8,0,60,warm,1
6000000000,120,"window_normal_equations",0.446042,8,0,60,warm,1
6000000000,120,"window_llt_state_solves",0.179343,8,0,60,warm,1
6000000000,120,"window_fingerprint",4.36486,8,0,60,warm,1
6000000000,120,"all_in_detector",0.37,8,0,60,warm,1
6000000000,120,"current_sensitivity",0.882099,8,0,60,warm,1
6000000000,120,"model_generation",313.608,8,0,60,warm,1
6000000000,120,"historical_sensitivity",0.131286,8,0,60,warm,1
6000000000,120,"hypothesis_evidence",1828.31,8,0,60,warm,1
6000000000,120,"health_actions",22.4843,8,0,60,warm,1
6000000000,120,"base_factorization",0.301225,8,0,60,warm,1
6000000000,120,"shared_cache",0.004985,8,0,60,warm,1
6000000000,120,"candidate_evaluation",422.606,8,0,60,warm,1
6000000000,120,"fde_decision",10.1449,8,0,60,warm,1
6000000000,120,"candidate_audit",0.058193,8,0,60,warm,1
6000000000,120,"commit",3.60305,8,0,60,warm,1
6000000000,120,"state_audit",0.000665,8,0,60,warm,1
6000000000,120,"finalize_commit_audit",39.6957,8,0,60,warm,1
6000000000,120,"uwb_commit",3.42817,8,0,60,warm,1
6000000000,120,"core_total",3078.22,8,0,60,warm,1
6000000000,120,"outer_logging_flush",0.56979,8,0,60,warm,1
6000000000,120,"outer_epoch",3078.79,8,0,60,warm,1
